,GDP,GDPC1,INDPRO,RSAFS,CPIAUCSL,CPILFESL,PCEPI,PCEPILFE,UNRATE,PAYEMS,ICSA,CIVPART,DGS2,DGS10,DGS30,T10Y2Y,FEDFUNDS,BAMLH0A0HYM2,BAA10Y,NFCI,UMCSENT,VIXCLS,HOUST,CSUSHPISA,M2SL,DTWEXBGS
2000-01-01,10002.179,13878.147,91.538,261545.0,169.3,179.3,72.961,74.306,4.0,131011.0,286000.0,67.3,,,,,5.45,,,,112.0,,1636.0,100.551,4666.1,
2000-01-03,,,,,,,,,,,,,6.38,6.58,6.61,0.2,,,1.69,,,24.21,,,,
2000-01-04,,,,,,,,,,,,,6.3,6.49,6.53,0.19,,,1.72,,,27.01,,,,
2000-01-05,,,,,,,,,,,,,6.38,6.62,6.64,0.24,,,1.67,,,26.41,,,,
2000-01-06,,,,,,,,,,,,,6.35,6.57,6.58,0.22,,,1.67,,,25.73,,,,
2000-01-07,,,,,,,,,,,,,6.31,6.52,6.55,0.21,,,1.7,-0.181,,21.72,,,,
2000-01-08,,,,,,,,,,,298000.0,,,,,,,,,,,,,,,
2000-01-10,,,,,,,,,,,,,6.38,6.57,6.59,0.19,,,1.7,,,21.71,,,,
2000-01-11,,,,,,,,,,,,,6.45,6.67,6.68,0.22,,,1.69,,,22.5,,,,
2000-01-12,,,,,,,,,,,,,6.49,6.72,6.71,0.23,,,1.68,,,22.84,,,,
2000-01-13,,,,,,,,,,,,,6.4,6.63,6.65,0.23,,,1.75,,,21.71,,,,
2000-01-14,,,,,,,,,,,,,6.44,6.69,6.69,0.25,,,1.73,-0.192,,19.66,,,,
2000-01-15,,,,,,,,,,,289000.0,,,,,,,,,,,,,,,
2000-01-17,,,,,,,,,,,,,,,,,,,,,,,,,,
2000-01-18,,,,,,,,,,,,,6.47,6.75,6.75,0.28,,,1.72,,,21.5,,,,
2000-01-19,,,,,,,,,,,,,6.46,6.73,6.72,0.27,,,1.7,,,21.72,,,,
2000-01-20,,,,,,,,,,,,,6.49,6.79,6.74,0.3,,,1.66,,,21.75,,,,
2000-01-21,,,,,,,,,,,,,6.48,6.79,6.71,0.31,,,1.63,-0.202,,20.82,,,,
2000-01-22,,,,,,,,,,,284000.0,,,,,,,,,,,,,,,
2000-01-24,,,,,,,,,,,,,6.43,6.69,6.65,0.26,,,1.67,,,24.07,,,,
2000-01-25,,,,,,,,,,,,,6.44,6.7,6.64,0.26,,,1.63,,,23.02,,,,
2000-01-26,,,,,,,,,,,,,6.45,6.69,6.6,0.24,,,1.59,,,23.03,,,,
2000-01-27,,,,,,,,,,,,,6.51,6.68,6.53,0.17,,,1.55,,,23.54,,,,
2000-01-28,,,,,,,,,,,,,6.58,6.66,6.45,0.08,,,1.6,-0.21,,26.14,,,,
2000-01-29,,,,,,,,,,,285000.0,,,,,,,,,,,,,,,
2000-01-31,,,,,,,,,,,,,6.61,6.68,6.49,0.07,,,1.68,,,24.95,,,,
2000-02-01,,,91.8239,265686.0,170.0,179.4,73.191,74.415,4.1,131120.0,,67.3,6.6,6.62,6.43,0.02,5.73,,1.65,,111.3,23.45,1737.0,101.339,4678.7,
2000-02-02,,,,,,,,,,,,,6.63,6.6,6.32,-0.03,,,1.62,,,23.12,,,,
2000-02-03,,,,,,,,,,,,,6.56,6.49,6.17,-0.07,,,1.64,,,22.01,,,,
2000-02-04,,,,,,,,,,,,,6.63,6.53,6.23,-0.1,,,1.6,-0.212,,21.54,,,,
2000-02-05,,,,,,,,,,,312000.0,,,,,,,,,,,,,,,
2000-02-07,,,,,,,,,,,,,6.68,6.64,6.34,-0.04,,,1.66,,,22.79,,,,
2000-02-08,,,,,,,,,,,,,6.69,6.59,6.22,-0.1,,,1.59,,,21.25,,,,
2000-02-09,,,,,,,,,,,,,6.69,6.56,6.32,-0.13,,,1.7,,,22.9,,,,
2000-02-10,,,,,,,,,,,,,6.67,6.67,6.35,0.0,,,1.72,,,23.07,,,,
2000-02-11,,,,,,,,,,,,,6.65,6.63,6.29,-0.02,,,1.73,-0.209,,24.42,,,,
2000-02-12,,,,,,,,,,,300000.0,,,,,,,,,,,,,,,
2000-02-14,,,,,,,,,,,,,6.62,6.56,6.22,-0.06,,,1.74,,,24.38,,,,
2000-02-15,,,,,,,,,,,,,6.66,6.56,6.26,-0.1,,,1.77,,,22.92,,,,
2000-02-16,,,,,,,,,,,,,6.63,6.56,6.27,-0.07,,,1.79,,,23.51,,,,
2000-02-17,,,,,,,,,,,,,6.69,6.58,6.23,-0.11,,,1.75,,,23.17,,,,
2000-02-18,,,,,,,,,,,,,6.66,6.49,6.16,-0.17,,,1.82,-0.201,,26.0,,,,
2000-02-19,,,,,,,,,,,283000.0,,,,,,,,,,,,,,,
2000-02-21,,,,,,,,,,,,,,,,,,,,,,,,,,
2000-02-22,,,,,,,,,,,,,6.57,6.36,6.08,-0.21,,,1.88,,,25.86,,,,
2000-02-23,,,,,,,,,,,,,6.61,6.44,6.14,-0.17,,,1.84,,,23.89,,,,
2000-02-24,,,,,,,,,,,,,6.52,6.36,6.13,-0.16,,,1.94,,,24.38,,,,
2000-02-25,,,,,,,,,,,,,6.45,6.36,6.17,-0.09,,,1.99,-0.189,,25.2,,,,
2000-02-26,,,,,,,,,,,280000.0,,,,,,,,,,,,,,,
2000-02-28,,,,,,,,,,,,,6.47,6.37,6.16,-0.1,,,2.01,,,24.68,,,,
2000-02-29,,,,,,,,,,,,,6.53,6.42,6.15,-0.11,,,1.91,,,23.37,,,,
2000-03-01,,,92.1504,269019.0,171.0,180.0,73.505,74.568,4.0,131604.0,,67.3,6.52,6.39,6.16,-0.13,5.85,,1.96,,107.1,21.64,1604.0,102.126,4709.1,
2000-03-02,,,,,,,,,,,,,6.52,6.4,6.15,-0.12,,,1.95,,,21.06,,,,
2000-03-03,,,,,,,,,,,,,6.5,6.39,6.13,-0.11,,,1.93,-0.172,,19.21,,,,
2000-03-04,,,,,,,,,,,286000.0,,,,,,,,,,,,,,,
2000-03-06,,,,,,,,,,,,,6.55,6.42,6.16,-0.13,,,1.91,,,21.5,,,,
2000-03-07,,,,,,,,,,,,,6.48,6.39,6.16,-0.09,,,1.95,,,24.31,,,,
2000-03-08,,,,,,,,,,,,,6.5,6.38,6.17,-0.12,,,1.98,,,23.82,,,,
2000-03-09,,,,,,,,,,,,,6.48,6.35,6.16,-0.13,,,2.05,,,22.21,,,,
2000-03-10,,,,,,,,,,,,,6.55,6.39,6.19,-0.16,,,2.09,-0.152,,21.24,,,,
2000-03-11,,,,,,,,,,,270000.0,,,,,,,,,,,,,,,
2000-03-13,,,,,,,,,,,,,6.52,6.36,6.17,-0.16,,,2.17,,,22.85,,,,
2000-03-14,,,,,,,,,,,,,6.48,6.31,6.11,-0.17,,,2.15,,,24.41,,,,
2000-03-15,,,,,,,,,,,,,6.5,6.29,6.07,-0.21,,,2.17,,,22.34,,,,
2000-03-16,,,,,,,,,,,,,6.5,6.26,6.05,-0.24,,,2.16,,,20.77,,,,
2000-03-17,,,,,,,,,,,,,6.5,6.2,6.01,-0.3,,,2.16,-0.13,,22.37,,,,
2000-03-18,,,,,,,,,,,271000.0,,,,,,,,,,,,,,,
2000-03-20,,,,,,,,,,,,,6.52,6.18,5.99,-0.34,,,2.14,,,22.96,,,,
2000-03-21,,,,,,,,,,,,,6.5,6.13,5.97,-0.37,,,2.18,,,21.7,,,,
2000-03-22,,,,,,,,,,,,,6.5,6.13,5.97,-0.37,,,2.2,,,21.49,,,,
2000-03-23,,,,,,,,,,,,,6.52,6.08,5.92,-0.44,,,2.2,,,22.26,,,,
2000-03-24,,,,,,,,,,,,,6.64,6.2,6.0,-0.44,,,2.13,-0.108,,23.31,,,,
2000-03-25,,,,,,,,,,,272000.0,,,,,,,,,,,,,,,
2000-03-27,,,,,,,,,,,,,6.66,6.21,5.99,-0.45,,,2.11,,,24.53,,,,
2000-03-28,,,,,,,,,,,,,6.6,6.17,5.98,-0.43,,,2.16,,,24.86,,,,
2000-03-29,,,,,,,,,,,,,6.59,6.18,5.99,-0.41,,,2.2,,,24.1,,,,
2000-03-30,,,,,,,,,,,,,6.52,6.06,5.89,-0.46,,,2.3,,,25.47,,,,
2000-03-31,,,,,,,,,,,,,6.5,6.03,5.84,-0.47,,,2.3,-0.088,,24.11,,,,
2000-04-01,10247.72,14130.908,92.6989,264067.0,170.9,180.3,73.444,74.617,3.8,131884.0,266000.0,67.3,,,,,6.02,,,,109.2,,1626.0,102.922,4766.4,
2000-04-03,,,,,,,,,,,,,6.45,6.0,5.84,-0.45,,,2.3,,,24.03,,,,
2000-04-04,,,,,,,,,,,,,6.35,5.9,5.77,-0.45,,,2.38,,,27.12,,,,
2000-04-05,,,,,,,,,,,,,6.35,5.9,5.81,-0.45,,,2.45,,,28.41,,,,
2000-04-06,,,,,,,,,,,,,6.38,5.93,5.8,-0.45,,,2.39,,,27.15,,,,
2000-04-07,,,,,,,,,,,,,6.38,5.86,5.71,-0.52,,,2.4,-0.072,,24.39,,,,
2000-04-08,,,,,,,,,,,268000.0,,,,,,,,,,,,,,,
2000-04-10,,,,,,,,,,,,,6.31,5.8,5.69,-0.51,,,2.44,,,25.99,,,,
2000-04-11,,,,,,,,,,,,,6.36,5.89,5.77,-0.47,,,2.45,,,27.25,,,,
2000-04-12,,,,,,,,,,,,,6.4,5.97,5.84,-0.43,,,2.44,,,28.98,,,,
2000-04-13,,,,,,,,,,,,,6.4,5.94,5.81,-0.46,,,2.45,,,29.4,,,,
2000-04-14,,,,,,,,,,,,,6.27,5.85,5.79,-0.42,,,2.53,-0.058,,33.49,,,,
2000-04-15,,,,,,,,,,,259000.0,,,,,,,,,,,,,,,
2000-04-17,,,,,,,,,,,,,6.33,6.01,5.92,-0.32,,,2.5,,,28.95,,,,
2000-04-18,,,,,,,,,,,,,6.33,6.05,5.92,-0.28,,,2.43,,,26.12,,,,
2000-04-19,,,,,,,,,,,,,6.33,5.99,5.85,-0.34,,,2.42,,,27.02,,,,
2000-04-20,,,,,,,,,,,,,6.38,5.99,5.83,-0.39,,,2.41,,,25.85,,,,
2000-04-21,,,,,,,,,,,,,,,,,,,,-0.045,,,,,,
2000-04-22,,,,,,,,,,,274000.0,,,,,,,,,,,,,,,
2000-04-24,,,,,,,,,,,,,6.36,6.0,5.86,-0.36,,,2.42,,,27.37,,,,
2000-04-25,,,,,,,,,,,,,6.48,6.14,5.95,-0.34,,,2.36,,,25.24,,,,
2000-04-26,,,,,,,,,,,,,6.5,6.14,5.95,-0.36,,,2.37,,,26.97,,,,
2000-04-27,,,,,,,,,,,,,6.63,6.23,6.0,-0.4,,,2.34,,,26.19,,,,
2000-04-28,,,,,,,,,,,,,6.68,6.23,5.97,-0.45,,,2.34,-0.031,,26.2,,,,
2000-04-29,,,,,,,,,,,291000.0,,,,,,,,,,,,,,,
2000-05-01,,,92.9499,265992.0,171.2,180.7,73.505,74.697,4.0,132105.0,,67.1,6.73,6.29,5.98,-0.44,6.27,,2.3,,110.7,25.88,1575.0,103.677,4757.5,
2000-05-02,,,,,,,,,,,,,6.72,6.32,6.03,-0.4,,,2.32,,,28.5,,,,
2000-05-03,,,,,,,,,,,,,6.73,6.4,6.11,-0.33,,,2.34,,,31.63,,,,
2000-05-04,,,,,,,,,,,,,6.77,6.46,6.19,-0.31,,,2.38,,,30.77,,,,
2000-05-05,,,,,,,,,,,,,6.84,6.51,6.2,-0.33,,,2.36,-0.016,,27.53,,,,
2000-05-06,,,,,,,,,,,293000.0,,,,,,,,,,,,,,,
2000-05-08,,,,,,,,,,,,,6.87,6.57,6.25,-0.3,,,2.35,,,28.2,,,,
2000-05-09,,,,,,,,,,,,,6.86,6.53,6.22,-0.33,,,2.36,,,28.93,,,,
2000-05-10,,,,,,,,,,,,,6.84,6.47,6.18,-0.37,,,2.41,,,29.87,,,,
2000-05-11,,,,,,,,,,,,,6.82,6.43,6.16,-0.39,,,2.49,,,27.76,,,,
2000-05-12,,,,,,,,,,,,,6.91,6.51,6.2,-0.4,,,2.52,-0.001,,26.05,,,,
2000-05-13,,,,,,,,,,,276000.0,,,,,,,,,,,,,,,
2000-05-15,,,,,,,,,,,,,6.88,6.47,6.17,-0.41,,,2.52,,,24.86,,,,
2000-05-16,,,,,,,,,,,,,6.89,6.43,6.12,-0.46,,,2.51,,,24.34,,,,
2000-05-17,,,,,,,,,,,,,6.9,6.48,6.18,-0.42,,,2.53,,,23.98,,,,
2000-05-18,,,,,,,,,,,,,6.93,6.56,6.24,-0.37,,,2.52,,,23.96,,,,
2000-05-19,,,,,,,,,,,,,6.86,6.51,6.22,-0.35,,,2.55,0.013,,25.44,,,,
2000-05-20,,,,,,,,,,,280000.0,,,,,,,,,,,,,,,
2000-05-22,,,,,,,,,,,,,6.81,6.44,6.18,-0.37,,,2.57,,,26.0,,,,
2000-05-23,,,,,,,,,,,,,6.83,6.45,6.17,-0.38,,,2.55,,,25.87,,,,
2000-05-24,,,,,,,,,,,,,6.79,6.47,6.19,-0.32,,,2.52,,,24.32,,,,
2000-05-25,,,,,,,,,,,,,6.71,6.39,6.11,-0.32,,,2.5,,,24.58,,,,
2000-05-26,,,,,,,,,,,,,6.69,6.33,6.06,-0.36,,,2.51,0.025,,24.47,,,,
2000-05-27,,,,,,,,,,,280000.0,,,,,,,,,,,,,,,
2000-05-29,,,,,,,,,,,,,,,,,,,,,,,,,,
2000-05-30,,,,,,,,,,,,,6.74,6.38,6.09,-0.36,,,2.49,,,23.62,,,,
2000-05-31,,,,,,,,,,,,,6.69,6.29,6.02,-0.4,,,2.52,,,23.65,,,,
2000-06-01,,,92.9862,267750.0,172.2,181.1,73.754,74.754,4.0,132063.0,,67.1,6.61,6.2,5.95,-0.41,6.53,,2.51,,106.4,22.36,1559.0,104.425,4775.8,
2000-06-02,,,,,,,,,,,,,6.52,6.15,5.94,-0.37,,,2.5,0.032,,21.48,,,,
2000-06-03,,,,,,,,,,,290000.0,,,,,,,,,,,,,,,
2000-06-05,,,,,,,,,,,,,6.49,6.12,5.91,-0.37,,,2.44,,,22.71,,,,
2000-06-06,,,,,,,,,,,,,6.51,6.14,5.91,-0.37,,,2.39,,,23.05,,,,
2000-06-07,,,,,,,,,,,,,6.52,6.13,5.89,-0.39,,,2.36,,,22.48,,,,
2000-06-08,,,,,,,,,,,,,6.56,6.13,5.89,-0.43,,,2.35,,,22.77,,,,
2000-06-09,,,,,,,,,,,,,6.56,6.13,5.89,-0.43,,,2.34,0.033,,22.14,,,,
2000-06-10,,,,,,,,,,,284000.0,,,,,,,,,,,,,,,
2000-06-12,,,,,,,,,,,,,6.52,6.09,5.88,-0.43,,,2.35,,,22.32,,,,
2000-06-13,,,,,,,,,,,,,6.49,6.11,5.94,-0.38,,,2.36,,,21.67,,,,
2000-06-14,,,,,,,,,,,,,6.44,6.06,5.91,-0.38,,,2.35,,,21.48,,,,
2000-06-15,,,,,,,,,,,,,6.44,6.05,5.93,-0.39,,,2.36,,,20.68,,,,
2000-06-16,,,,,,,,,,,,,6.38,5.99,5.88,-0.39,,,2.37,0.029,,20.5,,,,
2000-06-17,,,,,,,,,,,294000.0,,,,,,,,,,,,,,,
2000-06-19,,,,,,,,,,,,,6.4,6.0,5.89,-0.4,,,2.38,,,20.63,,,,
2000-06-20,,,,,,,,,,,,,6.43,6.03,5.9,-0.4,,,2.36,,,20.88,,,,
2000-06-21,,,,,,,,,,,,,6.5,6.11,5.96,-0.39,,,2.35,,,20.61,,,,
2000-06-22,,,,,,,,,,,,,6.5,6.12,5.98,-0.38,,,2.37,,,22.0,,,,
2000-06-23,,,,,,,,,,,,,6.55,6.19,6.04,-0.36,,,2.34,0.017,,22.34,,,,
2000-06-24,,,,,,,,,,,296000.0,,,,,,,,,,,,,,,
2000-06-26,,,,,,,,,,,,,6.5,6.11,5.99,-0.39,,,2.41,,,22.45,,,,
2000-06-27,,,,,,,,,,,,,6.5,6.1,5.95,-0.4,,,2.38,,,21.8,,,,
2000-06-28,,,,,,,,,,,,,6.43,6.11,5.97,-0.32,,,2.4,,,20.29,,,,
2000-06-29,,,,,,,,,,,,,6.37,6.04,5.88,-0.33,,,2.4,,,19.7,,,,
2000-06-30,,,,,,,,,,,,,6.38,6.03,5.9,-0.35,,,2.4,-0.001,,19.54,,,,
2000-07-01,10318.165,14145.312,92.8048,265683.0,172.7,181.5,73.939,74.925,4.0,132228.0,281000.0,66.9,,,,,6.54,,,,108.3,,1463.0,105.055,4793.4,
2000-07-03,,,,,,,,,,,,,6.31,6.0,5.87,-0.31,,,2.41,,,19.83,,,,
2000-07-04,,,,,,,,,,,,,,,,,,,,,,,,,,
2000-07-05,,,,,,,,,,,,,6.29,5.99,5.86,-0.3,,,2.4,,,21.16,,,,
2000-07-06,,,,,,,,,,,,,6.34,6.05,5.91,-0.29,,,2.38,,,20.94,,,,
2000-07-07,,,,,,,,,,,,,6.29,6.01,5.87,-0.28,,,2.37,-0.025,,19.22,,,,
2000-07-08,,,,,,,,,,,293000.0,,,,,,,,,,,,,,,
2000-07-10,,,,,,,,,,,,,6.31,6.04,5.88,-0.27,,,2.34,,,20.33,,,,
2000-07-11,,,,,,,,,,,,,6.32,6.06,5.89,-0.26,,,2.33,,,20.11,,,,
2000-07-12,,,,,,,,,,,,,6.34,6.09,5.89,-0.25,,,2.29,,,20.03,,,,
2000-07-13,,,,,,,,,,,,,6.31,6.01,5.81,-0.3,,,2.3,,,20.03,,,,
2000-07-14,,,,,,,,,,,,,6.41,6.1,5.88,-0.31,,,2.24,-0.054,,19.32,,,,
2000-07-15,,,,,,,,,,,303000.0,,,,,,,,,,,,,,,
2000-07-17,,,,,,,,,,,,,6.46,6.17,5.93,-0.29,,,2.22,,,19.45,,,,
2000-07-18,,,,,,,,,,,,,6.44,6.16,5.92,-0.28,,,2.22,,,19.75,,,,
2000-07-19,,,,,,,,,,,,,6.46,6.16,5.92,-0.3,,,2.24,,,19.65,,,,
2000-07-20,,,,,,,,,,,,,6.32,6.01,5.81,-0.31,,,2.29,,,18.94,,,,
2000-07-21,,,,,,,,,,,,,6.32,6.01,5.79,-0.31,,,2.27,-0.085,,18.94,,,,
2000-07-22,,,,,,,,,,,300000.0,,,,,,,,,,,,,,,
2000-07-24,,,,,,,,,,,,,6.35,6.04,5.81,-0.31,,,2.26,,,19.92,,,,
2000-07-25,,,,,,,,,,,,,6.35,6.04,5.81,-0.31,,,2.26,,,19.39,,,,
2000-07-26,,,,,,,,,,,,,6.29,6.04,5.82,-0.25,,,2.27,,,19.67,,,,
2000-07-27,,,,,,,,,,,,,6.27,6.02,5.78,-0.25,,,2.24,,,19.6,,,,
2000-07-28,,,,,,,,,,,,,6.3,6.04,5.78,-0.26,,,2.25,-0.115,,20.84,,,,
2000-07-29,,,,,,,,,,,298000.0,,,,,,,,,,,,,,,
2000-07-31,,,,,,,,,,,,,6.3,6.04,5.79,-0.26,,,2.27,,,20.74,,,,
2000-08-01,,,92.5521,266885.0,172.7,181.9,73.934,75.021,4.1,132234.0,,66.9,6.27,6.0,5.74,-0.27,6.5,,2.27,,107.3,20.55,1541.0,105.769,4820.4,
2000-08-02,,,,,,,,,,,,,6.23,5.98,5.77,-0.25,,,2.3,,,20.0,,,,
2000-08-03,,,,,,,,,,,,,6.22,5.95,5.74,-0.27,,,2.31,,,19.99,,,,
2000-08-04,,,,,,,,,,,,,6.15,5.91,5.72,-0.24,,,2.33,-0.143,,18.62,,,,
2000-08-05,,,,,,,,,,,306000.0,,,,,,,,,,,,,,,
2000-08-07,,,,,,,,,,,,,6.2,5.97,5.76,-0.23,,,2.29,,,19.03,,,,
2000-08-08,,,,,,,,,,,,,6.16,5.93,5.73,-0.23,,,2.31,,,18.79,,,,
2000-08-09,,,,,,,,,,,,,6.18,5.81,5.73,-0.37,,,2.44,,,19.18,,,,
2000-08-10,,,,,,,,,,,,,6.16,5.76,5.68,-0.4,,,2.47,,,19.19,,,,
2000-08-11,,,,,,,,,,,,,6.25,5.79,5.72,-0.46,,,2.45,-0.167,,18.55,,,,
2000-08-12,,,,,,,,,,,315000.0,,,,,,,,,,,,,,,
2000-08-14,,,,,,,,,,,,,6.25,5.78,5.7,-0.47,,,2.45,,,17.88,,,,
2000-08-15,,,,,,,,,,,,,6.28,5.81,5.72,-0.47,,,2.43,,,17.98,,,,
2000-08-16,,,,,,,,,,,,,6.3,5.83,5.73,-0.47,,,2.42,,,18.02,,,,
2000-08-17,,,,,,,,,,,,,6.3,5.81,5.72,-0.49,,,2.46,,,17.48,,,,
2000-08-18,,,,,,,,,,,,,6.27,5.78,5.69,-0.49,,,2.46,-0.185,,17.05,,,,
2000-08-19,,,,,,,,,,,318000.0,,,,,,,,,,,,,,,
2000-08-21,,,,,,,,,,,,,6.28,5.79,5.71,-0.49,,,2.47,,,17.35,,,,
2000-08-22,,,,,,,,,,,,,6.27,5.78,5.71,-0.49,,,2.51,,,17.47,,,,
2000-08-23,,,,,,,,,,,,,6.2,5.73,5.68,-0.47,,,2.53,,,17.38,,,,
2000-08-24,,,,,,,,,,,,,6.19,5.73,5.67,-0.46,,,2.49,,,17.04,,,,
2000-08-25,,,,,,,,,,,,,6.19,5.73,5.67,-0.46,,,2.5,-0.197,,16.53,,,,
2000-08-26,,,,,,,,,,,312000.0,,,,,,,,,,,,,,,
2000-08-28,,,,,,,,,,,,,6.23,5.78,5.72,-0.45,,,2.49,,,16.54,,,,
2000-08-29,,,,,,,,,,,,,6.26,5.81,5.75,-0.45,,,2.49,,,16.89,,,,
2000-08-30,,,,,,,,,,,,,6.24,5.81,5.74,-0.43,,,2.49,,,17.69,,,,
2000-08-31,,,,,,,,,,,,,6.18,5.73,5.67,-0.45,,,2.51,,,16.84,,,,
2000-09-01,,,92.9792,270523.0,173.6,182.3,74.252,75.203,3.9,132337.0,,66.9,6.09,5.68,5.67,-0.41,6.52,,2.54,-0.205,106.8,17.53,1507.0,106.539,4855.9,
2000-09-02,,,,,,,,,,,301000.0,,,,,,,,,,,,,,,
2000-09-04,,,,,,,,,,,,,,,,,,,,,,,,,,
2000-09-05,,,,,,,,,,,,,6.09,5.69,5.67,-0.4,,,2.53,,,19.82,,,,
2000-09-06,,,,,,,,,,,,,6.11,5.72,5.71,-0.39,,,2.54,,,20.79,,,,
2000-09-07,,,,,,,,,,,,,6.14,5.76,5.72,-0.38,,,2.51,,,19.42,,,,
2000-09-08,,,,,,,,,,,,,6.11,5.73,5.7,-0.38,,,2.52,-0.207,,18.46,,,,
2000-09-09,,,,,,,,,,,309000.0,,,,,,,,,,,,,,,
2000-09-11,,,,,,,,,,,,,6.12,5.77,5.73,-0.35,,,2.52,,,18.4,,,,
2000-09-12,,,,,,,,,,,,,6.12,5.78,5.76,-0.34,,,2.56,,,18.59,,,,
2000-09-13,,,,,,,,,,,,,6.09,5.74,5.73,-0.35,,,2.58,,,18.32,,,,
2000-09-14,,,,,,,,,,,,,6.11,5.79,5.81,-0.32,,,2.58,,,18.26,,,,
2000-09-15,,,,,,,,,,,,,6.07,5.84,5.9,-0.23,,,2.6,-0.206,,18.52,,,,
2000-09-16,,,,,,,,,,,311000.0,,,,,,,,,,,,,,,
2000-09-18,,,,,,,,,,,,,6.04,5.88,5.96,-0.16,,,2.61,,,20.25,,,,
2000-09-19,,,,,,,,,,,,,6.05,5.86,5.92,-0.19,,,2.57,,,19.54,,,,
2000-09-20,,,,,,,,,,,,,6.11,5.91,5.97,-0.2,,,2.55,,,19.93,,,,
2000-09-21,,,,,,,,,,,,,6.11,5.88,5.93,-0.23,,,2.55,,,20.18,,,,
2000-09-22,,,,,,,,,,,,,6.09,5.85,5.92,-0.24,,,2.55,-0.202,,20.74,,,,
2000-09-23,,,,,,,,,,,288000.0,,,,,,,,,,,,,,,
2000-09-25,,,,,,,,,,,,,6.11,5.84,5.9,-0.27,,,2.53,,,21.41,,,,
2000-09-26,,,,,,,,,,,,,6.07,5.81,5.86,-0.26,,,2.52,,,21.88,,,,
2000-09-27,,,,,,,,,,,,,6.0,5.83,5.9,-0.17,,,2.54,,,21.67,,,,
2000-09-28,,,,,,,,,,,,,6.02,5.82,5.89,-0.2,,,2.5,,,19.47,,,,
2000-09-29,,,,,,,,,,,,,5.98,5.8,5.88,-0.18,,,2.54,-0.196,,20.57,,,,
2000-09-30,,,,,,,,,,,292000.0,,,,,,,,,,,,,,,
2000-10-01,10435.744,14229.765,92.6179,270339.0,173.9,182.6,74.353,75.308,3.9,132352.0,,66.8,,,,,6.51,,,,105.8,,1549.0,107.383,4871.4,
2000-10-02,,,,,,,,,,,,,5.98,5.83,5.93,-0.15,,,2.58,,,21.23,,,,
2000-10-03,,,,,,,,,,,,,6.0,5.87,5.94,-0.13,,,2.54,,,21.85,,,,
2000-10-04,,,,,,,,,,,,,6.03,5.9,5.95,-0.13,,,2.51,,,21.54,,,,
2000-10-05,,,,,,,,,,,,,6.02,5.87,5.91,-0.15,,,2.52,,,21.03,,,,
2000-10-06,,,,,,,,,,,,,5.98,5.82,5.85,-0.16,,,2.53,-0.189,,22.71,,,,
2000-10-07,,,,,,,,,,,309000.0,,,,,,,,,,,,,,,
2000-10-09,,,,,,,,,,,,,,,,,,,,,,24.02,,,,
2000-10-10,,,,,,,,,,,,,5.98,5.8,5.83,-0.18,,,2.54,,,24.86,,,,
2000-10-11,,,,,,,,,,,,,5.93,5.77,5.83,-0.16,,,2.61,,,26.57,,,,
2000-10-12,,,,,,,,,,,,,5.86,5.73,5.82,-0.13,,,2.64,,,30.51,,,,
2000-10-13,,,,,,,,,,,,,5.84,5.73,5.8,-0.11,,,2.64,-0.181,,27.6,,,,
2000-10-14,,,,,,,,,,,299000.0,,,,,,,,,,,,,,,
2000-10-16,,,,,,,,,,,,,5.89,5.74,5.81,-0.15,,,2.63,,,26.79,,,,
2000-10-17,,,,,,,,,,,,,5.83,5.68,5.77,-0.15,,,2.64,,,27.84,,,,
2000-10-18,,,,,,,,,,,,,5.82,5.66,5.77,-0.16,,,2.68,,,28.72,,,,
2000-10-19,,,,,,,,,,,,,5.86,5.66,5.76,-0.2,,,2.66,,,25.09,,,,
2000-10-20,,,,,,,,,,,,,5.84,5.64,5.73,-0.2,,,2.65,-0.174,,24.24,,,,
2000-10-21,,,,,,,,,,,295000.0,,,,,,,,,,,,,,,
2000-10-23,,,,,,,,,,,,,5.82,5.59,5.68,-0.23,,,2.68,,,24.69,,,,
2000-10-24,,,,,,,,,,,,,5.86,5.63,5.71,-0.23,,,2.66,,,24.28,,,,
2000-10-25,,,,,,,,,,,,,5.87,5.67,5.75,-0.2,,,2.65,,,26.65,,,,
2000-10-26,,,,,,,,,,,,,5.9,5.69,5.74,-0.21,,,2.6,,,28.62,,,,
2000-10-27,,,,,,,,,,,,,5.94,5.72,5.74,-0.22,,,2.58,-0.167,,26.47,,,,
2000-10-28,,,,,,,,,,,301000.0,,,,,,,,,,,,,,,
2000-10-30,,,,,,,,,,,,,5.97,5.74,5.76,-0.23,,,2.56,,,25.46,,,,
2000-10-31,,,,,,,,,,,,,5.94,5.77,5.79,-0.17,,,2.56,,,23.63,,,,
2000-11-01,,,92.6438,268850.0,174.2,183.1,74.457,75.441,3.9,132556.0,,66.9,5.88,5.74,5.78,-0.14,6.51,,2.57,,107.6,24.28,1551.0,108.303,4882.6,
2000-11-02,,,,,,,,,,,,,5.87,5.74,5.79,-0.13,,,2.54,,,23.92,,,,
2000-11-03,,,,,,,,,,,,,5.94,5.83,5.86,-0.11,,,2.52,-0.157,,23.67,,,,
2000-11-04,,,,,,,,,,,331000.0,,,,,,,,,,,,,,,
2000-11-06,,,,,,,,,,,,,5.99,5.87,5.89,-0.12,,,2.5,,,24.52,,,,
2000-11-07,,,,,,,,,,,,,5.99,5.87,5.9,-0.12,,,2.5,,,24.91,,,,
2000-11-08,,,,,,,,,,,,,5.99,5.87,5.89,-0.12,,,2.48,,,25.66,,,,
2000-11-09,,,,,,,,,,,,,5.94,5.82,5.85,-0.12,,,2.5,,,27.2,,,,
2000-11-10,,,,,,,,,,,,,5.92,5.82,5.88,-0.1,,,2.5,-0.143,,28.53,,,,
2000-11-11,,,,,,,,,,,318000.0,,,,,,,,,,,,,,,
2000-11-13,,,,,,,,,,,,,5.9,5.77,5.85,-0.13,,,2.52,,,29.06,,,,
2000-11-14,,,,,,,,,,,,,5.92,5.76,5.81,-0.16,,,2.52,,,26.81,,,,
2000-11-15,,,,,,,,,,,,,5.9,5.72,5.77,-0.18,,,2.52,,,26.15,,,,
2000-11-16,,,,,,,,,,,,,5.87,5.68,5.75,-0.19,,,2.54,,,25.05,,,,
2000-11-17,,,,,,,,,,,,,5.88,5.71,5.78,-0.17,,,2.58,-0.126,,24.81,,,,
2000-11-18,,,,,,,,,,,332000.0,,,,,,,,,,,,,,,
2000-11-20,,,,,,,,,,,,,5.87,5.68,5.76,-0.19,,,2.61,,,27.43,,,,
2000-11-21,,,,,,,,,,,,,5.86,5.67,5.74,-0.19,,,2.64,,,26.62,,,,
2000-11-22,,,,,,,,,,,,,5.85,5.62,5.68,-0.23,,,2.61,,,27.71,,,,
2000-11-23,,,,,,,,,,,,,,,,,,,,,,,,,,
2000-11-24,,,,,,,,,,,,,5.86,5.63,5.67,-0.23,,,2.63,-0.105,,26.0,,,,
2000-11-25,,,,,,,,,,,356000.0,,,,,,,,,,,,,,,
2000-11-27,,,,,,,,,,,,,5.86,5.64,5.71,-0.22,,,2.65,,,26.93,,,,
2000-11-28,,,,,,,,,,,,,5.79,5.59,5.67,-0.2,,,2.6,,,27.64,,,,
2000-11-29,,,,,,,,,,,,,5.69,5.55,5.66,-0.14,,,2.63,,,27.49,,,,
2000-11-30,,,,,,,,,,,,,5.61,5.48,5.6,-0.13,,,2.64,,,29.65,,,,
2000-12-01,,,92.3415,268338.0,174.6,183.3,74.571,75.515,3.9,132716.0,,67.0,5.62,5.52,5.64,-0.1,6.4,,2.66,-0.085,98.4,27.48,1532.0,109.142,4927.3,
2000-12-02,,,,,,,,,,,338000.0,,,,,,,,,,,,,,,
2000-12-04,,,,,,,,,,,,,5.59,5.53,5.66,-0.06,,,2.66,,,27.78,,,,
2000-12-05,,,,,,,,,,,,,5.49,5.43,5.59,-0.06,,,2.69,,,24.99,,,,
2000-12-06,,,,,,,,,,,,,5.42,5.32,5.52,-0.1,,,2.73,,,25.07,,,,
2000-12-07,,,,,,,,,,,,,5.45,5.32,5.51,-0.13,,,2.72,,,25.34,,,,
2000-12-08,,,,,,,,,,,,,5.5,5.35,5.55,-0.15,,,2.74,-0.07,,22.41,,,,
2000-12-09,,,,,,,,,,,321000.0,,,,,,,,,,,,,,,
2000-12-11,,,,,,,,,,,,,5.52,5.37,5.54,-0.15,,,2.71,,,23.51,,,,
2000-12-12,,,,,,,,,,,,,5.54,5.36,5.53,-0.18,,,2.72,,,24.88,,,,
2000-12-13,,,,,,,,,,,,,5.45,5.29,5.48,-0.16,,,2.74,,,23.63,,,,
2000-12-14,,,,,,,,,,,,,5.43,5.23,5.45,-0.2,,,2.77,,,24.86,,,,
2000-12-15,,,,,,,,,,,,,5.38,5.2,5.44,-0.18,,,2.77,-0.064,,26.55,,,,
2000-12-16,,,,,,,,,,,354000.0,,,,,,,,,,,,,,,
2000-12-18,,,,,,,,,,,,,5.33,5.17,5.44,-0.16,,,2.81,,,27.7,,,,
2000-12-19,,,,,,,,,,,,,5.35,5.19,5.47,-0.16,,,2.81,,,27.17,,,,
2000-12-20,,,,,,,,,,,,,5.24,5.08,5.42,-0.16,,,2.87,,,31.74,,,,
2000-12-21,,,,,,,,,,,,,5.14,5.03,5.41,-0.11,,,2.89,,,29.66,,,,
2000-12-22,,,,,,,,,,,,,5.1,5.02,5.4,-0.08,,,2.9,-0.069,,27.55,,,,
2000-12-23,,,,,,,,,,,364000.0,,,,,,,,,,,,,,,
2000-12-25,,,,,,,,,,,,,,,,,,,,,,,,,,
2000-12-26,,,,,,,,,,,,,5.1,5.04,5.41,-0.06,,,2.89,,,28.73,,,,
2000-12-27,,,,,,,,,,,,,5.1,5.11,5.45,0.01,,,2.86,,,28.14,,,,
2000-12-28,,,,,,,,,,,,,5.18,5.13,5.44,-0.05,,,2.83,,,26.57,,,,
2000-12-29,,,,,,,,,,,,,5.11,5.12,5.46,0.01,,,2.88,-0.089,,26.85,,,,
2000-12-30,,,,,,,,,,,353000.0,,,,,,,,,,,,,,,
2001-01-01,10470.231,14183.12,91.902,272881.0,175.6,183.9,74.932,75.796,4.2,132703.0,,67.2,,,,,5.98,,,,94.7,,1600.0,109.847,4976.8,
2001-01-02,,,,,,,,,,,,,4.87,4.92,5.35,0.05,,,2.99,,,29.99,,,,
2001-01-03,,,,,,,,,,,,,4.92,5.14,5.49,0.22,,,2.83,,,26.6,,,,
2001-01-04,,,,,,,,,,,,,4.77,5.03,5.44,0.26,,,2.91,,,26.97,,,,
2001-01-05,,,,,,,,,,,,,4.56,4.93,5.41,0.37,,,2.99,-0.119,,28.67,,,,
2001-01-06,,,,,,,,,,,337000.0,,,,,,,,,,,,,,,
2001-01-08,,,,,,,,,,,,,4.54,4.94,5.42,0.4,,,2.94,,,29.84,,,,
2001-01-09,,,,,,,,,,,,,4.64,4.98,5.43,0.34,,,2.92,,,27.99,,,,
2001-01-10,,,,,,,,,,,,,4.76,5.1,5.49,0.34,,,2.83,,,26.8,,,,
2001-01-11,,,,,,,,,,,,,4.77,5.14,5.55,0.37,,,2.85,,,25.79,,,,
2001-01-12,,,,,,,,,,,,,4.9,5.25,5.63,0.35,,,2.8,-0.154,,24.56,,,,
2001-01-13,,,,,,,,,,,318000.0,,,,,,,,,,,,,,,
2001-01-15,,,,,,,,,,,,,,,,,,,,,,,,,,
2001-01-16,,,,,,,,,,,,,4.89,5.24,5.6,0.35,,,2.73,,,25.28,,,,
2001-01-17,,,,,,,,,,,,,4.84,5.19,5.52,0.35,,,2.72,,,24.93,,,,
2001-01-18,,,,,,,,,,,,,4.72,5.12,5.47,0.4,,,2.72,,,23.37,,,,
2001-01-19,,,,,,,,,,,,,4.75,5.19,5.56,0.44,,,2.7,-0.19,,23.24,,,,
2001-01-20,,,,,,,,,,,343000.0,,,,,,,,,,,,,,,
2001-01-22,,,,,,,,,,,,,4.75,5.25,5.61,0.5,,,2.71,,,23.25,,,,
2001-01-23,,,,,,,,,,,,,4.82,5.3,5.65,0.48,,,2.67,,,21.57,,,,
2001-01-24,,,,,,,,,,,,,4.81,5.33,5.67,0.52,,,2.61,,,22.03,,,,
2001-01-25,,,,,,,,,,,,,4.78,5.29,5.61,0.51,,,2.63,,,22.64,,,,
2001-01-26,,,,,,,,,,,,,4.78,5.29,5.64,0.51,,,2.65,-0.223,,22.57,,,,
2001-01-27,,,,,,,,,,,362000.0,,,,,,,,,,,,,,,
2001-01-29,,,,,,,,,,,,,4.77,5.32,5.69,0.55,,,2.65,,,22.61,,,,
2001-01-30,,,,,,,,,,,,,4.7,5.24,5.59,0.54,,,2.65,,,22.57,,,,
2001-01-31,,,,,,,,,,,,,4.62,5.19,5.54,0.57,,,2.62,,,22.02,,,,
2001-02-01,,,91.3034,272627.0,176.0,184.4,75.048,75.93,4.2,132788.0,,67.1,4.55,5.1,5.46,0.55,5.49,,2.63,,90.6,21.66,1625.0,110.501,5014.9,
2001-02-02,,,,,,,,,,,,,4.65,5.17,5.51,0.52,,,2.63,-0.25,,21.95,,,,
2001-02-03,,,,,,,,,,,376000.0,,,,,,,,,,,,,,,
2001-02-05,,,,,,,,,,,,,4.68,5.18,5.48,0.5,,,2.59,,,22.19,,,,
2001-02-06,,,,,,,,,,,,,4.72,5.22,5.51,0.5,,,2.58,,,21.98,,,,
2001-02-07,,,,,,,,,,,,,4.7,5.1,5.52,0.4,,,2.77,,,21.67,,,,
2001-02-08,,,,,,,,,,,,,4.73,5.1,5.44,0.37,,,2.78,,,21.46,,,,
2001-02-09,,,,,,,,,,,,,4.67,5.03,5.38,0.36,,,2.79,-0.268,,22.03,,,,
2001-02-10,,,,,,,,,,,365000.0,,,,,,,,,,,,,,,
2001-02-12,,,,,,,,,,,,,4.67,5.05,5.42,0.38,,,2.82,,,21.92,,,,
2001-02-13,,,,,,,,,,,,,4.75,5.07,5.43,0.32,,,2.82,,,21.37,,,,
2001-02-14,,,,,,,,,,,,,4.84,5.13,5.44,0.29,,,2.77,,,21.52,,,,
2001-02-15,,,,,,,,,,,,,4.89,5.19,5.5,0.3,,,2.77,,,20.27,,,,
2001-02-16,,,,,,,,,,,,,4.75,5.11,5.46,0.36,,,2.81,-0.277,,22.12,,,,
2001-02-17,,,,,,,,,,,358000.0,,,,,,,,,,,,,,,
2001-02-19,,,,,,,,,,,,,,,,,,,,,,,,,,
2001-02-20,,,,,,,,,,,,,4.73,5.11,5.46,0.38,,,2.81,,,24.69,,,,
2001-02-21,,,,,,,,,,,,,4.68,5.14,5.49,0.46,,,2.82,,,25.75,,,,
2001-02-22,,,,,,,,,,,,,4.63,5.15,5.52,0.52,,,2.84,,,26.76,,,,
2001-02-23,,,,,,,,,,,,,4.53,5.1,5.49,0.57,,,2.86,-0.276,,27.21,,,,
2001-02-24,,,,,,,,,,,386000.0,,,,,,,,,,,,,,,
2001-02-26,,,,,,,,,,,,,4.46,5.05,5.45,0.59,,,2.89,,,25.43,,,,
2001-02-27,,,,,,,,,,,,,4.44,4.96,5.34,0.52,,,2.86,,,26.49,,,,
2001-02-28,,,,,,,,,,,,,4.41,4.92,5.34,0.51,,,2.88,,,28.35,,,,
2001-03-01,,,91.1162,269820.0,176.1,184.7,75.055,76.009,4.3,132751.0,,67.2,4.41,4.87,5.29,0.46,5.31,,2.88,,91.5,28.08,1590.0,111.109,5072.2,
2001-03-02,,,,,,,,,,,,,4.48,4.95,5.38,0.47,,,2.87,-0.27,,27.43,,,,
2001-03-03,,,,,,,,,,,384000.0,,,,,,,,,,,,,,,
2001-03-05,,,,,,,,,,,,,4.49,4.98,5.36,0.49,,,2.83,,,27.12,,,,
2001-03-06,,,,,,,,,,,,,4.49,4.99,5.38,0.5,,,2.85,,,25.89,,,,
2001-03-07,,,,,,,,,,,,,4.43,4.92,5.32,0.49,,,2.85,,,24.12,,,,
2001-03-08,,,,,,,,,,,,,4.43,4.89,5.3,0.46,,,2.87,,,24.29,,,,
2001-03-09,,,,,,,,,,,,,4.47,4.95,5.32,0.48,,,2.82,-0.262,,25.62,,,,
2001-03-10,,,,,,,,,,,393000.0,,,,,,,,,,,,,,,
2001-03-12,,,,,,,,,,,,,4.46,4.92,5.31,0.46,,,2.86,,,30.32,,,,
2001-03-13,,,,,,,,,,,,,4.46,4.95,5.34,0.49,,,2.85,,,27.55,,,,
2001-03-14,,,,,,,,,,,,,4.32,4.84,5.28,0.52,,,2.98,,,29.61,,,,
2001-03-15,,,,,,,,,,,,,4.22,4.81,5.29,0.59,,,3.03,,,28.56,,,,
2001-03-16,,,,,,,,,,,,,4.26,4.78,5.28,0.52,,,3.03,-0.253,,29.91,,,,
2001-03-17,,,,,,,,,,,393000.0,,,,,,,,,,,,,,,
2001-03-19,,,,,,,,,,,,,4.32,4.82,5.3,0.5,,,3.02,,,29.78,,,,
2001-03-20,,,,,,,,,,,,,4.24,4.78,5.27,0.54,,,3.06,,,30.96,,,,
2001-03-21,,,,,,,,,,,,,4.21,4.77,5.28,0.56,,,3.06,,,31.93,,,,
2001-03-22,,,,,,,,,,,,,4.17,4.73,5.25,0.56,,,3.07,,,32.84,,,,
2001-03-23,,,,,,,,,,,,,4.24,4.8,5.3,0.56,,,3.04,-0.249,,30.45,,,,
2001-03-24,,,,,,,,,,,378000.0,,,,,,,,,,,,,,,
2001-03-26,,,,,,,,,,,,,4.27,4.85,5.36,0.58,,,3.05,,,29.04,,,,
2001-03-27,,,,,,,,,,,,,4.41,5.0,5.45,0.59,,,2.98,,,27.04,,,,
2001-03-28,,,,,,,,,,,,,4.3,4.97,5.47,0.67,,,3.03,,,28.58,,,,
2001-03-29,,,,,,,,,,,,,4.27,4.98,5.48,0.71,,,3.02,,,29.17,,,,
2001-03-30,,,,,,,,,,,,,4.18,4.93,5.46,0.75,,,3.04,-0.252,,28.64,,,,
2001-03-31,,,,,,,,,,,388000.0,,,,,,,,,,,,,,,
2001-04-01,10599.0,14271.694,90.7891,274410.0,176.4,185.1,75.187,76.13,4.4,132458.0,,66.9,,,,,4.8,,,,88.4,,1649.0,111.652,5137.9,
2001-04-02,,,,,,,,,,,,,4.22,4.98,5.49,0.76,,,3.0,,,31.21,,,,
2001-04-03,,,,,,,,,,,,,4.15,4.94,5.48,0.79,,,3.03,,,34.72,,,,
2001-04-04,,,,,,,,,,,,,4.12,4.94,5.5,0.82,,,3.04,,,34.07,,,,
2001-04-05,,,,,,,,,,,,,4.19,4.98,5.53,0.79,,,3.03,,,29.94,,,,
2001-04-06,,,,,,,,,,,,,4.07,4.89,5.46,0.82,,,3.06,-0.262,,31.69,,,,
2001-04-07,,,,,,,,,,,398000.0,,,,,,,,,,,,,,,
2001-04-09,,,,,,,,,,,,,4.1,4.93,5.5,0.83,,,3.04,,,31.91,,,,
2001-04-10,,,,,,,,,,,,,4.24,5.09,5.63,0.85,,,2.99,,,29.44,,,,
2001-04-11,,,,,,,,,,,,,4.29,5.12,5.6,0.83,,,2.96,,,28.46,,,,
2001-04-12,,,,,,,,,,,,,4.36,5.17,5.61,0.81,,,2.92,,,26.12,,,,
2001-04-13,,,,,,,,,,,,,,,,,,,,-0.281,,,,,,
2001-04-14,,,,,,,,,,,383000.0,,,,,,,,,,,,,,,
2001-04-16,,,,,,,,,,,,,4.49,5.28,5.7,0.79,,,2.9,,,26.33,,,,
2001-04-17,,,,,,,,,,,,,4.41,5.21,5.65,0.8,,,2.93,,,25.61,,,,
2001-04-18,,,,,,,,,,,,,4.26,5.14,5.65,0.88,,,2.95,,,24.13,,,,
2001-04-19,,,,,,,,,,,,,4.29,5.27,5.77,0.98,,,2.91,,,24.16,,,,
2001-04-20,,,,,,,,,,,,,4.26,5.29,5.79,1.03,,,2.87,-0.305,,25.38,,,,
2001-04-21,,,,,,,,,,,400000.0,,,,,,,,,,,,,,,
2001-04-23,,,,,,,,,,,,,4.15,5.2,5.73,1.05,,,2.9,,,28.16,,,,
2001-04-24,,,,,,,,,,,,,4.16,5.22,5.75,1.06,,,2.85,,,28.49,,,,
2001-04-25,,,,,,,,,,,,,4.2,5.28,5.78,1.08,,,2.85,,,27.4,,,,
2001-04-26,,,,,,,,,,,,,4.14,5.2,5.71,1.06,,,2.83,,,25.96,,,,
2001-04-27,,,,,,,,,,,,,4.28,5.34,5.81,1.06,,,2.76,-0.332,,24.02,,,,
2001-04-28,,,,,,,,,,,406000.0,,,,,,,,,,,,,,,
2001-04-30,,,,,,,,,,,,,4.3,5.35,5.78,1.05,,,2.73,,,25.48,,,,
2001-05-01,,,90.3555,275769.0,177.3,185.3,75.385,76.148,4.3,132408.0,,66.7,4.23,5.3,5.75,1.07,4.21,,2.75,,92.0,24.2,1605.0,112.164,5139.1,
2001-05-02,,,,,,,,,,,,,4.27,5.31,5.71,1.04,,,2.7,,,24.23,,,,
2001-05-03,,,,,,,,,,,,,4.22,5.22,5.64,1.0,,,2.7,,,25.78,,,,
2001-05-04,,,,,,,,,,,,,4.14,5.21,5.65,1.07,,,2.73,-0.36,,23.91,,,,
2001-05-05,,,,,,,,,,,381000.0,,,,,,,,,,,,,,,
2001-05-07,,,,,,,,,,,,,4.12,5.21,5.68,1.09,,,2.75,,,24.86,,,,
2001-05-08,,,,,,,,,,,,,4.1,5.24,5.72,1.14,,,2.76,,,24.44,,,,
2001-05-09,,,,,,,,,,,,,4.07,5.2,5.67,1.13,,,2.76,,,24.35,,,,
2001-05-10,,,,,,,,,,,,,4.17,5.31,5.75,1.14,,,2.74,,,24.0,,,,
2001-05-11,,,,,,,,,,,,,4.36,5.51,5.88,1.15,,,2.67,-0.385,,23.54,,,,
2001-05-12,,,,,,,,,,,390000.0,,,,,,,,,,,,,,,
2001-05-14,,,,,,,,,,,,,4.29,5.46,5.85,1.17,,,2.68,,,24.26,,,,
2001-05-15,,,,,,,,,,,,,4.28,5.5,5.89,1.22,,,2.69,,,23.71,,,,
2001-05-16,,,,,,,,,,,,,4.25,5.48,5.86,1.23,,,2.66,,,21.89,,,,
2001-05-17,,,,,,,,,,,,,4.33,5.46,5.8,1.13,,,2.61,,,21.47,,,,
2001-05-18,,,,,,,,,,,,,4.37,5.41,5.76,1.04,,,2.62,-0.405,,21.23,,,,
2001-05-19,,,,,,,,,,,402000.0,,,,,,,,,,,,,,,
2001-05-21,,,,,,,,,,,,,4.37,5.41,5.75,1.04,,,2.61,,,20.76,,,,
2001-05-22,,,,,,,,,,,,,4.34,5.42,5.78,1.08,,,2.63,,,21.35,,,,
2001-05-23,,,,,,,,,,,,,4.29,5.41,5.79,1.12,,,2.69,,,22.08,,,,
2001-05-24,,,,,,,,,,,,,4.32,5.52,5.87,1.2,,,2.65,,,20.57,,,,
2001-05-25,,,,,,,,,,,,,4.31,5.52,5.86,1.21,,,2.65,-0.421,,20.6,,,,
2001-05-26,,,,,,,,,,,405000.0,,,,,,,,,,,,,,,
2001-05-28,,,,,,,,,,,,,,,,,,,,,,,,,,
2001-05-29,,,,,,,,,,,,,4.33,5.54,5.86,1.21,,,2.64,,,22.14,,,,
2001-05-30,,,,,,,,,,,,,4.34,5.54,5.86,1.2,,,2.63,,,22.76,,,,
2001-05-31,,,,,,,,,,,,,4.22,5.43,5.78,1.21,,,2.65,,,22.64,,,,
2001-06-01,,,89.8784,274474.0,177.7,186.0,75.518,76.318,4.5,132300.0,,66.7,4.22,5.39,5.71,1.17,3.97,,2.63,-0.432,92.6,21.59,1636.0,112.795,5182.3,
2001-06-02,,,,,,,,,,,406000.0,,,,,,,,,,,,,,,
2001-06-04,,,,,,,,,,,,,4.19,5.35,5.69,1.16,,,2.65,,,21.38,,,,
2001-06-05,,,,,,,,,,,,,4.12,5.29,5.66,1.17,,,2.66,,,19.58,,,,
2001-06-06,,,,,,,,,,,,,4.12,5.27,5.65,1.15,,,2.69,,,20.39,,,,
2001-06-07,,,,,,,,,,,,,4.14,5.33,5.72,1.19,,,2.68,,,19.67,,,,
2001-06-08,,,,,,,,,,,,,4.17,5.38,5.73,1.21,,,2.65,-0.44,,19.92,,,,
2001-06-09,,,,,,,,,,,411000.0,,,,,,,,,,,,,,,
2001-06-11,,,,,,,,,,,,,4.11,5.32,5.69,1.21,,,2.66,,,20.7,,,,
2001-06-12,,,,,,,,,,,,,4.09,5.27,5.65,1.18,,,2.68,,,20.7,,,,
2001-06-13,,,,,,,,,,,,,4.08,5.28,5.66,1.2,,,2.67,,,21.45,,,,
2001-06-14,,,,,,,,,,,,,4.04,5.26,5.65,1.22,,,2.67,,,23.12,,,,
2001-06-15,,,,,,,,,,,,,4.01,5.27,5.68,1.26,,,2.71,-0.446,,22.81,,,,
2001-06-16,,,,,,,,,,,394000.0,,,,,,,,,,,,,,,
2001-06-18,,,,,,,,,,,,,3.98,5.27,5.7,1.29,,,2.73,,,23.17,,,,
2001-06-19,,,,,,,,,,,,,3.99,5.26,5.69,1.27,,,2.73,,,22.34,,,,
2001-06-20,,,,,,,,,,,,,3.98,5.24,5.67,1.26,,,2.74,,,21.71,,,,
2001-06-21,,,,,,,,,,,,,3.99,5.22,5.64,1.23,,,2.74,,,19.38,,,,
2001-06-22,,,,,,,,,,,,,3.93,5.14,5.58,1.21,,,2.75,-0.451,,20.02,,,,
2001-06-23,,,,,,,,,,,381000.0,,,,,,,,,,,,,,,
2001-06-25,,,,,,,,,,,,,3.96,5.16,5.59,1.2,,,2.75,,,20.67,,,,
2001-06-26,,,,,,,,,,,,,4.03,5.24,5.65,1.21,,,2.72,,,21.2,,,,
2001-06-27,,,,,,,,,,,,,4.06,5.26,5.62,1.2,,,2.68,,,20.88,,,,
2001-06-28,,,,,,,,,,,,,4.22,5.35,5.68,1.13,,,2.66,,,20.01,,,,
2001-06-29,,,,,,,,,,,,,4.25,5.42,5.75,1.17,,,2.65,-0.458,,19.06,,,,
2001-06-30,,,,,,,,,,,394000.0,,,,,,,,,,,,,,,
2001-07-01,10598.02,14214.516,89.3028,273098.0,177.4,186.4,75.493,76.515,4.6,132172.0,,66.8,,,,,3.77,,,,92.4,,1670.0,113.492,5212.0,
2001-07-02,,,,,,,,,,,,,4.21,5.37,5.7,1.16,,,2.67,,,18.76,,,,
2001-07-03,,,,,,,,,,,,,4.24,5.41,5.73,1.17,,,2.67,,,18.92,,,,
2001-07-04,,,,,,,,,,,,,,,,,,,,,,,,,,
2001-07-05,,,,,,,,,,,,,4.24,5.44,5.76,1.2,,,2.67,,,20.09,,,,
2001-07-06,,,,,,,,,,,,,4.16,5.41,5.75,1.25,,,2.69,-0.467,,21.63,,,,
2001-07-07,,,,,,,,,,,401000.0,,,,,,,,,,,,,,,
2001-07-09,,,,,,,,,,,,,4.15,5.37,5.7,1.22,,,2.69,,,22.48,,,,
2001-07-10,,,,,,,,,,,,,4.08,5.32,5.68,1.24,,,2.71,,,23.25,,,,
2001-07-11,,,,,,,,,,,,,4.07,5.31,5.69,1.24,,,2.74,,,24.01,,,,
2001-07-12,,,,,,,,,,,,,4.07,5.27,5.65,1.2,,,2.74,,,22.09,,,,
2001-07-13,,,,,,,,,,,,,4.12,5.27,5.64,1.15,,,2.71,-0.478,,21.14,,,,
2001-07-14,,,,,,,,,,,405000.0,,,,,,,,,,,,,,,
2001-07-16,,,,,,,,,,,,,4.07,5.21,5.59,1.14,,,2.74,,,22.91,,,,
2001-07-17,,,,,,,,,,,,,4.09,5.22,5.59,1.13,,,2.73,,,22.61,,,,
2001-07-18,,,,,,,,,,,,,3.96,5.12,5.52,1.16,,,2.78,,,23.6,,,,
2001-07-19,,,,,,,,,,,,,3.98,5.13,5.53,1.15,,,2.78,,,22.51,,,,
2001-07-20,,,,,,,,,,,,,3.98,5.15,5.54,1.17,,,2.77,-0.488,,22.34,,,,
2001-07-21,,,,,,,,,,,398000.0,,,,,,,,,,,,,,,
2001-07-23,,,,,,,,,,,,,3.98,5.13,5.53,1.15,,,2.77,,,23.74,,,,
2001-07-24,,,,,,,,,,,,,3.97,5.13,5.52,1.16,,,2.74,,,25.24,,,,
2001-07-25,,,,,,,,,,,,,3.98,5.2,5.58,1.22,,,2.74,,,24.0,,,,
2001-07-26,,,,,,,,,,,,,3.94,5.19,5.59,1.25,,,2.76,,,23.01,,,,
2001-07-27,,,,,,,,,,,,,3.87,5.13,5.55,1.26,,,2.77,-0.497,,22.0,,,,
2001-07-28,,,,,,,,,,,388000.0,,,,,,,,,,,,,,,
2001-07-30,,,,,,,,,,,,,3.86,5.11,5.53,1.25,,,2.76,,,22.69,,,,
2001-07-31,,,,,,,,,,,,,3.79,5.07,5.51,1.28,,,2.78,,,21.62,,,,
2001-08-01,,,89.2003,275659.0,177.4,186.7,75.484,76.553,4.9,132021.0,,66.5,3.83,5.11,5.53,1.28,3.65,,2.76,,91.5,20.56,1567.0,114.168,5244.4,
2001-08-02,,,,,,,,,,,,,3.89,5.17,5.57,1.28,,,2.74,,,20.09,,,,
2001-08-03,,,,,,,,,,,,,3.91,5.2,5.59,1.29,,,2.72,-0.502,,19.89,,,,
2001-08-04,,,,,,,,,,,401000.0,,,,,,,,,,,,,,,
2001-08-06,,,,,,,,,,,,,3.88,5.19,5.59,1.31,,,2.75,,,21.89,,,,
2001-08-07,,,,,,,,,,,,,3.9,5.2,5.6,1.3,,,2.74,,,21.01,,,,
2001-08-08,,,,,,,,,,,,,3.77,4.99,5.52,1.22,,,2.88,,,22.32,,,,
2001-08-09,,,,,,,,,,,,,3.77,5.04,5.54,1.27,,,2.84,,,21.75,,,,
2001-08-10,,,,,,,,,,,,,3.73,4.99,5.52,1.26,,,2.87,-0.497,,20.55,,,,
2001-08-11,,,,,,,,,,,394000.0,,,,,,,,,,,,,,,
2001-08-13,,,,,,,,,,,,,3.7,4.97,5.52,1.27,,,2.89,,,20.42,,,,
2001-08-14,,,,,,,,,,,,,3.74,4.97,5.51,1.23,,,2.89,,,20.48,,,,
2001-08-15,,,,,,,,,,,,,3.8,5.0,5.52,1.2,,,2.86,,,20.91,,,,
2001-08-16,,,,,,,,,,,,,3.75,4.95,5.48,1.2,,,2.89,,,21.54,,,,
2001-08-17,,,,,,,,,,,,,3.67,4.84,5.43,1.17,,,2.97,-0.483,,23.84,,,,
2001-08-18,,,,,,,,,,,402000.0,,,,,,,,,,,,,,,
2001-08-20,,,,,,,,,,,,,3.74,4.91,5.46,1.17,,,2.93,,,22.87,,,,
2001-08-21,,,,,,,,,,,,,3.69,4.87,5.44,1.18,,,2.98,,,24.4,,,,
2001-08-22,,,,,,,,,,,,,3.76,4.91,5.44,1.15,,,2.94,,,22.44,,,,
2001-08-23,,,,,,,,,,,,,3.72,4.89,5.41,1.17,,,2.92,,,22.23,,,,
2001-08-24,,,,,,,,,,,,,3.76,4.93,5.45,1.17,,,2.91,-0.46,,19.71,,,,
2001-08-25,,,,,,,,,,,395000.0,,,,,,,,,,,,,,,
2001-08-27,,,,,,,,,,,,,3.78,4.94,5.47,1.16,,,2.91,,,20.56,,,,
2001-08-28,,,,,,,,,,,,,3.71,4.85,5.41,1.14,,,2.95,,,22.0,,,,
2001-08-29,,,,,,,,,,,,,3.67,4.78,5.36,1.11,,,2.97,,,23.03,,,,
2001-08-30,,,,,,,,,,,,,3.61,4.79,5.37,1.18,,,2.97,,,25.41,,,,
2001-08-31,,,,,,,,,,,,,3.64,4.85,5.39,1.21,,,2.9,-0.429,,24.92,,,,
2001-09-01,,,88.7485,268652.0,178.1,187.1,75.227,76.118,5.0,131763.0,402000.0,66.8,,,,,3.07,,,,81.8,,1562.0,114.812,5355.9,
2001-09-03,,,,,,,,,,,,,,,,,,,,,,,,,,
2001-09-04,,,,,,,,,,,,,3.83,4.99,5.5,1.16,,,2.88,,,25.85,,,,
2001-09-05,,,,,,,,,,,,,3.79,4.97,5.48,1.18,,,2.9,,,26.35,,,,
2001-09-06,,,,,,,,,,,,,3.65,4.86,5.41,1.21,,,2.94,,,28.61,,,,
2001-09-07,,,,,,,,,,,,,3.53,4.8,5.39,1.27,,,2.99,-0.396,,30.99,,,,
2001-09-08,,,,,,,,,,,408000.0,,,,,,,,,,,,,,,
2001-09-10,,,,,,,,,,,,,3.53,4.84,5.43,1.31,,,2.99,,,31.84,,,,
2001-09-11,,,,,,,,,,,,,,,,,,,,,,,,,,
2001-09-12,,,,,,,,,,,,,,,,,,,,,,,,,,
2001-09-13,,,,,,,,,,,,,2.99,4.64,5.39,1.65,,,3.16,,,,,,,
2001-09-14,,,,,,,,,,,,,2.87,4.57,5.35,1.7,,,3.36,-0.364,,,,,,
2001-09-15,,,,,,,,,,,395000.0,,,,,,,,,,,,,,,
2001-09-17,,,,,,,,,,,,,2.96,4.63,5.41,1.67,,,3.45,,,41.76,,,,
2001-09-18,,,,,,,,,,,,,2.96,4.72,5.55,1.76,,,3.48,,,38.87,,,,
2001-09-19,,,,,,,,,,,,,2.81,4.69,5.56,1.88,,,3.52,,,40.56,,,,
2001-09-20,,,,,,,,,,,,,2.91,4.75,5.62,1.84,,,3.52,,,43.74,,,,
2001-09-21,,,,,,,,,,,,,2.91,4.7,5.59,1.79,,,3.53,-0.342,,42.66,,,,
2001-09-22,,,,,,,,,,,453000.0,,,,,,,,,,,,,,,
2001-09-24,,,,,,,,,,,,,2.94,4.73,5.58,1.79,,,3.48,,,37.75,,,,
2001-09-25,,,,,,,,,,,,,2.88,4.72,5.58,1.84,,,3.48,,,35.81,,,,
2001-09-26,,,,,,,,,,,,,2.82,4.65,5.5,1.83,,,3.46,,,35.26,,,,
2001-09-27,,,,,,,,,,,,,2.78,4.58,5.45,1.8,,,3.47,,,34.0,,,,
2001-09-28,,,,,,,,,,,,,2.86,4.6,5.42,1.74,,,3.42,-0.335,,31.93,,,,
2001-09-29,,,,,,,,,,,517000.0,,,,,,,,,,,,,,,
2001-10-01,10660.465,14253.574,88.5052,288632.0,177.6,187.4,75.492,76.654,5.3,131452.0,,66.7,2.82,4.55,5.38,1.73,2.49,,3.44,,82.7,32.32,1540.0,115.31,5344.0,
2001-10-02,,,,,,,,,,,,,2.77,4.53,5.34,1.76,,,3.42,,,31.18,,,,
2001-10-03,,,,,,,,,,,,,2.77,4.5,5.32,1.73,,,3.43,,,31.34,,,,
2001-10-04,,,,,,,,,,,,,2.75,4.53,5.31,1.78,,,3.38,,,31.97,,,,
2001-10-05,,,,,,,,,,,,,2.71,4.52,5.31,1.81,,,3.4,-0.337,,33.39,,,,
2001-10-06,,,,,,,,,,,476000.0,,,,,,,,,,,,,,,
2001-10-08,,,,,,,,,,,,,,,,,,,,,,35.12,,,,
2001-10-09,,,,,,,,,,,,,2.74,4.62,5.39,1.88,,,3.36,,,34.83,,,,
2001-10-10,,,,,,,,,,,,,2.78,4.61,5.36,1.83,,,3.34,,,31.6,,,,
2001-10-11,,,,,,,,,,,,,2.88,4.69,5.41,1.81,,,3.3,,,31.5,,,,
2001-10-12,,,,,,,,,,,,,2.81,4.68,5.42,1.87,,,3.33,-0.348,,35.27,,,,
2001-10-13,,,,,,,,,,,482000.0,,,,,,,,,,,,,,,
2001-10-15,,,,,,,,,,,,,2.78,4.62,5.38,1.84,,,3.34,,,35.31,,,,
2001-10-16,,,,,,,,,,,,,2.77,4.59,5.35,1.82,,,3.33,,,32.88,,,,
2001-10-17,,,,,,,,,,,,,2.8,4.59,5.32,1.79,,,3.31,,,35.08,,,,
2001-10-18,,,,,,,,,,,,,2.77,4.58,5.32,1.81,,,3.31,,,34.95,,,,
2001-10-19,,,,,,,,,,,,,2.77,4.63,5.36,1.86,,,3.29,-0.364,,34.11,,,,
2001-10-20,,,,,,,,,,,482000.0,,,,,,,,,,,,,,,
2001-10-22,,,,,,,,,,,,,2.79,4.63,5.36,1.84,,,3.28,,,32.25,,,,
2001-10-23,,,,,,,,,,,,,2.81,4.66,5.38,1.85,,,3.28,,,32.0,,,,
2001-10-24,,,,,,,,,,,,,2.72,4.61,5.32,1.89,,,3.28,,,30.95,,,,
2001-10-25,,,,,,,,,,,,,2.63,4.56,5.28,1.93,,,3.3,,,29.46,,,,
2001-10-26,,,,,,,,,,,,,2.63,4.53,5.27,1.9,,,3.31,-0.38,,28.42,,,,
2001-10-27,,,,,,,,,,,483000.0,,,,,,,,,,,,,,,
2001-10-29,,,,,,,,,,,,,2.55,4.5,5.25,1.95,,,3.32,,,31.64,,,,
2001-10-30,,,,,,,,,,,,,2.48,4.44,5.22,1.96,,,3.35,,,33.46,,,,
2001-10-31,,,,,,,,,,,,,2.44,4.3,4.89,1.86,,,3.38,,,33.56,,,,
2001-11-01,,,87.97,280033.0,177.5,188.1,75.441,76.81,5.5,131144.0,,66.7,2.49,4.24,4.79,1.75,2.09,,3.37,,83.9,32.31,1602.0,115.856,5387.5,
2001-11-02,,,,,,,,,,,,,2.48,4.37,4.96,1.89,,,3.37,-0.391,,30.71,,,,
2001-11-03,,,,,,,,,,,440000.0,,,,,,,,,,,,,,,
2001-11-05,,,,,,,,,,,,,2.46,4.31,4.86,1.85,,,3.34,,,30.5,,,,
2001-11-06,,,,,,,,,,,,,2.37,4.3,4.86,1.93,,,3.36,,,28.8,,,,
2001-11-07,,,,,,,,,,,,,2.32,4.22,4.79,1.9,,,3.35,,,29.13,,,,
2001-11-08,,,,,,,,,,,,,2.42,4.32,4.87,1.9,,,3.28,,,28.62,,,,
2001-11-09,,,,,,,,,,,,,2.45,4.34,4.88,1.89,,,3.27,-0.397,,27.44,,,,
2001-11-10,,,,,,,,,,,428000.0,,,,,,,,,,,,,,,
2001-11-12,,,,,,,,,,,,,,,,,,,,,,29.35,,,,
2001-11-13,,,,,,,,,,,,,2.54,4.41,4.92,1.87,,,3.24,,,26.47,,,,
2001-11-14,,,,,,,,,,,,,2.7,4.54,5.02,1.84,,,3.19,,,26.56,,,,
2001-11-15,,,,,,,,,,,,,2.98,4.79,5.22,1.81,,,3.1,,,25.56,,,,
2001-11-16,,,,,,,,,,,,,3.09,4.91,5.3,1.82,,,3.07,-0.395,,25.07,,,,
2001-11-17,,,,,,,,,,,431000.0,,,,,,,,,,,,,,,
2001-11-19,,,,,,,,,,,,,2.92,4.8,5.22,1.88,,,3.08,,,24.46,,,,
2001-11-20,,,,,,,,,,,,,2.96,4.88,5.3,1.92,,,3.08,,,24.12,,,,
2001-11-21,,,,,,,,,,,,,3.11,4.98,5.35,1.87,,,3.01,,,24.19,,,,
2001-11-22,,,,,,,,,,,,,,,,,,,,,,,,,,
2001-11-23,,,,,,,,,,,,,3.2,5.04,5.39,1.84,,,2.97,-0.385,,23.25,,,,
2001-11-24,,,,,,,,,,,491000.0,,,,,,,,,,,,,,,
2001-11-26,,,,,,,,,,,,,3.22,5.05,5.39,1.83,,,2.96,,,23.79,,,,
2001-11-27,,,,,,,,,,,,,3.11,4.98,5.37,1.87,,,3.01,,,24.0,,,,
2001-11-28,,,,,,,,,,,,,3.12,4.98,5.36,1.86,,,3.01,,,25.9,,,,
2001-11-29,,,,,,,,,,,,,2.87,4.79,5.24,1.92,,,3.07,,,25.18,,,,
2001-11-30,,,,,,,,,,,,,2.84,4.78,5.27,1.94,,,3.1,-0.372,,23.84,,,,
2001-12-01,,,87.9324,276302.0,177.4,188.4,75.363,76.828,5.7,130983.0,465000.0,66.7,,,,,1.82,,,,88.8,,1568.0,116.454,5440.1,
2001-12-03,,,,,,,,,,,,,2.82,4.75,5.26,1.93,,,3.14,,,25.77,,,,
2001-12-04,,,,,,,,,,,,,2.81,4.7,5.22,1.89,,,3.15,,,24.08,,,,
2001-12-05,,,,,,,,,,,,,3.07,4.92,5.35,1.85,,,3.07,,,23.02,,,,
2001-12-06,,,,,,,,,,,,,3.19,5.04,5.47,1.85,,,3.03,,,23.71,,,,
2001-12-07,,,,,,,,,,,,,3.19,5.2,5.6,2.01,,,2.96,-0.359,,23.49,,,,
2001-12-08,,,,,,,,,,,393000.0,,,,,,,,,,,,,,,
2001-12-10,,,,,,,,,,,,,3.1,5.17,5.58,2.07,,,3.0,,,25.62,,,,
2001-12-11,,,,,,,,,,,,,3.03,5.13,5.55,2.1,,,3.01,,,25.3,,,,
2001-12-12,,,,,,,,,,,,,2.97,5.02,5.47,2.05,,,3.04,,,24.87,,,,
2001-12-13,,,,,,,,,,,,,3.09,5.13,5.53,2.04,,,2.98,,,25.91,,,,
2001-12-14,,,,,,,,,,,,,3.2,5.24,5.59,2.04,,,2.91,-0.353,,24.63,,,,
2001-12-15,,,,,,,,,,,389000.0,,,,,,,,,,,,,,,
2001-12-17,,,,,,,,,,,,,3.21,5.26,5.61,2.05,,,2.97,,,24.26,,,,
2001-12-18,,,,,,,,,,,,,3.13,5.16,5.52,2.03,,,2.94,,,23.29,,,,
2001-12-19,,,,,,,,,,,,,3.11,5.08,5.45,1.97,,,2.94,,,22.58,,,,
2001-12-20,,,,,,,,,,,,,3.15,5.08,5.43,1.93,,,2.92,,,23.67,,,,
2001-12-21,,,,,,,,,,,,,3.17,5.12,5.45,1.95,,,2.87,-0.355,,22.5,,,,
2001-12-22,,,,,,,,,,,416000.0,,,,,,,,,,,,,,,
2001-12-24,,,,,,,,,,,,,3.22,5.18,5.49,1.96,,,,,,22.62,,,,
2001-12-25,,,,,,,,,,,,,,,,,,,,,,,,,,
2001-12-26,,,,,,,,,,,,,3.26,5.22,5.52,1.96,,,2.82,,,22.29,,,,
2001-12-27,,,,,,,,,,,,,3.19,5.13,5.49,1.94,,,2.88,,,21.59,,,,
2001-12-28,,,,,,,,,,,,,3.16,5.15,5.54,1.99,,,2.87,-0.368,,21.4,,,,
2001-12-29,,,,,,,,,,,421000.0,,,,,,,,,,,,,,,
2001-12-31,,,,,,,,,,,,,3.07,5.07,5.48,2.0,,,2.85,,,23.8,,,,
2002-01-01,10783.5,14372.785,88.5176,277135.0,177.7,188.7,75.431,76.871,5.7,130859.0,,66.5,,,,,1.73,,,,93.0,,1698.0,117.143,5459.6,
2002-01-02,,,,,,,,,,,,,3.22,5.2,5.56,1.98,,,2.82,,,22.71,,,,
2002-01-03,,,,,,,,,,,,,3.19,5.16,5.54,1.97,,,2.82,,,21.34,,,,
2002-01-04,,,,,,,,,,,,,3.19,5.18,5.57,1.99,,,2.78,-0.388,,20.45,,,,
2002-01-05,,,,,,,,,,,397000.0,,,,,,,,,,,,,,,
2002-01-07,,,,,,,,,,,,,3.08,5.09,5.49,2.01,,,2.8,,,21.94,,,,
2002-01-08,,,,,,,,,,,,,3.07,5.1,5.51,2.03,,,2.8,,,21.83,,,,
2002-01-09,,,,,,,,,,,,,3.03,5.1,5.51,2.07,,,2.78,,,22.13,,,,
2002-01-10,,,,,,,,,,,,,2.94,5.0,5.42,2.06,,,2.82,,,22.36,,,,
2002-01-11,,,,,,,,,,,,,2.76,4.92,5.37,2.16,,,2.86,-0.413,,22.6,,,,
2002-01-12,,,,,,,,,,,418000.0,,,,,,,,,,,,,,,
2002-01-14,,,,,,,,,,,,,2.79,4.91,5.38,2.12,,,2.88,,,23.58,,,,
2002-01-15,,,,,,,,,,,,,2.79,4.88,5.34,2.09,,,2.86,,,22.7,,,,
2002-01-16,,,,,,,,,,,,,2.84,4.88,5.36,2.04,,,2.87,,,23.45,,,,
2002-01-17,,,,,,,,,,,,,2.96,4.98,5.41,2.02,,,2.82,,,22.25,,,,
2002-01-18,,,,,,,,,,,,,2.91,4.94,5.36,2.03,,,2.86,-0.439,,22.52,,,,
2002-01-19,,,,,,,,,,,405000.0,,,,,,,,,,,,,,,
2002-01-21,,,,,,,,,,,,,,,,,,,,,,,,,,
2002-01-22,,,,,,,,,,,,,2.97,4.96,5.39,1.99,,,2.85,,,23.61,,,,
2002-01-23,,,,,,,,,,,,,3.07,5.05,5.48,1.98,,,2.87,,,21.88,,,,
2002-01-24,,,,,,,,,,,,,3.15,5.07,5.47,1.92,,,2.85,,,21.15,,,,
2002-01-25,,,,,,,,,,,,,3.17,5.1,5.47,1.93,,,2.81,-0.46,,21.01,,,,
2002-01-26,,,,,,,,,,,414000.0,,,,,,,,,,,,,,,
2002-01-28,,,,,,,,,,,,,3.19,5.12,5.47,1.93,,,2.78,,,21.14,,,,
2002-01-29,,,,,,,,,,,,,3.05,5.02,5.4,1.97,,,2.84,,,24.35,,,,
2002-01-30,,,,,,,,,,,,,3.06,5.02,5.41,1.96,,,2.89,,,23.22,,,,
2002-01-31,,,,,,,,,,,,,3.16,5.07,5.44,1.91,,,2.85,,,21.09,,,,
2002-02-01,,,88.5278,278869.0,178.0,189.1,75.558,77.018,5.7,130737.0,,66.8,3.08,5.02,5.4,1.94,1.74,,2.86,-0.475,90.7,21.12,1829.0,117.845,5488.4,
2002-02-02,,,,,,,,,,,404000.0,,,,,,,,,,,,,,,
2002-02-04,,,,,,,,,,,,,2.99,4.94,5.35,1.95,,,2.93,,,24.87,,,,
2002-02-05,,,,,,,,,,,,,2.99,4.92,5.35,1.93,,,2.98,,,25.45,,,,
2002-02-06,,,,,,,,,,,,,2.98,4.92,5.38,1.94,,,3.01,,,26.09,,,,
2002-02-07,,,,,,,,,,,,,2.99,4.93,5.42,1.94,,,3.05,,,25.11,,,,
2002-02-08,,,,,,,,,,,,,2.95,4.9,5.39,1.95,,,3.03,-0.484,,23.26,,,,
2002-02-09,,,,,,,,,,,397000.0,,,,,,,,,,,,,,,
2002-02-11,,,,,,,,,,,,,2.95,4.91,5.41,1.96,,,3.02,,,21.78,,,,
2002-02-12,,,,,,,,,,,,,3.04,4.97,5.45,1.93,,,2.99,,,21.62,,,,
2002-02-13,,,,,,,,,,,,,3.09,5.01,5.47,1.92,,,2.93,,,20.85,,,,
2002-02-14,,,,,,,,,,,,,3.07,4.95,5.42,1.88,,,2.95,,,21.77,,,,
2002-02-15,,,,,,,,,,,,,2.97,4.86,5.37,1.89,,,2.98,-0.489,,22.37,,,,
2002-02-16,,,,,,,,,,,397000.0,,,,,,,,,,,,,,,
2002-02-18,,,,,,,,,,,,,,,,,,,,,,,,,,
2002-02-19,,,,,,,,,,,,,2.98,4.88,5.54,1.9,,,2.99,,,24.43,,,,
2002-02-20,,,,,,,,,,,,,3.0,4.88,5.53,1.88,,,3.01,,,22.66,,,,
2002-02-21,,,,,,,,,,,,,3.0,4.88,5.53,1.88,,,2.97,,,23.8,,,,
2002-02-22,,,,,,,,,,,,,2.97,4.84,5.48,1.87,,,2.98,-0.489,,22.86,,,,
2002-02-23,,,,,,,,,,,398000.0,,,,,,,,,,,,,,,
2002-02-25,,,,,,,,,,,,,3.01,4.86,5.51,1.85,,,2.98,,,21.84,,,,
2002-02-26,,,,,,,,,,,,,3.08,4.93,5.53,1.85,,,2.96,,,21.68,,,,
2002-02-27,,,,,,,,,,,,,3.09,4.84,5.51,1.75,,,3.0,,,21.49,,,,
2002-02-28,,,,,,,,,,,,,3.06,4.88,5.54,1.82,,,2.98,,,21.59,,,,
2002-03-01,,,89.1686,278079.0,178.5,189.2,75.763,77.11,5.7,130722.0,,66.6,3.18,4.98,5.6,1.8,1.73,,2.97,-0.489,95.7,19.96,1642.0,118.688,5499.8,
2002-03-02,,,,,,,,,,,392000.0,,,,,,,,,,,,,,,
2002-03-04,,,,,,,,,,,,,3.24,5.02,5.61,1.78,,,2.94,,,20.5,,,,
2002-03-05,,,,,,,,,,,,,3.25,5.02,5.6,1.77,,,2.9,,,20.3,,,,
2002-03-06,,,,,,,,,,,,,3.26,5.06,5.67,1.8,,,2.91,,,19.94,,,,
2002-03-07,,,,,,,,,,,,,3.36,5.22,5.76,1.86,,,2.83,,,20.04,,,,
2002-03-08,,,,,,,,,,,,,3.6,5.33,5.83,1.73,,,2.79,-0.488,,19.27,,,,
2002-03-09,,,,,,,,,,,399000.0,,,,,,,,,,,,,,,
2002-03-11,,,,,,,,,,,,,3.59,5.33,5.81,1.74,,,2.78,,,19.84,,,,
2002-03-12,,,,,,,,,,,,,3.56,5.32,5.84,1.76,,,2.78,,,19.59,,,,
2002-03-13,,,,,,,,,,,,,3.49,5.28,5.83,1.79,,,2.82,,,19.46,,,,
2002-03-14,,,,,,,,,,,,,3.63,5.4,5.9,1.77,,,2.79,,,19.2,,,,
2002-03-15,,,,,,,,,,,,,3.63,5.35,5.86,1.72,,,2.81,-0.488,,18.42,,,,
2002-03-16,,,,,,,,,,,392000.0,,,,,,,,,,,,,,,
2002-03-18,,,,,,,,,,,,,3.67,5.32,5.83,1.65,,,2.8,,,18.93,,,,
2002-03-19,,,,,,,,,,,,,3.64,5.33,5.86,1.69,,,2.83,,,18.16,,,,
2002-03-20,,,,,,,,,,,,,3.71,5.4,5.89,1.69,,,2.81,,,18.46,,,,
2002-03-21,,,,,,,,,,,,,3.73,5.39,5.87,1.66,,,2.78,,,18.15,,,,
2002-03-22,,,,,,,,,,,,,3.77,5.4,5.89,1.63,,,2.78,-0.492,,17.77,,,,
2002-03-23,,,,,,,,,,,415000.0,,,,,,,,,,,,,,,
2002-03-25,,,,,,,,,,,,,3.78,5.41,5.91,1.63,,,2.74,,,18.48,,,,
2002-03-26,,,,,,,,,,,,,3.68,5.35,5.84,1.67,,,2.76,,,18.13,,,,
2002-03-27,,,,,,,,,,,,,3.66,5.35,5.86,1.69,,,2.81,,,17.7,,,,
2002-03-28,,,,,,,,,,,,,3.72,5.42,5.91,1.7,,,2.81,,,17.4,,,,
2002-03-29,,,,,,,,,,,,,,,,,,,,-0.501,,,,,,
2002-03-30,,,,,,,,,,,479000.0,,,,,,,,,,,,,,,
2002-04-01,10887.46,14460.848,89.604,281147.0,179.3,189.7,76.08,77.325,5.9,130616.0,,66.7,3.74,5.44,5.92,1.7,1.75,,2.78,,93.0,18.73,1592.0,119.612,5501.3,
2002-04-02,,,,,,,,,,,,,3.63,5.36,5.86,1.73,,,2.81,,,19.16,,,,
2002-04-03,,,,,,,,,,,,,3.55,5.3,5.82,1.75,,,2.83,,,20.2,,,,
2002-04-04,,,,,,,,,,,,,3.57,5.28,5.82,1.71,,,2.84,,,19.78,,,,
2002-04-05,,,,,,,,,,,,,3.49,5.22,5.79,1.73,,,2.85,-0.514,,19.13,,,,
2002-04-06,,,,,,,,,,,445000.0,,,,,,,,,,,,,,,
2002-04-08,,,,,,,,,,,,,3.51,5.25,5.82,1.74,,,2.85,,,19.61,,,,
2002-04-09,,,,,,,,,,,,,3.48,5.22,5.79,1.74,,,2.85,,,19.47,,,,
2002-04-10,,,,,,,,,,,,,3.48,5.24,5.78,1.76,,,2.84,,,18.19,,,,
2002-04-11,,,,,,,,,,,,,3.47,5.22,5.78,1.75,,,2.83,,,20.3,,,,
2002-04-12,,,,,,,,,,,,,3.41,5.18,5.79,1.77,,,2.86,-0.533,,19.42,,,,
2002-04-13,,,,,,,,,,,442000.0,,,,,,,,,,,,,,,
2002-04-15,,,,,,,,,,,,,3.38,5.15,5.76,1.77,,,2.84,,,19.82,,,,
2002-04-16,,,,,,,,,,,,,3.43,5.2,5.78,1.77,,,2.81,,,18.11,,,,
2002-04-17,,,,,,,,,,,,,3.41,5.24,5.85,1.83,,,2.79,,,18.43,,,,
2002-04-18,,,,,,,,,,,,,3.38,5.23,5.86,1.85,,,2.82,,,19.29,,,,
2002-04-19,,,,,,,,,,,,,3.36,5.21,5.8,1.85,,,2.8,-0.555,,18.3,,,,
2002-04-20,,,,,,,,,,,416000.0,,,,,,,,,,,,,,,
2002-04-22,,,,,,,,,,,,,3.37,5.19,5.78,1.82,,,2.77,,,19.77,,,,
2002-04-23,,,,,,,,,,,,,3.39,5.18,5.78,1.79,,,2.78,,,20.28,,,,
2002-04-24,,,,,,,,,,,,,3.28,5.11,5.72,1.83,,,2.81,,,20.77,,,,
2002-04-25,,,,,,,,,,,,,3.25,5.1,5.72,1.85,,,2.83,,,20.95,,,,
2002-04-26,,,,,,,,,,,,,3.22,5.08,5.73,1.86,,,2.83,-0.578,,22.14,,,,
2002-04-27,,,,,,,,,,,414000.0,,,,,,,,,,,,,,,
2002-04-29,,,,,,,,,,,,,3.26,5.13,5.75,1.87,,,2.82,,,24.05,,,,
2002-04-30,,,,,,,,,,,,,3.24,5.11,5.72,1.87,,,2.84,,,21.91,,,,
2002-05-01,,,89.964,278966.0,179.5,190.0,76.13,77.411,5.8,130632.0,,66.7,3.21,5.08,5.69,1.87,1.75,,2.86,,96.9,20.06,1764.0,120.724,5530.1,
2002-05-02,,,,,,,,,,,,,3.25,5.13,5.72,1.88,,,2.84,,,20.07,,,,
2002-05-03,,,,,,,,,,,,,3.17,5.08,5.65,1.91,,,2.89,-0.6,,20.19,,,,
2002-05-04,,,,,,,,,,,409000.0,,,,,,,,,,,,,,,
2002-05-06,,,,,,,,,,,,,3.19,5.1,5.66,1.91,,,2.86,,,22.56,,,,
2002-05-07,,,,,,,,,,,,,3.14,5.09,5.66,1.95,,,2.86,,,21.94,,,,
2002-05-08,,,,,,,,,,,,,3.32,5.24,5.77,1.92,,,2.86,,,20.39,,,,
2002-05-09,,,,,,,,,,,,,3.27,5.2,5.78,1.93,,,2.89,,,21.56,,,,
2002-05-10,,,,,,,,,,,,,3.19,5.15,5.72,1.96,,,2.93,-0.616,,22.41,,,,
2002-05-11,,,,,,,,,,,413000.0,,,,,,,,,,,,,,,
2002-05-13,,,,,,,,,,,,,3.28,5.23,5.79,1.95,,,2.9,,,20.72,,,,
2002-05-14,,,,,,,,,,,,,3.4,5.32,5.84,1.92,,,2.89,,,19.35,,,,
2002-05-15,,,,,,,,,,,,,3.37,5.28,5.82,1.91,,,2.91,,,19.19,,,,
2002-05-16,,,,,,,,,,,,,3.28,5.2,5.8,1.92,,,2.96,,,18.5,,,,
2002-05-17,,,,,,,,,,,,,3.41,5.27,5.84,1.86,,,2.94,-0.627,,17.7,,,,
2002-05-18,,,,,,,,,,,411000.0,,,,,,,,,,,,,,,
2002-05-20,,,,,,,,,,,,,3.33,5.21,5.78,1.88,,,2.96,,,19.24,,,,
2002-05-21,,,,,,,,,,,,,3.28,5.18,5.79,1.9,,,2.95,,,20.05,,,,
2002-05-22,,,,,,,,,,,,,3.23,5.13,5.75,1.9,,,2.98,,,19.58,,,,
2002-05-23,,,,,,,,,,,,,3.28,5.16,5.78,1.88,,,2.97,,,18.23,,,,
2002-05-24,,,,,,,,,,,,,3.28,5.16,5.78,1.88,,,2.96,-0.628,,18.9,,,,
2002-05-25,,,,,,,,,,,403000.0,,,,,,,,,,,,,,,
2002-05-27,,,,,,,,,,,,,,,,,,,,,,,,,,
2002-05-28,,,,,,,,,,,,,3.3,5.16,5.78,1.86,,,2.95,,,20.31,,,,
2002-05-29,,,,,,,,,,,,,3.24,5.11,5.77,1.87,,,2.97,,,20.39,,,,
2002-05-30,,,,,,,,,,,,,3.17,5.06,5.74,1.89,,,3.0,,,20.61,,,,
2002-05-31,,,,,,,,,,,,,3.22,5.08,5.75,1.86,,,2.98,-0.622,,19.98,,,,
2002-06-01,,,90.7061,280426.0,179.6,190.2,76.225,77.534,5.8,130674.0,378000.0,66.6,,,,,1.75,,,,92.4,,1717.0,121.813,5555.3,
2002-06-03,,,,,,,,,,,,,3.19,5.06,5.76,1.87,,,3.0,,,23.37,,,,
2002-06-04,,,,,,,,,,,,,3.13,5.04,5.75,1.91,,,3.01,,,23.89,,,,
2002-06-05,,,,,,,,,,,,,3.16,5.08,5.79,1.92,,,2.99,,,22.61,,,,
2002-06-06,,,,,,,,,,,,,3.13,5.04,5.77,1.91,,,2.99,,,24.16,,,,
2002-06-07,,,,,,,,,,,,,3.16,5.1,5.81,1.94,,,2.96,-0.608,,23.51,,,,
2002-06-08,,,,,,,,,,,388000.0,,,,,,,,,,,,,,,
2002-06-10,,,,,,,,,,,,,3.15,5.07,5.76,1.92,,,2.95,,,23.72,,,,
2002-06-11,,,,,,,,,,,,,3.09,5.02,5.71,1.93,,,2.95,,,24.45,,,,
2002-06-12,,,,,,,,,,,,,3.05,4.98,5.68,1.93,,,3.0,,,24.15,,,,
2002-06-13,,,,,,,,,,,,,3.0,4.94,5.65,1.94,,,3.0,,,25.02,,,,
2002-06-14,,,,,,,,,,,,,2.92,4.83,5.59,1.91,,,3.02,-0.588,,25.96,,,,
2002-06-15,,,,,,,,,,,396000.0,,,,,,,,,,,,,,,
2002-06-17,,,,,,,,,,,,,2.96,4.89,5.63,1.93,,,2.97,,,24.64,,,,
2002-06-18,,,,,,,,,,,,,2.93,4.88,5.62,1.95,,,3.02,,,24.24,,,,
2002-06-19,,,,,,,,,,,,,2.81,4.76,5.58,1.95,,,3.06,,,26.06,,,,
2002-06-20,,,,,,,,,,,,,2.93,4.85,5.64,1.92,,,3.05,,,27.48,,,,
2002-06-21,,,,,,,,,,,,,2.88,4.79,5.56,1.91,,,3.05,-0.563,,27.23,,,,
2002-06-22,,,,,,,,,,,388000.0,,,,,,,,,,,,,,,
2002-06-24,,,,,,,,,,,,,2.93,4.87,5.62,1.94,,,3.03,,,26.98,,,,
2002-06-25,,,,,,,,,,,,,2.92,4.88,5.64,1.96,,,3.03,,,27.84,,,,
2002-06-26,,,,,,,,,,,,,2.77,4.75,5.6,1.98,,,3.12,,,28.42,,,,
2002-06-27,,,,,,,,,,,,,2.85,4.84,5.68,1.99,,,3.14,,,26.29,,,,
2002-06-28,,,,,,,,,,,,,2.9,4.86,5.7,1.96,,,3.13,-0.536,,25.4,,,,
2002-06-29,,,,,,,,,,,386000.0,,,,,,,,,,,,,,,
2002-07-01,10984.04,14519.633,90.6769,284161.0,180.0,190.5,76.393,77.692,5.8,130584.0,,66.5,2.88,4.85,5.67,1.97,1.73,,3.14,,88.1,27.11,1655.0,122.888,5597.6,
2002-07-02,,,,,,,,,,,,,2.78,4.77,5.64,1.99,,,3.18,,,28.96,,,,
2002-07-03,,,,,,,,,,,,,2.78,4.78,5.62,2.0,,,3.17,,,29.42,,,,
2002-07-04,,,,,,,,,,,,,,,,,,,,,,,,,,
2002-07-05,,,,,,,,,,,,,2.9,4.9,5.7,2.0,,,3.15,-0.508,,27.11,,,,
2002-07-06,,,,,,,,,,,391000.0,,,,,,,,,,,,,,,
2002-07-08,,,,,,,,,,,,,2.84,4.84,5.66,2.0,,,3.19,,,28.25,,,,
2002-07-09,,,,,,,,,,,,,2.74,4.78,5.6,2.04,,,3.19,,,30.22,,,,
2002-07-10,,,,,,,,,,,,,2.61,4.66,5.53,2.05,,,3.21,,,34.1,,,,
2002-07-11,,,,,,,,,,,,,2.61,4.66,5.57,2.05,,,3.21,,,33.85,,,,
2002-07-12,,,,,,,,,,,,,2.56,4.63,5.55,2.07,,,3.24,-0.481,,32.94,,,,
2002-07-13,,,,,,,,,,,384000.0,,,,,,,,,,,,,,,
2002-07-15,,,,,,,,,,,,,2.55,4.66,5.57,2.11,,,3.26,,,35.03,,,,
2002-07-16,,,,,,,,,,,,,2.66,4.75,5.63,2.09,,,3.24,,,36.65,,,,
2002-07-17,,,,,,,,,,,,,2.63,4.71,5.62,2.08,,,3.27,,,35.45,,,,
2002-07-18,,,,,,,,,,,,,2.55,4.66,5.62,2.11,,,3.3,,,35.12,,,,
2002-07-19,,,,,,,,,,,,,2.48,4.61,5.55,2.13,,,3.25,-0.457,,38.17,,,,
2002-07-20,,,,,,,,,,,379000.0,,,,,,,,,,,,,,,
2002-07-22,,,,,,,,,,,,,2.4,4.51,5.5,2.11,,,3.3,,,41.87,,,,
2002-07-23,,,,,,,,,,,,,2.34,4.47,5.49,2.13,,,3.33,,,44.92,,,,
2002-07-24,,,,,,,,,,,,,2.38,4.49,5.57,2.11,,,3.35,,,39.86,,,,
2002-07-25,,,,,,,,,,,,,2.28,4.43,5.54,2.15,,,3.35,,,39.27,,,,
2002-07-26,,,,,,,,,,,,,2.2,4.43,5.52,2.23,,,3.34,-0.437,,35.51,,,,
2002-07-27,,,,,,,,,,,390000.0,,,,,,,,,,,,,,,
2002-07-29,,,,,,,,,,,,,2.41,4.62,5.62,2.21,,,3.25,,,31.33,,,,
2002-07-30,,,,,,,,,,,,,2.44,4.65,5.59,2.21,,,3.21,,,31.92,,,,
2002-07-31,,,,,,,,,,,,,2.23,4.51,5.51,2.28,,,3.25,,,32.03,,,,
2002-08-01,,,90.5762,285884.0,180.5,191.1,76.543,77.845,5.7,130581.0,,66.6,2.15,4.47,5.51,2.32,1.74,,3.27,,87.6,36.95,1633.0,123.832,5638.5,
2002-08-02,,,,,,,,,,,,,1.99,4.33,5.44,2.34,,,3.34,-0.422,,41.29,,,,
2002-08-03,,,,,,,,,,,388000.0,,,,,,,,,,,,,,,
2002-08-05,,,,,,,,,,,,,1.93,4.29,5.41,2.36,,,3.36,,,45.08,,,,
2002-08-06,,,,,,,,,,,,,2.11,4.42,5.45,2.31,,,3.3,,,42.03,,,,
2002-08-07,,,,,,,,,,,,,1.98,4.35,5.44,2.37,,,3.35,,,38.73,,,,
2002-08-08,,,,,,,,,,,,,2.1,4.4,5.44,2.3,,,3.33,,,36.33,,,,
2002-08-09,,,,,,,,,,,,,2.1,4.27,5.35,2.17,,,3.36,-0.411,,35.33,,,,
2002-08-10,,,,,,,,,,,389000.0,,,,,,,,,,,,,,,
2002-08-12,,,,,,,,,,,,,2.1,4.22,5.29,2.12,,,3.33,,,37.05,,,,
2002-08-13,,,,,,,,,,,,,2.0,4.12,5.22,2.12,,,3.39,,,35.82,,,,
2002-08-14,,,,,,,,,,,,,2.12,4.06,5.08,1.94,,,3.37,,,32.36,,,,
2002-08-15,,,,,,,,,,,,,2.22,4.17,5.17,1.95,,,3.35,,,29.43,,,,
2002-08-16,,,,,,,,,,,,,2.28,4.32,5.24,2.04,,,3.32,-0.403,,28.81,,,,
2002-08-17,,,,,,,,,,,399000.0,,,,,,,,,,,,,,,
2002-08-19,,,,,,,,,,,,,2.25,4.29,5.21,2.04,,,3.32,,,28.61,,,,
2002-08-20,,,,,,,,,,,,,2.12,4.17,5.14,2.05,,,3.36,,,29.59,,,,
2002-08-21,,,,,,,,,,,,,2.12,4.2,5.19,2.08,,,3.32,,,28.23,,,,
2002-08-22,,,,,,,,,,,,,2.22,4.3,5.27,2.08,,,3.28,,,27.75,,,,
2002-08-23,,,,,,,,,,,,,2.19,4.25,5.25,2.06,,,3.27,-0.395,,29.32,,,,
2002-08-24,,,,,,,,,,,398000.0,,,,,,,,,,,,,,,
2002-08-26,,,,,,,,,,,,,2.19,4.22,5.22,2.03,,,3.29,,,29.89,,,,
2002-08-27,,,,,,,,,,,,,2.26,4.29,5.25,2.03,,,3.28,,,30.11,,,,
2002-08-28,,,,,,,,,,,,,2.23,4.22,5.21,1.99,,,3.3,,,33.32,,,,
2002-08-29,,,,,,,,,,,,,2.14,4.16,5.18,2.02,,,3.33,,,33.67,,,,
2002-08-30,,,,,,,,,,,,,2.14,4.14,5.11,2.0,,,3.32,-0.387,,32.64,,,,
2002-08-31,,,,,,,,,,,394000.0,,,,,,,,,,,,,,,
2002-09-01,,,90.6531,281064.0,180.8,191.3,76.681,77.972,5.7,130502.0,,66.7,,,,,1.75,,,,86.1,,1804.0,124.781,5662.9,
2002-09-02,,,,,,,,,,,,,,,,,,,,,,,,,,
2002-09-03,,,,,,,,,,,,,2.01,3.98,5.02,1.97,,,3.39,,,39.97,,,,
2002-09-04,,,,,,,,,,,,,2.02,3.96,4.98,1.94,,,3.4,,,37.44,,,,
2002-09-05,,,,,,,,,,,,,1.95,3.91,4.98,1.96,,,3.47,,,38.86,,,,
2002-09-06,,,,,,,,,,,,,2.08,4.05,5.07,1.97,,,3.42,-0.376,,36.33,,,,
2002-09-07,,,,,,,,,,,416000.0,,,,,,,,,,,,,,,
2002-09-09,,,,,,,,,,,,,2.13,4.05,5.04,1.92,,,3.41,,,36.45,,,,
2002-09-10,,,,,,,,,,,,,2.12,4.0,5.03,1.88,,,3.43,,,35.08,,,,
2002-09-11,,,,,,,,,,,,,2.18,4.07,5.08,1.89,,,3.42,,,34.81,,,,
2002-09-12,,,,,,,,,,,,,2.12,3.98,5.03,1.86,,,3.45,,,37.5,,,,
2002-09-13,,,,,,,,,,,,,2.07,3.92,4.97,1.85,,,3.44,-0.366,,35.82,,,,
2002-09-14,,,,,,,,,,,412000.0,,,,,,,,,,,,,,,
2002-09-16,,,,,,,,,,,,,2.07,3.9,4.95,1.83,,,3.47,,,36.74,,,,
2002-09-17,,,,,,,,,,,,,2.06,3.87,4.96,1.81,,,3.51,,,38.01,,,,
2002-09-18,,,,,,,,,,,,,2.04,3.86,4.95,1.82,,,3.51,,,37.52,,,,
2002-09-19,,,,,,,,,,,,,1.93,3.79,4.9,1.86,,,3.55,,,40.65,,,,
2002-09-20,,,,,,,,,,,,,1.94,3.79,4.95,1.85,,,3.59,-0.356,,38.98,,,,
2002-09-21,,,,,,,,,,,401000.0,,,,,,,,,,,,,,,
2002-09-23,,,,,,,,,,,,,1.93,3.7,4.88,1.77,,,3.63,,,39.68,,,,
2002-09-24,,,,,,,,,,,,,1.93,3.69,4.84,1.76,,,3.65,,,40.52,,,,
2002-09-25,,,,,,,,,,,,,2.0,3.77,4.91,1.77,,,3.67,,,37.33,,,,
2002-09-26,,,,,,,,,,,,,1.97,3.79,4.93,1.82,,,3.64,,,34.6,,,,
2002-09-27,,,,,,,,,,,,,1.82,3.69,4.91,1.87,,,3.71,-0.351,,36.97,,,,
2002-09-28,,,,,,,,,,,409000.0,,,,,,,,,,,,,,,
2002-09-30,,,,,,,,,,,,,1.72,3.63,4.88,1.91,,,3.76,,,39.69,,,,
2002-10-01,11061.433,14537.58,90.4643,282940.0,181.2,191.5,76.821,78.038,5.7,130617.0,,66.6,1.8,3.72,5.01,1.92,1.75,,3.74,,80.6,34.12,1648.0,125.736,5707.3,
2002-10-02,,,,,,,,,,,,,1.75,3.71,4.98,1.96,,,3.73,,,36.83,,,,
2002-10-03,,,,,,,,,,,,,1.75,3.7,4.99,1.95,,,3.76,,,37.31,,,,
2002-10-04,,,,,,,,,,,,,1.78,3.69,5.0,1.91,,,3.78,-0.35,,39.46,,,,
2002-10-05,,,,,,,,,,,404000.0,,,,,,,,,,,,,,,
2002-10-07,,,,,,,,,,,,,1.77,3.64,4.98,1.87,,,3.86,,,42.64,,,,
2002-10-08,,,,,,,,,,,,,1.8,3.65,4.99,1.85,,,3.89,,,41.02,,,,
2002-10-09,,,,,,,,,,,,,1.72,3.61,4.95,1.89,,,3.9,,,42.13,,,,
2002-10-10,,,,,,,,,,,,,1.75,3.68,4.98,1.93,,,3.9,,,37.55,,,,
2002-10-11,,,,,,,,,,,,,1.85,3.83,5.06,1.98,,,3.88,-0.356,,35.7,,,,
2002-10-12,,,,,,,,,,,405000.0,,,,,,,,,,,,,,,
2002-10-14,,,,,,,,,,,,,,,,,,,,,,36.04,,,,
2002-10-15,,,,,,,,,,,,,2.08,4.07,5.22,1.99,,,3.74,,,34.02,,,,
2002-10-16,,,,,,,,,,,,,2.02,4.06,5.23,2.04,,,3.77,,,36.0,,,,
2002-10-17,,,,,,,,,,,,,2.1,4.16,5.31,2.06,,,3.73,,,34.1,,,,
2002-10-18,,,,,,,,,,,,,2.09,4.14,5.32,2.05,,,3.76,-0.368,,33.53,,,,
2002-10-19,,,,,,,,,,,412000.0,,,,,,,,,,,,,,,
2002-10-21,,,,,,,,,,,,,2.23,4.24,5.36,2.01,,,3.7,,,33.11,,,,
2002-10-22,,,,,,,,,,,,,2.21,4.27,5.36,2.06,,,3.71,,,34.09,,,,
2002-10-23,,,,,,,,,,,,,2.2,4.26,5.39,2.06,,,3.73,,,33.2,,,,
2002-10-24,,,,,,,,,,,,,2.09,4.16,5.35,2.07,,,3.77,,,34.03,,,,
2002-10-25,,,,,,,,,,,,,1.98,4.12,5.31,2.14,,,3.78,-0.383,,30.0,,,,
2002-10-26,,,,,,,,,,,409000.0,,,,,,,,,,,,,,,
2002-10-28,,,,,,,,,,,,,1.88,4.1,5.35,2.22,,,3.81,,,31.07,,,,
2002-10-29,,,,,,,,,,,,,1.79,3.97,5.28,2.18,,,3.85,,,32.27,,,,
2002-10-30,,,,,,,,,,,,,1.74,3.99,5.3,2.25,,,3.83,,,31.23,,,,
2002-10-31,,,,,,,,,,,,,1.68,3.93,5.28,2.25,,,3.82,,,31.14,,,,
2002-11-01,,,90.9711,283408.0,181.5,191.9,76.897,78.114,5.9,130616.0,,66.4,1.76,4.01,5.3,2.25,1.34,,3.76,-0.401,84.2,29.3,1753.0,126.671,5758.0,
2002-11-02,,,,,,,,,,,405000.0,,,,,,,,,,,,,,,
2002-11-04,,,,,,,,,,,,,1.79,4.07,5.31,2.28,,,3.72,,,30.82,,,,
2002-11-05,,,,,,,,,,,,,1.82,4.1,5.33,2.28,,,3.72,,,31.23,,,,
2002-11-06,,,,,,,,,,,,,1.87,4.09,5.35,2.22,,,3.72,,,30.73,,,,
2002-11-07,,,,,,,,,,,,,1.86,3.88,5.17,2.02,,,3.73,,,31.42,,,,
2002-11-08,,,,,,,,,,,,,1.87,3.85,5.05,1.98,,,3.66,-0.419,,29.41,,,,
2002-11-09,,,,,,,,,,,400000.0,,,,,,,,,,,,,,,
2002-11-11,,,,,,,,,,,,,,,,,,,,,,31.3,,,,
2002-11-12,,,,,,,,,,,,,1.79,3.84,5.05,2.05,,,3.68,,,30.58,,,,
2002-11-13,,,,,,,,,,,,,1.76,3.84,5.01,2.08,,,3.67,,,31.24,,,,
2002-11-14,,,,,,,,,,,,,1.89,4.03,5.16,2.14,,,3.58,,,28.67,,,,
2002-11-15,,,,,,,,,,,,,1.91,4.05,5.12,2.14,,,3.54,-0.434,,26.65,,,,
2002-11-16,,,,,,,,,,,389000.0,,,,,,,,,,,,,,,
2002-11-18,,,,,,,,,,,,,1.91,4.02,5.1,2.11,,,3.52,,,27.66,,,,
2002-11-19,,,,,,,,,,,,,1.91,3.99,5.06,2.08,,,3.5,,,27.41,,,,
2002-11-20,,,,,,,,,,,,,1.98,4.08,5.14,2.1,,,3.48,,,25.32,,,,
2002-11-21,,,,,,,,,,,,,2.05,4.14,5.2,2.09,,,3.46,,,23.81,,,,
2002-11-22,,,,,,,,,,,,,2.1,4.18,5.22,2.08,,,3.43,-0.445,,23.16,,,,
2002-11-23,,,,,,,,,,,390000.0,,,,,,,,,,,,,,,
2002-11-25,,,,,,,,,,,,,2.09,4.19,5.23,2.1,,,3.42,,,24.07,,,,
2002-11-26,,,,,,,,,,,,,1.97,4.08,5.15,2.11,,,3.45,,,25.97,,,,
2002-11-27,,,,,,,,,,,,,2.13,4.26,5.28,2.13,,,3.39,,,27.25,,,,
2002-11-28,,,,,,,,,,,,,,,,,,,,,,,,,,
2002-11-29,,,,,,,,,,,,,2.08,4.22,5.23,2.14,,,3.38,-0.451,,27.5,,,,
2002-11-30,,,,,,,,,,,377000.0,,,,,,,,,,,,,,,
2002-12-01,,,90.4652,286646.0,181.8,192.1,76.971,78.187,6.0,130465.0,,66.3,,,,,1.24,,,,86.7,,1788.0,127.625,5779.0,
2002-12-02,,,,,,,,,,,,,2.07,4.22,5.22,2.15,,,3.37,,,27.46,,,,
2002-12-03,,,,,,,,,,,,,2.08,4.24,5.23,2.16,,,3.35,,,28.33,,,,
2002-12-04,,,,,,,,,,,,,2.02,4.18,5.19,2.16,,,3.38,,,28.92,,,,
2002-12-05,,,,,,,,,,,,,1.97,4.13,5.16,2.16,,,3.38,,,30.1,,,,
2002-12-06,,,,,,,,,,,,,1.89,4.09,5.15,2.2,,,3.42,-0.454,,28.88,,,,
2002-12-07,,,,,,,,,,,425000.0,,,,,,,,,,,,,,,
2002-12-09,,,,,,,,,,,,,1.88,4.06,5.12,2.18,,,3.42,,,30.78,,,,
2002-12-10,,,,,,,,,,,,,1.9,4.06,5.09,2.16,,,3.4,,,28.76,,,,
2002-12-11,,,,,,,,,,,,,1.85,4.01,5.04,2.16,,,3.4,,,27.76,,,,
2002-12-12,,,,,,,,,,,,,1.85,4.01,5.07,2.16,,,3.42,,,27.29,,,,
2002-12-13,,,,,,,,,,,,,1.87,4.07,5.15,2.2,,,3.42,-0.458,,28.18,,,,
2002-12-14,,,,,,,,,,,429000.0,,,,,,,,,,,,,,,
2002-12-16,,,,,,,,,,,,,1.94,4.15,5.21,2.21,,,3.37,,,26.24,,,,
2002-12-17,,,,,,,,,,,,,1.89,4.13,5.24,2.24,,,3.37,,,26.66,,,,
2002-12-18,,,,,,,,,,,,,1.81,4.06,5.2,2.25,,,3.4,,,28.29,,,,
2002-12-19,,,,,,,,,,,,,1.74,3.96,5.15,2.22,,,3.44,,,30.21,,,,
2002-12-20,,,,,,,,,,,,,1.76,3.97,5.12,2.21,,,3.42,-0.462,,26.71,,,,
2002-12-21,,,,,,,,,,,394000.0,,,,,,,,,,,,,,,
2002-12-23,,,,,,,,,,,,,1.79,3.98,5.13,2.19,,,3.44,,,26.2,,,,
2002-12-24,,,,,,,,,,,,,1.73,3.95,5.11,2.22,,,3.44,,,26.49,,,,
2002-12-25,,,,,,,,,,,,,,,,,,,,,,,,,,
2002-12-26,,,,,,,,,,,,,1.7,3.93,5.11,2.23,,,3.45,,,27.37,,,,
2002-12-27,,,,,,,,,,,,,1.6,3.83,5.06,2.23,,,3.49,-0.469,,29.55,,,,
2002-12-28,,,,,,,,,,,409000.0,,,,,,,,,,,,,,,
2002-12-30,,,,,,,,,,,,,1.61,3.82,5.02,2.21,,,3.48,,,29.62,,,,
2002-12-31,,,,,,,,,,,,,1.61,3.83,5.03,2.22,,,3.48,,,28.62,,,,
2003-01-01,11174.129,14614.141,91.2361,288657.0,182.6,192.4,77.201,78.24,5.8,130573.0,,66.4,,,,,1.24,,,,82.4,,1853.0,128.462,5811.1,
2003-01-02,,,,,,,,,,,,,1.8,4.07,5.18,2.27,,,3.37,,,25.39,,,,
2003-01-03,,,,,,,,,,,,,1.79,4.05,5.18,2.26,,,3.39,-0.48,,24.68,,,,
2003-01-04,,,,,,,,,,,393000.0,,,,,,,,,,,,,,,
2003-01-06,,,,,,,,,,,,,1.84,4.09,5.2,2.25,,,3.38,,,24.91,,,,
2003-01-07,,,,,,,,,,,,,1.77,4.04,5.18,2.27,,,3.39,,,25.13,,,,
2003-01-08,,,,,,,,,,,,,1.71,4.0,5.13,2.29,,,3.35,,,25.53,,,,
2003-01-09,,,,,,,,,,,,,1.87,4.19,5.27,2.32,,,3.29,,,24.25,,,,
2003-01-10,,,,,,,,,,,,,1.79,4.16,5.24,2.37,,,3.31,-0.493,,24.32,,,,
2003-01-11,,,,,,,,,,,378000.0,,,,,,,,,,,,,,,
2003-01-13,,,,,,,,,,,,,1.81,4.15,5.23,2.34,,,3.29,,,24.9,,,,
2003-01-14,,,,,,,,,,,,,1.76,4.1,5.19,2.34,,,3.31,,,24.57,,,,
2003-01-15,,,,,,,,,,,,,1.75,4.1,5.17,2.35,,,3.29,,,25.51,,,,
2003-01-16,,,,,,,,,,,,,1.75,4.1,5.16,2.35,,,3.29,,,25.01,,,,
2003-01-17,,,,,,,,,,,,,1.7,4.05,5.13,2.35,,,3.29,-0.505,,25.7,,,,
2003-01-18,,,,,,,,,,,402000.0,,,,,,,,,,,,,,,
2003-01-20,,,,,,,,,,,,,,,,,,,,,,,,,,
2003-01-21,,,,,,,,,,,,,1.67,4.01,5.11,2.34,,,3.31,,,27.59,,,,
2003-01-22,,,,,,,,,,,,,1.66,3.95,5.07,2.29,,,3.33,,,29.01,,,,
2003-01-23,,,,,,,,,,,,,1.69,3.98,5.08,2.29,,,3.33,,,27.53,,,,
2003-01-24,,,,,,,,,,,,,1.66,3.94,5.05,2.28,,,3.33,-0.515,,31.51,,,,
2003-01-25,,,,,,,,,,,407000.0,,,,,,,,,,,,,,,
2003-01-27,,,,,,,,,,,,,1.7,3.98,5.06,2.28,,,3.27,,,34.69,,,,
2003-01-28,,,,,,,,,,,,,1.7,4.0,5.06,2.3,,,3.23,,,31.93,,,,
2003-01-29,,,,,,,,,,,,,1.77,4.06,5.11,2.29,,,3.18,,,31.26,,,,
2003-01-30,,,,,,,,,,,,,1.7,4.0,5.06,2.3,,,3.19,,,31.32,,,,
2003-01-31,,,,,,,,,,,,,1.72,4.0,5.03,2.28,,,3.16,-0.522,,31.17,,,,
2003-02-01,,,91.3445,284696.0,183.6,192.5,77.526,78.348,5.9,130441.0,413000.0,66.4,,,,,1.26,,,,79.9,,1629.0,129.356,5846.8,
2003-02-03,,,,,,,,,,,,,1.72,4.01,5.01,2.29,,,3.14,,,31.02,,,,
2003-02-04,,,,,,,,,,,,,1.68,3.96,4.99,2.28,,,3.12,,,32.76,,,,
2003-02-05,,,,,,,,,,,,,1.73,4.02,5.02,2.29,,,3.11,,,33.04,,,,
2003-02-06,,,,,,,,,,,,,1.68,3.97,4.99,2.29,,,3.12,,,33.35,,,,
2003-02-07,,,,,,,,,,,,,1.63,3.96,4.98,2.33,,,3.11,-0.526,,34.01,,,,
2003-02-08,,,,,,,,,,,390000.0,,,,,,,,,,,,,,,
2003-02-10,,,,,,,,,,,,,1.68,3.99,5.04,2.31,,,3.11,,,33.99,,,,
2003-02-11,,,,,,,,,,,,,1.65,3.98,5.06,2.33,,,3.13,,,33.68,,,,
2003-02-12,,,,,,,,,,,,,1.62,3.93,5.08,2.31,,,3.16,,,34.33,,,,
2003-02-13,,,,,,,,,,,,,1.57,3.89,5.04,2.32,,,3.17,,,33.7,,,,
2003-02-14,,,,,,,,,,,,,1.62,3.95,5.09,2.33,,,3.16,-0.528,,32.62,,,,
2003-02-15,,,,,,,,,,,420000.0,,,,,,,,,,,,,,,
2003-02-17,,,,,,,,,,,,,,,,,,,,,,,,,,
2003-02-18,,,,,,,,,,,,,1.66,3.94,5.1,2.28,,,3.16,,,31.11,,,,
2003-02-19,,,,,,,,,,,,,1.61,3.88,5.04,2.27,,,3.16,,,31.31,,,,
2003-02-20,,,,,,,,,,,,,1.59,3.85,5.04,2.26,,,3.18,,,31.16,,,,
2003-02-21,,,,,,,,,,,,,1.63,3.9,5.08,2.27,,,3.16,-0.531,,30.25,,,,
2003-02-22,,,,,,,,,,,421000.0,,,,,,,,,,,,,,,
2003-02-24,,,,,,,,,,,,,1.6,3.86,5.05,2.26,,,3.17,,,31.98,,,,
2003-02-25,,,,,,,,,,,,,1.58,3.81,5.01,2.23,,,3.18,,,31.74,,,,
2003-02-26,,,,,,,,,,,,,1.57,3.78,4.97,2.21,,,3.18,,,31.94,,,,
2003-02-27,,,,,,,,,,,,,1.58,3.76,4.98,2.18,,,3.2,,,30.53,,,,
2003-02-28,,,,,,,,,,,,,1.53,3.71,4.9,2.18,,,3.21,-0.535,,29.63,,,,
2003-03-01,,,91.1044,288177.0,183.9,192.5,77.725,78.474,5.9,130235.0,436000.0,66.3,,,,,1.25,,,,77.6,,1726.0,130.148,5866.3,
2003-03-03,,,,,,,,,,,,,1.52,3.68,4.92,2.16,,,3.23,,,30.43,,,,
2003-03-04,,,,,,,,,,,,,1.49,3.65,4.91,2.16,,,3.25,,,31.83,,,,
2003-03-05,,,,,,,,,,,,,1.46,3.63,4.9,2.17,,,3.25,,,30.38,,,,
2003-03-06,,,,,,,,,,,,,1.47,3.67,4.93,2.2,,,3.24,,,31.37,,,,
2003-03-07,,,,,,,,,,,,,1.39,3.63,4.9,2.24,,,3.26,-0.542,,31.08,,,,
2003-03-08,,,,,,,,,,,424000.0,,,,,,,,,,,,,,,
2003-03-10,,,,,,,,,,,,,1.35,3.59,4.9,2.24,,,3.29,,,33.31,,,,
2003-03-11,,,,,,,,,,,,,1.38,3.6,4.9,2.22,,,3.28,,,33.61,,,,
2003-03-12,,,,,,,,,,,,,1.45,3.6,4.85,2.15,,,3.26,,,33.51,,,,
2003-03-13,,,,,,,,,,,,,1.59,3.74,4.95,2.15,,,3.21,,,31.76,,,,
2003-03-14,,,,,,,,,,,,,1.56,3.72,4.93,2.16,,,3.22,-0.552,,30.98,,,,
2003-03-15,,,,,,,,,,,430000.0,,,,,,,,,,,,,,,
2003-03-17,,,,,,,,,,,,,1.63,3.82,5.0,2.19,,,3.17,,,31.75,,,,
2003-03-18,,,,,,,,,,,,,1.72,3.91,5.07,2.19,,,3.11,,,30.43,,,,
2003-03-19,,,,,,,,,,,,,1.72,3.98,5.14,2.26,,,3.04,,,31.54,,,,
2003-03-20,,,,,,,,,,,,,1.75,4.01,5.17,2.26,,,3.05,,,30.44,,,,
2003-03-21,,,,,,,,,,,,,1.8,4.11,5.23,2.31,,,2.99,-0.566,,28.67,,,,
2003-03-22,,,,,,,,,,,411000.0,,,,,,,,,,,,,,,
2003-03-24,,,,,,,,,,,,,1.71,3.98,5.15,2.27,,,3.03,,,30.39,,,,
2003-03-25,,,,,,,,,,,,,1.69,3.97,5.15,2.28,,,3.04,,,28.75,,,,
2003-03-26,,,,,,,,,,,,,1.68,3.96,5.17,2.28,,,3.01,,,28.23,,,,
2003-03-27,,,,,,,,,,,,,1.62,3.95,5.17,2.33,,,3.0,,,27.96,,,,
2003-03-28,,,,,,,,,,,,,1.56,3.92,5.16,2.36,,,3.01,-0.586,,27.75,,,,
2003-03-29,,,,,,,,,,,436000.0,,,,,,,,,,,,,,,
2003-03-31,,,,,,,,,,,,,1.51,3.83,5.07,2.32,,,3.04,,,29.15,,,,
2003-04-01,11312.766,14743.567,90.5617,289053.0,183.2,192.5,77.593,78.561,6.0,130173.0,,66.4,1.5,3.84,5.06,2.34,1.26,,3.02,,86.0,28.36,1643.0,130.884,5904.9,
2003-04-02,,,,,,,,,,,,,1.6,3.94,5.15,2.34,,,2.98,,,28.02,,,,
2003-04-03,,,,,,,,,,,,,1.55,3.93,5.16,2.38,,,3.01,,,28.21,,,,
2003-04-04,,,,,,,,,,,,,1.55,3.96,5.2,2.41,,,2.99,-0.609,,29.13,,,,
2003-04-05,,,,,,,,,,,417000.0,,,,,,,,,,,,,,,
2003-04-07,,,,,,,,,,,,,1.65,4.03,5.24,2.38,,,2.95,,,28.45,,,,
2003-04-08,,,,,,,,,,,,,1.59,3.95,5.16,2.36,,,2.97,,,27.13,,,,
2003-04-09,,,,,,,,,,,,,1.55,3.93,5.15,2.38,,,2.97,,,27.11,,,,
2003-04-10,,,,,,,,,,,,,1.6,3.95,5.17,2.35,,,2.96,,,25.6,,,,
2003-04-11,,,,,,,,,,,,,1.65,4.0,5.19,2.35,,,2.93,-0.635,,24.44,,,,
2003-04-12,,,,,,,,,,,434000.0,,,,,,,,,,,,,,,
2003-04-14,,,,,,,,,,,,,1.74,4.04,5.2,2.3,,,2.92,,,23.41,,,,
2003-04-15,,,,,,,,,,,,,1.69,3.98,5.19,2.29,,,2.92,,,22.56,,,,
2003-04-16,,,,,,,,,,,,,1.67,3.96,5.13,2.29,,,2.9,,,22.52,,,,
2003-04-17,,,,,,,,,,,,,1.71,3.98,5.12,2.27,,,2.86,,,21.5,,,,
2003-04-18,,,,,,,,,,,,,,,,,,,,-0.659,,,,,,
2003-04-19,,,,,,,,,,,450000.0,,,,,,,,,,,,,,,
2003-04-21,,,,,,,,,,,,,1.71,4.0,5.13,2.29,,,2.84,,,21.95,,,,
2003-04-22,,,,,,,,,,,,,1.7,4.01,5.12,2.31,,,2.83,,,20.7,,,,
2003-04-23,,,,,,,,,,,,,1.7,4.02,5.1,2.32,,,2.79,,,20.8,,,,
2003-04-24,,,,,,,,,,,,,1.62,3.93,5.05,2.31,,,2.8,,,20.33,,,,
2003-04-25,,,,,,,,,,,,,1.57,3.91,5.04,2.34,,,2.82,-0.68,,20.8,,,,
2003-04-26,,,,,,,,,,,444000.0,,,,,,,,,,,,,,,
2003-04-28,,,,,,,,,,,,,1.59,3.92,5.04,2.33,,,2.79,,,20.84,,,,
2003-04-29,,,,,,,,,,,,,1.62,3.96,5.07,2.34,,,2.77,,,20.76,,,,
2003-04-30,,,,,,,,,,,,,1.51,3.89,5.0,2.38,,,2.76,,,21.21,,,,
2003-05-01,,,90.537,289619.0,182.9,192.9,77.504,78.674,6.1,130197.0,,66.4,1.5,3.88,5.01,2.38,1.26,,2.77,,92.1,21.59,1751.0,131.735,5967.0,
2003-05-02,,,,,,,,,,,,,1.56,3.94,5.05,2.38,,,2.73,-0.697,,20.63,,,,
2003-05-03,,,,,,,,,,,428000.0,,,,,,,,,,,,,,,
2003-05-05,,,,,,,,,,,,,1.55,3.92,5.03,2.37,,,2.71,,,21.13,,,,
2003-05-06,,,,,,,,,,,,,1.45,3.84,5.02,2.39,,,2.74,,,20.8,,,,
2003-05-07,,,,,,,,,,,,,1.45,3.72,4.96,2.27,,,2.78,,,21.0,,,,
2003-05-08,,,,,,,,,,,,,1.49,3.7,4.96,2.21,,,2.67,,,21.24,,,,
2003-05-09,,,,,,,,,,,,,1.45,3.69,4.95,2.24,,,2.81,-0.706,,19.69,,,,
2003-05-10,,,,,,,,,,,417000.0,,,,,,,,,,,,,,,
2003-05-12,,,,,,,,,,,,,1.46,3.64,4.91,2.18,,,2.83,,,19.52,,,,
2003-05-13,,,,,,,,,,,,,1.47,3.63,4.92,2.16,,,2.83,,,19.91,,,,
2003-05-14,,,,,,,,,,,,,1.41,3.53,4.76,2.12,,,2.83,,,20.0,,,,
2003-05-15,,,,,,,,,,,,,1.46,3.53,4.69,2.07,,,2.83,,,19.24,,,,
2003-05-16,,,,,,,,,,,,,1.38,3.46,4.67,2.08,,,2.84,-0.711,,18.4,,,,
2003-05-17,,,,,,,,,,,425000.0,,,,,,,,,,,,,,,
2003-05-19,,,,,,,,,,,,,1.35,3.46,4.67,2.11,,,2.86,,,20.51,,,,
2003-05-20,,,,,,,,,,,,,1.31,3.38,4.59,2.07,,,2.86,,,21.29,,,,
2003-05-21,,,,,,,,,,,,,1.38,3.39,4.54,2.01,,,2.86,,,21.21,,,,
2003-05-22,,,,,,,,,,,,,1.36,3.34,4.5,1.98,,,2.85,,,19.78,,,,
2003-05-23,,,,,,,,,,,,,1.38,3.34,4.44,1.96,,,2.81,-0.711,,19.17,,,,
2003-05-24,,,,,,,,,,,419000.0,,,,,,,,,,,,,,,
2003-05-26,,,,,,,,,,,,,,,,,,,,,,,,,,
2003-05-27,,,,,,,,,,,,,1.33,3.41,4.57,2.08,,,2.83,,,19.99,,,,
2003-05-28,,,,,,,,,,,,,1.35,3.44,4.63,2.09,,,2.83,,,20.03,,,,
2003-05-29,,,,,,,,,,,,,1.3,3.34,4.56,2.04,,,2.87,,,20.43,,,,
2003-05-30,,,,,,,,,,,,,1.33,3.37,4.59,2.04,,,2.85,-0.71,,19.47,,,,
2003-05-31,,,,,,,,,,,431000.0,,,,,,,,,,,,,,,
2003-06-01,,,90.6527,293671.0,183.1,193.0,77.588,78.718,6.3,130186.0,,66.5,,,,,1.22,,,,89.7,,1867.0,132.649,6003.9,
2003-06-02,,,,,,,,,,,,,1.33,3.43,4.64,2.1,,,2.85,,,20.85,,,,
2003-06-03,,,,,,,,,,,,,1.2,3.34,4.59,2.14,,,2.88,,,20.84,,,,
2003-06-04,,,,,,,,,,,,,1.2,3.3,4.58,2.1,,,2.87,,,20.62,,,,
2003-06-05,,,,,,,,,,,,,1.25,3.34,4.63,2.09,,,2.87,,,20.83,,,,
2003-06-06,,,,,,,,,,,,,1.27,3.37,4.66,2.1,,,2.83,-0.708,,21.25,,,,
2003-06-07,,,,,,,,,,,429000.0,,,,,,,,,,,,,,,
2003-06-09,,,,,,,,,,,,,1.19,3.29,4.6,2.1,,,2.87,,,22.15,,,,
2003-06-10,,,,,,,,,,,,,1.13,3.2,4.51,2.07,,,2.89,,,20.64,,,,
2003-06-11,,,,,,,,,,,,,1.16,3.21,4.49,2.05,,,2.87,,,20.21,,,,
2003-06-12,,,,,,,,,,,,,1.13,3.18,4.47,2.05,,,2.88,,,20.41,,,,
2003-06-13,,,,,,,,,,,,,1.1,3.13,4.42,2.03,,,2.88,-0.707,,20.66,,,,
2003-06-14,,,,,,,,,,,421000.0,,,,,,,,,,,,,,,
2003-06-16,,,,,,,,,,,,,1.18,3.18,4.47,2.0,,,2.87,,,20.22,,,,
2003-06-17,,,,,,,,,,,,,1.25,3.27,4.55,2.02,,,2.85,,,20.01,,,,
2003-06-18,,,,,,,,,,,,,1.27,3.37,4.64,2.1,,,2.83,,,19.76,,,,
2003-06-19,,,,,,,,,,,,,1.17,3.35,4.66,2.18,,,2.87,,,19.8,,,,
2003-06-20,,,,,,,,,,,,,1.22,3.4,4.7,2.18,,,2.86,-0.708,,19.14,,,,
2003-06-21,,,,,,,,,,,408000.0,,,,,,,,,,,,,,,
2003-06-23,,,,,,,,,,,,,1.17,3.32,4.64,2.15,,,2.88,,,20.58,,,,
2003-06-24,,,,,,,,,,,,,1.14,3.29,4.6,2.15,,,2.87,,,20.75,,,,
2003-06-25,,,,,,,,,,,,,1.3,3.38,4.69,2.08,,,2.85,,,20.81,,,,
2003-06-26,,,,,,,,,,,,,1.41,3.55,4.81,2.14,,,2.8,,,19.4,,,,
2003-06-27,,,,,,,,,,,,,1.38,3.58,4.83,2.2,,,2.8,-0.711,,19.16,,,,
2003-06-28,,,,,,,,,,,429000.0,,,,,,,,,,,,,,,
2003-06-30,,,,,,,,,,,,,1.32,3.54,4.81,2.22,,,2.81,,,19.52,,,,
2003-07-01,11566.669,14988.782,91.1185,296207.0,183.7,193.4,77.816,78.915,6.2,130184.0,,66.2,1.3,3.56,4.86,2.26,1.01,,2.81,,90.9,19.46,1897.0,133.776,6050.4,
2003-07-02,,,,,,,,,,,,,1.3,3.56,4.83,2.26,,,2.75,,,19.03,,,,
2003-07-03,,,,,,,,,,,,,1.32,3.67,4.93,2.35,,,2.72,,,19.39,,,,
2003-07-04,,,,,,,,,,,,,,,,,,,,-0.714,,,,,,
2003-07-05,,,,,,,,,,,433000.0,,,,,,,,,,,,,,,
2003-07-07,,,,,,,,,,,,,1.36,3.74,4.98,2.38,,,2.7,,,20.06,,,,
2003-07-08,,,,,,,,,,,,,1.39,3.75,4.95,2.36,,,2.68,,,19.48,,,,
2003-07-09,,,,,,,,,,,,,1.37,3.73,4.93,2.36,,,2.68,,,18.93,,,,
2003-07-10,,,,,,,,,,,,,1.33,3.7,4.94,2.37,,,2.71,,,19.19,,,,
2003-07-11,,,,,,,,,,,,,1.29,3.66,4.94,2.37,,,2.73,-0.715,,18.47,,,,
2003-07-12,,,,,,,,,,,412000.0,,,,,,,,,,,,,,,
2003-07-14,,,,,,,,,,,,,1.35,3.74,4.98,2.39,,,2.72,,,19.59,,,,
2003-07-15,,,,,,,,,,,,,1.45,3.94,5.12,2.49,,,2.66,,,19.55,,,,
2003-07-16,,,,,,,,,,,,,1.49,3.97,5.1,2.48,,,2.62,,,19.76,,,,
2003-07-17,,,,,,,,,,,,,1.47,3.98,5.08,2.51,,,2.61,,,20.22,,,,
2003-07-18,,,,,,,,,,,,,1.51,4.0,5.09,2.49,,,2.61,-0.714,,19.11,,,,
2003-07-19,,,,,,,,,,,403000.0,,,,,,,,,,,,,,,
2003-07-21,,,,,,,,,,,,,1.61,4.19,5.25,2.58,,,2.57,,,19.78,,,,
2003-07-22,,,,,,,,,,,,,1.57,4.17,5.23,2.6,,,2.56,,,19.17,,,,
2003-07-23,,,,,,,,,,,,,1.54,4.12,5.2,2.58,,,2.59,,,18.64,,,,
2003-07-24,,,,,,,,,,,,,1.54,4.2,5.25,2.66,,,2.55,,,18.6,,,,
2003-07-25,,,,,,,,,,,,,1.52,4.22,5.31,2.7,,,2.57,-0.709,,17.75,,,,
2003-07-26,,,,,,,,,,,398000.0,,,,,,,,,,,,,,,
2003-07-28,,,,,,,,,,,,,1.61,4.31,5.39,2.7,,,2.58,,,18.36,,,,
2003-07-29,,,,,,,,,,,,,1.67,4.42,5.46,2.75,,,2.55,,,18.67,,,,
2003-07-30,,,,,,,,,,,,,1.64,4.34,5.43,2.7,,,2.55,,,18.85,,,,
2003-07-31,,,,,,,,,,,,,1.8,4.49,5.56,2.69,,,2.58,,,19.49,,,,
2003-08-01,,,90.9197,299592.0,184.5,193.6,78.079,79.004,6.1,130153.0,,66.1,1.85,4.44,5.47,2.59,1.03,,2.57,-0.699,89.3,20.75,1833.0,134.967,6107.0,
2003-08-02,,,,,,,,,,,401000.0,,,,,,,,,,,,,,,
2003-08-04,,,,,,,,,,,,,1.71,4.35,5.47,2.64,,,2.62,,,21.27,,,,
2003-08-05,,,,,,,,,,,,,1.88,4.47,5.51,2.59,,,2.62,,,22.68,,,,
2003-08-06,,,,,,,,,,,,,1.78,4.32,5.42,2.54,,,2.64,,,21.5,,,,
2003-08-07,,,,,,,,,,,,,1.74,4.3,5.4,2.56,,,2.64,,,20.26,,,,
2003-08-08,,,,,,,,,,,,,1.72,4.27,5.4,2.55,,,2.69,-0.689,,19.59,,,,
2003-08-09,,,,,,,,,,,404000.0,,,,,,,,,,,,,,,
2003-08-11,,,,,,,,,,,,,1.81,4.38,5.47,2.57,,,2.61,,,19.75,,,,
2003-08-12,,,,,,,,,,,,,1.71,4.37,5.49,2.66,,,2.63,,,17.94,,,,
2003-08-13,,,,,,,,,,,,,1.86,4.58,5.6,2.72,,,2.56,,,18.77,,,,
2003-08-14,,,,,,,,,,,,,1.86,4.55,5.57,2.69,,,2.59,,,18.47,,,,
2003-08-15,,,,,,,,,,,,,1.85,4.55,5.57,2.7,,,2.55,-0.68,,18.27,,,,
2003-08-16,,,,,,,,,,,398000.0,,,,,,,,,,,,,,,
2003-08-18,,,,,,,,,,,,,1.87,4.49,5.5,2.62,,,2.6,,,18.18,,,,
2003-08-19,,,,,,,,,,,,,1.81,4.38,5.41,2.57,,,2.61,,,17.86,,,,
2003-08-20,,,,,,,,,,,,,1.84,4.45,5.42,2.61,,,2.56,,,17.82,,,,
2003-08-21,,,,,,,,,,,,,1.98,4.53,5.43,2.55,,,2.51,,,17.84,,,,
2003-08-22,,,,,,,,,,,,,1.97,4.48,5.4,2.51,,,2.49,-0.672,,18.55,,,,
2003-08-23,,,,,,,,,,,391000.0,,,,,,,,,,,,,,,
2003-08-25,,,,,,,,,,,,,2.02,4.53,5.4,2.51,,,2.5,,,19.53,,,,
2003-08-26,,,,,,,,,,,,,1.96,4.5,5.39,2.54,,,2.49,,,19.49,,,,
2003-08-27,,,,,,,,,,,,,2.05,4.54,5.4,2.49,,,2.47,,,19.13,,,,
2003-08-28,,,,,,,,,,,,,1.93,4.42,5.34,2.49,,,2.49,,,18.48,,,,
2003-08-29,,,,,,,,,,,,,1.95,4.45,5.3,2.5,,,2.46,-0.667,,18.63,,,,
2003-08-30,,,,,,,,,,,407000.0,,,,,,,,,,,,,,,
2003-09-01,,,91.5059,298921.0,185.1,193.7,78.323,79.114,6.1,130252.0,,66.1,,,,,1.01,,,,87.7,,1939.0,136.294,6080.0,
2003-09-02,,,,,,,,,,,,,2.04,4.61,5.38,2.57,,,2.39,,,19.02,,,,
2003-09-03,,,,,,,,,,,,,2.02,4.6,5.41,2.58,,,2.4,,,19.44,,,,
2003-09-04,,,,,,,,,,,,,1.91,4.52,5.4,2.61,,,2.46,,,18.71,,,,
2003-09-05,,,,,,,,,,,,,1.72,4.35,5.32,2.63,,,2.52,-0.665,,18.17,,,,
2003-09-06,,,,,,,,,,,422000.0,,,,,,,,,,,,,,,
2003-09-08,,,,,,,,,,,,,1.75,4.41,5.36,2.66,,,2.48,,,18.26,,,,
2003-09-09,,,,,,,,,,,,,1.71,4.37,5.36,2.66,,,2.53,,,18.85,,,,
2003-09-10,,,,,,,,,,,,,1.64,4.28,5.3,2.64,,,2.55,,,20.01,,,,
2003-09-11,,,,,,,,,,,,,1.71,4.35,5.35,2.64,,,2.48,,,19.25,,,,
2003-09-12,,,,,,,,,,,,,1.66,4.27,5.33,2.61,,,2.56,-0.667,,18.68,,,,
2003-09-13,,,,,,,,,,,394000.0,,,,,,,,,,,,,,,
2003-09-15,,,,,,,,,,,,,1.63,4.28,5.35,2.65,,,2.55,,,19.28,,,,
2003-09-16,,,,,,,,,,,,,1.63,4.29,5.34,2.66,,,2.57,,,18.03,,,,
2003-09-17,,,,,,,,,,,,,1.63,4.2,5.26,2.57,,,2.56,,,18.15,,,,
2003-09-18,,,,,,,,,,,,,1.68,4.19,5.23,2.51,,,2.54,,,17.57,,,,
2003-09-19,,,,,,,,,,,,,1.7,4.17,5.2,2.47,,,2.52,-0.673,,17.54,,,,
2003-09-20,,,,,,,,,,,379000.0,,,,,,,,,,,,,,,
2003-09-22,,,,,,,,,,,,,1.7,4.26,5.28,2.56,,,2.52,,,19.65,,,,
2003-09-23,,,,,,,,,,,,,1.68,4.24,5.24,2.56,,,2.5,,,19.47,,,,
2003-09-24,,,,,,,,,,,,,1.66,4.16,5.17,2.5,,,2.5,,,21.22,,,,
2003-09-25,,,,,,,,,,,,,1.65,4.12,5.17,2.47,,,2.52,,,22.26,,,,
2003-09-26,,,,,,,,,,,,,1.6,4.04,5.11,2.44,,,2.55,-0.679,,22.23,,,,
2003-09-27,,,,,,,,,,,387000.0,,,,,,,,,,,,,,,
2003-09-29,,,,,,,,,,,,,1.61,4.09,5.16,2.48,,,2.56,,,21.67,,,,
2003-09-30,,,,,,,,,,,,,1.5,3.96,5.07,2.46,,,2.57,,,22.72,,,,
2003-10-01,11772.234,15162.76,91.6186,298205.0,184.9,194.0,78.333,79.26,6.0,130439.0,,66.1,1.47,3.96,5.05,2.49,1.01,,2.56,,89.6,21.07,1967.0,137.532,6070.2,
2003-10-02,,,,,,,,,,,,,1.48,4.03,5.1,2.55,,,2.54,,,20.8,,,,
2003-10-03,,,,,,,,,,,,,1.65,4.21,5.23,2.56,,,2.52,-0.687,,19.5,,,,
2003-10-04,,,,,,,,,,,386000.0,,,,,,,,,,,,,,,
2003-10-06,,,,,,,,,,,,,1.6,4.17,5.21,2.57,,,2.51,,,19.51,,,,
2003-10-07,,,,,,,,,,,,,1.67,4.27,5.29,2.6,,,2.49,,,19.41,,,,
2003-10-08,,,,,,,,,,,,,1.65,4.27,5.33,2.62,,,2.51,,,19.18,,,,
2003-10-09,,,,,,,,,,,,,1.69,4.32,5.35,2.63,,,2.5,,,18.82,,,,
2003-10-10,,,,,,,,,,,,,1.65,4.29,5.34,2.64,,,2.48,-0.695,,18.45,,,,
2003-10-11,,,,,,,,,,,376000.0,,,,,,,,,,,,,,,
2003-10-13,,,,,,,,,,,,,,,,,,,,,,17.55,,,,
2003-10-14,,,,,,,,,,,,,1.73,4.37,5.4,2.64,,,2.48,,,17.37,,,,
2003-10-15,,,,,,,,,,,,,1.79,4.43,5.41,2.64,,,2.44,,,17.69,,,,
2003-10-16,,,,,,,,,,,,,1.96,4.47,5.41,2.51,,,2.4,,,17.19,,,,
2003-10-17,,,,,,,,,,,,,1.9,4.41,5.37,2.51,,,2.38,-0.703,,17.62,,,,
2003-10-18,,,,,,,,,,,387000.0,,,,,,,,,,,,,,,
2003-10-20,,,,,,,,,,,,,1.88,4.41,5.35,2.53,,,2.36,,,17.04,,,,
2003-10-21,,,,,,,,,,,,,1.89,4.38,5.33,2.49,,,2.39,,,16.55,,,,
2003-10-22,,,,,,,,,,,,,1.8,4.29,5.3,2.49,,,2.43,,,17.67,,,,
2003-10-23,,,,,,,,,,,,,1.84,4.34,5.36,2.5,,,2.41,,,17.68,,,,
2003-10-24,,,,,,,,,,,,,1.76,4.24,5.27,2.48,,,2.42,-0.709,,17.71,,,,
2003-10-25,,,,,,,,,,,379000.0,,,,,,,,,,,,,,,
2003-10-27,,,,,,,,,,,,,1.83,4.3,5.3,2.47,,,2.39,,,18.05,,,,
2003-10-28,,,,,,,,,,,,,1.71,4.23,5.27,2.52,,,2.41,,,16.82,,,,
2003-10-29,,,,,,,,,,,,,1.79,4.31,5.32,2.52,,,2.39,,,16.43,,,,
2003-10-30,,,,,,,,,,,,,1.86,4.36,5.33,2.5,,,2.36,,,16.33,,,,
2003-10-31,,,,,,,,,,,,,1.85,4.33,5.28,2.48,,,2.36,-0.713,,16.1,,,,
2003-11-01,,,92.2329,299433.0,185.0,194.0,78.432,79.368,5.8,130480.0,363000.0,66.1,,,,,1.0,,,,93.7,,2083.0,138.795,6075.5,
2003-11-03,,,,,,,,,,,,,1.9,4.4,5.3,2.5,,,2.32,,,16.55,,,,
2003-11-04,,,,,,,,,,,,,1.86,4.33,5.27,2.47,,,2.36,,,16.55,,,,
2003-11-05,,,,,,,,,,,,,1.94,4.38,5.32,2.44,,,2.35,,,16.86,,,,
2003-11-06,,,,,,,,,,,,,2.01,4.45,5.37,2.44,,,2.34,,,16.74,,,,
2003-11-07,,,,,,,,,,,,,2.04,4.48,5.38,2.44,,,2.32,-0.716,,16.93,,,,
2003-11-08,,,,,,,,,,,371000.0,,,,,,,,,,,,,,,
2003-11-10,,,,,,,,,,,,,2.06,4.49,5.39,2.43,,,2.33,,,17.62,,,,
2003-11-11,,,,,,,,,,,,,,,,,,,,,,17.54,,,,
2003-11-12,,,,,,,,,,,,,2.05,4.44,5.34,2.39,,,2.33,,,16.75,,,,
2003-11-13,,,,,,,,,,,,,1.92,4.3,5.24,2.38,,,2.35,,,16.47,,,,
2003-11-14,,,,,,,,,,,,,1.84,4.22,5.21,2.38,,,2.37,-0.716,,16.94,,,,
2003-11-15,,,,,,,,,,,370000.0,,,,,,,,,,,,,,,
2003-11-17,,,,,,,,,,,,,1.8,4.18,5.17,2.38,,,2.39,,,18.6,,,,
2003-11-18,,,,,,,,,,,,,1.83,4.17,5.15,2.34,,,2.38,,,19.11,,,,
2003-11-19,,,,,,,,,,,,,1.9,4.24,5.22,2.34,,,2.37,,,18.8,,,,
2003-11-20,,,,,,,,,,,,,1.83,4.16,5.16,2.33,,,2.4,,,19.48,,,,
2003-11-21,,,,,,,,,,,,,1.84,4.15,5.13,2.31,,,2.39,-0.715,,18.98,,,,
2003-11-22,,,,,,,,,,,354000.0,,,,,,,,,,,,,,,
2003-11-24,,,,,,,,,,,,,1.94,4.23,5.19,2.29,,,2.38,,,17.44,,,,
2003-11-25,,,,,,,,,,,,,1.89,4.19,5.17,2.3,,,2.38,,,16.71,,,,
2003-11-26,,,,,,,,,,,,,1.97,4.25,5.2,2.28,,,2.35,,,16.23,,,,
2003-11-27,,,,,,,,,,,,,,,,,,,,,,,,,,
2003-11-28,,,,,,,,,,,,,2.06,4.34,5.23,2.28,,,2.33,-0.713,,16.32,,,,
2003-11-29,,,,,,,,,,,357000.0,,,,,,,,,,,,,,,
2003-12-01,,,92.2602,300702.0,185.5,194.2,78.605,79.467,5.7,130589.0,,65.9,2.12,4.4,5.28,2.28,0.98,,2.3,,92.6,16.77,2057.0,140.18,6073.5,
2003-12-02,,,,,,,,,,,,,2.07,4.38,5.25,2.31,,,2.3,,,16.27,,,,
2003-12-03,,,,,,,,,,,,,2.09,4.41,5.28,2.32,,,2.29,,,16.63,,,,
2003-12-04,,,,,,,,,,,,,2.06,4.38,5.27,2.32,,,2.29,,,16.3,,,,
2003-12-05,,,,,,,,,,,,,1.88,4.23,5.2,2.35,,,2.33,-0.711,,17.09,,,,
2003-12-06,,,,,,,,,,,367000.0,,,,,,,,,,,,,,,
2003-12-08,,,,,,,,,,,,,1.94,4.29,5.26,2.35,,,2.33,,,16.54,,,,
2003-12-09,,,,,,,,,,,,,1.97,4.32,5.26,2.35,,,2.34,,,17.63,,,,
2003-12-10,,,,,,,,,,,,,1.94,4.3,5.28,2.36,,,2.35,,,17.87,,,,
2003-12-11,,,,,,,,,,,,,1.83,4.27,5.27,2.44,,,2.35,,,16.73,,,,
2003-12-12,,,,,,,,,,,,,1.84,4.26,5.23,2.42,,,2.34,-0.712,,16.41,,,,
2003-12-13,,,,,,,,,,,363000.0,,,,,,,,,,,,,,,
2003-12-15,,,,,,,,,,,,,1.88,4.28,5.24,2.4,,,2.34,,,17.23,,,,
2003-12-16,,,,,,,,,,,,,1.83,4.24,5.23,2.41,,,2.35,,,15.93,,,,
2003-12-17,,,,,,,,,,,,,1.83,4.19,5.16,2.36,,,2.35,,,15.58,,,,
2003-12-18,,,,,,,,,,,,,1.85,4.16,5.1,2.31,,,2.32,,,16.16,,,,
2003-12-19,,,,,,,,,,,,,1.82,4.15,5.11,2.33,,,2.33,-0.715,,16.42,,,,
2003-12-20,,,,,,,,,,,354000.0,,,,,,,,,,,,,,,
2003-12-22,,,,,,,,,,,,,1.84,4.18,5.13,2.34,,,2.34,,,16.94,,,,
2003-12-23,,,,,,,,,,,,,1.96,4.28,5.2,2.32,,,2.31,,,16.49,,,,
2003-12-24,,,,,,,,,,,,,1.83,4.2,5.15,2.37,,,2.34,,,16.66,,,,
2003-12-25,,,,,,,,,,,,,,,,,,,,,,,,,,
2003-12-26,,,,,,,,,,,,,1.82,4.17,5.15,2.35,,,2.33,-0.722,,17.45,,,,
2003-12-27,,,,,,,,,,,349000.0,,,,,,,,,,,,,,,
2003-12-29,,,,,,,,,,,,,1.86,4.24,5.18,2.38,,,2.33,,,17.09,,,,
2003-12-30,,,,,,,,,,,,,1.86,4.29,5.23,2.43,,,2.33,,,17.68,,,,
2003-12-31,,,,,,,,,,,,,1.84,4.27,5.23,2.43,,,2.34,,,18.31,,,,
2004-01-01,11923.447,15248.68,92.4006,301993.0,186.3,194.6,78.909,79.671,5.7,130756.0,,66.1,,,,,1.0,,,,103.8,,1911.0,141.646,6081.3,
2004-01-02,,,,,,,,,,,,,1.94,4.38,5.3,2.44,,,2.32,-0.732,,18.22,,,,
2004-01-03,,,,,,,,,,,356000.0,,,,,,,,,,,,,,,
2004-01-05,,,,,,,,,,,,,1.95,4.41,5.28,2.46,,,2.27,,,17.49,,,,
2004-01-06,,,,,,,,,,,,,1.84,4.29,5.26,2.45,,,2.32,,,16.73,,,,
2004-01-07,,,,,,,,,,,,,1.84,4.27,5.22,2.43,,,2.3,,,15.5,,,,
2004-01-08,,,,,,,,,,,,,1.85,4.27,5.2,2.42,,,2.26,,,15.61,,,,
2004-01-09,,,,,,,,,,,,,1.68,4.11,5.14,2.43,,,2.31,-0.745,,16.75,,,,
2004-01-10,,,,,,,,,,,354000.0,,,,,,,,,,,,,,,
2004-01-12,,,,,,,,,,,,,1.68,4.11,5.12,2.43,,,2.32,,,16.82,,,,
2004-01-13,,,,,,,,,,,,,1.63,4.05,5.11,2.42,,,2.35,,,18.04,,,,
2004-01-14,,,,,,,,,,,,,1.65,4.01,5.06,2.36,,,2.33,,,16.75,,,,
2004-01-15,,,,,,,,,,,,,1.67,3.99,5.03,2.32,,,2.33,,,15.56,,,,
2004-01-16,,,,,,,,,,,,,1.7,4.04,5.04,2.34,,,2.3,-0.759,,15.0,,,,
2004-01-17,,,,,,,,,,,362000.0,,,,,,,,,,,,,,,
2004-01-19,,,,,,,,,,,,,,,,,,,,,,,,,,
2004-01-20,,,,,,,,,,,,,1.69,4.08,5.09,2.39,,,2.31,,,15.21,,,,
2004-01-21,,,,,,,,,,,,,1.69,4.05,5.06,2.36,,,2.33,,,14.34,,,,
2004-01-22,,,,,,,,,,,,,1.66,3.99,5.02,2.33,,,2.33,,,14.71,,,,
2004-01-23,,,,,,,,,,,,,1.71,4.09,5.08,2.38,,,2.3,-0.772,,14.84,,,,
2004-01-24,,,,,,,,,,,353000.0,,,,,,,,,,,,,,,
2004-01-26,,,,,,,,,,,,,1.75,4.16,5.14,2.41,,,2.28,,,14.55,,,,
2004-01-27,,,,,,,,,,,,,1.7,4.11,5.09,2.41,,,2.26,,,15.35,,,,
2004-01-28,,,,,,,,,,,,,1.87,4.22,5.14,2.35,,,2.23,,,16.78,,,,
2004-01-29,,,,,,,,,,,,,1.88,4.22,5.13,2.34,,,2.19,,,17.14,,,,
2004-01-30,,,,,,,,,,,,,1.84,4.16,5.11,2.32,,,2.19,-0.785,,16.63,,,,
2004-01-31,,,,,,,,,,,376000.0,,,,,,,,,,,,,,,
2004-02-01,,,92.958,303915.0,186.7,194.9,79.077,79.8,5.6,130821.0,,66.0,,,,,1.01,,,,94.4,,1846.0,143.192,6120.7,
2004-02-02,,,,,,,,,,,,,1.83,4.18,5.13,2.35,,,2.17,,,17.11,,,,
2004-02-03,,,,,,,,,,,,,1.78,4.13,5.11,2.35,,,2.18,,,17.34,,,,
2004-02-04,,,,,,,,,,,,,1.8,4.15,5.11,2.35,,,2.16,,,17.87,,,,
2004-02-05,,,,,,,,,,,,,1.85,4.2,5.13,2.35,,,2.13,,,17.71,,,,
2004-02-06,,,,,,,,,,,,,1.77,4.12,5.08,2.35,,,2.16,-0.795,,16.0,,,,
2004-02-07,,,,,,,,,,,380000.0,,,,,,,,,,,,,,,
2004-02-09,,,,,,,,,,,,,1.76,4.09,5.06,2.33,,,2.16,,,16.39,,,,
2004-02-10,,,,,,,,,,,,,1.82,4.13,5.08,2.31,,,2.15,,,15.94,,,,
2004-02-11,,,,,,,,,,,,,1.73,4.05,5.06,2.32,,,2.19,,,15.39,,,,
2004-02-12,,,,,,,,,,,,,1.75,4.1,5.1,2.35,,,2.18,,,15.31,,,,
2004-02-13,,,,,,,,,,,,,1.7,4.05,5.08,2.35,,,2.2,-0.803,,15.58,,,,
2004-02-14,,,,,,,,,,,356000.0,,,,,,,,,,,,,,,
2004-02-16,,,,,,,,,,,,,,,,,,,,,,,,,,
2004-02-17,,,,,,,,,,,,,1.7,4.05,5.07,2.35,,,2.19,,,15.4,,,,
2004-02-18,,,,,,,,,,,,,1.72,4.05,5.07,2.33,,,2.19,,,15.59,,,,
2004-02-19,,,,,,,,,,,,,1.7,4.05,5.04,2.35,,,2.19,,,15.8,,,,
2004-02-20,,,,,,,,,,,,,1.75,4.1,5.09,2.35,,,2.18,-0.809,,16.04,,,,
2004-02-21,,,,,,,,,,,359000.0,,,,,,,,,,,,,,,
2004-02-23,,,,,,,,,,,,,1.69,4.05,5.11,2.36,,,2.2,,,16.29,,,,
2004-02-24,,,,,,,,,,,,,1.69,4.04,5.06,2.35,,,2.19,,,15.9,,,,
2004-02-25,,,,,,,,,,,,,1.67,4.02,5.02,2.35,,,2.21,,,14.93,,,,
2004-02-26,,,,,,,,,,,,,1.69,4.05,5.05,2.36,,,2.2,,,14.83,,,,
2004-02-27,,,,,,,,,,,,,1.66,3.99,5.01,2.33,,,2.21,-0.813,,14.55,,,,
2004-02-28,,,,,,,,,,,348000.0,,,,,,,,,,,,,,,
2004-03-01,,,92.5861,309471.0,187.1,195.5,79.199,79.934,5.8,131140.0,,66.0,1.67,4.0,4.99,2.33,1.0,,2.2,,95.8,14.44,1998.0,145.058,6156.3,
2004-03-02,,,,,,,,,,,,,1.74,4.05,5.06,2.31,,,2.19,,,14.86,,,,
2004-03-03,,,,,,,,,,,,,1.74,4.07,5.02,2.33,,,2.18,,,14.55,,,,
2004-03-04,,,,,,,,,,,,,1.73,4.04,4.99,2.31,,,2.18,,,14.4,,,,
2004-03-05,,,,,,,,,,,,,1.57,3.85,4.91,2.28,,,2.25,-0.813,,14.48,,,,
2004-03-06,,,,,,,,,,,344000.0,,,,,,,,,,,,,,,
2004-03-08,,,,,,,,,,,,,1.52,3.78,4.87,2.26,,,2.3,,,15.79,,,,
2004-03-09,,,,,,,,,,,,,1.51,3.73,4.85,2.22,,,2.3,,,16.6,,,,
2004-03-10,,,,,,,,,,,,,1.54,3.74,4.83,2.2,,,2.31,,,18.67,,,,
2004-03-11,,,,,,,,,,,,,1.52,3.74,4.87,2.22,,,2.32,,,20.67,,,,
2004-03-12,,,,,,,,,,,,,1.54,3.78,4.89,2.24,,,2.31,-0.812,,18.3,,,,
2004-03-13,,,,,,,,,,,338000.0,,,,,,,,,,,,,,,
2004-03-15,,,,,,,,,,,,,1.56,3.78,4.88,2.22,,,2.31,,,21.13,,,,
2004-03-16,,,,,,,,,,,,,1.51,3.7,4.82,2.19,,,2.34,,,20.34,,,,
2004-03-17,,,,,,,,,,,,,1.53,3.71,4.83,2.18,,,2.33,,,18.11,,,,
2004-03-18,,,,,,,,,,,,,1.55,3.76,4.87,2.21,,,2.32,,,18.53,,,,
2004-03-19,,,,,,,,,,,,,1.56,3.8,4.89,2.24,,,2.3,-0.807,,19.15,,,,
2004-03-20,,,,,,,,,,,346000.0,,,,,,,,,,,,,,,
2004-03-22,,,,,,,,,,,,,1.52,3.74,4.84,2.22,,,2.32,,,21.58,,,,
2004-03-23,,,,,,,,,,,,,1.52,3.73,4.83,2.21,,,2.33,,,20.67,,,,
2004-03-24,,,,,,,,,,,,,1.5,3.73,4.83,2.23,,,2.33,,,19.81,,,,
2004-03-25,,,,,,,,,,,,,1.51,3.75,4.86,2.24,,,2.34,,,17.88,,,,
2004-03-26,,,,,,,,,,,,,1.59,3.85,4.91,2.26,,,2.31,-0.801,,17.33,,,,
2004-03-27,,,,,,,,,,,340000.0,,,,,,,,,,,,,,,
2004-03-29,,,,,,,,,,,,,1.63,3.91,4.96,2.28,,,2.28,,,16.5,,,,
2004-03-30,,,,,,,,,,,,,1.63,3.91,4.96,2.28,,,2.28,,,16.28,,,,
2004-03-31,,,,,,,,,,,,,1.6,3.86,4.93,2.26,,,2.29,,,16.74,,,,
2004-04-01,12112.815,15366.85,92.93,307358.0,187.4,195.9,79.346,80.142,5.6,131412.0,,65.9,1.65,3.91,5.01,2.26,1.0,,2.27,,94.2,16.65,2003.0,146.593,6198.5,
2004-04-02,,,,,,,,,,,,,1.86,4.15,5.13,2.29,,,2.17,-0.793,,15.64,,,,
2004-04-03,,,,,,,,,,,335000.0,,,,,,,,,,,,,,,
2004-04-05,,,,,,,,,,,,,1.91,4.24,5.18,2.33,,,2.13,,,14.97,,,,
2004-04-06,,,,,,,,,,,,,1.86,4.19,5.17,2.33,,,2.16,,,15.32,,,,
2004-04-07,,,,,,,,,,,,,1.87,4.19,5.18,2.32,,,2.15,,,15.76,,,,
2004-04-08,,,,,,,,,,,,,1.88,4.21,5.17,2.33,,,2.15,,,16.26,,,,
2004-04-09,,,,,,,,,,,,,,,,,,,,-0.782,,,,,,
2004-04-10,,,,,,,,,,,355000.0,,,,,,,,,,,,,,,
2004-04-12,,,,,,,,,,,,,1.91,4.25,5.19,2.34,,,2.13,,,15.28,,,,
2004-04-13,,,,,,,,,,,,,2.01,4.35,5.25,2.34,,,2.11,,,17.26,,,,
2004-04-14,,,,,,,,,,,,,2.13,4.4,5.26,2.27,,,2.08,,,15.62,,,,
2004-04-15,,,,,,,,,,,,,2.1,4.42,5.33,2.32,,,2.09,,,15.74,,,,
2004-04-16,,,,,,,,,,,,,2.03,4.37,5.31,2.34,,,2.11,-0.769,,14.94,,,,
2004-04-17,,,,,,,,,,,364000.0,,,,,,,,,,,,,,,
2004-04-19,,,,,,,,,,,,,2.07,4.39,5.33,2.32,,,2.12,,,15.42,,,,
2004-04-20,,,,,,,,,,,,,2.11,4.43,5.35,2.32,,,2.1,,,16.67,,,,
2004-04-21,,,,,,,,,,,,,2.22,4.45,5.36,2.23,,,2.09,,,15.6,,,,
2004-04-22,,,,,,,,,,,,,2.15,4.4,5.33,2.25,,,2.1,,,14.61,,,,
2004-04-23,,,,,,,,,,,,,2.29,4.48,5.38,2.19,,,2.07,-0.754,,14.01,,,,
2004-04-24,,,,,,,,,,,339000.0,,,,,,,,,,,,,,,
2004-04-26,,,,,,,,,,,,,2.28,4.46,5.36,2.18,,,2.06,,,14.77,,,,
2004-04-27,,,,,,,,,,,,,2.21,4.43,5.35,2.22,,,2.08,,,15.07,,,,
2004-04-28,,,,,,,,,,,,,2.3,4.5,5.39,2.2,,,2.06,,,16.29,,,,
2004-04-29,,,,,,,,,,,,,2.34,4.55,5.41,2.21,,,2.06,,,16.6,,,,
2004-04-30,,,,,,,,,,,,,2.31,4.53,5.39,2.22,,,2.05,-0.739,,17.19,,,,
2004-05-01,,,93.6013,311088.0,188.2,196.2,79.604,80.252,5.6,131697.0,324000.0,66.0,,,,,1.0,,,,90.2,,1981.0,148.186,6277.2,
2004-05-03,,,,,,,,,,,,,2.34,4.53,5.41,2.19,,,2.05,,,16.62,,,,
2004-05-04,,,,,,,,,,,,,2.32,4.56,5.45,2.24,,,2.07,,,16.55,,,,
2004-05-05,,,,,,,,,,,,,2.34,4.61,5.46,2.27,,,2.05,,,15.77,,,,
2004-05-06,,,,,,,,,,,,,2.39,4.63,5.46,2.24,,,2.06,,,17.05,,,,
2004-05-07,,,,,,,,,,,,,2.64,4.79,5.53,2.15,,,1.97,-0.725,,18.13,,,,
2004-05-08,,,,,,,,,,,329000.0,,,,,,,,,,,,,,,
2004-05-10,,,,,,,,,,,,,2.61,4.81,5.54,2.2,,,1.98,,,19.77,,,,
2004-05-11,,,,,,,,,,,,,2.61,4.79,5.53,2.18,,,1.99,,,18.57,,,,
2004-05-12,,,,,,,,,,,,,2.62,4.83,5.57,2.21,,,2.0,,,18.14,,,,
2004-05-13,,,,,,,,,,,,,2.67,4.85,5.61,2.18,,,2.02,,,18.86,,,,
2004-05-14,,,,,,,,,,,,,2.59,4.79,5.59,2.2,,,2.03,-0.712,,18.47,,,,
2004-05-15,,,,,,,,,,,349000.0,,,,,,,,,,,,,,,
2004-05-17,,,,,,,,,,,,,2.51,4.7,5.52,2.19,,,2.08,,,19.96,,,,
2004-05-18,,,,,,,,,,,,,2.58,4.74,5.56,2.16,,,2.05,,,19.33,,,,
2004-05-19,,,,,,,,,,,,,2.61,4.79,5.57,2.18,,,2.03,,,18.93,,,,
2004-05-20,,,,,,,,,,,,,2.55,4.72,5.52,2.17,,,2.05,,,18.67,,,,
2004-05-21,,,,,,,,,,,,,2.6,4.76,5.53,2.16,,,2.03,-0.702,,18.49,,,,
2004-05-22,,,,,,,,,,,342000.0,,,,,,,,,,,,,,,
2004-05-24,,,,,,,,,,,,,2.59,4.75,5.53,2.16,,,2.02,,,18.08,,,,
2004-05-25,,,,,,,,,,,,,2.58,4.73,5.5,2.15,,,2.02,,,15.96,,,,
2004-05-26,,,,,,,,,,,,,2.52,4.67,5.46,2.15,,,2.05,,,15.97,,,,
2004-05-27,,,,,,,,,,,,,2.46,4.6,5.45,2.14,,,2.05,,,15.28,,,,
2004-05-28,,,,,,,,,,,,,2.54,4.66,5.42,2.12,,,2.03,-0.694,,15.5,,,,
2004-05-29,,,,,,,,,,,337000.0,,,,,,,,,,,,,,,
2004-05-31,,,,,,,,,,,,,,,,,,,,,,,,,,
2004-06-01,,,92.871,309127.0,188.9,196.6,79.831,80.379,5.6,131794.0,,66.1,2.6,4.71,5.48,2.11,1.03,,2.05,,95.6,16.3,1828.0,149.851,6279.3,
2004-06-02,,,,,,,,,,,,,2.65,4.74,5.5,2.09,,,2.06,,,16.08,,,,
2004-06-03,,,,,,,,,,,,,2.63,4.71,5.49,2.08,,,2.08,,,17.03,,,,
2004-06-04,,,,,,,,,,,,,2.7,4.78,5.54,2.08,,,2.06,-0.689,,16.78,,,,
2004-06-05,,,,,,,,,,,355000.0,,,,,,,,,,,,,,,
2004-06-07,,,,,,,,,,,,,2.67,4.78,5.5,2.11,,,2.05,,,15.39,,,,
2004-06-08,,,,,,,,,,,,,2.73,4.78,5.53,2.05,,,2.04,,,15.01,,,,
2004-06-09,,,,,,,,,,,,,2.79,4.82,5.53,2.03,,,2.03,,,15.39,,,,
2004-06-10,,,,,,,,,,,,,2.81,4.81,5.51,2.0,,,2.03,,,15.04,,,,
2004-06-11,,,,,,,,,,,,,,,,,,,,-0.686,,15.04,,,,
2004-06-12,,,,,,,,,,,339000.0,,,,,,,,,,,,,,,
2004-06-14,,,,,,,,,,,,,2.97,4.89,5.58,1.92,,,2.01,,,16.07,,,,
2004-06-15,,,,,,,,,,,,,2.77,4.69,5.45,1.92,,,2.06,,,15.05,,,,
2004-06-16,,,,,,,,,,,,,2.84,4.74,5.45,1.9,,,2.04,,,14.79,,,,
2004-06-17,,,,,,,,,,,,,2.81,4.71,5.41,1.9,,,2.03,,,15.15,,,,
2004-06-18,,,,,,,,,,,,,2.81,4.72,5.46,1.91,,,2.03,-0.685,,14.99,,,,
2004-06-19,,,,,,,,,,,354000.0,,,,,,,,,,,,,,,
2004-06-21,,,,,,,,,,,,,2.8,4.7,5.45,1.9,,,2.05,,,15.26,,,,
2004-06-22,,,,,,,,,,,,,2.8,4.72,5.47,1.92,,,2.05,,,14.31,,,,
2004-06-23,,,,,,,,,,,,,2.78,4.71,5.45,1.93,,,2.06,,,13.98,,,,
2004-06-24,,,,,,,,,,,,,2.74,4.66,5.44,1.92,,,2.06,,,14.81,,,,
2004-06-25,,,,,,,,,,,,,2.74,4.66,5.41,1.92,,,2.07,-0.685,,15.19,,,,
2004-06-26,,,,,,,,,,,348000.0,,,,,,,,,,,,,,,
2004-06-28,,,,,,,,,,,,,2.86,4.76,5.49,1.9,,,2.04,,,16.07,,,,
2004-06-29,,,,,,,,,,,,,2.83,4.7,5.44,1.87,,,2.06,,,15.47,,,,
2004-06-30,,,,,,,,,,,,,2.7,4.62,5.41,1.92,,,2.09,,,14.34,,,,
2004-07-01,12305.307,15512.619,93.5649,311681.0,189.1,196.8,79.905,80.474,5.5,131854.0,,66.1,2.64,4.57,5.35,1.93,1.26,,2.12,,96.7,15.2,2002.0,151.338,6292.3,
2004-07-02,,,,,,,,,,,,,2.54,4.48,5.3,1.94,,,2.13,-0.686,,15.08,,,,
2004-07-03,,,,,,,,,,,326000.0,,,,,,,,,,,,,,,
2004-07-05,,,,,,,,,,,,,,,,,,,,,,,,,,
2004-07-06,,,,,,,,,,,,,2.56,4.49,5.32,1.93,,,2.14,,,16.25,,,,
2004-07-07,,,,,,,,,,,,,2.56,4.5,5.32,1.94,,,2.13,,,15.81,,,,
2004-07-08,,,,,,,,,,,,,2.55,4.49,5.32,1.94,,,2.14,,,16.2,,,,
2004-07-09,,,,,,,,,,,,,2.55,4.49,5.31,1.94,,,2.14,-0.688,,15.78,,,,
2004-07-10,,,,,,,,,,,345000.0,,,,,,,,,,,,,,,
2004-07-12,,,,,,,,,,,,,2.53,4.46,5.26,1.93,,,2.15,,,14.96,,,,
2004-07-13,,,,,,,,,,,,,2.58,4.5,5.29,1.92,,,2.14,,,14.46,,,,
2004-07-14,,,,,,,,,,,,,2.62,4.5,5.32,1.88,,,2.12,,,13.76,,,,
2004-07-15,,,,,,,,,,,,,2.64,4.5,5.28,1.86,,,2.12,,,14.71,,,,
2004-07-16,,,,,,,,,,,,,2.54,4.38,5.22,1.84,,,2.15,-0.69,,14.34,,,,
2004-07-17,,,,,,,,,,,355000.0,,,,,,,,,,,,,,,
2004-07-19,,,,,,,,,,,,,2.56,4.38,5.22,1.82,,,2.14,,,15.17,,,,
2004-07-20,,,,,,,,,,,,,2.67,4.47,5.25,1.8,,,2.12,,,14.17,,,,
2004-07-21,,,,,,,,,,,,,2.71,4.5,5.31,1.79,,,2.12,,,16.41,,,,
2004-07-22,,,,,,,,,,,,,2.69,4.48,5.3,1.79,,,2.13,,,15.75,,,,
2004-07-23,,,,,,,,,,,,,2.69,4.45,5.27,1.76,,,2.13,-0.692,,16.5,,,,
2004-07-24,,,,,,,,,,,348000.0,,,,,,,,,,,,,,,
2004-07-26,,,,,,,,,,,,,2.75,4.49,5.27,1.74,,,2.11,,,17.3,,,,
2004-07-27,,,,,,,,,,,,,2.82,4.62,5.42,1.8,,,2.09,,,16.55,,,,
2004-07-28,,,,,,,,,,,,,2.78,4.61,5.42,1.83,,,2.1,,,16.15,,,,
2004-07-29,,,,,,,,,,,,,2.75,4.6,5.37,1.85,,,2.09,,,15.68,,,,
2004-07-30,,,,,,,,,,,,,2.68,4.5,5.31,1.82,,,2.1,-0.695,,15.32,,,,
2004-07-31,,,,,,,,,,,341000.0,,,,,,,,,,,,,,,
2004-08-01,,,93.6277,311192.0,189.2,196.9,79.946,80.505,5.4,131939.0,,66.0,,,,,1.43,,,,95.9,,2024.0,152.633,6317.7,
2004-08-02,,,,,,,,,,,,,2.66,4.48,5.26,1.82,,,2.13,,,15.37,,,,
2004-08-03,,,,,,,,,,,,,2.66,4.45,5.24,1.79,,,2.14,,,16.03,,,,
2004-08-04,,,,,,,,,,,,,2.66,4.45,5.24,1.79,,,2.14,,,16.21,,,,
2004-08-05,,,,,,,,,,,,,2.64,4.43,5.22,1.79,,,2.14,,,18.32,,,,
2004-08-06,,,,,,,,,,,,,2.4,4.24,5.13,1.84,,,2.22,-0.696,,19.34,,,,
2004-08-07,,,,,,,,,,,336000.0,,,,,,,,,,,,,,,
2004-08-09,,,,,,,,,,,,,2.45,4.28,5.15,1.83,,,2.19,,,18.89,,,,
2004-08-10,,,,,,,,,,,,,2.55,4.32,5.17,1.77,,,2.18,,,17.47,,,,
2004-08-11,,,,,,,,,,,,,2.54,4.3,5.16,1.76,,,2.17,,,18.04,,,,
2004-08-12,,,,,,,,,,,,,2.52,4.27,5.17,1.75,,,2.19,,,19.08,,,,
2004-08-13,,,,,,,,,,,,,2.47,4.22,5.11,1.75,,,2.2,-0.697,,17.98,,,,
2004-08-14,,,,,,,,,,,332000.0,,,,,,,,,,,,,,,
2004-08-16,,,,,,,,,,,,,2.51,4.26,5.13,1.75,,,2.2,,,17.57,,,,
2004-08-17,,,,,,,,,,,,,2.44,4.21,5.13,1.77,,,2.21,,,17.02,,,,
2004-08-18,,,,,,,,,,,,,2.44,4.23,5.11,1.79,,,2.2,,,16.23,,,,
2004-08-19,,,,,,,,,,,,,2.43,4.22,5.14,1.79,,,2.2,,,16.96,,,,
2004-08-20,,,,,,,,,,,,,2.46,4.24,5.14,1.78,,,2.19,-0.699,,16.0,,,,
2004-08-21,,,,,,,,,,,343000.0,,,,,,,,,,,,,,,
2004-08-23,,,,,,,,,,,,,2.5,4.28,5.15,1.78,,,2.19,,,15.88,,,,
2004-08-24,,,,,,,,,,,,,2.5,4.28,5.15,1.78,,,2.18,,,15.33,,,,
2004-08-25,,,,,,,,,,,,,2.51,4.26,5.13,1.75,,,2.18,,,14.98,,,,
2004-08-26,,,,,,,,,,,,,2.48,4.22,5.1,1.74,,,2.19,,,14.91,,,,
2004-08-27,,,,,,,,,,,,,2.48,4.23,5.1,1.75,,,2.18,-0.7,,14.71,,,,
2004-08-28,,,,,,,,,,,352000.0,,,,,,,,,,,,,,,
2004-08-30,,,,,,,,,,,,,2.47,4.19,5.07,1.72,,,2.19,,,15.44,,,,
2004-08-31,,,,,,,,,,,,,2.41,4.13,5.01,1.72,,,2.19,,,15.29,,,,
2004-09-01,,,93.7467,317446.0,189.8,197.5,80.104,80.656,5.4,132089.0,,65.8,2.41,4.13,5.01,1.72,1.61,,2.2,,94.2,14.91,1905.0,154.179,6352.3,
2004-09-02,,,,,,,,,,,,,2.46,4.2,5.07,1.74,,,2.17,,,14.28,,,,
2004-09-03,,,,,,,,,,,,,2.61,4.3,5.14,1.69,,,2.15,-0.7,,13.91,,,,
2004-09-04,,,,,,,,,,,326000.0,,,,,,,,,,,,,,,
2004-09-06,,,,,,,,,,,,,,,,,,,,,,,,,,
2004-09-07,,,,,,,,,,,,,2.58,4.26,5.1,1.68,,,2.13,,,14.07,,,,
2004-09-08,,,,,,,,,,,,,2.5,4.18,5.04,1.68,,,2.15,,,14.06,,,,
2004-09-09,,,,,,,,,,,,,2.5,4.22,5.07,1.72,,,2.15,,,14.01,,,,
2004-09-10,,,,,,,,,,,,,2.5,4.19,5.05,1.69,,,2.16,-0.699,,13.76,,,,
2004-09-11,,,,,,,,,,,331000.0,,,,,,,,,,,,,,,
2004-09-13,,,,,,,,,,,,,2.5,4.16,5.02,1.66,,,2.15,,,13.17,,,,
2004-09-14,,,,,,,,,,,,,2.47,4.15,5.01,1.68,,,2.15,,,13.56,,,,
2004-09-15,,,,,,,,,,,,,2.51,4.18,5.04,1.67,,,2.14,,,14.64,,,,
2004-09-16,,,,,,,,,,,,,2.44,4.08,4.95,1.64,,,2.16,,,14.39,,,,
2004-09-17,,,,,,,,,,,,,2.53,4.14,4.99,1.61,,,2.13,-0.699,,14.03,,,,
2004-09-18,,,,,,,,,,,341000.0,,,,,,,,,,,,,,,
2004-09-20,,,,,,,,,,,,,2.46,4.07,4.94,1.61,,,2.14,,,14.43,,,,
2004-09-21,,,,,,,,,,,,,2.49,4.05,4.94,1.56,,,2.14,,,13.66,,,,
2004-09-22,,,,,,,,,,,,,2.5,4.0,4.88,1.5,,,2.13,,,14.74,,,,
2004-09-23,,,,,,,,,,,,,2.57,4.02,4.86,1.45,,,2.13,,,14.8,,,,
2004-09-24,,,,,,,,,,,,,2.62,4.04,4.87,1.42,,,2.12,-0.699,,14.28,,,,
2004-09-25,,,,,,,,,,,351000.0,,,,,,,,,,,,,,,
2004-09-27,,,,,,,,,,,,,2.59,4.01,4.84,1.42,,,2.13,,,14.62,,,,
2004-09-28,,,,,,,,,,,,,2.55,4.02,4.9,1.47,,,2.14,,,13.83,,,,
2004-09-29,,,,,,,,,,,,,2.61,4.1,4.97,1.49,,,2.12,,,13.21,,,,
2004-09-30,,,,,,,,,,,,,2.63,4.14,4.97,1.51,,,2.11,,,13.34,,,,
2004-10-01,12527.214,15670.88,94.5465,318476.0,190.8,197.9,80.448,80.831,5.5,132429.0,,65.9,2.63,4.21,5.06,1.58,1.76,,2.09,-0.698,91.7,12.75,2072.0,155.75,6379.9,
2004-10-02,,,,,,,,,,,335000.0,,,,,,,,,,,,,,,
2004-10-04,,,,,,,,,,,,,2.65,4.19,5.04,1.54,,,2.1,,,13.41,,,,
2004-10-05,,,,,,,,,,,,,2.65,4.18,5.04,1.53,,,2.1,,,13.95,,,,
2004-10-06,,,,,,,,,,,,,2.7,4.23,5.04,1.53,,,2.09,,,13.28,,,,
2004-10-07,,,,,,,,,,,,,2.72,4.26,5.08,1.54,,,2.09,,,14.5,,,,
2004-10-08,,,,,,,,,,,,,2.61,4.15,4.98,1.54,,,2.1,-0.698,,15.05,,,,
2004-10-09,,,,,,,,,,,338000.0,,,,,,,,,,,,,,,
2004-10-11,,,,,,,,,,,,,,,,,,,,,,14.71,,,,
2004-10-12,,,,,,,,,,,,,2.56,4.12,4.95,1.56,,,2.11,,,15.05,,,,
2004-10-13,,,,,,,,,,,,,2.53,4.09,4.98,1.56,,,2.12,,,15.42,,,,
2004-10-14,,,,,,,,,,,,,2.48,4.03,4.93,1.55,,,2.13,,,16.43,,,,
2004-10-15,,,,,,,,,,,,,2.53,4.07,4.92,1.54,,,2.12,-0.699,,15.04,,,,
2004-10-16,,,,,,,,,,,327000.0,,,,,,,,,,,,,,,
2004-10-18,,,,,,,,,,,,,2.55,4.07,4.92,1.52,,,2.13,,,14.71,,,,
2004-10-19,,,,,,,,,,,,,2.57,4.07,4.91,1.5,,,2.1,,,15.13,,,,
2004-10-20,,,,,,,,,,,,,2.53,4.01,4.85,1.48,,,2.13,,,14.85,,,,
2004-10-21,,,,,,,,,,,,,2.57,4.01,4.84,1.44,,,2.12,,,14.54,,,,
2004-10-22,,,,,,,,,,,,,2.55,4.0,4.87,1.45,,,2.12,-0.702,,15.28,,,,
2004-10-23,,,,,,,,,,,338000.0,,,,,,,,,,,,,,,
2004-10-25,,,,,,,,,,,,,2.54,3.99,4.86,1.45,,,2.13,,,16.58,,,,
2004-10-26,,,,,,,,,,,,,2.54,4.01,4.87,1.47,,,2.11,,,16.39,,,,
2004-10-27,,,,,,,,,,,,,2.63,4.11,4.96,1.48,,,2.08,,,15.72,,,,
2004-10-28,,,,,,,,,,,,,2.59,4.09,4.91,1.5,,,2.1,,,15.39,,,,
2004-10-29,,,,,,,,,,,,,2.56,4.05,4.87,1.49,,,2.09,-0.705,,16.27,,,,
2004-10-30,,,,,,,,,,,332000.0,,,,,,,,,,,,,,,
2004-11-01,,,94.7813,320520.0,191.7,198.3,80.758,81.005,5.4,132503.0,,66.0,2.61,4.11,4.92,1.5,1.93,,2.09,,92.8,16.27,1782.0,157.527,6406.3,
2004-11-02,,,,,,,,,,,,,2.6,4.1,4.91,1.5,,,2.09,,,16.18,,,,
2004-11-03,,,,,,,,,,,,,2.6,4.09,4.9,1.49,,,2.08,,,14.04,,,,
2004-11-04,,,,,,,,,,,,,2.63,4.1,4.89,1.47,,,2.05,,,13.97,,,,
2004-11-05,,,,,,,,,,,,,2.8,4.21,4.99,1.41,,,2.02,-0.708,,13.84,,,,
2004-11-06,,,,,,,,,,,330000.0,,,,,,,,,,,,,,,
2004-11-08,,,,,,,,,,,,,2.8,4.22,4.98,1.42,,,2.03,,,13.8,,,,
2004-11-09,,,,,,,,,,,,,2.8,4.22,5.02,1.42,,,2.03,,,13.61,,,,
2004-11-10,,,,,,,,,,,,,2.82,4.25,5.05,1.43,,,2.04,,,13.08,,,,
2004-11-11,,,,,,,,,,,,,,,,,,,,,,13.04,,,,
2004-11-12,,,,,,,,,,,,,2.86,4.2,4.96,1.34,,,2.02,-0.712,,13.33,,,,
2004-11-13,,,,,,,,,,,337000.0,,,,,,,,,,,,,,,
2004-11-15,,,,,,,,,,,,,2.89,4.2,4.98,1.31,,,2.01,,,13.38,,,,
2004-11-16,,,,,,,,,,,,,2.91,4.21,4.96,1.3,,,2.0,,,13.21,,,,
2004-11-17,,,,,,,,,,,,,2.85,4.14,4.89,1.29,,,2.01,,,13.21,,,,
2004-11-18,,,,,,,,,,,,,2.86,4.12,4.86,1.26,,,2.01,,,12.98,,,,
2004-11-19,,,,,,,,,,,,,2.95,4.2,4.93,1.25,,,1.99,-0.714,,13.5,,,,
2004-11-20,,,,,,,,,,,313000.0,,,,,,,,,,,,,,,
2004-11-22,,,,,,,,,,,,,2.95,4.18,4.89,1.23,,,1.96,,,12.97,,,,
2004-11-23,,,,,,,,,,,,,2.98,4.19,4.89,1.21,,,1.96,,,12.67,,,,
2004-11-24,,,,,,,,,,,,,3.01,4.2,4.89,1.19,,,1.95,,,12.72,,,,
2004-11-25,,,,,,,,,,,,,,,,,,,,,,,,,,
2004-11-26,,,,,,,,,,,,,3.03,4.24,4.94,1.21,,,1.96,-0.715,,12.79,,,,
2004-11-27,,,,,,,,,,,335000.0,,,,,,,,,,,,,,,
2004-11-29,,,,,,,,,,,,,3.07,4.34,5.03,1.27,,,1.93,,,13.3,,,,
2004-11-30,,,,,,,,,,,,,3.02,4.36,5.07,1.34,,,1.95,,,13.24,,,,
2004-12-01,,,95.5365,324672.0,191.7,198.6,80.801,81.109,5.4,132630.0,,65.9,3.01,4.38,5.08,1.37,2.16,,1.95,,97.1,12.97,2042.0,159.329,6424.3,
2004-12-02,,,,,,,,,,,,,3.04,4.4,5.11,1.36,,,1.94,,,12.98,,,,
2004-12-03,,,,,,,,,,,,,2.94,4.27,4.99,1.33,,,1.96,-0.713,,12.96,,,,
2004-12-04,,,,,,,,,,,343000.0,,,,,,,,,,,,,,,
2004-12-06,,,,,,,,,,,,,2.93,4.24,4.96,1.31,,,1.96,,,13.19,,,,
2004-12-07,,,,,,,,,,,,,2.95,4.23,4.95,1.28,,,1.96,,,13.67,,,,
2004-12-08,,,,,,,,,,,,,2.91,4.14,4.84,1.23,,,1.94,,,13.19,,,,
2004-12-09,,,,,,,,,,,,,2.93,4.19,4.88,1.26,,,1.94,,,12.88,,,,
2004-12-10,,,,,,,,,,,,,2.95,4.16,4.87,1.21,,,1.95,-0.71,,12.76,,,,
2004-12-11,,,,,,,,,,,316000.0,,,,,,,,,,,,,,,
2004-12-13,,,,,,,,,,,,,2.98,4.16,4.85,1.18,,,1.94,,,12.54,,,,
2004-12-14,,,,,,,,,,,,,2.99,4.14,4.83,1.15,,,1.94,,,12.73,,,,
2004-12-15,,,,,,,,,,,,,2.97,4.09,4.76,1.12,,,1.91,,,12.35,,,,
2004-12-16,,,,,,,,,,,,,3.01,4.19,4.88,1.18,,,1.92,,,12.27,,,,
2004-12-17,,,,,,,,,,,,,3.03,4.21,4.89,1.18,,,1.92,-0.705,,11.95,,,,
2004-12-18,,,,,,,,,,,322000.0,,,,,,,,,,,,,,,
2004-12-20,,,,,,,,,,,,,3.06,4.21,4.88,1.15,,,1.9,,,11.83,,,,
2004-12-21,,,,,,,,,,,,,3.05,4.18,4.83,1.13,,,1.91,,,11.55,,,,
2004-12-22,,,,,,,,,,,,,3.04,4.21,4.86,1.17,,,1.91,,,11.45,,,,
2004-12-23,,,,,,,,,,,,,3.02,4.23,4.9,1.21,,,1.91,,,11.23,,,,
2004-12-24,,,,,,,,,,,,,,,,,,,,-0.7,,,,,,
2004-12-25,,,,,,,,,,,320000.0,,,,,,,,,,,,,,,
2004-12-27,,,,,,,,,,,,,3.07,4.3,4.97,1.23,,,1.9,,,12.14,,,,
2004-12-28,,,,,,,,,,,,,3.08,4.31,4.95,1.23,,,1.9,,,12.0,,,,
2004-12-29,,,,,,,,,,,,,3.12,4.33,4.97,1.21,,,1.89,,,11.62,,,,
2004-12-30,,,,,,,,,,,,,3.1,4.27,4.94,1.17,,,1.89,,,12.56,,,,
2004-12-31,,,,,,,,,,,,,3.08,4.24,4.86,1.16,,,1.86,-0.696,,13.29,,,,
2005-01-01,12767.286,15844.727,95.8801,321272.0,191.6,199.0,80.907,81.401,5.3,132781.0,356000.0,65.8,,,,,2.28,,,,95.5,,2144.0,161.288,6429.9,
2005-01-03,,,,,,,,,,,,,3.1,4.23,4.85,1.13,,,1.86,,,14.08,,,,
2005-01-04,,,,,,,,,,,,,3.2,4.29,4.91,1.09,,,1.85,,,13.98,,,,
2005-01-05,,,,,,,,,,,,,3.22,4.29,4.88,1.07,,,1.83,,,14.09,,,,
2005-01-06,,,,,,,,,,,,,3.18,4.29,4.89,1.11,,,1.84,,,13.58,,,,
2005-01-07,,,,,,,,,,,,,3.2,4.29,4.88,1.09,,,1.83,-0.694,,13.49,,,,
2005-01-08,,,,,,,,,,,369000.0,,,,,,,,,,,,,,,
2005-01-10,,,,,,,,,,,,,3.23,4.29,4.86,1.06,,,1.82,,,13.23,,,,
2005-01-11,,,,,,,,,,,,,3.24,4.26,4.84,1.02,,,1.81,,,13.19,,,,
2005-01-12,,,,,,,,,,,,,3.22,4.25,4.8,1.03,,,1.81,,,12.56,,,,
2005-01-13,,,,,,,,,,,,,3.21,4.2,4.77,0.99,,,1.8,,,12.84,,,,
2005-01-14,,,,,,,,,,,,,3.24,4.23,4.78,0.99,,,1.79,-0.695,,12.43,,,,
2005-01-15,,,,,,,,,,,332000.0,,,,,,,,,,,,,,,
2005-01-17,,,,,,,,,,,,,,,,,,,,,,,,,,
2005-01-18,,,,,,,,,,,,,3.26,4.21,4.72,0.95,,,1.77,,,12.47,,,,
2005-01-19,,,,,,,,,,,,,3.26,4.2,4.7,0.94,,,1.76,,,13.18,,,,
2005-01-20,,,,,,,,,,,,,3.21,4.17,4.71,0.96,,,1.8,,,13.83,,,,
2005-01-21,,,,,,,,,,,,,3.16,4.16,4.7,1.0,,,1.79,-0.698,,14.36,,,,
2005-01-22,,,,,,,,,,,329000.0,,,,,,,,,,,,,,,
2005-01-24,,,,,,,,,,,,,3.2,4.14,4.63,0.94,,,1.77,,,14.65,,,,
2005-01-25,,,,,,,,,,,,,3.23,4.2,4.71,0.97,,,1.78,,,14.06,,,,
2005-01-26,,,,,,,,,,,,,3.27,4.21,4.7,0.94,,,1.76,,,13.44,,,,
2005-01-27,,,,,,,,,,,,,3.28,4.22,4.71,0.94,,,1.75,,,13.24,,,,
2005-01-28,,,,,,,,,,,,,3.25,4.16,4.64,0.91,,,1.75,-0.702,,13.24,,,,
2005-01-29,,,,,,,,,,,331000.0,,,,,,,,,,,,,,,
2005-01-31,,,,,,,,,,,,,3.29,4.14,4.62,0.85,,,1.75,,,12.82,,,,
2005-02-01,,,96.5761,325308.0,192.4,199.4,81.132,81.536,5.4,133034.0,,65.9,3.29,4.15,4.63,0.86,2.5,,1.74,,94.1,12.03,2207.0,163.345,6437.7,
2005-02-02,,,,,,,,,,,,,3.32,4.15,4.61,0.83,,,1.73,,,11.66,,,,
2005-02-03,,,,,,,,,,,,,3.34,4.18,4.58,0.84,,,1.7,,,11.79,,,,
2005-02-04,,,,,,,,,,,,,3.29,4.09,4.48,0.8,,,1.69,-0.708,,11.21,,,,
2005-02-05,,,,,,,,,,,307000.0,,,,,,,,,,,,,,,
2005-02-07,,,,,,,,,,,,,3.31,4.07,4.43,0.76,,,1.65,,,11.73,,,,
2005-02-08,,,,,,,,,,,,,3.33,4.05,4.39,0.72,,,1.63,,,11.6,,,,
2005-02-09,,,,,,,,,,,,,3.24,4.0,4.4,0.76,,,1.64,,,12.0,,,,
2005-02-10,,,,,,,,,,,,,3.29,4.07,4.5,0.78,,,1.67,,,11.51,,,,
2005-02-11,,,,,,,,,,,,,3.34,4.1,4.52,0.76,,,1.65,-0.712,,11.43,,,,
2005-02-12,,,,,,,,,,,308000.0,,,,,,,,,,,,,,,
2005-02-14,,,,,,,,,,,,,3.38,4.08,4.45,0.7,,,1.63,,,11.52,,,,
2005-02-15,,,,,,,,,,,,,3.37,4.1,4.48,0.73,,,1.64,,,11.27,,,,
2005-02-16,,,,,,,,,,,,,3.41,4.16,4.53,0.75,,,1.62,,,11.1,,,,
2005-02-17,,,,,,,,,,,,,3.38,4.19,4.58,0.81,,,1.64,,,11.77,,,,
2005-02-18,,,,,,,,,,,,,3.45,4.27,4.65,0.82,,,1.62,-0.712,,11.18,,,,
2005-02-19,,,,,,,,,,,318000.0,,,,,,,,,,,,,,,
2005-02-21,,,,,,,,,,,,,,,,,,,,,,,,,,
2005-02-22,,,,,,,,,,,,,3.46,4.29,4.71,0.83,,,1.64,,,13.14,,,,
2005-02-23,,,,,,,,,,,,,3.46,4.27,4.69,0.81,,,1.64,,,12.39,,,,
2005-02-24,,,,,,,,,,,,,3.52,4.29,4.67,0.77,,,1.62,,,11.57,,,,
2005-02-25,,,,,,,,,,,,,3.54,4.27,4.61,0.73,,,1.62,-0.709,,11.49,,,,
2005-02-26,,,,,,,,,,,314000.0,,,,,,,,,,,,,,,
2005-02-28,,,,,,,,,,,,,3.59,4.36,4.71,0.77,,,1.59,,,12.08,,,,
2005-03-01,,,96.4456,326179.0,193.1,200.1,81.375,81.737,5.2,133154.0,,65.9,3.59,4.38,4.69,0.79,2.63,,1.58,,92.6,12.04,1864.0,165.814,6446.6,
2005-03-02,,,,,,,,,,,,,3.57,4.38,4.71,0.81,,,1.6,,,12.5,,,,
2005-03-03,,,,,,,,,,,,,3.59,4.39,4.71,0.8,,,1.59,,,12.93,,,,
2005-03-04,,,,,,,,,,,,,3.57,4.32,4.66,0.75,,,1.57,-0.702,,11.94,,,,
2005-03-05,,,,,,,,,,,333000.0,,,,,,,,,,,,,,,
2005-03-07,,,,,,,,,,,,,3.61,4.31,4.63,0.7,,,1.55,,,12.26,,,,
2005-03-08,,,,,,,,,,,,,3.62,4.38,4.67,0.76,,,1.54,,,12.4,,,,
2005-03-09,,,,,,,,,,,,,3.66,4.52,4.84,0.86,,,1.53,,,12.7,,,,
2005-03-10,,,,,,,,,,,,,3.68,4.48,4.74,0.8,,,1.51,,,12.49,,,,
2005-03-11,,,,,,,,,,,,,3.73,4.56,4.8,0.83,,,1.48,-0.692,,12.8,,,,
2005-03-12,,,,,,,,,,,324000.0,,,,,,,,,,,,,,,
2005-03-14,,,,,,,,,,,,,3.75,4.52,4.77,0.77,,,1.5,,,12.39,,,,
2005-03-15,,,,,,,,,,,,,3.75,4.54,4.8,0.79,,,1.51,,,13.15,,,,
2005-03-16,,,,,,,,,,,,,3.72,4.52,4.78,0.8,,,1.53,,,13.49,,,,
2005-03-17,,,,,,,,,,,,,3.7,4.47,4.75,0.77,,,1.57,,,13.29,,,,
2005-03-18,,,,,,,,,,,,,3.72,4.51,4.8,0.79,,,1.59,-0.679,,13.14,,,,
2005-03-19,,,,,,,,,,,329000.0,,,,,,,,,,,,,,,
2005-03-21,,,,,,,,,,,,,3.72,4.53,4.85,0.81,,,1.6,,,13.61,,,,
2005-03-22,,,,,,,,,,,,,3.86,4.63,4.88,0.77,,,1.56,,,14.27,,,,
2005-03-23,,,,,,,,,,,,,3.84,4.61,4.86,0.77,,,1.57,,,14.06,,,,
2005-03-24,,,,,,,,,,,,,3.88,4.6,4.84,0.72,,,1.58,,,13.42,,,,
2005-03-25,,,,,,,,,,,,,,,,,,,,-0.664,,,,,,
2005-03-26,,,,,,,,,,,342000.0,,,,,,,,,,,,,,,
2005-03-28,,,,,,,,,,,,,3.9,4.64,4.88,0.74,,,1.58,,,13.75,,,,
2005-03-29,,,,,,,,,,,,,3.87,4.6,4.85,0.73,,,1.6,,,14.49,,,,
2005-03-30,,,,,,,,,,,,,3.86,4.56,4.77,0.7,,,1.61,,,13.64,,,,
2005-03-31,,,,,,,,,,,,,3.8,4.5,4.76,0.7,,,1.64,,,14.02,,,,
2005-04-01,12922.656,15922.782,96.6532,329124.0,193.7,200.2,81.603,81.831,5.2,133520.0,,66.1,3.75,4.46,4.72,0.71,2.79,,1.65,-0.65,87.7,14.09,2061.0,167.503,6461.4,
2005-04-02,,,,,,,,,,,335000.0,,,,,,,,,,,,,,,
2005-04-04,,,,,,,,,,,,,3.74,4.47,4.73,0.73,,,1.65,,,14.11,,,,
2005-04-05,,,,,,,,,,,,,3.75,4.48,4.75,0.73,,,1.66,,,13.68,,,,
2005-04-06,,,,,,,,,,,,,3.7,4.44,4.73,0.74,,,1.67,,,13.15,,,,
2005-04-07,,,,,,,,,,,,,3.72,4.49,4.78,0.77,,,1.65,,,12.33,,,,
2005-04-08,,,,,,,,,,,,,3.77,4.5,4.77,0.73,,,1.64,-0.637,,12.62,,,,
2005-04-09,,,,,,,,,,,323000.0,,,,,,,,,,,,,,,
2005-04-11,,,,,,,,,,,,,3.75,4.45,4.73,0.7,,,1.67,,,11.98,,,,
2005-04-12,,,,,,,,,,,,,3.71,4.38,4.66,0.67,,,1.66,,,11.3,,,,
2005-04-13,,,,,,,,,,,,,3.66,4.38,4.68,0.72,,,1.69,,,13.31,,,,
2005-04-14,,,,,,,,,,,,,3.6,4.37,4.73,0.77,,,1.75,,,14.53,,,,
2005-04-15,,,,,,,,,,,,,3.54,4.27,4.66,0.73,,,1.78,-0.626,,17.74,,,,
2005-04-16,,,,,,,,,,,307000.0,,,,,,,,,,,,,,,
2005-04-18,,,,,,,,,,,,,3.55,4.27,4.62,0.72,,,1.75,,,16.56,,,,
2005-04-19,,,,,,,,,,,,,3.5,4.21,4.53,0.71,,,1.76,,,14.96,,,,
2005-04-20,,,,,,,,,,,,,3.52,4.22,4.59,0.7,,,1.78,,,16.92,,,,
2005-04-21,,,,,,,,,,,,,3.65,4.32,4.62,0.67,,,1.73,,,14.41,,,,
2005-04-22,,,,,,,,,,,,,3.62,4.26,4.6,0.64,,,1.74,-0.616,,15.38,,,,
2005-04-23,,,,,,,,,,,317000.0,,,,,,,,,,,,,,,
2005-04-25,,,,,,,,,,,,,3.64,4.26,4.54,0.62,,,1.71,,,14.62,,,,
2005-04-26,,,,,,,,,,,,,3.67,4.28,4.59,0.61,,,1.7,,,14.91,,,,
2005-04-27,,,,,,,,,,,,,3.64,4.25,4.57,0.61,,,1.72,,,14.87,,,,
2005-04-28,,,,,,,,,,,,,3.59,4.19,4.52,0.6,,,1.75,,,16.86,,,,
2005-04-29,,,,,,,,,,,,,3.66,4.21,4.53,0.55,,,1.76,-0.609,,15.31,,,,
2005-04-30,,,,,,,,,,,334000.0,,,,,,,,,,,,,,,
2005-05-01,,,96.7402,327233.0,193.6,200.5,81.649,81.999,5.1,133689.0,,66.1,,,,,3.0,,,,86.9,,2025.0,169.353,6480.6,
2005-05-02,,,,,,,,,,,,,3.64,4.21,4.53,0.57,,,1.77,,,15.12,,,,
2005-05-03,,,,,,,,,,,,,3.68,4.21,4.49,0.53,,,1.77,,,14.53,,,,
2005-05-04,,,,,,,,,,,,,3.63,4.2,4.6,0.57,,,1.83,,,13.85,,,,
2005-05-05,,,,,,,,,,,,,3.58,4.19,4.6,0.61,,,1.84,,,13.98,,,,
2005-05-06,,,,,,,,,,,,,3.73,4.28,4.62,0.55,,,1.82,-0.604,,14.05,,,,
2005-05-07,,,,,,,,,,,327000.0,,,,,,,,,,,,,,,
2005-05-09,,,,,,,,,,,,,3.76,4.29,4.64,0.53,,,1.78,,,13.75,,,,
2005-05-10,,,,,,,,,,,,,3.69,4.23,4.6,0.54,,,1.82,,,14.91,,,,
2005-05-11,,,,,,,,,,,,,3.68,4.21,4.54,0.53,,,1.81,,,14.45,,,,
2005-05-12,,,,,,,,,,,,,3.66,4.18,4.54,0.52,,,1.83,,,16.12,,,,
2005-05-13,,,,,,,,,,,,,3.61,4.12,4.48,0.51,,,1.88,-0.6,,16.32,,,,
2005-05-14,,,,,,,,,,,321000.0,,,,,,,,,,,,,,,
2005-05-16,,,,,,,,,,,,,3.61,4.13,4.49,0.52,,,1.89,,,15.68,,,,
2005-05-17,,,,,,,,,,,,,3.61,4.12,4.47,0.51,,,1.91,,,14.57,,,,
2005-05-18,,,,,,,,,,,,,3.56,4.07,4.42,0.51,,,1.92,,,13.63,,,,
2005-05-19,,,,,,,,,,,,,3.64,4.11,4.44,0.47,,,1.91,,,13.32,,,,
2005-05-20,,,,,,,,,,,,,3.69,4.13,4.44,0.44,,,1.89,-0.598,,13.14,,,,
2005-05-21,,,,,,,,,,,320000.0,,,,,,,,,,,,,,,
2005-05-23,,,,,,,,,,,,,3.65,4.07,4.38,0.42,,,1.89,,,12.95,,,,
2005-05-24,,,,,,,,,,,,,3.61,4.04,4.35,0.43,,,1.91,,,12.69,,,,
2005-05-25,,,,,,,,,,,,,3.61,4.08,4.4,0.47,,,1.91,,,12.58,,,,
2005-05-26,,,,,,,,,,,,,3.64,4.08,4.45,0.44,,,1.91,,,12.24,,,,
2005-05-27,,,,,,,,,,,,,3.64,4.08,4.45,0.44,,,1.91,-0.598,,12.15,,,,
2005-05-28,,,,,,,,,,,340000.0,,,,,,,,,,,,,,,
2005-05-30,,,,,,,,,,,,,,,,,,,,,,,,,,
2005-05-31,,,,,,,,,,,,,3.6,4.0,4.36,0.4,,,1.9,,,13.29,,,,
2005-06-01,,,97.1753,337219.0,193.7,200.6,81.7,82.056,5.0,133948.0,,66.1,3.5,3.91,4.27,0.41,3.04,,1.91,,96.0,12.36,2068.0,171.192,6513.2,
2005-06-02,,,,,,,,,,,,,3.52,3.89,4.2,0.37,,,1.89,,,11.84,,,,
2005-06-03,,,,,,,,,,,,,3.57,3.98,4.26,0.41,,,1.84,-0.599,,12.15,,,,
2005-06-04,,,,,,,,,,,338000.0,,,,,,,,,,,,,,,
2005-06-06,,,,,,,,,,,,,3.59,3.96,4.23,0.37,,,1.82,,,12.28,,,,
2005-06-07,,,,,,,,,,,,,3.57,3.92,4.18,0.35,,,1.82,,,12.39,,,,
2005-06-08,,,,,,,,,,,,,3.6,3.95,4.24,0.35,,,1.82,,,12.7,,,,
2005-06-09,,,,,,,,,,,,,3.64,3.98,4.23,0.34,,,1.83,,,12.08,,,,
2005-06-10,,,,,,,,,,,,,3.71,4.05,4.3,0.34,,,1.84,-0.6,,11.96,,,,
2005-06-11,,,,,,,,,,,333000.0,,,,,,,,,,,,,,,
2005-06-13,,,,,,,,,,,,,3.71,4.09,4.39,0.38,,,1.84,,,11.65,,,,
2005-06-14,,,,,,,,,,,,,3.71,4.13,4.41,0.42,,,1.87,,,11.79,,,,
2005-06-15,,,,,,,,,,,,,3.72,4.12,4.44,0.4,,,1.87,,,11.46,,,,
2005-06-16,,,,,,,,,,,,,3.7,4.09,4.36,0.39,,,1.86,,,11.15,,,,
2005-06-17,,,,,,,,,,,,,3.72,4.09,4.35,0.37,,,1.85,-0.601,,11.48,,,,
2005-06-18,,,,,,,,,,,321000.0,,,,,,,,,,,,,,,
2005-06-20,,,,,,,,,,,,,3.72,4.11,4.34,0.39,,,1.85,,,11.47,,,,
2005-06-21,,,,,,,,,,,,,3.71,4.06,4.32,0.35,,,1.85,,,11.08,,,,
2005-06-22,,,,,,,,,,,,,3.62,3.95,4.23,0.33,,,1.89,,,11.05,,,,
2005-06-23,,,,,,,,,,,,,3.63,3.96,4.27,0.33,,,1.88,,,12.13,,,,
2005-06-24,,,,,,,,,,,,,3.59,3.92,4.23,0.33,,,1.89,-0.603,,12.18,,,,
2005-06-25,,,,,,,,,,,311000.0,,,,,,,,,,,,,,,
2005-06-27,,,,,,,,,,,,,3.6,3.9,4.25,0.3,,,1.89,,,12.52,,,,
2005-06-28,,,,,,,,,,,,,3.65,3.97,4.22,0.32,,,1.87,,,11.58,,,,
2005-06-29,,,,,,,,,,,,,3.65,3.99,4.24,0.34,,,1.87,,,11.77,,,,
2005-06-30,,,,,,,,,,,,,3.66,3.94,4.19,0.28,,,1.87,,,12.04,,,,
2005-07-01,13142.642,16047.587,96.8676,339529.0,194.9,200.9,82.046,82.176,5.0,134300.0,,66.1,3.76,4.06,4.28,0.3,3.26,,1.83,-0.605,96.5,11.4,2054.0,172.861,6545.1,
2005-07-02,,,,,,,,,,,327000.0,,,,,,,,,,,,,,,
2005-07-04,,,,,,,,,,,,,,,,,,,,,,,,,,
2005-07-05,,,,,,,,,,,,,3.79,4.11,4.34,0.32,,,1.84,,,11.68,,,,
2005-07-06,,,,,,,,,,,,,3.77,4.08,4.31,0.31,,,1.85,,,12.27,,,,
2005-07-07,,,,,,,,,,,,,3.71,4.05,4.28,0.34,,,1.84,,,12.49,,,,
2005-07-08,,,,,,,,,,,,,3.78,4.11,4.33,0.33,,,1.83,-0.606,,11.45,,,,
2005-07-09,,,,,,,,,,,338000.0,,,,,,,,,,,,,,,
2005-07-11,,,,,,,,,,,,,3.81,4.11,4.3,0.3,,,1.81,,,11.28,,,,
2005-07-12,,,,,,,,,,,,,3.82,4.15,4.36,0.33,,,1.8,,,10.95,,,,
2005-07-13,,,,,,,,,,,,,3.84,4.17,4.38,0.33,,,1.79,,,10.84,,,,
2005-07-14,,,,,,,,,,,,,3.86,4.19,4.4,0.33,,,1.78,,,10.81,,,,
2005-07-15,,,,,,,,,,,,,3.86,4.18,4.39,0.32,,,1.77,-0.61,,10.33,,,,
2005-07-16,,,,,,,,,,,323000.0,,,,,,,,,,,,,,,
2005-07-18,,,,,,,,,,,,,3.89,4.22,4.44,0.33,,,1.8,,,10.77,,,,
2005-07-19,,,,,,,,,,,,,3.88,4.2,4.41,0.32,,,1.78,,,10.45,,,,
2005-07-20,,,,,,,,,,,,,3.9,4.17,4.37,0.27,,,1.77,,,10.23,,,,
2005-07-21,,,,,,,,,,,,,3.96,4.28,4.48,0.32,,,1.76,,,10.97,,,,
2005-07-22,,,,,,,,,,,,,3.92,4.23,4.39,0.31,,,1.75,-0.612,,10.52,,,,
2005-07-23,,,,,,,,,,,318000.0,,,,,,,,,,,,,,,
2005-07-25,,,,,,,,,,,,,3.95,4.25,4.44,0.3,,,1.72,,,11.1,,,,
2005-07-26,,,,,,,,,,,,,3.95,4.24,4.44,0.29,,,1.72,,,10.99,,,,
2005-07-27,,,,,,,,,,,,,3.99,4.27,4.42,0.28,,,1.71,,,10.36,,,,
2005-07-28,,,,,,,,,,,,,3.96,4.2,4.38,0.24,,,1.68,,,10.52,,,,
2005-07-29,,,,,,,,,,,,,4.02,4.28,4.42,0.26,,,1.67,-0.613,,11.57,,,,
2005-07-30,,,,,,,,,,,316000.0,,,,,,,,,,,,,,,
2005-08-01,,,97.1833,335605.0,196.1,201.1,82.377,82.243,4.9,134502.0,,66.2,4.04,4.32,4.46,0.28,3.5,,1.67,,89.1,12.08,2095.0,174.442,6576.7,
2005-08-02,,,,,,,,,,,,,4.06,4.34,4.52,0.28,,,1.68,,,11.75,,,,
2005-08-03,,,,,,,,,,,,,4.02,4.3,4.48,0.28,,,1.7,,,11.83,,,,
2005-08-04,,,,,,,,,,,,,4.04,4.32,4.5,0.28,,,1.69,,,12.52,,,,
2005-08-05,,,,,,,,,,,,,4.11,4.4,4.56,0.29,,,1.67,-0.612,,12.48,,,,
2005-08-06,,,,,,,,,,,311000.0,,,,,,,,,,,,,,,
2005-08-08,,,,,,,,,,,,,4.16,4.42,4.58,0.26,,,1.67,,,13.21,,,,
2005-08-09,,,,,,,,,,,,,4.13,4.41,4.56,0.28,,,1.66,,,12.4,,,,
2005-08-10,,,,,,,,,,,,,4.13,4.4,4.56,0.27,,,1.68,,,12.38,,,,
2005-08-11,,,,,,,,,,,,,4.1,4.32,4.51,0.22,,,1.71,,,12.42,,,,
2005-08-12,,,,,,,,,,,,,4.05,4.24,4.42,0.19,,,1.71,-0.61,,12.74,,,,
2005-08-13,,,,,,,,,,,319000.0,,,,,,,,,,,,,,,
2005-08-15,,,,,,,,,,,,,4.08,4.27,4.45,0.19,,,1.71,,,12.26,,,,
2005-08-16,,,,,,,,,,,,,4.03,4.23,4.41,0.2,,,1.71,,,13.52,,,,
2005-08-17,,,,,,,,,,,,,4.07,4.28,4.49,0.21,,,1.71,,,13.3,,,,
2005-08-18,,,,,,,,,,,,,4.01,4.21,4.4,0.2,,,1.73,,,13.42,,,,
2005-08-19,,,,,,,,,,,,,4.03,4.21,4.4,0.18,,,1.72,-0.605,,13.42,,,,
2005-08-20,,,,,,,,,,,315000.0,,,,,,,,,,,,,,,
2005-08-22,,,,,,,,,,,,,4.03,4.22,4.4,0.19,,,1.72,,,13.42,,,,
2005-08-23,,,,,,,,,,,,,4.01,4.2,4.39,0.19,,,1.72,,,13.34,,,,
2005-08-24,,,,,,,,,,,,,3.99,4.19,4.38,0.2,,,1.72,,,14.17,,,,
2005-08-25,,,,,,,,,,,,,4.0,4.18,4.37,0.18,,,1.7,,,13.73,,,,
2005-08-26,,,,,,,,,,,,,4.06,4.2,4.38,0.14,,,1.69,-0.598,,13.72,,,,
2005-08-27,,,,,,,,,,,318000.0,,,,,,,,,,,,,,,
2005-08-29,,,,,,,,,,,,,4.06,4.2,4.37,0.14,,,1.68,,,13.52,,,,
2005-08-30,,,,,,,,,,,,,3.97,4.16,4.34,0.19,,,1.67,,,13.65,,,,
2005-08-31,,,,,,,,,,,,,3.84,4.02,4.23,0.18,,,1.77,,,12.6,,,,
2005-09-01,,,95.3005,336600.0,198.8,201.3,83.172,82.425,5.0,134552.0,,66.1,3.72,4.02,4.28,0.3,3.62,,1.81,,76.9,13.15,2151.0,176.439,6610.2,
2005-09-02,,,,,,,,,,,,,3.75,4.03,4.26,0.28,,,1.84,-0.59,,13.57,,,,
2005-09-03,,,,,,,,,,,326000.0,,,,,,,,,,,,,,,
2005-09-05,,,,,,,,,,,,,,,,,,,,,,,,,,
2005-09-06,,,,,,,,,,,,,3.8,4.09,4.36,0.29,,,1.83,,,12.93,,,,
2005-09-07,,,,,,,,,,,,,3.87,4.15,4.43,0.28,,,1.83,,,12.52,,,,
2005-09-08,,,,,,,,,,,,,3.87,4.15,4.43,0.28,,,1.83,,,12.93,,,,
2005-09-09,,,,,,,,,,,,,3.88,4.14,4.36,0.26,,,1.82,-0.582,,11.98,,,,
2005-09-10,,,,,,,,,,,422000.0,,,,,,,,,,,,,,,
2005-09-12,,,,,,,,,,,,,3.92,4.18,4.45,0.26,,,1.82,,,11.65,,,,
2005-09-13,,,,,,,,,,,,,3.88,4.14,4.38,0.26,,,1.83,,,12.39,,,,
2005-09-14,,,,,,,,,,,,,3.9,4.17,4.41,0.27,,,1.83,,,12.91,,,,
2005-09-15,,,,,,,,,,,,,3.9,4.22,4.51,0.32,,,1.84,,,12.49,,,,
2005-09-16,,,,,,,,,,,,,3.97,4.26,4.56,0.29,,,1.85,-0.575,,11.22,,,,
2005-09-17,,,,,,,,,,,424000.0,,,,,,,,,,,,,,,
2005-09-19,,,,,,,,,,,,,3.93,4.25,4.55,0.32,,,1.85,,,12.14,,,,
2005-09-20,,,,,,,,,,,,,4.0,4.26,4.49,0.26,,,1.81,,,12.64,,,,
2005-09-21,,,,,,,,,,,,,3.96,4.19,4.47,0.23,,,1.84,,,13.79,,,,
2005-09-22,,,,,,,,,,,,,3.95,4.19,4.47,0.24,,,1.84,,,13.33,,,,
2005-09-23,,,,,,,,,,,,,4.02,4.25,4.47,0.23,,,1.83,-0.569,,12.96,,,,
2005-09-24,,,,,,,,,,,359000.0,,,,,,,,,,,,,,,
2005-09-26,,,,,,,,,,,,,4.07,4.3,4.56,0.23,,,1.83,,,13.04,,,,
2005-09-27,,,,,,,,,,,,,4.08,4.3,4.56,0.22,,,1.84,,,12.76,,,,
2005-09-28,,,,,,,,,,,,,4.09,4.26,4.46,0.17,,,1.82,,,12.63,,,,
2005-09-29,,,,,,,,,,,,,4.13,4.29,4.5,0.16,,,1.83,,,12.24,,,,
2005-09-30,,,,,,,,,,,,,4.18,4.34,4.53,0.16,,,1.81,-0.566,,11.92,,,,
2005-10-01,13324.204,16136.734,96.4572,336753.0,199.1,202.0,83.305,82.662,5.0,134641.0,384000.0,66.1,,,,,3.78,,,,74.2,,2065.0,178.029,6644.0,
2005-10-03,,,,,,,,,,,,,4.21,4.39,4.58,0.18,,,1.82,,,12.46,,,,
2005-10-04,,,,,,,,,,,,,4.22,4.38,4.61,0.16,,,1.81,,,13.2,,,,
2005-10-05,,,,,,,,,,,,,4.21,4.36,4.54,0.15,,,1.81,,,14.55,,,,
2005-10-06,,,,,,,,,,,,,4.2,4.37,4.55,0.17,,,1.82,,,14.96,,,,
2005-10-07,,,,,,,,,,,,,4.18,4.35,4.53,0.17,,,1.82,-0.567,,14.59,,,,
2005-10-08,,,,,,,,,,,383000.0,,,,,,,,,,,,,,,
2005-10-10,,,,,,,,,,,,,,,,,,,,,,15.55,,,,
2005-10-11,,,,,,,,,,,,,4.22,4.39,4.56,0.17,,,1.8,,,15.63,,,,
2005-10-12,,,,,,,,,,,,,4.24,4.45,4.62,0.21,,,1.83,,,16.22,,,,
2005-10-13,,,,,,,,,,,,,4.24,4.48,4.66,0.24,,,1.86,,,16.47,,,,
2005-10-14,,,,,,,,,,,,,4.27,4.48,4.67,0.21,,,1.87,-0.571,,14.87,,,,
2005-10-15,,,,,,,,,,,348000.0,,,,,,,,,,,,,,,
2005-10-17,,,,,,,,,,,,,4.29,4.5,4.68,0.21,,,1.84,,,14.67,,,,
2005-10-18,,,,,,,,,,,,,4.27,4.49,4.64,0.22,,,1.84,,,15.33,,,,
2005-10-19,,,,,,,,,,,,,4.25,4.47,4.66,0.22,,,1.86,,,13.5,,,,
2005-10-20,,,,,,,,,,,,,4.27,4.46,4.62,0.19,,,1.86,,,16.11,,,,
2005-10-21,,,,,,,,,,,,,4.22,4.39,4.58,0.17,,,1.85,-0.577,,16.13,,,,
2005-10-22,,,,,,,,,,,324000.0,,,,,,,,,,,,,,,
2005-10-24,,,,,,,,,,,,,4.25,4.45,4.63,0.2,,,1.85,,,14.74,,,,
2005-10-25,,,,,,,,,,,,,4.34,4.54,4.7,0.2,,,1.81,,,14.53,,,,
2005-10-26,,,,,,,,,,,,,4.38,4.6,4.77,0.22,,,1.84,,,14.59,,,,
2005-10-27,,,,,,,,,,,,,4.36,4.57,4.74,0.21,,,1.84,,,16.02,,,,
2005-10-28,,,,,,,,,,,,,4.4,4.58,4.74,0.18,,,1.83,-0.583,,14.25,,,,
2005-10-29,,,,,,,,,,,322000.0,,,,,,,,,,,,,,,
2005-10-31,,,,,,,,,,,,,4.4,4.57,4.73,0.17,,,1.83,,,15.32,,,,
2005-11-01,,,97.5414,339719.0,198.1,202.5,83.131,82.873,5.0,134997.0,,66.0,4.42,4.58,4.74,0.16,4.0,,1.84,,81.6,14.85,2147.0,179.683,6660.6,
2005-11-02,,,,,,,,,,,,,4.43,4.61,4.74,0.18,,,1.84,,,13.48,,,,
2005-11-03,,,,,,,,,,,,,4.47,4.65,4.79,0.18,,,1.82,,,13.0,,,,
2005-11-04,,,,,,,,,,,,,4.47,4.66,4.84,0.19,,,1.82,-0.587,,13.17,,,,
2005-11-05,,,,,,,,,,,325000.0,,,,,,,,,,,,,,,
2005-11-07,,,,,,,,,,,,,4.47,4.65,4.82,0.18,,,1.82,,,13.1,,,,
2005-11-08,,,,,,,,,,,,,4.43,4.57,4.75,0.14,,,1.83,,,13.08,,,,
2005-11-09,,,,,,,,,,,,,4.49,4.64,4.78,0.15,,,1.82,,,12.8,,,,
2005-11-10,,,,,,,,,,,,,4.44,4.55,4.74,0.11,,,1.84,,,11.9,,,,
2005-11-11,,,,,,,,,,,,,,,,,,,,-0.588,,11.63,,,,
2005-11-12,,,,,,,,,,,309000.0,,,,,,,,,,,,,,,
2005-11-14,,,,,,,,,,,,,4.5,4.61,4.75,0.11,,,1.83,,,12.18,,,,
2005-11-15,,,,,,,,,,,,,4.47,4.56,4.7,0.09,,,1.83,,,12.23,,,,
2005-11-16,,,,,,,,,,,,,4.42,4.49,4.63,0.07,,,1.84,,,12.26,,,,
2005-11-17,,,,,,,,,,,,,4.37,4.46,4.6,0.09,,,1.85,,,11.25,,,,
2005-11-18,,,,,,,,,,,,,4.4,4.5,4.68,0.1,,,1.86,-0.585,,11.12,,,,
2005-11-19,,,,,,,,,,,324000.0,,,,,,,,,,,,,,,
2005-11-21,,,,,,,,,,,,,4.39,4.46,4.62,0.07,,,1.87,,,10.82,,,,
2005-11-22,,,,,,,,,,,,,4.32,4.43,4.65,0.11,,,1.91,,,10.6,,,,
2005-11-23,,,,,,,,,,,,,4.36,4.47,4.7,0.11,,,1.91,,,10.96,,,,
2005-11-24,,,,,,,,,,,,,,,,,,,,,,,,,,
2005-11-25,,,,,,,,,,,,,4.33,4.43,4.66,0.1,,,1.91,-0.58,,10.88,,,,
2005-11-26,,,,,,,,,,,311000.0,,,,,,,,,,,,,,,
2005-11-28,,,,,,,,,,,,,4.33,4.41,4.58,0.08,,,1.89,,,11.84,,,,
2005-11-29,,,,,,,,,,,,,4.4,4.48,4.65,0.08,,,1.88,,,11.89,,,,
2005-11-30,,,,,,,,,,,,,4.42,4.49,4.66,0.07,,,1.89,,,12.06,,,,
2005-12-01,,,98.0452,339895.0,198.1,202.8,83.131,82.959,4.9,135159.0,,66.0,4.45,4.52,4.68,0.07,4.16,,1.87,,91.5,11.24,1994.0,180.911,6687.4,
2005-12-02,,,,,,,,,,,,,4.43,4.52,4.68,0.09,,,1.87,-0.574,,11.01,,,,
2005-12-03,,,,,,,,,,,321000.0,,,,,,,,,,,,,,,
2005-12-05,,,,,,,,,,,,,4.47,4.57,4.72,0.1,,,1.86,,,11.6,,,,
2005-12-06,,,,,,,,,,,,,4.42,4.49,4.68,0.07,,,1.88,,,11.52,,,,
2005-12-07,,,,,,,,,,,,,4.42,4.52,4.67,0.1,,,1.88,,,12.18,,,,
2005-12-08,,,,,,,,,,,,,4.37,4.47,4.62,0.1,,,1.88,,,12.21,,,,
2005-12-09,,,,,,,,,,,,,4.43,4.54,4.72,0.11,,,1.88,-0.567,,11.69,,,,
2005-12-10,,,,,,,,,,,327000.0,,,,,,,,,,,,,,,
2005-12-12,,,,,,,,,,,,,4.45,4.56,4.69,0.11,,,1.86,,,11.47,,,,
2005-12-13,,,,,,,,,,,,,4.43,4.54,4.68,0.11,,,1.88,,,11.11,,,,
2005-12-14,,,,,,,,,,,,,4.37,4.45,4.63,0.08,,,1.88,,,10.48,,,,
2005-12-15,,,,,,,,,,,,,4.37,4.47,4.62,0.1,,,1.87,,,10.73,,,,
2005-12-16,,,,,,,,,,,,,4.37,4.45,4.63,0.08,,,1.85,-0.562,,10.68,,,,
2005-12-17,,,,,,,,,,,312000.0,,,,,,,,,,,,,,,
2005-12-19,,,,,,,,,,,,,4.38,4.45,4.62,0.07,,,1.84,,,11.38,,,,
2005-12-20,,,,,,,,,,,,,4.42,4.47,4.63,0.05,,,1.84,,,11.19,,,,
2005-12-21,,,,,,,,,,,,,4.43,4.49,4.65,0.06,,,1.84,,,10.81,,,,
2005-12-22,,,,,,,,,,,,,4.4,4.44,4.59,0.04,,,1.83,,,10.29,,,,
2005-12-23,,,,,,,,,,,,,4.37,4.38,4.52,0.01,,,1.83,-0.561,,10.27,,,,
2005-12-24,,,,,,,,,,,320000.0,,,,,,,,,,,,,,,
2005-12-26,,,,,,,,,,,,,,,,,,,,,,,,,,
2005-12-27,,,,,,,,,,,,,4.35,4.34,4.48,-0.01,,,1.83,,,11.57,,,,
2005-12-28,,,,,,,,,,,,,4.37,4.38,4.51,0.01,,,1.82,,,11.35,,,,
2005-12-29,,,,,,,,,,,,,4.38,4.37,4.49,-0.01,,,1.82,,,11.61,,,,
2005-12-30,,,,,,,,,,,,,4.41,4.39,4.51,-0.02,,,1.82,-0.563,,12.07,,,,
2005-12-31,,,,,,,,,,,302000.0,,,,,,,,,,,,,,,
2006-01-01,13599.16,16353.835,98.1999,349664.0,199.3,203.2,83.534,83.145,4.7,135427.0,,66.0,,,,,4.29,,,,91.2,,2273.0,182.321,6728.4,
2006-01-02,,,,,,,,,,,,,,,,,,,,,,,,,,101.4155
2006-01-03,,,,,,,,,,,,,4.34,4.37,4.52,0.03,,,1.84,,,11.14,,,,100.7558
2006-01-04,,,,,,,,,,,,,4.31,4.36,4.55,0.05,,,1.84,,,11.37,,,,100.2288
2006-01-05,,,,,,,,,,,,,4.32,4.36,4.51,0.04,,,1.84,,,11.31,,,,100.2992
2006-01-06,,,,,,,,,,,,,4.36,4.38,4.53,0.02,,,1.84,-0.569,,11.0,,,,100.0241
2006-01-07,,,,,,,,,,,326000.0,,,,,,,,,,,,,,,
2006-01-09,,,,,,,,,,,,,4.36,4.38,4.53,0.02,,,1.84,,,11.13,,,,100.1794
2006-01-10,,,,,,,,,,,,,4.41,4.43,4.62,0.02,,,1.84,,,10.86,,,,100.1436
2006-01-11,,,,,,,,,,,,,4.44,4.46,4.61,0.02,,,1.84,,,10.94,,,,99.871
2006-01-12,,,,,,,,,,,,,4.39,4.42,4.56,0.03,,,1.83,,,11.2,,,,100.0643
2006-01-13,,,,,,,,,,,,,4.34,4.36,4.49,0.02,,,1.82,-0.579,,11.23,,,,99.9675
2006-01-14,,,,,,,,,,,285000.0,,,,,,,,,,,,,,,
2006-01-16,,,,,,,,,,,,,,,,,,,,,,,,,,99.9715
2006-01-17,,,,,,,,,,,,,4.33,4.34,4.52,0.01,,,1.83,,,11.91,,,,100.2447
2006-01-18,,,,,,,,,,,,,4.33,4.34,4.53,0.01,,,1.84,,,12.25,,,,100.4085
2006-01-19,,,,,,,,,,,,,4.37,4.38,4.51,0.01,,,1.83,,,11.98,,,,100.1862
2006-01-20,,,,,,,,,,,,,4.37,4.37,4.54,0.0,,,1.81,-0.59,,14.56,,,,99.9017
2006-01-21,,,,,,,,,,,290000.0,,,,,,,,,,,,,,,
2006-01-23,,,,,,,,,,,,,4.35,4.36,4.54,0.01,,,1.82,,,13.93,,,,99.3783
2006-01-24,,,,,,,,,,,,,4.37,4.4,4.53,0.03,,,1.81,,,13.31,,,,99.3434
2006-01-25,,,,,,,,,,,,,4.46,4.49,4.62,0.03,,,1.8,,,12.87,,,,99.348
2006-01-26,,,,,,,,,,,,,4.49,4.53,4.66,0.04,,,1.8,,,12.42,,,,99.4798
2006-01-27,,,,,,,,,,,,,4.51,4.52,4.7,0.01,,,1.78,-0.602,,11.97,,,,99.6433
2006-01-28,,,,,,,,,,,282000.0,,,,,,,,,,,,,,,
2006-01-30,,,,,,,,,,,,,4.52,4.54,4.67,0.02,,,1.79,,,12.39,,,,99.7144
2006-01-31,,,,,,,,,,,,,4.54,4.53,4.69,-0.01,,,1.78,,,12.95,,,,99.4311
2006-02-01,,,98.2413,347021.0,199.4,203.6,83.584,83.279,4.8,135733.0,,66.1,4.59,4.57,4.69,-0.02,4.49,,1.76,,86.7,12.36,2119.0,183.287,6753.1,99.6132
2006-02-02,,,,,,,,,,,,,4.59,4.57,4.68,-0.02,,,1.74,,,13.23,,,,99.7916
2006-02-03,,,,,,,,,,,,,4.59,4.54,4.64,-0.05,,,1.72,-0.613,,12.96,,,,100.118
2006-02-04,,,,,,,,,,,289000.0,,,,,,,,,,,,,,,
2006-02-06,,,,,,,,,,,,,4.62,4.55,4.61,-0.07,,,1.69,,,13.04,,,,100.1372
2006-02-07,,,,,,,,,,,,,4.61,4.57,4.64,-0.04,,,1.71,,,13.59,,,,100.1759
2006-02-08,,,,,,,,,,,,,4.64,4.56,4.67,-0.08,,,1.75,,,12.83,,,,100.4879
2006-02-09,,,,,,,,,,,,,4.66,4.54,4.51,-0.12,,,1.73,,,13.12,,,,100.2117
2006-02-10,,,,,,,,,,,,,4.69,4.59,4.55,-0.1,,,1.71,-0.622,,12.87,,,,100.322
2006-02-11,,,,,,,,,,,298000.0,,,,,,,,,,,,,,,
2006-02-13,,,,,,,,,,,,,4.68,4.58,4.56,-0.1,,,1.72,,,13.35,,,,100.3955
2006-02-14,,,,,,,,,,,,,4.69,4.62,4.6,-0.07,,,1.71,,,12.25,,,,100.3987
2006-02-15,,,,,,,,,,,,,4.71,4.61,4.58,-0.1,,,1.7,,,12.31,,,,100.4489
2006-02-16,,,,,,,,,,,,,4.69,4.59,4.57,-0.1,,,1.71,,,11.48,,,,100.5183
2006-02-17,,,,,,,,,,,,,4.66,4.54,4.51,-0.12,,,1.7,-0.629,,12.01,,,,100.3404
2006-02-18,,,,,,,,,,,283000.0,,,,,,,,,,,,,,,
2006-02-20,,,,,,,,,,,,,,,,,,,,,,,,,,100.3447
2006-02-21,,,,,,,,,,,,,4.71,4.57,4.53,-0.14,,,1.68,,,12.41,,,,100.2346
2006-02-22,,,,,,,,,,,,,4.68,4.53,4.48,-0.15,,,1.68,,,11.88,,,,100.3879
2006-02-23,,,,,,,,,,,,,4.72,4.56,4.51,-0.16,,,1.67,,,11.87,,,,100.1956
2006-02-24,,,,,,,,,,,,,4.74,4.58,4.52,-0.16,,,1.64,-0.633,,11.46,,,,100.2594
2006-02-25,,,,,,,,,,,293000.0,,,,,,,,,,,,,,,
2006-02-27,,,,,,,,,,,,,4.74,4.59,4.55,-0.15,,,1.65,,,11.59,,,,100.0724
2006-02-28,,,,,,,,,,,,,4.69,4.55,4.51,-0.14,,,1.65,,,12.34,,,,99.7695
2006-03-01,,,98.4628,348357.0,199.7,204.3,83.746,83.509,4.7,136038.0,,66.2,4.71,4.59,4.56,-0.12,4.59,,1.66,,88.9,11.54,1969.0,184.364,6766.9,99.8355
2006-03-02,,,,,,,,,,,,,4.72,4.64,4.62,-0.08,,,1.66,,,11.72,,,,99.5969
2006-03-03,,,,,,,,,,,,,4.76,4.68,4.66,-0.08,,,1.67,-0.634,,11.96,,,,99.7024
2006-03-04,,,,,,,,,,,302000.0,,,,,,,,,,,,,,,
2006-03-06,,,,,,,,,,,,,4.77,4.74,4.72,-0.03,,,1.67,,,12.74,,,,99.9834
2006-03-07,,,,,,,,,,,,,4.77,4.74,4.72,-0.03,,,1.67,,,12.66,,,,100.564
2006-03-08,,,,,,,,,,,,,4.72,4.73,4.72,0.01,,,1.68,,,12.32,,,,100.8565
2006-03-09,,,,,,,,,,,,,4.72,4.74,4.72,0.02,,,1.67,,,12.68,,,,100.7718
2006-03-10,,,,,,,,,,,,,4.74,4.76,4.74,0.02,,,1.67,-0.633,,11.85,,,,100.9566
2006-03-11,,,,,,,,,,,307000.0,,,,,,,,,,,,,,,
2006-03-13,,,,,,,,,,,,,4.74,4.77,4.77,0.03,,,1.69,,,11.37,,,,100.8563
2006-03-14,,,,,,,,,,,,,4.66,4.71,4.71,0.05,,,1.68,,,10.74,,,,100.312
2006-03-15,,,,,,,,,,,,,4.69,4.73,4.75,0.04,,,1.7,,,11.35,,,,100.2121
2006-03-16,,,,,,,,,,,,,4.62,4.65,4.7,0.03,,,1.72,,,11.98,,,,99.9049
2006-03-17,,,,,,,,,,,,,4.65,4.68,4.72,0.03,,,1.7,-0.632,,12.12,,,,99.8614
2006-03-18,,,,,,,,,,,303000.0,,,,,,,,,,,,,,,
2006-03-20,,,,,,,,,,,,,4.65,4.66,4.7,0.01,,,1.7,,,11.79,,,,100.0491
2006-03-21,,,,,,,,,,,,,4.72,4.71,4.74,-0.01,,,1.7,,,11.62,,,,100.4716
2006-03-22,,,,,,,,,,,,,4.74,4.7,4.73,-0.04,,,1.69,,,11.21,,,,100.496
2006-03-23,,,,,,,,,,,,,4.77,4.73,4.75,-0.04,,,1.7,,,11.17,,,,100.8256
2006-03-24,,,,,,,,,,,,,4.72,4.67,4.7,-0.05,,,1.7,-0.63,,11.19,,,,100.7773
2006-03-25,,,,,,,,,,,295000.0,,,,,,,,,,,,,,,
2006-03-27,,,,,,,,,,,,,4.72,4.7,4.73,-0.02,,,1.7,,,11.46,,,,100.8359
2006-03-28,,,,,,,,,,,,,4.81,4.79,4.8,-0.02,,,1.68,,,11.58,,,,100.7995
2006-03-29,,,,,,,,,,,,,4.82,4.81,4.84,-0.01,,,1.71,,,10.95,,,,101.0474
2006-03-30,,,,,,,,,,,,,4.84,4.86,4.89,0.02,,,1.7,,,11.57,,,,100.5698
2006-03-31,,,,,,,,,,,,,4.82,4.86,4.9,0.04,,,1.69,-0.628,,11.39,,,,100.56
2006-04-01,13753.424,16396.151,98.7618,350072.0,200.7,204.8,84.135,83.764,4.7,136210.0,291000.0,66.1,,,,,4.79,,,,87.4,,1821.0,184.33,6806.3,
2006-04-03,,,,,,,,,,,,,4.86,4.88,4.9,0.02,,,1.68,,,11.57,,,,100.6204
2006-04-04,,,,,,,,,,,,,4.84,4.87,4.91,0.03,,,1.69,,,11.14,,,,100.1319
2006-04-05,,,,,,,,,,,,,4.81,4.84,4.9,0.03,,,1.7,,,11.13,,,,100.0792
2006-04-06,,,,,,,,,,,,,4.84,4.9,4.96,0.06,,,1.7,,,11.45,,,,100.1578
2006-04-07,,,,,,,,,,,,,4.89,4.97,5.04,0.08,,,1.7,-0.626,,12.26,,,,100.4187
2006-04-08,,,,,,,,,,,299000.0,,,,,,,,,,,,,,,
2006-04-10,,,,,,,,,,,,,4.89,4.97,5.04,0.08,,,1.7,,,12.19,,,,100.4091
2006-04-11,,,,,,,,,,,,,4.88,4.93,5.0,0.05,,,1.71,,,13.0,,,,100.2903
2006-04-12,,,,,,,,,,,,,4.91,4.98,5.05,0.07,,,1.71,,,12.76,,,,100.3589
2006-04-13,,,,,,,,,,,,,4.96,5.05,5.11,0.09,,,1.69,,,12.38,,,,100.4759
2006-04-14,,,,,,,,,,,,,,,,,,,,-0.623,,,,,,100.4697
2006-04-15,,,,,,,,,,,299000.0,,,,,,,,,,,,,,,
2006-04-17,,,,,,,,,,,,,4.91,5.01,5.08,0.1,,,1.7,,,12.58,,,,99.8719
2006-04-18,,,,,,,,,,,,,4.84,4.99,5.07,0.15,,,1.7,,,11.4,,,,99.6747
2006-04-19,,,,,,,,,,,,,4.86,5.04,5.13,0.18,,,1.7,,,11.32,,,,99.3467
2006-04-20,,,,,,,,,,,,,4.89,5.04,5.14,0.15,,,1.7,,,11.64,,,,99.4974
2006-04-21,,,,,,,,,,,,,4.9,5.01,5.1,0.11,,,1.7,-0.622,,11.59,,,,99.4345
2006-04-22,,,,,,,,,,,308000.0,,,,,,,,,,,,,,,
2006-04-24,,,,,,,,,,,,,4.89,4.99,5.07,0.1,,,1.67,,,11.75,,,,99.117
2006-04-25,,,,,,,,,,,,,4.95,5.07,5.16,0.12,,,1.68,,,11.75,,,,98.9687
2006-04-26,,,,,,,,,,,,,4.99,5.12,5.18,0.13,,,1.64,,,11.76,,,,98.8907
2006-04-27,,,,,,,,,,,,,4.91,5.09,5.18,0.18,,,1.67,,,11.84,,,,98.5149
2006-04-28,,,,,,,,,,,,,4.87,5.07,5.17,0.2,,,1.67,-0.619,,11.59,,,,98.1412
2006-04-29,,,,,,,,,,,321000.0,,,,,,,,,,,,,,,
2006-05-01,,,98.7869,348889.0,201.3,205.4,84.361,83.974,4.6,136249.0,,66.1,4.94,5.14,5.23,0.2,4.94,,1.63,,79.1,12.54,1942.0,184.157,6815.7,97.9085
2006-05-02,,,,,,,,,,,,,4.92,5.12,5.2,0.2,,,1.61,,,11.99,,,,97.6571
2006-05-03,,,,,,,,,,,,,4.94,5.15,5.24,0.21,,,1.61,,,11.99,,,,97.5572
2006-05-04,,,,,,,,,,,,,4.97,5.16,5.23,0.19,,,1.6,,,11.86,,,,97.4878
2006-05-05,,,,,,,,,,,,,4.94,5.12,5.2,0.18,,,1.6,-0.614,,11.62,,,,97.2585
2006-05-06,,,,,,,,,,,347000.0,,,,,,,,,,,,,,,
2006-05-08,,,,,,,,,,,,,4.97,5.12,5.19,0.15,,,1.59,,,12.0,,,,97.1945
2006-05-09,,,,,,,,,,,,,4.97,5.13,5.2,0.16,,,1.59,,,11.99,,,,96.9578
2006-05-10,,,,,,,,,,,,,5.01,5.13,5.19,0.12,,,1.58,,,11.78,,,,96.6391
2006-05-11,,,,,,,,,,,,,4.99,5.14,5.23,0.15,,,1.61,,,12.49,,,,96.5383
2006-05-12,,,,,,,,,,,,,5.01,5.19,5.29,0.18,,,1.63,-0.606,,14.19,,,,96.8788
2006-05-13,,,,,,,,,,,335000.0,,,,,,,,,,,,,,,
2006-05-15,,,,,,,,,,,,,4.99,5.15,5.26,0.16,,,1.64,,,13.57,,,,97.3588
2006-05-16,,,,,,,,,,,,,4.96,5.1,5.22,0.14,,,1.66,,,13.35,,,,97.1959
2006-05-17,,,,,,,,,,,,,4.97,5.16,5.28,0.19,,,1.66,,,16.26,,,,97.4725
2006-05-18,,,,,,,,,,,,,4.94,5.08,5.18,0.14,,,1.66,,,16.99,,,,97.7033
2006-05-19,,,,,,,,,,,,,4.96,5.05,5.14,0.09,,,1.65,-0.595,,17.18,,,,97.933
2006-05-20,,,,,,,,,,,319000.0,,,,,,,,,,,,,,,
2006-05-22,,,,,,,,,,,,,4.94,5.04,5.13,0.1,,,1.66,,,17.72,,,,97.9377
2006-05-23,,,,,,,,,,,,,4.97,5.07,5.16,0.1,,,1.65,,,18.26,,,,97.7045
2006-05-24,,,,,,,,,,,,,4.94,5.03,5.13,0.09,,,1.68,,,17.36,,,,98.3936
2006-05-25,,,,,,,,,,,,,4.98,5.07,5.17,0.09,,,1.67,,,15.5,,,,97.8423
2006-05-26,,,,,,,,,,,,,4.96,5.06,5.16,0.1,,,1.67,-0.582,,14.26,,,,97.8995
2006-05-27,,,,,,,,,,,330000.0,,,,,,,,,,,,,,,
2006-05-29,,,,,,,,,,,,,,,,,,,,,,,,,,97.8936
2006-05-30,,,,,,,,,,,,,4.99,5.09,5.19,0.1,,,1.67,,,18.66,,,,97.588
2006-05-31,,,,,,,,,,,,,5.04,5.12,5.21,0.08,,,1.66,,,16.44,,,,97.7705
2006-06-01,,,99.0997,350795.0,201.8,205.9,84.569,84.186,4.6,136337.0,,66.2,5.04,5.11,5.2,0.07,4.99,,1.66,,84.9,14.52,1802.0,183.508,6854.0,97.7726
2006-06-02,,,,,,,,,,,,,4.92,5.0,5.1,0.08,,,1.67,-0.567,,14.32,,,,97.5544
2006-06-03,,,,,,,,,,,307000.0,,,,,,,,,,,,,,,
2006-06-05,,,,,,,,,,,,,4.99,5.02,5.1,0.03,,,1.67,,,16.65,,,,97.3681
2006-06-06,,,,,,,,,,,,,4.99,5.01,5.08,0.02,,,1.65,,,17.34,,,,98.1449
2006-06-07,,,,,,,,,,,,,5.02,5.02,5.09,0.0,,,1.67,,,17.8,,,,98.1641
2006-06-08,,,,,,,,,,,,,5.01,5.0,5.06,-0.01,,,1.66,,,18.35,,,,98.9313
2006-06-09,,,,,,,,,,,,,5.01,4.98,5.03,-0.03,,,1.66,-0.554,,18.12,,,,98.5471
2006-06-10,,,,,,,,,,,298000.0,,,,,,,,,,,,,,,
2006-06-12,,,,,,,,,,,,,5.02,4.99,5.03,-0.03,,,1.65,,,20.96,,,,98.5494
2006-06-13,,,,,,,,,,,,,5.02,4.97,5.01,-0.05,,,1.67,,,23.81,,,,98.9201
2006-06-14,,,,,,,,,,,,,5.11,5.05,5.09,-0.06,,,1.67,,,21.46,,,,98.8338
2006-06-15,,,,,,,,,,,,,5.14,5.1,5.13,-0.04,,,1.67,,,15.9,,,,98.8846
2006-06-16,,,,,,,,,,,,,5.16,5.13,5.17,-0.03,,,1.67,-0.541,,17.25,,,,98.9127
2006-06-17,,,,,,,,,,,308000.0,,,,,,,,,,,,,,,
2006-06-19,,,,,,,,,,,,,5.19,5.14,5.18,-0.05,,,1.67,,,17.83,,,,99.145
2006-06-20,,,,,,,,,,,,,5.19,5.15,5.19,-0.04,,,1.67,,,16.69,,,,99.0117
2006-06-21,,,,,,,,,,,,,5.2,5.16,5.19,-0.04,,,1.68,,,15.52,,,,98.5544
2006-06-22,,,,,,,,,,,,,5.23,5.2,5.23,-0.03,,,1.69,,,15.88,,,,99.0856
2006-06-23,,,,,,,,,,,,,5.27,5.23,5.26,-0.04,,,1.69,-0.532,,15.89,,,,99.4216
2006-06-24,,,,,,,,,,,309000.0,,,,,,,,,,,,,,,
2006-06-26,,,,,,,,,,,,,5.27,5.25,5.28,-0.02,,,1.69,,,15.62,,,,99.3634
2006-06-27,,,,,,,,,,,,,5.24,5.21,5.24,-0.03,,,1.7,,,16.4,,,,99.219
2006-06-28,,,,,,,,,,,,,5.29,5.25,5.28,-0.04,,,1.69,,,15.79,,,,99.392
2006-06-29,,,,,,,,,,,,,5.21,5.22,5.26,0.01,,,1.69,,,13.03,,,,99.2158
2006-06-30,,,,,,,,,,,,,5.16,5.15,5.19,-0.01,,,1.67,-0.528,,13.08,,,,98.2483
2006-07-01,13870.188,16420.738,99.0489,351916.0,202.9,206.3,84.858,84.268,4.7,136529.0,316000.0,66.1,,,,,5.24,,,,84.7,,1737.0,183.066,6896.1,
2006-07-03,,,,,,,,,,,,,5.17,5.15,5.2,-0.02,,,1.68,,,13.05,,,,98.0371
2006-07-04,,,,,,,,,,,,,,,,,,,,,,,,,,98.0221
2006-07-05,,,,,,,,,,,,,5.24,5.23,5.27,-0.01,,,1.67,,,14.15,,,,98.308
2006-07-06,,,,,,,,,,,,,5.22,5.19,5.23,-0.03,,,1.66,,,13.65,,,,98.138
2006-07-07,,,,,,,,,,,,,5.17,5.14,5.18,-0.03,,,1.66,-0.529,,13.97,,,,97.7508
2006-07-08,,,,,,,,,,,343000.0,,,,,,,,,,,,,,,
2006-07-10,,,,,,,,,,,,,5.17,5.13,5.17,-0.04,,,1.66,,,14.02,,,,97.9813
2006-07-11,,,,,,,,,,,,,5.17,5.1,5.14,-0.07,,,1.67,,,13.14,,,,98.2132
2006-07-12,,,,,,,,,,,,,5.17,5.1,5.14,-0.07,,,1.66,,,14.49,,,,98.5202
2006-07-13,,,,,,,,,,,,,5.12,5.08,5.12,-0.04,,,1.66,,,17.79,,,,98.5583
2006-07-14,,,,,,,,,,,,,5.08,5.07,5.11,-0.01,,,1.69,-0.535,,18.05,,,,98.6814
2006-07-15,,,,,,,,,,,318000.0,,,,,,,,,,,,,,,
2006-07-17,,,,,,,,,,,,,5.12,5.07,5.1,-0.05,,,1.68,,,18.64,,,,99.0767
2006-07-18,,,,,,,,,,,,,5.19,5.13,5.16,-0.06,,,1.68,,,17.74,,,,99.1341
2006-07-19,,,,,,,,,,,,,5.12,5.06,5.1,-0.06,,,1.69,,,15.55,,,,98.9262
2006-07-20,,,,,,,,,,,,,5.06,5.03,5.08,-0.03,,,1.69,,,16.21,,,,98.6014
2006-07-21,,,,,,,,,,,,,5.08,5.05,5.1,-0.03,,,1.69,-0.545,,17.4,,,,98.5221
2006-07-22,,,,,,,,,,,306000.0,,,,,,,,,,,,,,,
2006-07-24,,,,,,,,,,,,,5.1,5.05,5.11,-0.05,,,1.69,,,14.98,,,,98.7795
2006-07-25,,,,,,,,,,,,,5.11,5.07,5.13,-0.04,,,1.68,,,14.85,,,,98.9388
2006-07-26,,,,,,,,,,,,,5.06,5.04,5.1,-0.02,,,1.68,,,14.62,,,,98.742
2006-07-27,,,,,,,,,,,,,5.07,5.07,5.11,0.0,,,1.65,,,14.94,,,,98.2283
2006-07-28,,,,,,,,,,,,,4.98,5.0,5.07,0.02,,,1.67,-0.558,,14.33,,,,98.0539
2006-07-29,,,,,,,,,,,311000.0,,,,,,,,,,,,,,,
2006-07-31,,,,,,,,,,,,,4.97,4.99,5.07,0.02,,,1.68,,,14.95,,,,97.9996
2006-08-01,,,99.4836,353285.0,203.8,206.8,85.125,84.44,4.7,136692.0,,66.2,4.97,4.99,5.07,0.02,5.25,,1.69,,82.0,15.05,1650.0,182.592,6926.4,98.1715
2006-08-02,,,,,,,,,,,,,4.97,4.96,5.05,-0.01,,,1.69,,,14.34,,,,97.9432
2006-08-03,,,,,,,,,,,,,4.98,4.96,5.04,-0.02,,,1.68,,,14.46,,,,98.0694
2006-08-04,,,,,,,,,,,,,4.91,4.91,5.0,0.0,,,1.69,-0.572,,14.34,,,,97.6005
2006-08-05,,,,,,,,,,,318000.0,,,,,,,,,,,,,,,
2006-08-07,,,,,,,,,,,,,4.96,4.93,5.0,-0.03,,,1.67,,,15.23,,,,97.5088
2006-08-08,,,,,,,,,,,,,4.91,4.93,5.02,0.02,,,1.7,,,15.23,,,,97.6524
2006-08-09,,,,,,,,,,,,,4.91,4.92,5.05,0.01,,,1.73,,,15.2,,,,97.4402
2006-08-10,,,,,,,,,,,,,4.93,4.93,5.06,0.0,,,1.73,,,14.46,,,,97.8887
2006-08-11,,,,,,,,,,,,,4.96,4.97,5.09,0.01,,,1.72,-0.585,,14.3,,,,97.7863
2006-08-12,,,,,,,,,,,310000.0,,,,,,,,,,,,,,,
2006-08-14,,,,,,,,,,,,,5.01,5.0,5.12,-0.01,,,1.69,,,14.26,,,,97.9677
2006-08-15,,,,,,,,,,,,,4.94,4.93,5.05,-0.01,,,1.7,,,13.42,,,,97.8043
2006-08-16,,,,,,,,,,,,,4.87,4.87,5.0,0.0,,,1.71,,,12.41,,,,97.3894
2006-08-17,,,,,,,,,,,,,4.89,4.87,5.0,-0.02,,,1.71,,,12.24,,,,97.3486
2006-08-18,,,,,,,,,,,,,4.87,4.84,4.97,-0.03,,,1.71,-0.596,,11.64,,,,97.7577
2006-08-19,,,,,,,,,,,315000.0,,,,,,,,,,,,,,,
2006-08-21,,,,,,,,,,,,,4.85,4.82,4.96,-0.03,,,1.72,,,12.22,,,,97.3856
2006-08-22,,,,,,,,,,,,,4.87,4.82,4.95,-0.05,,,1.71,,,12.19,,,,97.6079
2006-08-23,,,,,,,,,,,,,4.87,4.82,4.95,-0.05,,,1.72,,,12.4,,,,97.5731
2006-08-24,,,,,,,,,,,,,4.88,4.81,4.94,-0.07,,,1.72,,,12.4,,,,97.7939
2006-08-25,,,,,,,,,,,,,4.86,4.79,4.93,-0.07,,,1.74,-0.603,,12.31,,,,97.8827
2006-08-26,,,,,,,,,,,314000.0,,,,,,,,,,,,,,,
2006-08-28,,,,,,,,,,,,,4.88,4.8,4.94,-0.08,,,1.73,,,12.18,,,,97.8467
2006-08-29,,,,,,,,,,,,,4.87,4.79,4.93,-0.08,,,1.74,,,12.28,,,,97.7748
2006-08-30,,,,,,,,,,,,,4.83,4.76,4.91,-0.07,,,1.74,,,12.22,,,,97.5792
2006-08-31,,,,,,,,,,,,,4.79,4.74,4.88,-0.05,,,1.73,,,12.31,,,,97.644
2006-09-01,,,99.3183,351240.0,202.8,207.2,84.902,84.573,4.5,136826.0,,66.1,4.77,4.73,4.87,-0.04,5.25,,1.73,-0.606,85.4,11.96,1720.0,182.797,6952.8,97.5084
2006-09-02,,,,,,,,,,,315000.0,,,,,,,,,,,,,,,
2006-09-04,,,,,,,,,,,,,,,,,,,,,,,,,,97.4981
2006-09-05,,,,,,,,,,,,,4.8,4.78,4.93,-0.02,,,1.73,,,12.63,,,,97.4392
2006-09-06,,,,,,,,,,,,,4.82,4.8,4.95,-0.02,,,1.73,,,13.74,,,,97.6087
2006-09-07,,,,,,,,,,,,,4.82,4.8,4.94,-0.02,,,1.72,,,13.88,,,,97.8108
2006-09-08,,,,,,,,,,,,,4.8,4.78,4.92,-0.02,,,1.72,-0.606,,13.16,,,,98.2119
2006-09-09,,,,,,,,,,,314000.0,,,,,,,,,,,,,,,
2006-09-11,,,,,,,,,,,,,4.83,4.8,4.95,-0.03,,,1.72,,,12.99,,,,98.3845
2006-09-12,,,,,,,,,,,,,4.82,4.78,4.91,-0.04,,,1.7,,,11.92,,,,98.2781
2006-09-13,,,,,,,,,,,,,4.8,4.77,4.9,-0.03,,,1.7,,,11.18,,,,98.1775
2006-09-14,,,,,,,,,,,,,4.83,4.79,4.92,-0.04,,,1.7,,,11.55,,,,98.0088
2006-09-15,,,,,,,,,,,,,4.87,4.8,4.92,-0.07,,,1.69,-0.605,,11.76,,,,98.2104
2006-09-16,,,,,,,,,,,324000.0,,,,,,,,,,,,,,,
2006-09-18,,,,,,,,,,,,,4.88,4.81,4.93,-0.07,,,1.68,,,11.78,,,,98.1332
2006-09-19,,,,,,,,,,,,,4.79,4.74,4.86,-0.05,,,1.69,,,11.98,,,,98.1703
2006-09-20,,,,,,,,,,,,,4.81,4.73,4.85,-0.08,,,1.69,,,11.39,,,,98.1556
2006-09-21,,,,,,,,,,,,,4.71,4.65,4.78,-0.06,,,1.71,,,12.25,,,,97.9458
2006-09-22,,,,,,,,,,,,,4.67,4.6,4.74,-0.07,,,1.72,-0.605,,12.59,,,,97.8667
2006-09-23,,,,,,,,,,,319000.0,,,,,,,,,,,,,,,
2006-09-25,,,,,,,,,,,,,4.63,4.56,4.7,-0.07,,,1.72,,,12.12,,,,97.9909
2006-09-26,,,,,,,,,,,,,4.68,4.59,4.71,-0.09,,,1.71,,,11.53,,,,98.0555
2006-09-27,,,,,,,,,,,,,4.66,4.6,4.73,-0.06,,,1.71,,,11.58,,,,98.0107
2006-09-28,,,,,,,,,,,,,4.68,4.63,4.76,-0.05,,,1.73,,,11.72,,,,98.0381
2006-09-29,,,,,,,,,,,,,4.71,4.64,4.77,-0.07,,,1.72,-0.606,,11.98,,,,98.1054
2006-09-30,,,,,,,,,,,309000.0,,,,,,,,,,,,,,,
2006-10-01,14039.56,16561.866,99.2044,351035.0,201.9,207.6,84.702,84.726,4.4,136843.0,,66.2,,,,,5.25,,,,93.6,,1491.0,183.197,7002.1,
2006-10-02,,,,,,,,,,,,,4.66,4.62,4.76,-0.04,,,1.73,,,12.57,,,,97.9247
2006-10-03,,,,,,,,,,,,,4.67,4.62,4.76,-0.05,,,1.72,,,12.24,,,,98.1267
2006-10-04,,,,,,,,,,,,,4.6,4.57,4.72,-0.03,,,1.74,,,11.86,,,,98.3682
2006-10-05,,,,,,,,,,,,,4.65,4.61,4.76,-0.04,,,1.74,,,11.98,,,,98.2776
2006-10-06,,,,,,,,,,,,,4.74,4.7,4.84,-0.04,,,1.73,-0.609,,11.56,,,,98.5619
2006-10-07,,,,,,,,,,,316000.0,,,,,,,,,,,,,,,
2006-10-09,,,,,,,,,,,,,,,,,,,,,,11.68,,,,98.5702
2006-10-10,,,,,,,,,,,,,4.82,4.75,4.88,-0.07,,,1.72,,,11.52,,,,98.9125
2006-10-11,,,,,,,,,,,,,4.85,4.78,4.91,-0.07,,,1.73,,,11.62,,,,98.9146
2006-10-12,,,,,,,,,,,,,4.85,4.79,4.91,-0.06,,,1.71,,,11.09,,,,98.831
2006-10-13,,,,,,,,,,,,,4.87,4.81,4.94,-0.06,,,1.72,-0.615,,10.75,,,,98.8002
2006-10-14,,,,,,,,,,,305000.0,,,,,,,,,,,,,,,
2006-10-16,,,,,,,,,,,,,4.85,4.79,4.92,-0.06,,,1.71,,,11.09,,,,98.71
2006-10-17,,,,,,,,,,,,,4.83,4.78,4.91,-0.05,,,1.71,,,11.73,,,,98.5354
2006-10-18,,,,,,,,,,,,,4.85,4.77,4.89,-0.08,,,1.7,,,11.34,,,,98.6164
2006-10-19,,,,,,,,,,,,,4.85,4.79,4.91,-0.06,,,1.7,,,10.9,,,,98.2897
2006-10-20,,,,,,,,,,,,,4.87,4.79,4.91,-0.08,,,1.69,-0.621,,10.63,,,,98.1629
2006-10-21,,,,,,,,,,,313000.0,,,,,,,,,,,,,,,
2006-10-23,,,,,,,,,,,,,4.9,4.83,4.95,-0.07,,,1.66,,,11.08,,,,98.4483
2006-10-24,,,,,,,,,,,,,4.91,4.83,4.95,-0.08,,,1.65,,,10.78,,,,98.349
2006-10-25,,,,,,,,,,,,,4.88,4.78,4.89,-0.1,,,1.66,,,10.66,,,,98.2057
2006-10-26,,,,,,,,,,,,,4.81,4.73,4.84,-0.08,,,1.65,,,10.56,,,,97.8907
2006-10-27,,,,,,,,,,,,,4.76,4.68,4.8,-0.08,,,1.65,-0.627,,10.8,,,,97.4914
2006-10-28,,,,,,,,,,,328000.0,,,,,,,,,,,,,,,
2006-10-30,,,,,,,,,,,,,4.78,4.68,4.78,-0.1,,,1.64,,,11.2,,,,97.5672
2006-10-31,,,,,,,,,,,,,4.71,4.61,4.72,-0.1,,,1.64,,,11.1,,,,97.3901
2006-11-01,,,99.1627,352116.0,202.0,207.8,84.731,84.766,4.5,137060.0,,66.3,4.66,4.57,4.68,-0.09,5.25,,1.64,,92.1,11.51,1570.0,183.607,7037.3,97.4949
2006-11-02,,,,,,,,,,,,,4.67,4.6,4.72,-0.07,,,1.64,,,11.42,,,,97.6556
2006-11-03,,,,,,,,,,,,,4.82,4.72,4.81,-0.1,,,1.59,-0.631,,11.16,,,,97.7209
2006-11-04,,,,,,,,,,,319000.0,,,,,,,,,,,,,,,
2006-11-06,,,,,,,,,,,,,4.82,4.71,4.79,-0.11,,,1.59,,,11.16,,,,97.806
2006-11-07,,,,,,,,,,,,,4.77,4.66,4.76,-0.11,,,1.6,,,11.09,,,,97.4453
2006-11-08,,,,,,,,,,,,,4.75,4.64,4.73,-0.11,,,1.59,,,10.75,,,,97.58
2006-11-09,,,,,,,,,,,,,4.75,4.62,4.73,-0.13,,,1.62,,,11.01,,,,97.5041
2006-11-10,,,,,,,,,,,,,4.73,4.59,4.69,-0.14,,,1.61,-0.632,,10.79,,,,97.4638
2006-11-11,,,,,,,,,,,311000.0,,,,,,,,,,,,,,,
2006-11-13,,,,,,,,,,,,,4.76,4.61,4.71,-0.15,,,1.6,,,10.86,,,,97.7904
2006-11-14,,,,,,,,,,,,,4.74,4.57,4.66,-0.17,,,1.61,,,10.5,,,,97.7475
2006-11-15,,,,,,,,,,,,,4.8,4.61,4.69,-0.19,,,1.61,,,10.31,,,,97.8359
2006-11-16,,,,,,,,,,,,,4.85,4.66,4.74,-0.19,,,1.59,,,10.16,,,,97.8098
2006-11-17,,,,,,,,,,,,,4.76,4.61,4.69,-0.15,,,1.6,-0.63,,10.05,,,,97.9855
2006-11-18,,,,,,,,,,,326000.0,,,,,,,,,,,,,,,
2006-11-20,,,,,,,,,,,,,4.76,4.6,4.68,-0.16,,,1.6,,,9.97,,,,98.0254
2006-11-21,,,,,,,,,,,,,4.75,4.58,4.66,-0.17,,,1.6,,,9.9,,,,98.0215
2006-11-22,,,,,,,,,,,,,4.74,4.57,4.65,-0.17,,,1.6,,,10.14,,,,97.5315
2006-11-23,,,,,,,,,,,,,,,,,,,,,,,,,,97.5314
2006-11-24,,,,,,,,,,,,,4.73,4.55,4.63,-0.18,,,1.6,-0.627,,10.73,,,,97.0657
2006-11-25,,,,,,,,,,,349000.0,,,,,,,,,,,,,,,
2006-11-27,,,,,,,,,,,,,4.71,4.54,4.62,-0.17,,,1.61,,,12.3,,,,96.9986
2006-11-28,,,,,,,,,,,,,4.67,4.51,4.59,-0.16,,,1.62,,,11.62,,,,96.8428
2006-11-29,,,,,,,,,,,,,4.69,4.52,4.61,-0.17,,,1.62,,,10.83,,,,96.8577
2006-11-30,,,,,,,,,,,,,4.62,4.46,4.56,-0.16,,,1.64,,,10.91,,,,96.5779
2006-12-01,,,100.1735,356367.0,203.1,208.1,85.032,84.88,4.4,137249.0,,66.4,4.52,4.43,4.54,-0.09,5.24,,1.65,-0.622,91.7,11.66,1649.0,184.137,7079.3,96.4585
2006-12-02,,,,,,,,,,,327000.0,,,,,,,,,,,,,,,
2006-12-04,,,,,,,,,,,,,4.52,4.43,4.55,-0.09,,,1.66,,,11.23,,,,96.4319
2006-12-05,,,,,,,,,,,,,4.52,4.45,4.57,-0.07,,,1.65,,,11.27,,,,96.2082
2006-12-06,,,,,,,,,,,,,4.59,4.48,4.6,-0.11,,,1.65,,,11.33,,,,96.2839
2006-12-07,,,,,,,,,,,,,4.58,4.49,4.6,-0.09,,,1.64,,,12.67,,,,96.3207
2006-12-08,,,,,,,,,,,,,4.68,4.56,4.66,-0.12,,,1.63,-0.619,,12.07,,,,96.6123
2006-12-09,,,,,,,,,,,311000.0,,,,,,,,,,,,,,,
2006-12-11,,,,,,,,,,,,,4.67,4.52,4.63,-0.15,,,1.64,,,10.71,,,,96.6646
2006-12-12,,,,,,,,,,,,,4.61,4.49,4.6,-0.12,,,1.65,,,10.65,,,,96.7119
2006-12-13,,,,,,,,,,,,,4.7,4.58,4.69,-0.12,,,1.64,,,10.18,,,,96.7296
2006-12-14,,,,,,,,,,,,,4.73,4.6,4.72,-0.13,,,1.66,,,9.97,,,,96.7946
2006-12-15,,,,,,,,,,,,,4.73,4.6,4.72,-0.13,,,1.66,-0.62,,10.05,,,,96.9857
2006-12-16,,,,,,,,,,,318000.0,,,,,,,,,,,,,,,
2006-12-18,,,,,,,,,,,,,4.71,4.6,4.72,-0.11,,,1.65,,,10.6,,,,97.1559
2006-12-19,,,,,,,,,,,,,4.71,4.6,4.73,-0.11,,,1.67,,,10.3,,,,96.9313
2006-12-20,,,,,,,,,,,,,4.71,4.6,4.73,-0.11,,,1.67,,,10.26,,,,96.7762
2006-12-21,,,,,,,,,,,,,4.66,4.55,4.7,-0.11,,,1.68,,,10.53,,,,96.9148
2006-12-22,,,,,,,,,,,,,4.71,4.63,4.76,-0.08,,,1.67,-0.624,,11.36,,,,97.1113
2006-12-23,,,,,,,,,,,323000.0,,,,,,,,,,,,,,,
2006-12-25,,,,,,,,,,,,,,,,,,,,,,,,,,97.1221
2006-12-26,,,,,,,,,,,,,4.71,4.61,4.73,-0.1,,,1.66,,,11.26,,,,97.1786
2006-12-27,,,,,,,,,,,,,4.77,4.66,4.78,-0.11,,,1.66,,,10.64,,,,97.2076
2006-12-28,,,,,,,,,,,,,4.82,4.7,4.81,-0.12,,,1.65,,,10.99,,,,97.0656
2006-12-29,,,,,,,,,,,,,4.82,4.71,4.81,-0.11,,,1.64,-0.632,,11.56,,,,97.0312
2006-12-30,,,,,,,,,,,341000.0,,,,,,,,,,,,,,,
2007-01-01,14215.651,16611.69,99.8346,355792.0,203.437,208.6,85.316,85.224,4.6,137472.0,,66.4,,,,,5.25,,,,96.9,,1409.0,184.514,7115.6,97.0323
2007-01-02,,,,,,,,,,,,,4.8,4.68,4.79,-0.12,,,1.64,,,,,,,
2007-01-03,,,,,,,,,,,,,4.76,4.67,4.77,-0.09,,,1.61,,,12.04,,,,97.1281
2007-01-04,,,,,,,,,,,,,4.71,4.62,4.72,-0.09,,,1.62,,,11.51,,,,97.5251
2007-01-05,,,,,,,,,,,,,4.76,4.65,4.74,-0.11,,,1.6,-0.644,,12.14,,,,97.7801
2007-01-06,,,,,,,,,,,330000.0,,,,,,,,,,,,,,,
2007-01-08,,,,,,,,,,,,,4.78,4.66,4.74,-0.12,,,1.59,,,12.0,,,,97.788
2007-01-09,,,,,,,,,,,,,4.79,4.66,4.74,-0.13,,,1.59,,,11.91,,,,97.9642
2007-01-10,,,,,,,,,,,,,4.81,4.69,4.77,-0.12,,,1.59,,,11.47,,,,98.0943
2007-01-11,,,,,,,,,,,,,4.86,4.74,4.82,-0.12,,,1.59,,,10.87,,,,98.0845
2007-01-12,,,,,,,,,,,,,4.88,4.77,4.86,-0.11,,,1.59,-0.657,,10.15,,,,97.921
2007-01-13,,,,,,,,,,,296000.0,,,,,,,,,,,,,,,
2007-01-15,,,,,,,,,,,,,,,,,,,,,,,,,,97.9201
2007-01-16,,,,,,,,,,,,,4.86,4.75,4.85,-0.11,,,1.59,,,10.74,,,,97.9816
2007-01-17,,,,,,,,,,,,,4.91,4.79,4.88,-0.12,,,1.58,,,10.59,,,,97.7509
2007-01-18,,,,,,,,,,,,,4.89,4.75,4.85,-0.14,,,1.58,,,10.85,,,,97.8286
2007-01-19,,,,,,,,,,,,,4.93,4.78,4.87,-0.15,,,1.57,-0.669,,10.4,,,,97.6868
2007-01-20,,,,,,,,,,,335000.0,,,,,,,,,,,,,,,
2007-01-22,,,,,,,,,,,,,4.91,4.76,4.84,-0.15,,,1.57,,,10.77,,,,97.827
2007-01-23,,,,,,,,,,,,,4.94,4.81,4.9,-0.13,,,1.57,,,10.34,,,,97.8117
2007-01-24,,,,,,,,,,,,,4.93,4.81,4.91,-0.12,,,1.57,,,9.89,,,,97.908
2007-01-25,,,,,,,,,,,,,4.98,4.87,4.96,-0.11,,,1.56,,,11.22,,,,97.8396
2007-01-26,,,,,,,,,,,,,4.99,4.88,4.98,-0.11,,,1.56,-0.679,,11.13,,,,98.1491
2007-01-27,,,,,,,,,,,308000.0,,,,,,,,,,,,,,,
2007-01-29,,,,,,,,,,,,,4.99,4.9,4.99,-0.09,,,1.55,,,11.45,,,,98.2066
2007-01-30,,,,,,,,,,,,,4.98,4.88,4.98,-0.1,,,1.56,,,10.96,,,,98.1515
2007-01-31,,,,,,,,,,,,,4.94,4.83,4.93,-0.11,,,1.57,,,10.42,,,,97.964
2007-02-01,,,100.7753,356545.0,204.226,209.135,85.581,85.408,4.5,137560.0,,66.3,4.96,4.84,4.93,-0.12,5.26,,1.56,,91.3,10.31,1480.0,184.595,7131.9,97.7101
2007-02-02,,,,,,,,,,,,,4.94,4.83,4.93,-0.11,,,1.56,-0.683,,10.08,,,,97.9743
2007-02-03,,,,,,,,,,,310000.0,,,,,,,,,,,,,,,
2007-02-05,,,,,,,,,,,,,4.92,4.81,4.91,-0.11,,,1.56,,,10.55,,,,97.87
2007-02-06,,,,,,,,,,,,,4.9,4.77,4.87,-0.13,,,1.55,,,10.65,,,,97.7357
2007-02-07,,,,,,,,,,,,,4.87,4.74,4.86,-0.13,,,1.56,,,10.32,,,,97.7239
2007-02-08,,,,,,,,,,,,,4.87,4.73,4.81,-0.14,,,1.55,,,10.44,,,,97.8169
2007-02-09,,,,,,,,,,,,,4.92,4.79,4.87,-0.13,,,1.54,-0.681,,11.1,,,,97.7076
2007-02-10,,,,,,,,,,,338000.0,,,,,,,,,,,,,,,
2007-02-12,,,,,,,,,,,,,4.94,4.8,4.88,-0.14,,,1.54,,,11.61,,,,97.9409
2007-02-13,,,,,,,,,,,,,4.95,4.82,4.9,-0.13,,,1.54,,,10.34,,,,97.7063
2007-02-14,,,,,,,,,,,,,4.87,4.74,4.83,-0.13,,,1.55,,,10.23,,,,97.2779
2007-02-15,,,,,,,,,,,,,4.83,4.7,4.81,-0.13,,,1.56,,,10.22,,,,97.1588
2007-02-16,,,,,,,,,,,,,4.83,4.69,4.79,-0.14,,,1.55,-0.674,,10.02,,,,97.164
2007-02-17,,,,,,,,,,,321000.0,,,,,,,,,,,,,,,
2007-02-19,,,,,,,,,,,,,,,,,,,,,,,,,,97.1545
2007-02-20,,,,,,,,,,,,,4.81,4.68,4.78,-0.13,,,1.55,,,10.24,,,,97.321
2007-02-21,,,,,,,,,,,,,4.82,4.69,4.79,-0.13,,,1.54,,,10.2,,,,97.27
2007-02-22,,,,,,,,,,,,,4.87,4.73,4.83,-0.14,,,1.54,,,10.18,,,,97.266
2007-02-23,,,,,,,,,,,,,4.82,4.68,4.79,-0.14,,,1.53,-0.662,,10.58,,,,97.1756
2007-02-24,,,,,,,,,,,322000.0,,,,,,,,,,,,,,,
2007-02-26,,,,,,,,,,,,,4.77,4.63,4.73,-0.14,,,1.54,,,11.15,,,,97.2281
2007-02-27,,,,,,,,,,,,,4.59,4.5,4.62,-0.09,,,1.59,,,18.31,,,,97.0883
2007-02-28,,,,,,,,,,,,,4.65,4.56,4.68,-0.09,,,1.6,,,15.42,,,,97.2386
2007-03-01,,,100.9547,359415.0,205.288,209.418,85.894,85.494,4.4,137784.0,,66.2,4.63,4.56,4.68,-0.07,5.26,,1.62,,88.4,15.82,1495.0,184.147,7164.7,97.3358
2007-03-02,,,,,,,,,,,,,4.56,4.52,4.65,-0.04,,,1.64,-0.646,,18.61,,,,97.3691
2007-03-03,,,,,,,,,,,320000.0,,,,,,,,,,,,,,,
2007-03-05,,,,,,,,,,,,,4.53,4.51,4.64,-0.02,,,1.68,,,19.63,,,,97.6716
2007-03-06,,,,,,,,,,,,,4.58,4.53,4.66,-0.05,,,1.66,,,15.96,,,,97.5123
2007-03-07,,,,,,,,,,,,,4.54,4.5,4.64,-0.04,,,1.66,,,15.24,,,,97.4558
2007-03-08,,,,,,,,,,,,,4.56,4.51,4.65,-0.05,,,1.67,,,14.29,,,,97.5731
2007-03-09,,,,,,,,,,,,,4.66,4.59,4.72,-0.07,,,1.65,-0.632,,14.09,,,,97.4559
2007-03-10,,,,,,,,,,,308000.0,,,,,,,,,,,,,,,
2007-03-12,,,,,,,,,,,,,4.62,4.56,4.69,-0.06,,,1.65,,,13.99,,,,97.3013
2007-03-13,,,,,,,,,,,,,4.52,4.5,4.66,-0.02,,,1.7,,,18.13,,,,97.2203
2007-03-14,,,,,,,,,,,,,4.54,4.53,4.69,-0.01,,,1.72,,,17.27,,,,97.2759
2007-03-15,,,,,,,,,,,,,4.57,4.54,4.69,-0.03,,,1.7,,,16.43,,,,97.2476
2007-03-16,,,,,,,,,,,,,4.58,4.55,4.7,-0.03,,,1.7,-0.62,,16.79,,,,97.0407
2007-03-17,,,,,,,,,,,309000.0,,,,,,,,,,,,,,,
2007-03-19,,,,,,,,,,,,,4.61,4.58,4.72,-0.03,,,1.7,,,14.59,,,,97.1062
2007-03-20,,,,,,,,,,,,,4.6,4.56,4.71,-0.04,,,1.71,,,13.27,,,,96.7985
2007-03-21,,,,,,,,,,,,,4.51,4.53,4.7,0.02,,,1.73,,,12.19,,,,96.6195
2007-03-22,,,,,,,,,,,,,4.58,4.6,4.78,0.02,,,1.75,,,12.93,,,,96.3893
2007-03-23,,,,,,,,,,,,,4.6,4.62,4.8,0.02,,,1.75,-0.611,,12.95,,,,96.5662
2007-03-24,,,,,,,,,,,303000.0,,,,,,,,,,,,,,,
2007-03-26,,,,,,,,,,,,,4.56,4.6,4.79,0.04,,,1.75,,,13.16,,,,96.5493
2007-03-27,,,,,,,,,,,,,4.58,4.62,4.81,0.04,,,1.76,,,13.48,,,,96.4558
2007-03-28,,,,,,,,,,,,,4.53,4.62,4.83,0.09,,,1.78,,,14.98,,,,96.4894
2007-03-29,,,,,,,,,,,,,4.58,4.64,4.83,0.06,,,1.74,,,15.14,,,,96.5067
2007-03-30,,,,,,,,,,,,,4.58,4.65,4.84,0.07,,,1.75,-0.606,,14.64,,,,96.3183
2007-03-31,,,,,,,,,,,307000.0,,,,,,,,,,,,,,,
2007-04-01,14402.082,16713.314,101.6334,358562.0,205.904,209.747,86.096,85.616,4.5,137847.0,,65.9,,,,,5.25,,,,87.1,,1490.0,183.008,7239.9,
2007-04-02,,,,,,,,,,,,,4.6,4.65,4.84,0.05,,,1.74,,,14.53,,,,96.3175
2007-04-03,,,,,,,,,,,,,4.63,4.67,4.85,0.04,,,1.73,,,13.46,,,,96.3774
2007-04-04,,,,,,,,,,,,,4.61,4.66,4.85,0.05,,,1.74,,,13.24,,,,96.3646
2007-04-05,,,,,,,,,,,,,4.63,4.68,4.87,0.05,,,1.74,,,13.23,,,,96.1188
2007-04-06,,,,,,,,,,,,,4.75,4.76,4.92,0.01,,,1.71,-0.602,,,,,,96.2526
2007-04-07,,,,,,,,,,,332000.0,,,,,,,,,,,,,,,
2007-04-09,,,,,,,,,,,,,4.73,4.75,4.92,0.02,,,1.72,,,13.14,,,,96.293
2007-04-10,,,,,,,,,,,,,4.71,4.73,4.91,0.02,,,1.72,,,12.68,,,,96.1179
2007-04-11,,,,,,,,,,,,,4.73,4.74,4.92,0.01,,,1.71,,,13.49,,,,96.0293
2007-04-12,,,,,,,,,,,,,4.73,4.74,4.91,0.01,,,1.71,,,12.71,,,,95.7999
2007-04-13,,,,,,,,,,,,,4.76,4.76,4.93,0.0,,,1.7,-0.598,,12.2,,,,95.711
2007-04-14,,,,,,,,,,,327000.0,,,,,,,,,,,,,,,
2007-04-16,,,,,,,,,,,,,4.74,4.74,4.89,0.0,,,1.68,,,11.98,,,,95.5538
2007-04-17,,,,,,,,,,,,,4.68,4.69,4.85,0.01,,,1.68,,,12.14,,,,95.3832
2007-04-18,,,,,,,,,,,,,4.64,4.66,4.81,0.02,,,1.67,,,12.42,,,,95.3109
2007-04-19,,,,,,,,,,,,,4.64,4.68,4.84,0.04,,,1.67,,,12.54,,,,95.2712
2007-04-20,,,,,,,,,,,,,4.64,4.68,4.85,0.04,,,1.68,-0.594,,12.07,,,,95.1692
2007-04-21,,,,,,,,,,,321000.0,,,,,,,,,,,,,,,
2007-04-23,,,,,,,,,,,,,4.62,4.66,4.83,0.04,,,1.68,,,13.04,,,,95.1833
2007-04-24,,,,,,,,,,,,,4.58,4.63,4.8,0.05,,,1.68,,,13.12,,,,95.1608
2007-04-25,,,,,,,,,,,,,4.63,4.66,4.83,0.03,,,1.68,,,13.21,,,,94.8497
2007-04-26,,,,,,,,,,,,,4.67,4.69,4.87,0.02,,,1.69,,,12.79,,,,95.1653
2007-04-27,,,,,,,,,,,,,4.67,4.71,4.89,0.04,,,1.68,-0.587,,12.45,,,,95.0103
2007-04-28,,,,,,,,,,,301000.0,,,,,,,,,,,,,,,
2007-04-30,,,,,,,,,,,,,4.6,4.63,4.81,0.03,,,1.68,,,14.22,,,,94.8365
2007-05-01,,,101.7306,363085.0,206.755,210.058,86.346,85.717,4.4,137992.0,,66.0,4.63,4.64,4.81,0.01,5.25,,1.67,,88.3,13.51,1415.0,181.6,7257.1,95.0037
2007-05-02,,,,,,,,,,,,,4.65,4.65,4.82,0.0,,,1.66,,,13.08,,,,95.0352
2007-05-03,,,,,,,,,,,,,4.71,4.68,4.84,-0.03,,,1.64,,,13.09,,,,95.0167
2007-05-04,,,,,,,,,,,,,4.68,4.65,4.8,-0.03,,,1.64,-0.578,,12.91,,,,94.9118
2007-05-05,,,,,,,,,,,300000.0,,,,,,,,,,,,,,,
2007-05-07,,,,,,,,,,,,,4.68,4.64,4.79,-0.04,,,1.64,,,13.15,,,,94.6914
2007-05-08,,,,,,,,,,,,,4.68,4.63,4.8,-0.05,,,1.66,,,13.21,,,,94.8648
2007-05-09,,,,,,,,,,,,,4.73,4.67,4.83,-0.06,,,1.65,,,12.88,,,,94.7933
2007-05-10,,,,,,,,,,,,,4.7,4.65,4.83,-0.05,,,1.66,,,13.6,,,,94.9506
2007-05-11,,,,,,,,,,,,,4.71,4.67,4.85,-0.04,,,1.66,-0.57,,12.95,,,,95.0035
2007-05-12,,,,,,,,,,,297000.0,,,,,,,,,,,,,,,
2007-05-14,,,,,,,,,,,,,4.73,4.69,4.86,-0.04,,,1.65,,,13.96,,,,94.8267
2007-05-15,,,,,,,,,,,,,4.75,4.71,4.88,-0.04,,,1.65,,,14.01,,,,94.5574
2007-05-16,,,,,,,,,,,,,4.73,4.71,4.88,-0.02,,,1.64,,,13.5,,,,94.8143
2007-05-17,,,,,,,,,,,,,4.78,4.76,4.91,-0.02,,,1.64,,,13.51,,,,94.8339
2007-05-18,,,,,,,,,,,,,4.82,4.81,4.96,-0.01,,,1.63,-0.561,,12.76,,,,94.6573
2007-05-19,,,,,,,,,,,310000.0,,,,,,,,,,,,,,,
2007-05-21,,,,,,,,,,,,,4.81,4.79,4.94,-0.02,,,1.63,,,13.3,,,,94.7026
2007-05-22,,,,,,,,,,,,,4.83,4.83,4.98,0.0,,,1.63,,,13.06,,,,94.5753
2007-05-23,,,,,,,,,,,,,4.85,4.86,5.01,0.01,,,1.63,,,13.24,,,,94.4557
2007-05-24,,,,,,,,,,,,,4.85,4.86,5.0,0.01,,,1.63,,,14.08,,,,94.7025
2007-05-25,,,,,,,,,,,,,4.85,4.86,5.01,0.01,,,1.62,-0.552,,13.34,,,,94.5022
2007-05-26,,,,,,,,,,,310000.0,,,,,,,,,,,,,,,
2007-05-28,,,,,,,,,,,,,,,,,,,,,,,,,,94.4959
2007-05-29,,,,,,,,,,,,,4.88,4.88,5.01,0.0,,,1.62,,,13.53,,,,94.3533
2007-05-30,,,,,,,,,,,,,4.89,4.88,5.01,-0.01,,,1.61,,,12.83,,,,94.549
2007-05-31,,,,,,,,,,,,,4.92,4.9,5.01,-0.02,,,1.6,,,13.05,,,,94.3215
2007-06-01,,,101.7893,360234.0,207.234,210.392,86.529,85.859,4.6,138070.0,,66.0,4.97,4.95,5.06,-0.02,5.25,,1.6,-0.546,85.3,12.78,1448.0,180.252,7290.6,94.132
2007-06-02,,,,,,,,,,,313000.0,,,,,,,,,,,,,,,
2007-06-04,,,,,,,,,,,,,4.97,4.93,5.02,-0.04,,,1.58,,,13.29,,,,93.9969
2007-06-05,,,,,,,,,,,,,4.99,4.98,5.07,-0.01,,,1.57,,,13.63,,,,93.9986
2007-06-06,,,,,,,,,,,,,4.97,4.97,5.08,0.0,,,1.6,,,14.87,,,,94.1217
2007-06-07,,,,,,,,,,,,,5.03,5.11,5.2,0.08,,,1.6,,,17.06,,,,94.3537
2007-06-08,,,,,,,,,,,,,5.01,5.12,5.22,0.11,,,1.62,-0.543,,14.84,,,,94.7599
2007-06-09,,,,,,,,,,,313000.0,,,,,,,,,,,,,,,
2007-06-11,,,,,,,,,,,,,5.01,5.14,5.24,0.13,,,1.61,,,14.71,,,,94.6576
2007-06-12,,,,,,,,,,,,,5.08,5.26,5.35,0.18,,,1.6,,,16.67,,,,94.6991
2007-06-13,,,,,,,,,,,,,5.08,5.2,5.28,0.12,,,1.58,,,14.73,,,,94.9011
2007-06-14,,,,,,,,,,,,,5.1,5.23,5.3,0.13,,,1.57,,,13.64,,,,94.9029
2007-06-15,,,,,,,,,,,,,5.05,5.16,5.26,0.11,,,1.6,-0.539,,13.94,,,,94.6228
2007-06-16,,,,,,,,,,,320000.0,,,,,,,,,,,,,,,
2007-06-18,,,,,,,,,,,,,5.01,5.15,5.26,0.14,,,1.6,,,13.42,,,,94.5475
2007-06-19,,,,,,,,,,,,,4.94,5.09,5.2,0.15,,,1.6,,,12.85,,,,94.3227
2007-06-20,,,,,,,,,,,,,4.97,5.14,5.24,0.17,,,1.57,,,14.67,,,,94.3618
2007-06-21,,,,,,,,,,,,,4.98,5.16,5.28,0.18,,,1.6,,,14.21,,,,94.6073
2007-06-22,,,,,,,,,,,,,4.92,5.14,5.25,0.22,,,1.6,-0.534,,15.75,,,,94.4371
2007-06-23,,,,,,,,,,,313000.0,,,,,,,,,,,,,,,
2007-06-25,,,,,,,,,,,,,4.87,5.09,5.2,0.22,,,1.59,,,16.65,,,,94.5105
2007-06-26,,,,,,,,,,,,,4.9,5.1,5.22,0.2,,,1.61,,,18.89,,,,94.4678
2007-06-27,,,,,,,,,,,,,4.91,5.09,5.2,0.18,,,1.59,,,15.53,,,,94.5633
2007-06-28,,,,,,,,,,,,,4.96,5.12,5.22,0.16,,,1.6,,,15.54,,,,94.2395
2007-06-29,,,,,,,,,,,,,4.87,5.03,5.12,0.16,,,1.59,-0.521,,16.23,,,,94.1393
2007-06-30,,,,,,,,,,,317000.0,,,,,,,,,,,,,,,
2007-07-01,14564.117,16809.587,101.6672,361770.0,207.603,210.773,86.661,85.988,4.7,138044.0,,66.0,,,,,5.26,,,,90.4,,1354.0,179.109,7321.8,
2007-07-02,,,,,,,,,,,,,4.86,5.0,5.09,0.14,,,1.6,,,15.4,,,,93.634
2007-07-03,,,,,,,,,,,,,4.89,5.05,5.14,0.16,,,1.6,,,14.92,,,,93.697
2007-07-04,,,,,,,,,,,,,,,,,,,,,,,,,,93.6965
2007-07-05,,,,,,,,,,,,,4.99,5.16,5.24,0.17,,,1.58,,,15.48,,,,93.7653
2007-07-06,,,,,,,,,,,,,4.99,5.19,5.28,0.2,,,1.59,-0.496,,14.72,,,,93.5759
2007-07-07,,,,,,,,,,,321000.0,,,,,,,,,,,,,,,
2007-07-09,,,,,,,,,,,,,4.97,5.16,5.25,0.19,,,1.58,,,15.16,,,,93.5519
2007-07-10,,,,,,,,,,,,,4.85,5.03,5.14,0.18,,,1.6,,,17.57,,,,93.3339
2007-07-11,,,,,,,,,,,,,4.89,5.09,5.18,0.2,,,1.59,,,16.64,,,,93.3089
2007-07-12,,,,,,,,,,,,,4.94,5.13,5.22,0.19,,,1.59,,,15.54,,,,93.1198
2007-07-13,,,,,,,,,,,,,4.94,5.11,5.19,0.17,,,1.59,-0.451,,15.15,,,,93.0133
2007-07-14,,,,,,,,,,,317000.0,,,,,,,,,,,,,,,
2007-07-16,,,,,,,,,,,,,4.89,5.05,5.14,0.16,,,1.58,,,15.59,,,,92.9094
2007-07-17,,,,,,,,,,,,,4.91,5.08,5.16,0.17,,,1.59,,,15.63,,,,92.9095
2007-07-18,,,,,,,,,,,,,4.84,5.02,5.1,0.18,,,1.58,,,16.0,,,,92.7959
2007-07-19,,,,,,,,,,,,,4.87,5.04,5.12,0.17,,,1.59,,,15.23,,,,92.7332
2007-07-20,,,,,,,,,,,,,4.79,4.96,5.07,0.17,,,1.61,-0.383,,16.95,,,,92.7179
2007-07-21,,,,,,,,,,,310000.0,,,,,,,,,,,,,,,
2007-07-23,,,,,,,,,,,,,4.8,4.97,5.07,0.17,,,1.61,,,16.81,,,,92.6585
2007-07-24,,,,,,,,,,,,,4.77,4.94,5.05,0.17,,,1.65,,,18.55,,,,92.505
2007-07-25,,,,,,,,,,,,,4.74,4.92,5.04,0.18,,,1.65,,,18.1,,,,92.9189
2007-07-26,,,,,,,,,,,,,4.56,4.79,4.95,0.23,,,1.83,,,20.74,,,,93.1186
2007-07-27,,,,,,,,,,,,,4.56,4.8,4.95,0.24,,,1.87,-0.289,,24.17,,,,93.5485
2007-07-28,,,,,,,,,,,305000.0,,,,,,,,,,,,,,,
2007-07-30,,,,,,,,,,,,,4.59,4.82,4.97,0.23,,,1.88,,,20.87,,,,93.5918
2007-07-31,,,,,,,,,,,,,4.56,4.78,4.92,0.22,,,1.85,,,23.52,,,,93.4264
2007-08-01,,,101.863,363676.0,207.667,211.119,86.72,86.116,4.6,138013.0,,65.8,4.56,4.76,4.9,0.2,5.02,,1.86,,83.4,23.67,1330.0,178.115,7397.0,93.4011
2007-08-02,,,,,,,,,,,,,4.59,4.77,4.91,0.18,,,1.83,,,21.22,,,,93.3038
2007-08-03,,,,,,,,,,,,,4.46,4.71,4.87,0.25,,,1.86,-0.177,,25.16,,,,93.1039
2007-08-04,,,,,,,,,,,314000.0,,,,,,,,,,,,,,,
2007-08-06,,,,,,,,,,,,,4.46,4.72,4.89,0.26,,,1.89,,,22.94,,,,93.1112
2007-08-07,,,,,,,,,,,,,4.56,4.77,4.92,0.21,,,1.83,,,21.56,,,,93.3171
2007-08-08,,,,,,,,,,,,,4.64,4.84,5.01,0.2,,,1.87,,,21.45,,,,93.0989
2007-08-09,,,,,,,,,,,,,4.49,4.79,5.02,0.3,,,1.91,,,26.48,,,,93.441
2007-08-10,,,,,,,,,,,,,4.47,4.81,5.03,0.34,,,1.88,-0.058,,28.3,,,,93.5214
2007-08-11,,,,,,,,,,,316000.0,,,,,,,,,,,,,,,
2007-08-13,,,,,,,,,,,,,4.46,4.78,5.01,0.32,,,1.91,,,26.57,,,,93.6032
2007-08-14,,,,,,,,,,,,,4.39,4.73,4.99,0.34,,,1.95,,,27.68,,,,94.0416
2007-08-15,,,,,,,,,,,,,4.27,4.69,5.0,0.42,,,2.03,,,30.67,,,,94.5014
2007-08-16,,,,,,,,,,,,,4.08,4.6,4.92,0.52,,,2.06,,,30.83,,,,94.9055
2007-08-17,,,,,,,,,,,,,4.18,4.68,5.0,0.5,,,2.07,0.06,,29.99,,,,94.319
2007-08-18,,,,,,,,,,,321000.0,,,,,,,,,,,,,,,
2007-08-20,,,,,,,,,,,,,4.11,4.64,4.98,0.53,,,2.08,,,26.33,,,,94.2138
2007-08-21,,,,,,,,,,,,,4.05,4.6,4.95,0.55,,,2.09,,,25.25,,,,94.2676
2007-08-22,,,,,,,,,,,,,4.15,4.63,4.96,0.48,,,2.07,,,22.89,,,,94.0998
2007-08-23,,,,,,,,,,,,,4.2,4.62,4.93,0.42,,,2.04,,,22.62,,,,93.9827
2007-08-24,,,,,,,,,,,,,4.3,4.63,4.88,0.33,,,2.01,0.154,,20.72,,,,93.6863
2007-08-25,,,,,,,,,,,329000.0,,,,,,,,,,,,,,,
2007-08-27,,,,,,,,,,,,,4.28,4.6,4.87,0.32,,,2.0,,,22.72,,,,93.6109
2007-08-28,,,,,,,,,,,,,4.13,4.53,4.86,0.4,,,2.07,,,26.3,,,,93.8394
2007-08-29,,,,,,,,,,,,,4.14,4.57,4.88,0.43,,,2.05,,,23.81,,,,93.7174
2007-08-30,,,,,,,,,,,,,4.08,4.51,4.83,0.43,,,2.07,,,25.06,,,,93.7324
2007-08-31,,,,,,,,,,,,,4.15,4.54,4.83,0.39,,,2.05,0.206,,23.38,,,,93.6674
2007-09-01,,,102.0894,365178.0,208.547,211.554,87.054,86.351,4.7,138099.0,314000.0,66.0,,,,,4.94,,,,83.4,,1183.0,177.556,7413.8,
2007-09-03,,,,,,,,,,,,,,,,,,,,,,,,,,93.6691
2007-09-04,,,,,,,,,,,,,4.13,4.56,4.84,0.43,,,2.04,,,22.78,,,,93.6433
2007-09-05,,,,,,,,,,,,,4.03,4.48,4.78,0.45,,,2.06,,,24.58,,,,93.5453
2007-09-06,,,,,,,,,,,,,4.08,4.51,4.79,0.43,,,2.06,,,23.99,,,,93.4468
2007-09-07,,,,,,,,,,,,,3.9,4.38,4.7,0.48,,,2.1,0.222,,26.23,,,,93.2939
2007-09-08,,,,,,,,,,,321000.0,,,,,,,,,,,,,,,
2007-09-10,,,,,,,,,,,,,3.87,4.34,4.65,0.47,,,2.13,,,27.38,,,,93.2349
2007-09-11,,,,,,,,,,,,,3.95,4.37,4.65,0.42,,,2.11,,,25.27,,,,92.9244
2007-09-12,,,,,,,,,,,,,3.95,4.41,4.68,0.46,,,2.13,,,24.96,,,,92.6386
2007-09-13,,,,,,,,,,,,,4.08,4.49,4.75,0.41,,,2.12,,,24.76,,,,92.6172
2007-09-14,,,,,,,,,,,,,4.05,4.47,4.72,0.42,,,2.12,0.198,,24.92,,,,92.7083
2007-09-15,,,,,,,,,,,313000.0,,,,,,,,,,,,,,,
2007-09-17,,,,,,,,,,,,,4.08,4.48,4.72,0.4,,,2.1,,,26.48,,,,92.823
2007-09-18,,,,,,,,,,,,,4.0,4.5,4.77,0.5,,,2.11,,,20.35,,,,92.6584
2007-09-19,,,,,,,,,,,,,4.0,4.53,4.83,0.53,,,2.11,,,20.03,,,,92.1534
2007-09-20,,,,,,,,,,,,,4.1,4.69,4.96,0.59,,,2.04,,,20.45,,,,91.4212
2007-09-21,,,,,,,,,,,,,4.06,4.64,4.89,0.58,,,2.03,0.142,,19.0,,,,91.4854
2007-09-22,,,,,,,,,,,302000.0,,,,,,,,,,,,,,,
2007-09-24,,,,,,,,,,,,,4.05,4.63,4.88,0.58,,,2.02,,,19.37,,,,91.4017
2007-09-25,,,,,,,,,,,,,4.0,4.63,4.89,0.63,,,2.02,,,18.6,,,,91.3392
2007-09-26,,,,,,,,,,,,,3.97,4.63,4.9,0.66,,,2.03,,,17.63,,,,91.4335
2007-09-27,,,,,,,,,,,,,3.95,4.58,4.84,0.63,,,2.01,,,17.0,,,,91.3497
2007-09-28,,,,,,,,,,,,,3.97,4.59,4.83,0.62,,,2.0,0.077,,18.0,,,,90.9446
2007-09-29,,,,,,,,,,,317000.0,,,,,,,,,,,,,,,
2007-10-01,14715.058,16915.191,101.8015,367322.0,209.19,212.077,87.318,86.576,4.7,138175.0,,65.8,4.02,4.56,4.79,0.54,4.76,,1.99,,80.9,17.84,1264.0,176.622,7429.0,90.8801
2007-10-02,,,,,,,,,,,,,3.98,4.54,4.77,0.56,,,2.0,,,18.49,,,,91.12
2007-10-03,,,,,,,,,,,,,4.02,4.55,4.79,0.53,,,1.99,,,18.8,,,,91.1038
2007-10-04,,,,,,,,,,,,,4.0,4.54,4.77,0.54,,,1.97,,,18.44,,,,91.1632
2007-10-05,,,,,,,,,,,,,4.08,4.65,4.87,0.57,,,1.94,0.017,,16.91,,,,90.7393
2007-10-06,,,,,,,,,,,316000.0,,,,,,,,,,,,,,,
2007-10-08,,,,,,,,,,,,,,,,,,,,,,17.46,,,,90.748
2007-10-09,,,,,,,,,,,,,4.15,4.67,4.87,0.52,,,1.9,,,16.12,,,,90.8609
2007-10-10,,,,,,,,,,,,,4.15,4.65,4.86,0.5,,,1.91,,,16.67,,,,90.7154
2007-10-11,,,,,,,,,,,,,4.13,4.66,4.87,0.53,,,1.9,,,18.88,,,,90.4901
2007-10-12,,,,,,,,,,,,,4.23,4.7,4.91,0.47,,,1.87,-0.023,,17.73,,,,90.5945
2007-10-13,,,,,,,,,,,335000.0,,,,,,,,,,,,,,,
2007-10-15,,,,,,,,,,,,,4.22,4.69,4.91,0.47,,,1.88,,,19.25,,,,90.5387
2007-10-16,,,,,,,,,,,,,4.12,4.66,4.9,0.54,,,1.92,,,20.02,,,,90.7123
2007-10-17,,,,,,,,,,,,,4.0,4.57,4.82,0.57,,,1.91,,,18.54,,,,90.515
2007-10-18,,,,,,,,,,,,,3.93,4.52,4.78,0.59,,,1.94,,,18.5,,,,90.3084
2007-10-19,,,,,,,,,,,,,3.8,4.41,4.68,0.61,,,1.97,-0.03,,22.96,,,,90.1014
2007-10-20,,,,,,,,,,,334000.0,,,,,,,,,,,,,,,
2007-10-22,,,,,,,,,,,,,3.85,4.42,4.68,0.57,,,1.96,,,21.64,,,,90.6777
2007-10-23,,,,,,,,,,,,,3.81,4.41,4.69,0.6,,,1.98,,,20.41,,,,90.1899
2007-10-24,,,,,,,,,,,,,3.74,4.36,4.64,0.62,,,1.98,,,20.8,,,,90.2262
2007-10-25,,,,,,,,,,,,,3.74,4.37,4.66,0.63,,,1.99,,,21.17,,,,89.9925
2007-10-26,,,,,,,,,,,,,3.77,4.41,4.68,0.64,,,1.98,0.001,,19.56,,,,89.6508
2007-10-27,,,,,,,,,,,328000.0,,,,,,,,,,,,,,,
2007-10-29,,,,,,,,,,,,,3.79,4.39,4.66,0.6,,,1.98,,,19.87,,,,89.4118
2007-10-30,,,,,,,,,,,,,3.82,4.4,4.68,0.58,,,1.99,,,21.07,,,,89.3252
2007-10-31,,,,,,,,,,,,,3.94,4.48,4.74,0.54,,,1.99,,,18.53,,,,89.1389
2007-11-01,,,102.3446,370776.0,210.834,212.66,87.781,86.746,4.7,138290.0,,66.0,3.77,4.36,4.64,0.59,4.49,,2.01,,76.1,23.21,1197.0,175.145,7454.0,89.1628
2007-11-02,,,,,,,,,,,,,3.66,4.31,4.61,0.65,,,2.04,0.067,,23.01,,,,88.8924
2007-11-03,,,,,,,,,,,327000.0,,,,,,,,,,,,,,,
2007-11-05,,,,,,,,,,,,,3.69,4.35,4.63,0.66,,,2.02,,,24.31,,,,88.8851
2007-11-06,,,,,,,,,,,,,3.7,4.38,4.66,0.68,,,2.03,,,21.39,,,,88.4938
2007-11-07,,,,,,,,,,,,,3.61,4.34,4.67,0.73,,,2.1,,,26.49,,,,88.0631
2007-11-08,,,,,,,,,,,,,3.47,4.28,4.67,0.81,,,2.16,,,26.16,,,,88.2631
2007-11-09,,,,,,,,,,,,,3.42,4.23,4.61,0.81,,,2.18,0.165,,28.5,,,,88.4615
2007-11-10,,,,,,,,,,,333000.0,,,,,,,,,,,,,,,
2007-11-12,,,,,,,,,,,,,,,,,,,,,,31.09,,,,88.465
2007-11-13,,,,,,,,,,,,,3.54,4.26,4.61,0.72,,,2.18,,,24.1,,,,89.1016
2007-11-14,,,,,,,,,,,,,3.57,4.28,4.61,0.71,,,2.16,,,25.94,,,,88.9671
2007-11-15,,,,,,,,,,,,,3.35,4.17,4.54,0.82,,,2.22,,,28.06,,,,89.4413
2007-11-16,,,,,,,,,,,,,3.33,4.15,4.52,0.82,,,2.26,0.276,,25.49,,,,89.3182
2007-11-17,,,,,,,,,,,332000.0,,,,,,,,,,,,,,,
2007-11-19,,,,,,,,,,,,,3.18,4.07,4.47,0.89,,,2.3,,,26.01,,,,89.5262
2007-11-20,,,,,,,,,,,,,3.14,4.06,4.49,0.92,,,2.35,,,24.88,,,,89.2622
2007-11-21,,,,,,,,,,,,,2.99,4.0,4.46,1.01,,,2.41,,,26.84,,,,89.3352
2007-11-22,,,,,,,,,,,,,,,,,,,,,,,,,,89.3269
2007-11-23,,,,,,,,,,,,,3.07,4.01,4.43,0.94,,,2.37,0.388,,25.61,,,,89.2384
2007-11-24,,,,,,,,,,,352000.0,,,,,,,,,,,,,,,
2007-11-26,,,,,,,,,,,,,2.92,3.83,4.26,0.91,,,2.4,,,28.91,,,,89.145
2007-11-27,,,,,,,,,,,,,3.05,3.95,4.36,0.9,,,2.41,,,26.28,,,,89.4082
2007-11-28,,,,,,,,,,,,,3.17,4.03,4.41,0.86,,,2.4,,,24.11,,,,89.4195
2007-11-29,,,,,,,,,,,,,3.06,3.94,4.35,0.88,,,2.46,,,23.97,,,,89.3681
2007-11-30,,,,,,,,,,,,,3.04,3.97,4.4,0.93,,,2.47,0.481,,22.87,,,,89.6212
2007-12-01,,,102.3803,366569.0,211.445,213.168,87.984,86.92,5.0,138395.0,344000.0,66.0,,,,,4.24,,,,75.5,,1037.0,174.339,7482.7,
2007-12-03,,,,,,,,,,,,,2.9,3.89,4.34,0.99,,,2.52,,,23.61,,,,89.6403
2007-12-04,,,,,,,,,,,,,2.9,3.89,4.34,0.99,,,2.53,,,23.79,,,,89.6672
2007-12-05,,,,,,,,,,,,,2.9,3.92,4.39,1.02,,,2.58,,,22.53,,,,89.8751
2007-12-06,,,,,,,,,,,,,3.03,4.02,4.49,0.99,,,2.59,,,20.96,,,,89.9268
2007-12-07,,,,,,,,,,,,,3.12,4.12,4.58,1.0,,,2.61,0.545,,20.85,,,,89.74
2007-12-08,,,,,,,,,,,332000.0,,,,,,,,,,,,,,,
2007-12-10,,,,,,,,,,,,,3.17,4.15,4.6,0.98,,,2.59,,,20.74,,,,89.6811
2007-12-11,,,,,,,,,,,,,2.94,3.98,4.47,1.04,,,2.63,,,23.59,,,,89.7176
2007-12-12,,,,,,,,,,,,,3.07,4.05,4.51,0.98,,,2.63,,,22.47,,,,89.7349
2007-12-13,,,,,,,,,,,,,3.21,4.18,4.61,0.97,,,2.58,,,22.56,,,,90.1374
2007-12-14,,,,,,,,,,,,,3.31,4.24,4.66,0.93,,,2.55,0.572,,23.27,,,,90.4345
2007-12-15,,,,,,,,,,,350000.0,,,,,,,,,,,,,,,
2007-12-17,,,,,,,,,,,,,3.24,4.2,4.62,0.96,,,2.55,,,24.52,,,,90.5363
2007-12-18,,,,,,,,,,,,,3.19,4.14,4.55,0.95,,,2.52,,,22.64,,,,90.5602
2007-12-19,,,,,,,,,,,,,3.12,4.06,4.47,0.94,,,2.54,,,21.68,,,,90.6147
2007-12-20,,,,,,,,,,,,,3.09,4.04,4.46,0.95,,,2.51,,,20.58,,,,90.4695
2007-12-21,,,,,,,,,,,,,3.19,4.18,4.58,0.99,,,2.5,0.562,,18.47,,,,90.3672
2007-12-22,,,,,,,,,,,355000.0,,,,,,,,,,,,,,,
2007-12-24,,,,,,,,,,,,,3.24,4.23,4.62,0.99,,,2.49,,,18.6,,,,90.1788
2007-12-25,,,,,,,,,,,,,,,,,,,,,,,,,,90.1786
2007-12-26,,,,,,,,,,,,,3.31,4.3,4.68,0.99,,,2.49,,,18.66,,,,89.9226
2007-12-27,,,,,,,,,,,,,3.24,4.21,4.61,0.97,,,2.52,,,20.26,,,,89.684
2007-12-28,,,,,,,,,,,,,3.12,4.11,4.51,0.99,,,2.51,0.524,,20.74,,,,89.4069
2007-12-29,,,,,,,,,,,360000.0,,,,,,,,,,,,,,,
2007-12-31,,,,,,,,,,,,,3.05,4.04,4.45,0.99,,,2.52,,,22.5,,,,89.6304
2008-01-01,14706.538,16843.003,102.2448,367368.0,212.174,213.771,88.206,87.093,5.0,138391.0,,66.2,,,,,3.94,,,,78.4,,1084.0,173.131,7513.6,89.6297
2008-01-02,,,,,,,,,,,,,2.88,3.91,4.35,1.03,,,2.54,,,23.17,,,,89.3514
2008-01-03,,,,,,,,,,,,,2.83,3.91,4.37,1.08,,,2.57,,,22.49,,,,89.231
2008-01-04,,,,,,,,,,,,,2.74,3.88,4.36,1.14,,,2.59,0.477,,23.94,,,,89.2467
2008-01-05,,,,,,,,,,,346000.0,,,,,,,,,,,,,,,
2008-01-07,,,,,,,,,,,,,2.76,3.86,4.34,1.1,,,2.6,,,23.79,,,,89.5718
2008-01-08,,,,,,,,,,,,,2.76,3.86,4.35,1.1,,,2.63,,,25.43,,,,89.3398
2008-01-09,,,,,,,,,,,,,2.69,3.82,4.32,1.13,,,2.67,,,24.12,,,,89.6807
2008-01-10,,,,,,,,,,,,,2.71,3.91,4.44,1.2,,,2.73,,,23.45,,,,89.6226
2008-01-11,,,,,,,,,,,,,2.59,3.82,4.39,1.23,,,2.77,0.433,,23.68,,,,89.5215
2008-01-12,,,,,,,,,,,322000.0,,,,,,,,,,,,,,,
2008-01-14,,,,,,,,,,,,,2.58,3.81,4.37,1.23,,,2.76,,,22.9,,,,89.2749
2008-01-15,,,,,,,,,,,,,2.53,3.72,4.28,1.19,,,2.78,,,23.34,,,,89.1555
2008-01-16,,,,,,,,,,,,,2.51,3.74,4.32,1.23,,,2.77,,,24.38,,,,89.6701
2008-01-17,,,,,,,,,,,,,2.44,3.66,4.25,1.22,,,2.81,,,28.46,,,,89.6484
2008-01-18,,,,,,,,,,,,,2.36,3.66,4.28,1.3,,,2.87,0.41,,27.18,,,,89.8993
2008-01-19,,,,,,,,,,,321000.0,,,,,,,,,,,,,,,
2008-01-21,,,,,,,,,,,,,,,,,,,,,,,,,,89.9265
2008-01-22,,,,,,,,,,,,,2.08,3.52,4.23,1.44,,,2.98,,,31.01,,,,89.84
2008-01-23,,,,,,,,,,,,,2.09,3.51,4.23,1.42,,,2.95,,,29.02,,,,89.9138
2008-01-24,,,,,,,,,,,,,2.25,3.68,4.36,1.43,,,2.95,,,27.78,,,,89.203
2008-01-25,,,,,,,,,,,,,2.23,3.61,4.28,1.38,,,2.95,0.418,,29.08,,,,89.2184
2008-01-26,,,,,,,,,,,366000.0,,,,,,,,,,,,,,,
2008-01-28,,,,,,,,,,,,,2.2,3.61,4.29,1.41,,,2.97,,,27.78,,,,88.9555
2008-01-29,,,,,,,,,,,,,2.29,3.69,4.34,1.4,,,2.94,,,27.32,,,,88.8342
2008-01-30,,,,,,,,,,,,,2.3,3.78,4.44,1.48,,,2.94,,,27.62,,,,88.7442
2008-01-31,,,,,,,,,,,,,2.17,3.67,4.35,1.5,,,2.96,,,26.2,,,,88.6547
2008-02-01,,,101.8438,364126.0,212.687,213.939,88.382,87.178,4.9,138329.0,,66.0,2.09,3.62,4.32,1.53,2.98,,2.98,0.448,70.8,24.02,1103.0,171.539,7600.3,88.4824
2008-02-02,,,,,,,,,,,350000.0,,,,,,,,,,,,,,,
2008-02-04,,,,,,,,,,,,,2.08,3.68,4.37,1.6,,,2.98,,,25.99,,,,88.4788
2008-02-05,,,,,,,,,,,,,1.93,3.61,4.33,1.68,,,3.01,,,28.24,,,,89.076
2008-02-06,,,,,,,,,,,,,1.96,3.61,4.37,1.65,,,3.05,,,28.97,,,,88.9987
2008-02-07,,,,,,,,,,,,,1.99,3.74,4.51,1.75,,,3.06,,,27.66,,,,89.4221
2008-02-08,,,,,,,,,,,,,1.93,3.64,4.43,1.71,,,3.09,0.51,,28.01,,,,89.2226
2008-02-09,,,,,,,,,,,344000.0,,,,,,,,,,,,,,,
2008-02-11,,,,,,,,,,,,,1.93,3.62,4.41,1.69,,,3.09,,,27.6,,,,89.2149
2008-02-12,,,,,,,,,,,,,1.94,3.66,4.46,1.72,,,3.11,,,26.33,,,,88.9539
2008-02-13,,,,,,,,,,,,,1.91,3.7,4.52,1.79,,,3.11,,,24.88,,,,89.1382
2008-02-14,,,,,,,,,,,,,1.93,3.85,4.67,1.92,,,3.1,,,25.54,,,,88.9055
2008-02-15,,,,,,,,,,,,,1.91,3.76,4.58,1.85,,,3.14,0.595,,25.02,,,,88.9006
2008-02-16,,,,,,,,,,,339000.0,,,,,,,,,,,,,,,
2008-02-18,,,,,,,,,,,,,,,,,,,,,,,,,,88.9004
2008-02-19,,,,,,,,,,,,,2.06,3.89,4.66,1.83,,,3.07,,,25.59,,,,88.9626
2008-02-20,,,,,,,,,,,,,2.14,3.93,4.65,1.79,,,3.03,,,24.4,,,,89.2572
2008-02-21,,,,,,,,,,,,,1.98,3.77,4.54,1.79,,,3.1,,,25.12,,,,88.716
2008-02-22,,,,,,,,,,,,,1.98,3.79,4.58,1.81,,,3.12,0.694,,24.06,,,,88.7082
2008-02-23,,,,,,,,,,,354000.0,,,,,,,,,,,,,,,
2008-02-25,,,,,,,,,,,,,2.13,3.91,4.67,1.78,,,3.08,,,23.03,,,,88.5373
2008-02-26,,,,,,,,,,,,,2.04,3.88,4.66,1.84,,,3.1,,,21.9,,,,88.0998
2008-02-27,,,,,,,,,,,,,2.01,3.85,4.65,1.84,,,3.11,,,22.69,,,,87.3353
2008-02-28,,,,,,,,,,,,,1.87,3.71,4.55,1.84,,,3.17,,,23.53,,,,87.0363
2008-02-29,,,,,,,,,,,,,1.65,3.53,4.41,1.88,,,3.22,0.794,,26.54,,,,87.1654
2008-03-01,,,101.5336,365164.0,213.448,214.42,88.635,87.349,5.1,138259.0,345000.0,66.1,,,,,2.61,,,,69.5,,1005.0,170.05,7664.9,
2008-03-03,,,,,,,,,,,,,1.61,3.54,4.42,1.93,,,3.22,,,26.28,,,,87.2381
2008-03-04,,,,,,,,,,,,,1.65,3.63,4.52,1.98,,,3.19,,,25.52,,,,87.3039
2008-03-05,,,,,,,,,,,,,1.66,3.7,4.6,2.04,,,3.26,,,24.6,,,,87.1347
2008-03-06,,,,,,,,,,,,,1.53,3.62,4.57,2.09,,,3.35,,,27.55,,,,86.9105
2008-03-07,,,,,,,,,,,,,1.53,3.56,4.55,2.03,,,3.39,0.885,,27.49,,,,87.1258
2008-03-08,,,,,,,,,,,348000.0,,,,,,,,,,,,,,,
2008-03-10,,,,,,,,,,,,,1.47,3.46,4.45,1.99,,,3.43,,,29.38,,,,87.1452
2008-03-11,,,,,,,,,,,,,1.74,3.6,4.53,1.86,,,3.39,,,26.36,,,,87.1763
2008-03-12,,,,,,,,,,,,,1.63,3.49,4.4,1.86,,,3.39,,,27.22,,,,86.728
2008-03-13,,,,,,,,,,,,,1.63,3.56,4.47,1.93,,,3.39,,,27.29,,,,86.3891
2008-03-14,,,,,,,,,,,,,1.47,3.44,4.35,1.97,,,3.42,0.946,,31.16,,,,86.4301
2008-03-15,,,,,,,,,,,369000.0,,,,,,,,,,,,,,,
2008-03-17,,,,,,,,,,,,,1.35,3.34,4.29,1.99,,,3.5,,,32.24,,,,86.3417
2008-03-18,,,,,,,,,,,,,1.58,3.48,4.35,1.9,,,3.39,,,25.79,,,,86.1191
2008-03-19,,,,,,,,,,,,,1.54,3.38,4.22,1.84,,,3.44,,,29.84,,,,86.5755
2008-03-20,,,,,,,,,,,,,1.59,3.34,4.17,1.75,,,3.42,,,26.62,,,,87.3293
2008-03-21,,,,,,,,,,,,,,,,,,,,0.97,,,,,,87.2111
2008-03-22,,,,,,,,,,,368000.0,,,,,,,,,,,,,,,
2008-03-24,,,,,,,,,,,,,1.84,3.56,4.33,1.72,,,3.34,,,25.73,,,,87.3103
2008-03-25,,,,,,,,,,,,,1.79,3.51,4.3,1.72,,,3.39,,,25.72,,,,86.8339
2008-03-26,,,,,,,,,,,,,1.71,3.51,4.33,1.8,,,3.41,,,26.08,,,,86.5513
2008-03-27,,,,,,,,,,,,,1.73,3.56,4.38,1.83,,,3.41,,,25.88,,,,86.4583
2008-03-28,,,,,,,,,,,,,1.67,3.47,4.33,1.8,,,3.47,0.949,,25.71,,,,86.6369
2008-03-29,,,,,,,,,,,387000.0,,,,,,,,,,,,,,,
2008-03-31,,,,,,,,,,,,,1.62,3.45,4.3,1.83,,,3.45,,,25.61,,,,86.6881
2008-04-01,14865.701,16943.291,100.8785,364816.0,213.942,214.56,88.799,87.4,5.0,138040.0,,65.9,1.8,3.57,4.4,1.77,2.28,,3.43,,62.6,22.68,1013.0,168.332,7711.4,87.0276
2008-04-02,,,,,,,,,,,,,1.88,3.6,4.38,1.72,,,3.4,,,23.43,,,,86.8886
2008-04-03,,,,,,,,,,,,,1.91,3.61,4.4,1.7,,,3.38,,,23.21,,,,86.6424
2008-04-04,,,,,,,,,,,,,1.83,3.5,4.32,1.67,,,3.4,0.896,,22.45,,,,86.5108
2008-04-05,,,,,,,,,,,354000.0,,,,,,,,,,,,,,,
2008-04-07,,,,,,,,,,,,,1.95,3.57,4.36,1.62,,,3.37,,,22.42,,,,86.603
2008-04-08,,,,,,,,,,,,,1.87,3.58,4.37,1.71,,,3.37,,,22.36,,,,86.7369
2008-04-09,,,,,,,,,,,,,1.77,3.49,4.31,1.72,,,3.38,,,22.81,,,,86.5764
2008-04-10,,,,,,,,,,,,,1.84,3.55,4.34,1.71,,,3.35,,,21.98,,,,86.5131
2008-04-11,,,,,,,,,,,,,1.76,3.49,4.3,1.73,,,3.38,0.821,,23.46,,,,86.5029
2008-04-12,,,,,,,,,,,365000.0,,,,,,,,,,,,,,,
2008-04-14,,,,,,,,,,,,,1.78,3.53,4.35,1.75,,,3.39,,,23.82,,,,86.3492
2008-04-15,,,,,,,,,,,,,1.84,3.6,4.42,1.76,,,3.39,,,22.78,,,,86.4705
2008-04-16,,,,,,,,,,,,,1.98,3.72,4.54,1.74,,,3.39,,,20.53,,,,85.9037
2008-04-17,,,,,,,,,,,,,2.13,3.75,4.54,1.62,,,3.34,,,20.37,,,,86.1077
2008-04-18,,,,,,,,,,,,,2.19,3.77,4.51,1.58,,,3.26,0.738,,20.13,,,,86.5277
2008-04-19,,,,,,,,,,,349000.0,,,,,,,,,,,,,,,
2008-04-21,,,,,,,,,,,,,2.2,3.75,4.48,1.55,,,3.22,,,20.5,,,,86.2979
2008-04-22,,,,,,,,,,,,,2.24,3.74,4.46,1.5,,,3.21,,,20.87,,,,85.927
2008-04-23,,,,,,,,,,,,,2.22,3.77,4.49,1.55,,,3.18,,,20.26,,,,86.3841
2008-04-24,,,,,,,,,,,,,2.41,3.87,4.56,1.46,,,3.13,,,20.06,,,,86.7154
2008-04-25,,,,,,,,,,,,,2.44,3.91,4.61,1.47,,,3.14,0.652,,19.59,,,,86.8337
2008-04-26,,,,,,,,,,,370000.0,,,,,,,,,,,,,,,
2008-04-28,,,,,,,,,,,,,2.36,3.86,4.57,1.5,,,3.11,,,19.64,,,,86.7635
2008-04-29,,,,,,,,,,,,,2.35,3.85,4.55,1.5,,,3.11,,,20.24,,,,86.873
2008-04-30,,,,,,,,,,,,,2.29,3.77,4.49,1.48,,,3.1,,,20.79,,,,86.8907
2008-05-01,,,100.2674,368255.0,215.208,214.936,89.18,87.559,5.4,137851.0,,66.1,2.37,3.78,4.49,1.41,1.98,,3.04,,59.8,18.88,973.0,166.653,7728.3,87.1347
2008-05-02,,,,,,,,,,,,,2.47,3.89,4.57,1.42,,,2.97,0.577,,18.18,,,,87.2311
2008-05-03,,,,,,,,,,,370000.0,,,,,,,,,,,,,,,
2008-05-05,,,,,,,,,,,,,2.42,3.88,4.58,1.46,,,3.01,,,18.9,,,,87.0636
2008-05-06,,,,,,,,,,,,,2.38,3.93,4.64,1.55,,,3.01,,,18.21,,,,86.847
2008-05-07,,,,,,,,,,,,,2.31,3.87,4.61,1.56,,,3.05,,,19.73,,,,87.3421
2008-05-08,,,,,,,,,,,,,2.25,3.79,4.5,1.54,,,3.08,,,19.4,,,,87.4575
2008-05-09,,,,,,,,,,,,,2.25,3.77,4.53,1.52,,,3.07,0.522,,19.41,,,,87.2528
2008-05-10,,,,,,,,,,,366000.0,,,,,,,,,,,,,,,
2008-05-12,,,,,,,,,,,,,2.3,3.78,4.53,1.48,,,3.06,,,17.79,,,,87.0403
2008-05-13,,,,,,,,,,,,,2.47,3.9,4.62,1.43,,,3.04,,,17.98,,,,87.1332
2008-05-14,,,,,,,,,,,,,2.53,3.92,4.63,1.39,,,3.06,,,17.66,,,,87.3659
2008-05-15,,,,,,,,,,,,,2.45,3.83,4.56,1.38,,,3.08,,,16.3,,,,87.1823
2008-05-16,,,,,,,,,,,,,2.47,3.85,4.58,1.38,,,3.06,0.49,,16.47,,,,86.7855
2008-05-17,,,,,,,,,,,367000.0,,,,,,,,,,,,,,,
2008-05-19,,,,,,,,,,,,,2.42,3.83,4.56,1.41,,,3.07,,,17.01,,,,86.8225
2008-05-20,,,,,,,,,,,,,2.34,3.78,4.53,1.44,,,3.08,,,17.58,,,,86.5627
2008-05-21,,,,,,,,,,,,,2.41,3.81,4.55,1.4,,,3.08,,,18.59,,,,86.1595
2008-05-22,,,,,,,,,,,,,2.56,3.92,4.63,1.36,,,3.06,,,18.05,,,,86.3223
2008-05-23,,,,,,,,,,,,,2.46,3.85,4.57,1.39,,,3.06,0.485,,19.55,,,,86.1922
2008-05-24,,,,,,,,,,,369000.0,,,,,,,,,,,,,,,
2008-05-26,,,,,,,,,,,,,,,,,,,,,,,,,,86.19
2008-05-27,,,,,,,,,,,,,2.55,3.93,4.65,1.38,,,3.08,,,19.64,,,,86.4459
2008-05-28,,,,,,,,,,,,,2.62,4.03,4.71,1.41,,,3.03,,,19.07,,,,86.4951
2008-05-29,,,,,,,,,,,,,2.67,4.08,4.76,1.41,,,3.04,,,18.14,,,,86.5616
2008-05-30,,,,,,,,,,,,,2.66,4.06,4.72,1.4,,,3.0,0.507,,17.83,,,,86.5504
2008-05-31,,,,,,,,,,,362000.0,,,,,,,,,,,,,,,
2008-06-01,,,100.0335,368926.0,217.463,215.424,89.827,87.76,5.6,137700.0,,66.1,,,,,2.0,,,,56.4,,1046.0,165.012,7747.3,
2008-06-02,,,,,,,,,,,,,2.51,3.98,4.68,1.47,,,3.05,,,19.83,,,,86.6321
2008-06-03,,,,,,,,,,,,,2.45,3.92,4.63,1.47,,,3.03,,,20.24,,,,86.8359
2008-06-04,,,,,,,,,,,,,2.47,3.98,4.71,1.51,,,3.04,,,20.8,,,,87.0999
2008-06-05,,,,,,,,,,,,,2.52,4.06,4.75,1.54,,,3.01,,,18.63,,,,87.0968
2008-06-06,,,,,,,,,,,,,2.4,3.94,4.65,1.54,,,3.04,0.553,,23.56,,,,86.8028
2008-06-07,,,,,,,,,,,382000.0,,,,,,,,,,,,,,,
2008-06-09,,,,,,,,,,,,,2.73,4.02,4.64,1.29,,,2.94,,,23.12,,,,86.9096
2008-06-10,,,,,,,,,,,,,2.91,4.11,4.7,1.2,,,2.94,,,23.18,,,,87.4705
2008-06-11,,,,,,,,,,,,,2.83,4.1,4.72,1.27,,,2.97,,,24.12,,,,87.2059
2008-06-12,,,,,,,,,,,,,3.03,4.23,4.77,1.2,,,2.9,,,23.33,,,,87.6187
2008-06-13,,,,,,,,,,,,,3.05,4.27,4.79,1.22,,,2.9,0.607,,21.22,,,,87.7622
2008-06-14,,,,,,,,,,,378000.0,,,,,,,,,,,,,,,
2008-06-16,,,,,,,,,,,,,3.02,4.25,4.77,1.23,,,2.92,,,20.95,,,,87.3911
2008-06-17,,,,,,,,,,,,,2.94,4.23,4.78,1.29,,,2.94,,,21.13,,,,87.2103
2008-06-18,,,,,,,,,,,,,2.89,4.16,4.72,1.27,,,2.95,,,22.24,,,,87.1872
2008-06-19,,,,,,,,,,,,,2.99,4.22,4.76,1.23,,,2.92,,,21.58,,,,87.0815
2008-06-20,,,,,,,,,,,,,2.88,4.16,4.71,1.28,,,2.95,0.663,,22.87,,,,86.9036
2008-06-21,,,,,,,,,,,381000.0,,,,,,,,,,,,,,,
2008-06-23,,,,,,,,,,,,,2.98,4.19,4.71,1.21,,,2.93,,,22.64,,,,87.2163
2008-06-24,,,,,,,,,,,,,2.87,4.1,4.65,1.23,,,2.98,,,22.42,,,,86.9666
2008-06-25,,,,,,,,,,,,,2.82,4.12,4.65,1.3,,,2.96,,,21.14,,,,87.0535
2008-06-26,,,,,,,,,,,,,2.68,4.07,4.62,1.39,,,3.0,,,23.93,,,,86.6793
2008-06-27,,,,,,,,,,,,,2.65,3.99,4.53,1.34,,,3.04,0.715,,23.44,,,,86.643
2008-06-28,,,,,,,,,,,392000.0,,,,,,,,,,,,,,,
2008-06-30,,,,,,,,,,,,,2.63,3.99,4.53,1.36,,,3.05,,,23.95,,,,86.7621
2008-07-01,14898.999,16854.295,99.676,367594.0,219.016,215.965,90.245,87.918,5.8,137497.0,,66.1,2.63,4.01,4.55,1.38,2.01,,3.06,,61.2,23.65,923.0,163.562,7794.9,86.8447
2008-07-02,,,,,,,,,,,,,2.6,3.99,4.51,1.39,,,3.05,,,25.92,,,,86.4782
2008-07-03,,,,,,,,,,,,,2.54,3.99,4.53,1.45,,,3.08,,,24.79,,,,86.8843
2008-07-04,,,,,,,,,,,,,,,,,,,,0.747,,,,,,86.8781
2008-07-05,,,,,,,,,,,371000.0,,,,,,,,,,,,,,,
2008-07-07,,,,,,,,,,,,,2.47,3.95,4.51,1.48,,,3.1,,,25.78,,,,86.9617
2008-07-08,,,,,,,,,,,,,2.47,3.91,4.46,1.44,,,3.11,,,23.15,,,,86.9778
2008-07-09,,,,,,,,,,,,,2.41,3.85,4.42,1.44,,,3.14,,,25.23,,,,86.5335
2008-07-10,,,,,,,,,,,,,2.44,3.83,4.42,1.39,,,3.17,,,25.59,,,,86.5122
2008-07-11,,,,,,,,,,,,,2.59,3.96,4.52,1.37,,,3.15,0.756,,27.49,,,,86.221
2008-07-12,,,,,,,,,,,385000.0,,,,,,,,,,,,,,,
2008-07-14,,,,,,,,,,,,,2.47,3.9,4.47,1.43,,,3.16,,,28.48,,,,86.1079
2008-07-15,,,,,,,,,,,,,2.39,3.87,4.48,1.48,,,3.22,,,28.54,,,,85.8731
2008-07-16,,,,,,,,,,,,,2.44,3.97,4.59,1.53,,,3.24,,,25.1,,,,85.9285
2008-07-17,,,,,,,,,,,,,2.58,4.07,4.65,1.49,,,3.2,,,25.01,,,,85.9387
2008-07-18,,,,,,,,,,,,,2.66,4.11,4.66,1.45,,,3.17,0.746,,24.05,,,,86.0735
2008-07-19,,,,,,,,,,,402000.0,,,,,,,,,,,,,,,
2008-07-21,,,,,,,,,,,,,2.66,4.09,4.64,1.43,,,3.18,,,23.05,,,,86.0151
2008-07-22,,,,,,,,,,,,,2.74,4.14,4.67,1.4,,,3.13,,,21.18,,,,86.1909
2008-07-23,,,,,,,,,,,,,2.81,4.16,4.69,1.35,,,3.14,,,21.31,,,,86.2664
2008-07-24,,,,,,,,,,,,,2.61,4.03,4.6,1.42,,,3.19,,,23.44,,,,86.4017
2008-07-25,,,,,,,,,,,,,2.7,4.13,4.69,1.43,,,3.17,0.718,,22.91,,,,86.3916
2008-07-26,,,,,,,,,,,434000.0,,,,,,,,,,,,,,,
2008-07-28,,,,,,,,,,,,,2.59,4.06,4.63,1.47,,,3.16,,,24.23,,,,86.4666
2008-07-29,,,,,,,,,,,,,2.65,4.09,4.64,1.44,,,3.13,,,22.03,,,,86.8175
2008-07-30,,,,,,,,,,,,,2.64,4.07,4.64,1.43,,,3.17,,,21.21,,,,86.8167
2008-07-31,,,,,,,,,,,,,2.52,3.99,4.59,1.47,,,3.22,,,22.94,,,,86.8567
2008-08-01,,,98.1111,364611.0,218.69,216.393,90.172,88.026,6.1,137211.0,,66.1,2.51,3.97,4.57,1.46,2.0,,3.21,0.687,63.0,22.57,844.0,161.984,7808.8,86.8257
2008-08-02,,,,,,,,,,,448000.0,,,,,,,,,,,,,,,
2008-08-04,,,,,,,,,,,,,2.53,3.98,4.58,1.45,,,3.22,,,23.49,,,,87.0611
2008-08-05,,,,,,,,,,,,,2.54,4.04,4.63,1.5,,,3.2,,,21.14,,,,87.3281
2008-08-06,,,,,,,,,,,,,2.56,4.06,4.68,1.5,,,3.24,,,20.23,,,,87.6004
2008-08-07,,,,,,,,,,,,,2.43,3.92,4.56,1.49,,,3.25,,,21.15,,,,87.8732
2008-08-08,,,,,,,,,,,,,2.51,3.94,4.55,1.43,,,3.23,0.672,,20.66,,,,88.8939
2008-08-09,,,,,,,,,,,430000.0,,,,,,,,,,,,,,,
2008-08-11,,,,,,,,,,,,,2.56,3.99,4.61,1.43,,,3.24,,,20.12,,,,89.035
2008-08-12,,,,,,,,,,,,,2.45,3.91,4.55,1.46,,,3.26,,,21.17,,,,89.1916
2008-08-13,,,,,,,,,,,,,2.5,3.94,4.57,1.44,,,3.25,,,21.55,,,,89.3211
2008-08-14,,,,,,,,,,,,,2.45,3.89,4.52,1.44,,,3.26,,,20.34,,,,89.3675
2008-08-15,,,,,,,,,,,,,2.4,3.84,4.47,1.44,,,3.27,0.68,,19.58,,,,89.7244
2008-08-16,,,,,,,,,,,424000.0,,,,,,,,,,,,,,,
2008-08-18,,,,,,,,,,,,,2.35,3.82,4.44,1.47,,,3.26,,,20.98,,,,89.5966
2008-08-19,,,,,,,,,,,,,2.32,3.83,4.47,1.51,,,3.28,,,21.28,,,,89.6465
2008-08-20,,,,,,,,,,,,,2.25,3.79,4.43,1.54,,,3.31,,,20.42,,,,89.6977
2008-08-21,,,,,,,,,,,,,2.33,3.84,4.46,1.51,,,3.28,,,19.82,,,,88.9128
2008-08-22,,,,,,,,,,,,,2.42,3.87,4.46,1.45,,,3.27,0.736,,18.81,,,,89.2381
2008-08-23,,,,,,,,,,,421000.0,,,,,,,,,,,,,,,
2008-08-25,,,,,,,,,,,,,2.33,3.79,4.4,1.46,,,3.3,,,20.97,,,,89.3094
2008-08-26,,,,,,,,,,,,,2.35,3.79,4.4,1.44,,,3.31,,,20.49,,,,89.7007
2008-08-27,,,,,,,,,,,,,2.31,3.77,4.38,1.46,,,3.3,,,19.76,,,,89.6419
2008-08-28,,,,,,,,,,,,,2.37,3.79,4.38,1.42,,,3.29,,,19.43,,,,89.8225
2008-08-29,,,,,,,,,,,,,2.36,3.83,4.43,1.47,,,3.29,0.843,,20.65,,,,90.0567
2008-08-30,,,,,,,,,,,442000.0,,,,,,,,,,,,,,,
2008-09-01,,,93.7895,358991.0,218.877,216.713,90.247,88.116,6.1,136760.0,,66.0,,,,,1.81,,,,70.3,,820.0,160.305,7873.6,90.08
2008-09-02,,,,,,,,,,,,,2.26,3.74,4.36,1.48,,,3.33,,,21.99,,,,90.8438
2008-09-03,,,,,,,,,,,,,2.26,3.71,4.32,1.45,,,3.32,,,21.43,,,,90.8286
2008-09-04,,,,,,,,,,,,,2.2,3.64,4.27,1.44,,,3.37,,,24.03,,,,91.1621
2008-09-05,,,,,,,,,,,,,2.23,3.66,4.27,1.43,,,3.37,1.01,,23.06,,,,91.341
2008-09-06,,,,,,,,,,,441000.0,,,,,,,,,,,,,,,
2008-09-08,,,,,,,,,,,,,2.3,3.66,4.26,1.36,,,3.37,,,22.64,,,,91.663
2008-09-09,,,,,,,,,,,,,2.23,3.62,4.2,1.39,,,3.35,,,25.47,,,,91.5779
2008-09-10,,,,,,,,,,,,,2.22,3.65,4.23,1.43,,,3.37,,,24.52,,,,92.1283
2008-09-11,,,,,,,,,,,,,2.18,3.64,4.2,1.46,,,3.41,,,24.39,,,,92.4901
2008-09-12,,,,,,,,,,,,,2.23,3.74,4.32,1.51,,,3.43,1.23,,25.66,,,,91.4706
2008-09-13,,,,,,,,,,,449000.0,,,,,,,,,,,,,,,
2008-09-15,,,,,,,,,,,,,1.78,3.47,4.12,1.69,,,3.66,,,31.7,,,,91.757
2008-09-16,,,,,,,,,,,,,1.89,3.48,4.08,1.59,,,3.68,,,30.3,,,,92.0594
2008-09-17,,,,,,,,,,,,,1.64,3.41,4.08,1.77,,,3.84,,,36.22,,,,92.0982
2008-09-18,,,,,,,,,,,,,1.78,3.54,4.14,1.76,,,3.79,,,33.1,,,,91.7111
2008-09-19,,,,,,,,,,,,,2.16,3.78,4.36,1.62,,,3.77,1.513,,32.07,,,,91.0014
2008-09-20,,,,,,,,,,,483000.0,,,,,,,,,,,,,,,
2008-09-22,,,,,,,,,,,,,2.13,3.83,4.41,1.7,,,3.78,,,33.85,,,,90.1119
2008-09-23,,,,,,,,,,,,,2.11,3.85,4.43,1.74,,,3.77,,,35.72,,,,90.1221
2008-09-24,,,,,,,,,,,,,2.03,3.8,4.4,1.77,,,3.78,,,35.19,,,,90.4602
2008-09-25,,,,,,,,,,,,,2.16,3.88,4.4,1.72,,,3.86,,,32.82,,,,90.4651
2008-09-26,,,,,,,,,,,,,2.11,3.85,4.36,1.74,,,3.88,1.793,,34.74,,,,90.6872
2008-09-27,,,,,,,,,,,483000.0,,,,,,,,,,,,,,,
2008-09-29,,,,,,,,,,,,,1.7,3.61,4.13,1.91,,,4.01,,,46.72,,,,91.3961
2008-09-30,,,,,,,,,,,,,2.0,3.85,4.31,1.85,,,4.0,,,39.39,,,,92.3773
2008-10-01,14608.209,16485.35,94.7219,346137.0,216.995,216.788,89.651,87.991,6.5,136291.0,,66.0,1.82,3.77,4.22,1.95,0.97,,4.1,,57.6,39.81,777.0,158.325,7976.3,92.511
2008-10-02,,,,,,,,,,,,,1.62,3.66,4.16,2.04,,,4.31,,,45.26,,,,93.3792
2008-10-03,,,,,,,,,,,,,1.6,3.63,4.11,2.03,,,4.35,2.073,,45.14,,,,93.5414
2008-10-04,,,,,,,,,,,482000.0,,,,,,,,,,,,,,,
2008-10-06,,,,,,,,,,,,,1.43,3.48,3.99,2.05,,,4.43,,,52.05,,,,95.1629
2008-10-07,,,,,,,,,,,,,1.47,3.5,4.01,2.03,,,4.55,,,53.68,,,,95.4889
2008-10-08,,,,,,,,,,,,,1.65,3.72,4.09,2.07,,,4.49,,,57.53,,,,96.9684
2008-10-09,,,,,,,,,,,,,1.65,3.84,4.14,2.19,,,4.48,,,63.92,,,,96.5143
2008-10-10,,,,,,,,,,,,,1.62,3.89,4.15,2.27,,,4.86,2.325,,69.95,,,,97.999
2008-10-11,,,,,,,,,,,461000.0,,,,,,,,,,,,,,,
2008-10-13,,,,,,,,,,,,,,,,,,,,,,54.99,,,,97.9686
2008-10-14,,,,,,,,,,,,,1.82,4.08,4.27,2.26,,,4.78,,,55.13,,,,96.2544
2008-10-15,,,,,,,,,,,,,1.64,4.04,4.25,2.4,,,4.94,,,69.25,,,,97.2045
2008-10-16,,,,,,,,,,,,,1.61,3.99,4.25,2.38,,,5.09,,,67.61,,,,98.368
2008-10-17,,,,,,,,,,,,,1.64,3.98,4.32,2.34,,,5.45,2.523,,70.33,,,,97.7255
2008-10-18,,,,,,,,,,,478000.0,,,,,,,,,,,,,,,
2008-10-20,,,,,,,,,,,,,1.71,3.91,4.26,2.2,,,5.52,,,52.97,,,,98.1605
2008-10-21,,,,,,,,,,,,,1.58,3.76,4.2,2.18,,,5.6,,,53.11,,,,99.4242
2008-10-22,,,,,,,,,,,,,1.53,3.65,4.07,2.12,,,5.6,,,69.65,,,,101.2131
2008-10-23,,,,,,,,,,,,,1.54,3.63,3.99,2.09,,,5.48,,,67.8,,,,101.1071
2008-10-24,,,,,,,,,,,,,1.57,3.76,4.11,2.19,,,5.54,2.667,,79.13,,,,101.8442
2008-10-25,,,,,,,,,,,480000.0,,,,,,,,,,,,,,,
2008-10-27,,,,,,,,,,,,,1.59,3.79,4.12,2.2,,,5.6,,,80.06,,,,102.3415
2008-10-28,,,,,,,,,,,,,1.65,3.89,4.19,2.24,,,5.59,,,66.96,,,,102.4236
2008-10-29,,,,,,,,,,,,,1.58,3.93,4.26,2.35,,,5.58,,,69.96,,,,100.0967
2008-10-30,,,,,,,,,,,,,1.59,4.0,4.3,2.41,,,5.52,,,62.9,,,,99.4568
2008-10-31,,,,,,,,,,,,,1.56,4.01,4.35,2.45,,,5.53,2.791,,59.89,,,,99.7662
2008-11-01,,,93.4715,332498.0,213.153,216.947,88.593,87.952,6.8,135541.0,490000.0,65.9,,,,,0.39,,,,55.3,,652.0,156.14,8027.8,
2008-11-03,,,,,,,,,,,,,1.45,3.96,4.33,2.51,,,5.53,,,53.68,,,,99.4345
2008-11-04,,,,,,,,,,,,,1.39,3.81,4.2,2.42,,,5.56,,,47.73,,,,97.9957
2008-11-05,,,,,,,,,,,,,1.36,3.73,4.13,2.37,,,5.53,,,54.56,,,,98.0953
2008-11-06,,,,,,,,,,,,,1.28,3.75,4.19,2.47,,,5.5,,,63.68,,,,99.5364
2008-11-07,,,,,,,,,,,,,1.33,3.83,4.25,2.5,,,5.45,2.886,,56.1,,,,99.3944
2008-11-08,,,,,,,,,,,512000.0,,,,,,,,,,,,,,,
2008-11-10,,,,,,,,,,,,,1.27,3.82,4.21,2.55,,,5.4,,,59.98,,,,99.5897
2008-11-11,,,,,,,,,,,,,,,,,,,,,,61.44,,,,99.6041
2008-11-12,,,,,,,,,,,,,1.19,3.75,4.17,2.56,,,5.41,,,66.46,,,,101.1947
2008-11-13,,,,,,,,,,,,,1.24,3.84,4.34,2.6,,,5.54,,,59.83,,,,101.774
2008-11-14,,,,,,,,,,,,,1.22,3.72,4.22,2.5,,,5.56,2.968,,66.31,,,,100.9705
2008-11-15,,,,,,,,,,,536000.0,,,,,,,,,,,,,,,
2008-11-17,,,,,,,,,,,,,1.22,3.68,4.2,2.46,,,5.58,,,69.15,,,,101.1029
2008-11-18,,,,,,,,,,,,,1.15,3.53,4.14,2.38,,,5.71,,,67.64,,,,101.3965
2008-11-19,,,,,,,,,,,,,1.09,3.38,3.96,2.29,,,5.73,,,74.26,,,,101.8804
2008-11-20,,,,,,,,,,,,,1.0,3.1,3.64,2.1,,,5.92,,,80.86,,,,103.2737
2008-11-21,,,,,,,,,,,,,1.09,3.2,3.7,2.11,,,5.88,3.045,,72.67,,,,103.6289
2008-11-22,,,,,,,,,,,532000.0,,,,,,,,,,,,,,,
2008-11-24,,,,,,,,,,,,,1.31,3.35,3.78,2.04,,,5.86,,,64.7,,,,101.502
2008-11-25,,,,,,,,,,,,,1.15,3.11,3.63,1.96,,,6.01,,,60.9,,,,100.7997
2008-11-26,,,,,,,,,,,,,1.09,2.99,3.54,1.9,,,6.06,,,54.92,,,,101.2566
2008-11-27,,,,,,,,,,,,,,,,,,,,,,,,,,101.2564
2008-11-28,,,,,,,,,,,,,1.0,2.93,3.45,1.93,,,6.1,3.072,,55.84,,,,101.6468
2008-11-29,,,,,,,,,,,529000.0,,,,,,,,,,,,,,,
2008-12-01,,,90.8357,324767.0,211.398,216.925,88.098,87.909,7.3,134847.0,,65.8,0.9,2.72,3.22,1.82,0.16,,6.12,,60.1,68.51,560.0,153.617,8203.0,102.1744
2008-12-02,,,,,,,,,,,,,0.9,2.68,3.18,1.78,,,6.11,,,62.98,,,,101.9891
2008-12-03,,,,,,,,,,,,,0.87,2.67,3.17,1.8,,,6.13,,,60.72,,,,102.4251
2008-12-04,,,,,,,,,,,,,0.82,2.55,3.06,1.73,,,6.16,,,63.64,,,,102.0715
2008-12-05,,,,,,,,,,,,,0.93,2.67,3.11,1.74,,,6.07,3.065,,59.93,,,,103.4902
2008-12-06,,,,,,,,,,,570000.0,,,,,,,,,,,,,,,
2008-12-08,,,,,,,,,,,,,0.97,2.77,3.16,1.8,,,6.02,,,58.49,,,,101.7227
2008-12-09,,,,,,,,,,,,,0.84,2.67,3.06,1.83,,,6.06,,,58.91,,,,101.7346
2008-12-10,,,,,,,,,,,,,0.86,2.69,3.09,1.83,,,6.01,,,55.73,,,,101.2913
2008-12-11,,,,,,,,,,,,,0.79,2.64,3.07,1.85,,,6.07,,,55.78,,,,99.5101
2008-12-12,,,,,,,,,,,,,0.78,2.6,3.07,1.82,,,6.08,3.001,,54.28,,,,100.319
2008-12-13,,,,,,,,,,,566000.0,,,,,,,,,,,,,,,
2008-12-15,,,,,,,,,,,,,0.75,2.53,2.98,1.78,,,6.1,,,56.76,,,,99.1001
2008-12-16,,,,,,,,,,,,,0.65,2.37,2.86,1.72,,,6.11,,,52.37,,,,98.4771
2008-12-17,,,,,,,,,,,,,0.73,2.2,2.66,1.47,,,6.02,,,49.84,,,,96.8227
2008-12-18,,,,,,,,,,,,,0.68,2.08,2.53,1.4,,,6.03,,,47.34,,,,96.8447
2008-12-19,,,,,,,,,,,,,0.74,2.13,2.55,1.39,,,5.94,2.877,,44.93,,,,98.1278
2008-12-20,,,,,,,,,,,587000.0,,,,,,,,,,,,,,,
2008-12-22,,,,,,,,,,,,,0.87,2.16,2.6,1.29,,,5.93,,,44.56,,,,98.1643
2008-12-23,,,,,,,,,,,,,0.9,2.18,2.63,1.28,,,5.94,,,45.02,,,,98.2698
2008-12-24,,,,,,,,,,,,,0.9,2.2,2.63,1.3,,,5.9,,,44.21,,,,98.2249
2008-12-25,,,,,,,,,,,,,,,,,,,,,,,,,,98.2419
2008-12-26,,,,,,,,,,,,,0.89,2.16,2.61,1.27,,,5.9,2.718,,43.38,,,,98.2594
2008-12-27,,,,,,,,,,,533000.0,,,,,,,,,,,,,,,
2008-12-29,,,,,,,,,,,,,0.78,2.13,2.63,1.35,,,5.92,,,43.9,,,,97.9359
2008-12-30,,,,,,,,,,,,,0.75,2.11,2.58,1.36,,,5.86,,,41.63,,,,98.3833
2008-12-31,,,,,,,,,,,,,0.76,2.25,2.69,1.49,,,5.82,,,40.0,,,,98.6518
2009-01-01,14430.902,16298.262,88.57,329787.0,211.933,217.346,88.108,87.882,7.8,134079.0,,65.7,,,,,0.15,,,,61.2,,490.0,151.505,8284.2,
2009-01-02,,,,,,,,,,,,,0.88,2.46,2.83,1.58,,,5.72,2.565,,39.19,,,,98.6008
2009-01-03,,,,,,,,,,,503000.0,,,,,,,,,,,,,,,
2009-01-05,,,,,,,,,,,,,0.78,2.49,3.0,1.71,,,5.82,,,39.08,,,,98.9195
2009-01-06,,,,,,,,,,,,,0.8,2.51,3.04,1.71,,,5.77,,,38.56,,,,98.7871
2009-01-07,,,,,,,,,,,,,0.82,2.52,3.05,1.7,,,5.71,,,43.39,,,,98.089
2009-01-08,,,,,,,,,,,,,0.83,2.47,3.04,1.64,,,5.71,,,42.56,,,,98.3223
2009-01-09,,,,,,,,,,,,,0.75,2.43,3.04,1.68,,,5.72,2.413,,42.82,,,,98.8752
2009-01-10,,,,,,,,,,,551000.0,,,,,,,,,,,,,,,
2009-01-12,,,,,,,,,,,,,0.74,2.34,2.99,1.6,,,5.71,,,45.84,,,,99.6022
2009-01-13,,,,,,,,,,,,,0.76,2.33,3.0,1.57,,,5.72,,,43.27,,,,100.3597
2009-01-14,,,,,,,,,,,,,0.73,2.24,2.89,1.51,,,5.68,,,49.14,,,,100.7546
2009-01-15,,,,,,,,,,,,,0.73,2.23,2.86,1.5,,,5.68,,,51.0,,,,101.4653
2009-01-16,,,,,,,,,,,,,0.73,2.36,2.89,1.63,,,5.55,2.29,,46.11,,,,100.711
2009-01-17,,,,,,,,,,,591000.0,,,,,,,,,,,,,,,
2009-01-19,,,,,,,,,,,,,,,,,,,,,,,,,,
2009-01-20,,,,,,,,,,,,,0.73,2.4,2.97,1.67,,,5.55,,,56.65,,,,
2009-01-21,,,,,,,,,,,,,0.78,2.56,3.15,1.78,,,5.58,,,46.42,,,,102.1007
2009-01-22,,,,,,,,,,,,,0.75,2.62,3.25,1.87,,,5.62,,,47.29,,,,101.8432
2009-01-23,,,,,,,,,,,,,0.83,2.65,3.32,1.82,,,5.63,2.201,,47.27,,,,102.1096
2009-01-24,,,,,,,,,,,586000.0,,,,,,,,,,,,,,,
2009-01-26,,,,,,,,,,,,,0.85,2.7,3.39,1.85,,,5.6,,,45.69,,,,100.9764
2009-01-27,,,,,,,,,,,,,0.87,2.59,3.26,1.72,,,5.47,,,42.25,,,,101.1702
2009-01-28,,,,,,,,,,,,,0.89,2.71,3.44,1.82,,,5.49,,,39.66,,,,100.5461
2009-01-29,,,,,,,,,,,,,0.95,2.87,3.57,1.92,,,5.41,,,42.63,,,,101.3398
2009-01-30,,,,,,,,,,,,,0.94,2.87,3.58,1.93,,,5.38,2.141,,44.84,,,,102.1169
2009-01-31,,,,,,,,,,,629000.0,,,,,,,,,,,,,,,
2009-02-01,,,88.031,328376.0,212.705,217.792,88.266,87.952,8.3,133318.0,,65.8,,,,,0.22,,,,56.3,,582.0,150.012,8314.7,
2009-02-02,,,,,,,,,,,,,0.89,2.76,3.47,1.87,,,5.33,,,45.52,,,,102.5067
2009-02-03,,,,,,,,,,,,,0.96,2.89,3.64,1.93,,,5.32,,,43.06,,,,101.8506
2009-02-04,,,,,,,,,,,,,0.98,2.95,3.65,1.97,,,5.29,,,43.85,,,,101.9056
2009-02-05,,,,,,,,,,,,,0.98,2.95,3.63,1.97,,,5.23,,,43.73,,,,101.9517
2009-02-06,,,,,,,,,,,,,0.99,3.05,3.7,2.06,,,5.13,2.112,,43.37,,,,101.7455
2009-02-07,,,,,,,,,,,637000.0,,,,,,,,,,,,,,,
2009-02-09,,,,,,,,,,,,,1.05,3.07,3.69,2.02,,,5.09,,,43.64,,,,100.9637
2009-02-10,,,,,,,,,,,,,0.92,2.9,3.54,1.98,,,5.08,,,46.67,,,,101.7094
2009-02-11,,,,,,,,,,,,,0.93,2.78,3.45,1.85,,,5.1,,,44.53,,,,102.24
2009-02-12,,,,,,,,,,,,,0.89,2.75,3.47,1.86,,,5.16,,,41.25,,,,102.598
2009-02-13,,,,,,,,,,,,,0.97,2.89,3.68,1.92,,,5.24,2.113,,42.93,,,,102.2958
2009-02-14,,,,,,,,,,,632000.0,,,,,,,,,,,,,,,
2009-02-16,,,,,,,,,,,,,,,,,,,,,,,,,,
2009-02-17,,,,,,,,,,,,,0.87,2.64,3.47,1.77,,,5.28,,,48.66,,,,103.7625
2009-02-18,,,,,,,,,,,,,0.97,2.74,3.54,1.77,,,5.21,,,48.46,,,,104.0385
2009-02-19,,,,,,,,,,,,,1.01,2.85,3.68,1.84,,,5.27,,,47.08,,,,103.7656
2009-02-20,,,,,,,,,,,,,0.96,2.78,3.56,1.82,,,5.25,2.13,,49.3,,,,104.0244
2009-02-21,,,,,,,,,,,655000.0,,,,,,,,,,,,,,,
2009-02-23,,,,,,,,,,,,,0.96,2.78,3.53,1.82,,,5.24,,,52.62,,,,103.7416
2009-02-24,,,,,,,,,,,,,1.03,2.8,3.49,1.77,,,5.23,,,45.49,,,,103.9829
2009-02-25,,,,,,,,,,,,,1.09,2.95,3.59,1.86,,,5.18,,,44.67,,,,104.3086
2009-02-26,,,,,,,,,,,,,1.08,2.98,3.66,1.9,,,5.23,,,44.66,,,,104.1813
2009-02-27,,,,,,,,,,,,,1.0,3.02,3.71,2.02,,,5.22,2.146,,46.35,,,,104.9284
2009-02-28,,,,,,,,,,,652000.0,,,,,,,,,,,,,,,
2009-03-01,,,86.6528,322634.0,212.495,218.253,88.169,88.015,8.7,132494.0,,65.6,,,,,0.18,,,,57.3,,505.0,148.657,8380.5,
2009-03-02,,,,,,,,,,,,,0.89,2.91,3.64,2.02,,,5.29,,,52.65,,,,105.9617
2009-03-03,,,,,,,,,,,,,0.91,2.93,3.67,2.02,,,5.34,,,50.93,,,,106.0249
2009-03-04,,,,,,,,,,,,,0.97,3.01,3.69,2.04,,,5.31,,,47.56,,,,105.4558
2009-03-05,,,,,,,,,,,,,0.9,2.83,3.51,1.93,,,5.34,,,50.17,,,,105.8064
2009-03-06,,,,,,,,,,,,,0.91,2.83,3.5,1.92,,,5.35,2.15,,49.33,,,,105.3937
2009-03-07,,,,,,,,,,,660000.0,,,,,,,,,,,,,,,
2009-03-09,,,,,,,,,,,,,0.96,2.89,3.59,1.93,,,5.4,,,49.68,,,,106.0182
2009-03-10,,,,,,,,,,,,,1.01,2.99,3.7,1.98,,,5.45,,,44.37,,,,105.1153
2009-03-11,,,,,,,,,,,,,1.03,2.95,3.67,1.92,,,5.45,,,43.61,,,,104.8499
2009-03-12,,,,,,,,,,,,,1.03,2.89,3.63,1.86,,,5.52,,,41.18,,,,104.89
2009-03-13,,,,,,,,,,,,,0.98,2.89,3.66,1.91,,,5.56,2.112,,42.36,,,,104.1106
2009-03-14,,,,,,,,,,,651000.0,,,,,,,,,,,,,,,
2009-03-16,,,,,,,,,,,,,1.0,2.97,3.76,1.97,,,5.57,,,43.74,,,,103.2005
2009-03-17,,,,,,,,,,,,,1.05,3.02,3.83,1.97,,,5.6,,,40.8,,,,103.2305
2009-03-18,,,,,,,,,,,,,0.82,2.51,3.57,1.69,,,5.88,,,40.06,,,,103.0005
2009-03-19,,,,,,,,,,,,,0.87,2.61,3.62,1.74,,,5.84,,,43.68,,,,100.3951
2009-03-20,,,,,,,,,,,,,0.89,2.65,3.65,1.76,,,5.86,2.04,,45.89,,,,101.0581
2009-03-21,,,,,,,,,,,661000.0,,,,,,,,,,,,,,,
2009-03-23,,,,,,,,,,,,,0.93,2.68,3.69,1.75,,,5.88,,,43.23,,,,101.103
2009-03-24,,,,,,,,,,,,,0.93,2.68,3.6,1.75,,,5.8,,,42.93,,,,101.0319
2009-03-25,,,,,,,,,,,,,0.96,2.81,3.73,1.85,,,5.79,,,42.25,,,,100.9674
2009-03-26,,,,,,,,,,,,,0.9,2.76,3.66,1.86,,,5.76,,,40.36,,,,101.097
2009-03-27,,,,,,,,,,,,,0.9,2.78,3.62,1.88,,,5.72,1.935,,41.04,,,,101.8388
2009-03-28,,,,,,,,,,,665000.0,,,,,,,,,,,,,,,
2009-03-30,,,,,,,,,,,,,0.84,2.73,3.6,1.89,,,5.75,,,45.54,,,,102.749
2009-03-31,,,,,,,,,,,,,0.81,2.71,3.56,1.9,,,5.74,,,44.14,,,,102.3761
2009-04-01,14381.236,16269.145,85.9344,324323.0,212.709,218.706,88.295,88.211,9.0,131822.0,,65.7,0.83,2.68,3.51,1.85,0.15,,5.7,,65.1,42.28,478.0,147.947,8390.2,102.1252
2009-04-02,,,,,,,,,,,,,0.88,2.77,3.57,1.89,,,5.69,,,42.04,,,,100.8733
2009-04-03,,,,,,,,,,,,,0.96,2.91,3.7,1.95,,,5.68,1.81,,39.7,,,,100.6429
2009-04-04,,,,,,,,,,,653000.0,,,,,,,,,,,,,,,
2009-04-06,,,,,,,,,,,,,0.94,2.95,3.73,2.01,,,5.68,,,40.93,,,,100.9428
2009-04-07,,,,,,,,,,,,,0.91,2.93,3.72,2.02,,,5.67,,,40.39,,,,100.9808
2009-04-08,,,,,,,,,,,,,0.93,2.86,3.66,1.93,,,5.64,,,38.85,,,,100.8948
2009-04-09,,,,,,,,,,,,,0.96,2.96,3.76,2.0,,,5.61,,,36.53,,,,100.7988
2009-04-10,,,,,,,,,,,,,,,,,,,,1.669,,,,,,100.7597
2009-04-11,,,,,,,,,,,599000.0,,,,,,,,,,,,,,,
2009-04-13,,,,,,,,,,,,,0.89,2.88,3.69,1.99,,,5.6,,,37.81,,,,100.1369
2009-04-14,,,,,,,,,,,,,0.86,2.8,3.64,1.94,,,5.6,,,37.67,,,,99.9097
2009-04-15,,,,,,,,,,,,,0.86,2.82,3.66,1.96,,,5.53,,,36.17,,,,100.1497
2009-04-16,,,,,,,,,,,,,0.91,2.86,3.72,1.95,,,5.52,,,35.79,,,,100.0517
2009-04-17,,,,,,,,,,,,,0.99,2.98,3.79,1.99,,,5.43,1.527,,33.94,,,,100.5719
2009-04-18,,,,,,,,,,,639000.0,,,,,,,,,,,,,,,
2009-04-20,,,,,,,,,,,,,0.93,2.88,3.69,1.95,,,5.35,,,39.18,,,,101.448
2009-04-21,,,,,,,,,,,,,0.96,2.94,3.74,1.98,,,5.3,,,37.14,,,,101.1794
2009-04-22,,,,,,,,,,,,,1.0,2.98,3.82,1.98,,,5.33,,,38.1,,,,101.1142
2009-04-23,,,,,,,,,,,,,0.97,2.96,3.8,1.99,,,5.3,,,37.15,,,,101.0065
2009-04-24,,,,,,,,,,,,,0.99,3.03,3.89,2.04,,,5.25,1.387,,36.82,,,,100.0244
2009-04-25,,,,,,,,,,,620000.0,,,,,,,,,,,,,,,
2009-04-27,,,,,,,,,,,,,0.9,2.95,3.84,2.05,,,5.3,,,38.32,,,,100.7258
2009-04-28,,,,,,,,,,,,,0.95,3.05,3.97,2.1,,,5.24,,,37.95,,,,101.3145
2009-04-29,,,,,,,,,,,,,0.94,3.12,4.01,2.18,,,5.17,,,36.08,,,,100.0009
2009-04-30,,,,,,,,,,,,,0.91,3.16,4.05,2.25,,,5.08,,,36.5,,,,100.1042
2009-05-01,,,85.0665,327011.0,213.022,218.904,88.387,88.279,9.4,131466.0,,65.7,0.92,3.21,4.09,2.29,0.18,,5.01,1.251,68.7,35.3,540.0,147.692,8452.9,100.0057
2009-05-02,,,,,,,,,,,602000.0,,,,,,,,,,,,,,,
2009-05-04,,,,,,,,,,,,,0.94,3.19,4.06,2.25,,,4.98,,,34.53,,,,99.134
2009-05-05,,,,,,,,,,,,,0.98,3.2,4.06,2.22,,,4.93,,,33.36,,,,98.8529
2009-05-06,,,,,,,,,,,,,0.96,3.18,4.09,2.22,,,4.91,,,32.45,,,,98.9044
2009-05-07,,,,,,,,,,,,,1.0,3.29,4.25,2.29,,,4.9,,,33.44,,,,98.552
2009-05-08,,,,,,,,,,,,,1.0,3.29,4.28,2.29,,,4.85,1.127,,32.05,,,,98.1269
2009-05-09,,,,,,,,,,,625000.0,,,,,,,,,,,,,,,
2009-05-11,,,,,,,,,,,,,0.92,3.17,4.18,2.25,,,4.88,,,32.87,,,,97.747
2009-05-12,,,,,,,,,,,,,0.9,3.17,4.16,2.27,,,4.86,,,31.8,,,,97.8269
2009-05-13,,,,,,,,,,,,,0.89,3.11,4.09,2.22,,,4.86,,,33.65,,,,98.0276
2009-05-14,,,,,,,,,,,,,0.87,3.1,4.06,2.23,,,4.87,,,31.37,,,,98.1271
2009-05-15,,,,,,,,,,,,,0.88,3.14,4.09,2.26,,,4.85,1.026,,33.12,,,,98.1063
2009-05-16,,,,,,,,,,,620000.0,,,,,,,,,,,,,,,
2009-05-18,,,,,,,,,,,,,0.93,3.22,4.18,2.29,,,4.85,,,30.24,,,,97.9412
2009-05-19,,,,,,,,,,,,,0.91,3.25,4.21,2.34,,,4.79,,,28.8,,,,97.2827
2009-05-20,,,,,,,,,,,,,0.87,3.19,4.14,2.32,,,4.74,,,29.03,,,,96.5707
2009-05-21,,,,,,,,,,,,,0.89,3.35,4.3,2.46,,,4.7,,,31.35,,,,96.6039
2009-05-22,,,,,,,,,,,,,0.92,3.45,4.38,2.53,,,4.66,0.942,,32.63,,,,95.8788
2009-05-23,,,,,,,,,,,606000.0,,,,,,,,,,,,,,,
2009-05-25,,,,,,,,,,,,,,,,,,,,,,,,,,
2009-05-26,,,,,,,,,,,,,0.96,3.5,4.45,2.54,,,4.62,,,30.62,,,,95.988
2009-05-27,,,,,,,,,,,,,0.96,3.71,4.59,2.75,,,4.48,,,32.36,,,,95.9622
2009-05-28,,,,,,,,,,,,,0.97,3.67,4.54,2.7,,,4.38,,,31.67,,,,96.1313
2009-05-29,,,,,,,,,,,,,0.92,3.47,4.34,2.55,,,4.29,0.882,,28.92,,,,95.268
2009-05-30,,,,,,,,,,,607000.0,,,,,,,,,,,,,,,
2009-06-01,,,84.7459,332227.0,214.79,219.112,88.912,88.392,9.5,131008.0,,65.7,0.97,3.71,4.55,2.74,0.21,,4.26,,70.8,30.04,585.0,148.087,8462.9,94.8107
2009-06-02,,,,,,,,,,,,,0.96,3.65,4.5,2.69,,,4.14,,,29.63,,,,94.6556
2009-06-03,,,,,,,,,,,,,0.91,3.56,4.45,2.65,,,4.1,,,31.02,,,,95.0751
2009-06-04,,,,,,,,,,,,,0.96,3.72,4.58,2.76,,,4.05,,,30.18,,,,95.2922
2009-06-05,,,,,,,,,,,,,1.32,3.84,4.63,2.52,,,3.95,0.835,,29.62,,,,96.0412
2009-06-06,,,,,,,,,,,596000.0,,,,,,,,,,,,,,,
2009-06-08,,,,,,,,,,,,,1.42,3.91,4.65,2.49,,,3.81,,,29.77,,,,96.6548
2009-06-09,,,,,,,,,,,,,1.33,3.86,4.64,2.53,,,3.85,,,28.27,,,,95.9537
2009-06-10,,,,,,,,,,,,,1.38,3.98,4.76,2.6,,,3.77,,,28.46,,,,96.1277
2009-06-11,,,,,,,,,,,,,1.35,3.88,4.69,2.53,,,3.79,,,28.11,,,,95.4993
2009-06-12,,,,,,,,,,,,,1.3,3.81,4.65,2.51,,,3.79,0.798,,28.15,,,,95.836
2009-06-13,,,,,,,,,,,595000.0,,,,,,,,,,,,,,,
2009-06-15,,,,,,,,,,,,,1.26,3.76,4.61,2.5,,,3.76,,,30.81,,,,96.7519
2009-06-16,,,,,,,,,,,,,1.23,3.67,4.48,2.44,,,3.74,,,32.68,,,,96.2616
2009-06-17,,,,,,,,,,,,,1.19,3.68,4.5,2.49,,,3.67,,,31.54,,,,96.64
2009-06-18,,,,,,,,,,,,,1.28,3.86,4.63,2.58,,,3.61,,,30.03,,,,96.1482
2009-06-19,,,,,,,,,,,,,1.25,3.79,4.52,2.54,,,3.54,0.768,,27.99,,,,96.0325
2009-06-20,,,,,,,,,,,608000.0,,,,,,,,,,,,,,,
2009-06-22,,,,,,,,,,,,,1.17,3.72,4.45,2.55,,,3.51,,,31.17,,,,96.8818
2009-06-23,,,,,,,,,,,,,1.14,3.65,4.37,2.51,,,3.53,,,30.58,,,,96.5196
2009-06-24,,,,,,,,,,,,,1.19,3.72,4.44,2.53,,,3.52,,,29.05,,,,96.2369
2009-06-25,,,,,,,,,,,,,1.12,3.55,4.33,2.43,,,3.64,,,26.36,,,,96.7072
2009-06-26,,,,,,,,,,,,,1.1,3.52,4.3,2.42,,,3.65,0.73,,25.93,,,,96.1935
2009-06-27,,,,,,,,,,,594000.0,,,,,,,,,,,,,,,
2009-06-29,,,,,,,,,,,,,1.11,3.51,4.31,2.4,,,3.69,,,25.35,,,,96.242
2009-06-30,,,,,,,,,,,,,1.11,3.53,4.32,2.42,,,3.64,,,26.35,,,,96.3761
2009-07-01,14448.882,16326.281,85.7027,333670.0,214.726,219.263,88.922,88.468,9.5,130662.0,,65.5,1.05,3.55,4.34,2.5,0.16,,3.65,,66.0,26.22,594.0,148.406,8467.3,95.6581
2009-07-02,,,,,,,,,,,,,0.98,3.51,4.32,2.53,,,3.63,,,27.95,,,,96.3216
2009-07-03,,,,,,,,,,,,,,,,,,,,0.685,,,,,,
2009-07-04,,,,,,,,,,,573000.0,,,,,,,,,,,,,,,
2009-07-06,,,,,,,,,,,,,0.96,3.52,4.35,2.56,,,3.66,,,29.0,,,,96.6174
2009-07-07,,,,,,,,,,,,,0.98,3.47,4.31,2.49,,,3.66,,,30.85,,,,96.6321
2009-07-08,,,,,,,,,,,,,0.91,3.33,4.17,2.42,,,3.66,,,31.3,,,,97.0204
2009-07-09,,,,,,,,,,,,,0.94,3.44,4.31,2.5,,,3.71,,,29.78,,,,96.6219
2009-07-10,,,,,,,,,,,,,0.91,3.32,4.2,2.41,,,3.71,0.629,,29.02,,,,97.0819
2009-07-11,,,,,,,,,,,546000.0,,,,,,,,,,,,,,,
2009-07-13,,,,,,,,,,,,,0.92,3.38,4.25,2.46,,,3.7,,,26.31,,,,96.9995
2009-07-14,,,,,,,,,,,,,0.97,3.5,4.38,2.53,,,3.68,,,25.02,,,,96.6599
2009-07-15,,,,,,,,,,,,,1.03,3.63,4.48,2.6,,,3.63,,,25.89,,,,95.8004
2009-07-16,,,,,,,,,,,,,1.0,3.59,4.45,2.59,,,3.6,,,25.42,,,,95.7241
2009-07-17,,,,,,,,,,,,,1.02,3.67,4.53,2.65,,,3.56,0.562,,24.34,,,,95.6036
2009-07-18,,,,,,,,,,,560000.0,,,,,,,,,,,,,,,
2009-07-20,,,,,,,,,,,,,0.99,3.61,4.47,2.62,,,3.55,,,24.4,,,,95.0903
2009-07-21,,,,,,,,,,,,,0.96,3.5,4.38,2.54,,,3.55,,,23.87,,,,95.0564
2009-07-22,,,,,,,,,,,,,0.98,3.58,4.45,2.6,,,3.53,,,23.47,,,,94.8659
2009-07-23,,,,,,,,,,,,,1.08,3.72,4.58,2.64,,,3.48,,,23.43,,,,94.532
2009-07-24,,,,,,,,,,,,,1.05,3.7,4.55,2.65,,,3.41,0.491,,23.09,,,,94.7046
2009-07-25,,,,,,,,,,,587000.0,,,,,,,,,,,,,,,
2009-07-27,,,,,,,,,,,,,1.08,3.75,4.62,2.67,,,3.4,,,24.28,,,,94.6659
2009-07-28,,,,,,,,,,,,,1.12,3.72,4.56,2.6,,,3.32,,,25.01,,,,94.5592
2009-07-29,,,,,,,,,,,,,1.17,3.69,4.5,2.52,,,3.23,,,25.61,,,,95.1678
2009-07-30,,,,,,,,,,,,,1.19,3.67,4.44,2.48,,,3.13,,,25.4,,,,94.8967
2009-07-31,,,,,,,,,,,,,1.13,3.52,4.31,2.39,,,3.11,0.422,,25.92,,,,94.2526
2009-08-01,,,86.6426,339586.0,215.445,219.496,89.18,88.599,9.6,130472.0,555000.0,65.4,,,,,0.16,,,,65.7,,586.0,148.275,8466.2,
2009-08-03,,,,,,,,,,,,,1.18,3.66,4.42,2.48,,,3.04,,,25.56,,,,93.6331
2009-08-04,,,,,,,,,,,,,1.2,3.7,4.45,2.5,,,2.99,,,24.89,,,,93.7281
2009-08-05,,,,,,,,,,,,,1.23,3.8,4.57,2.57,,,2.95,,,24.9,,,,93.7848
2009-08-06,,,,,,,,,,,,,1.22,3.79,4.53,2.57,,,2.9,,,25.67,,,,93.9358
2009-08-07,,,,,,,,,,,,,1.32,3.89,4.61,2.57,,,2.85,0.362,,24.76,,,,94.4692
2009-08-08,,,,,,,,,,,555000.0,,,,,,,,,,,,,,,
2009-08-10,,,,,,,,,,,,,1.24,3.8,4.52,2.56,,,2.85,,,24.99,,,,94.6087
2009-08-11,,,,,,,,,,,,,1.21,3.71,4.44,2.5,,,2.88,,,25.99,,,,94.8678
2009-08-12,,,,,,,,,,,,,1.18,3.72,4.53,2.54,,,2.97,,,25.45,,,,94.5394
2009-08-13,,,,,,,,,,,,,1.12,3.59,4.44,2.47,,,2.99,,,24.71,,,,94.2392
2009-08-14,,,,,,,,,,,,,1.07,3.55,4.41,2.48,,,3.02,0.313,,24.27,,,,94.475
2009-08-15,,,,,,,,,,,562000.0,,,,,,,,,,,,,,,
2009-08-17,,,,,,,,,,,,,1.04,3.48,4.33,2.44,,,3.08,,,27.89,,,,95.1024
2009-08-18,,,,,,,,,,,,,1.06,3.51,4.35,2.45,,,3.07,,,26.18,,,,95.1118
2009-08-19,,,,,,,,,,,,,1.01,3.45,4.28,2.44,,,3.1,,,26.26,,,,94.4084
2009-08-20,,,,,,,,,,,,,1.03,3.42,4.24,2.39,,,3.09,,,25.09,,,,94.3492
2009-08-21,,,,,,,,,,,,,1.13,3.56,4.36,2.43,,,3.06,0.272,,25.01,,,,94.0103
2009-08-22,,,,,,,,,,,560000.0,,,,,,,,,,,,,,,
2009-08-24,,,,,,,,,,,,,1.05,3.48,4.27,2.43,,,3.05,,,25.14,,,,93.9345
2009-08-25,,,,,,,,,,,,,1.05,3.45,4.22,2.4,,,3.01,,,24.92,,,,93.9066
2009-08-26,,,,,,,,,,,,,1.06,3.44,4.2,2.38,,,2.98,,,24.95,,,,94.8662
2009-08-27,,,,,,,,,,,,,1.04,3.47,4.23,2.43,,,2.96,,,24.68,,,,94.7943
2009-08-28,,,,,,,,,,,,,1.01,3.46,4.21,2.45,,,2.95,0.235,,24.76,,,,94.4489
2009-08-29,,,,,,,,,,,564000.0,,,,,,,,,,,,,,,
2009-08-31,,,,,,,,,,,,,0.97,3.4,4.18,2.43,,,2.98,,,26.01,,,,94.6202
2009-09-01,,,87.4063,330998.0,215.861,219.92,89.324,88.755,9.8,130246.0,,65.1,0.92,3.38,4.19,2.46,0.15,,3.01,,73.5,29.15,585.0,148.023,8462.7,95.2201
2009-09-02,,,,,,,,,,,,,0.89,3.29,4.09,2.4,,,2.99,,,28.9,,,,95.1575
2009-09-03,,,,,,,,,,,,,0.91,3.33,4.15,2.42,,,3.0,,,27.1,,,,94.959
2009-09-04,,,,,,,,,,,,,0.94,3.45,4.27,2.51,,,3.0,0.203,,25.26,,,,94.5811
2009-09-05,,,,,,,,,,,558000.0,,,,,,,,,,,,,,,
2009-09-07,,,,,,,,,,,,,,,,,,,,,,,,,,
2009-09-08,,,,,,,,,,,,,0.93,3.47,4.31,2.54,,,2.98,,,25.62,,,,93.7323
2009-09-09,,,,,,,,,,,,,0.93,3.48,4.33,2.55,,,3.01,,,24.32,,,,93.6915
2009-09-10,,,,,,,,,,,,,0.9,3.36,4.19,2.46,,,2.96,,,23.55,,,,93.6947
2009-09-11,,,,,,,,,,,,,0.9,3.34,4.18,2.44,,,2.97,0.169,,24.15,,,,93.3225
2009-09-12,,,,,,,,,,,542000.0,,,,,,,,,,,,,,,
2009-09-14,,,,,,,,,,,,,0.94,3.42,4.22,2.48,,,2.94,,,23.86,,,,93.6196
2009-09-15,,,,,,,,,,,,,0.96,3.47,4.27,2.51,,,2.93,,,23.42,,,,93.4427
2009-09-16,,,,,,,,,,,,,1.01,3.48,4.26,2.47,,,2.91,,,23.69,,,,92.9072
2009-09-17,,,,,,,,,,,,,0.98,3.42,4.19,2.44,,,2.87,,,23.65,,,,92.8287
2009-09-18,,,,,,,,,,,,,1.03,3.49,4.24,2.46,,,2.85,0.136,,23.92,,,,93.1233
2009-09-19,,,,,,,,,,,536000.0,,,,,,,,,,,,,,,
2009-09-21,,,,,,,,,,,,,1.02,3.49,4.23,2.47,,,2.86,,,24.06,,,,93.3547
2009-09-22,,,,,,,,,,,,,1.02,3.46,4.2,2.44,,,2.84,,,23.08,,,,92.8664
2009-09-23,,,,,,,,,,,,,0.96,3.44,4.21,2.48,,,2.84,,,23.49,,,,92.979
2009-09-24,,,,,,,,,,,,,0.93,3.4,4.17,2.47,,,2.86,,,24.95,,,,93.4708
2009-09-25,,,,,,,,,,,,,0.98,3.34,4.1,2.36,,,2.83,0.107,,25.61,,,,93.5535
2009-09-26,,,,,,,,,,,554000.0,,,,,,,,,,,,,,,
2009-09-28,,,,,,,,,,,,,0.98,3.31,4.04,2.33,,,2.81,,,24.88,,,,93.4669
2009-09-29,,,,,,,,,,,,,1.0,3.31,4.03,2.31,,,2.81,,,25.19,,,,93.7776
2009-09-30,,,,,,,,,,,,,0.95,3.31,4.03,2.36,,,2.86,,,25.61,,,,93.1907
2009-10-01,14651.249,16502.754,87.6419,334595.0,216.509,220.501,89.663,89.082,10.0,130061.0,,65.0,0.87,3.21,3.97,2.34,0.12,,2.9,,70.6,28.27,534.0,147.849,8489.2,93.5995
2009-10-02,,,,,,,,,,,,,0.88,3.24,4.01,2.36,,,2.93,0.085,,28.68,,,,93.6756
2009-10-03,,,,,,,,,,,533000.0,,,,,,,,,,,,,,,
2009-10-05,,,,,,,,,,,,,0.88,3.24,4.01,2.36,,,2.95,,,26.84,,,,93.3356
2009-10-06,,,,,,,,,,,,,0.91,3.27,4.07,2.36,,,2.94,,,25.7,,,,92.619
2009-10-07,,,,,,,,,,,,,0.87,3.21,3.99,2.34,,,2.92,,,24.68,,,,92.794
2009-10-08,,,,,,,,,,,,,0.9,3.27,4.09,2.37,,,2.96,,,24.18,,,,92.2074
2009-10-09,,,,,,,,,,,,,0.98,3.4,4.22,2.42,,,2.96,0.064,,23.12,,,,92.2984
2009-10-10,,,,,,,,,,,511000.0,,,,,,,,,,,,,,,
2009-10-12,,,,,,,,,,,,,,,,,,,,,,23.01,,,,
2009-10-13,,,,,,,,,,,,,0.91,3.34,4.16,2.43,,,2.95,,,22.99,,,,91.8273
2009-10-14,,,,,,,,,,,,,0.96,3.45,4.28,2.49,,,2.96,,,22.86,,,,91.5047
2009-10-15,,,,,,,,,,,,,0.97,3.49,4.31,2.52,,,2.96,,,21.72,,,,91.4367
2009-10-16,,,,,,,,,,,,,0.97,3.43,4.24,2.46,,,2.93,0.047,,21.43,,,,91.6541
2009-10-17,,,,,,,,,,,531000.0,,,,,,,,,,,,,,,
2009-10-19,,,,,,,,,,,,,0.99,3.41,4.21,2.42,,,2.91,,,21.49,,,,91.4406
2009-10-20,,,,,,,,,,,,,0.95,3.35,4.16,2.4,,,2.91,,,20.9,,,,91.801
2009-10-21,,,,,,,,,,,,,1.0,3.42,4.22,2.42,,,2.89,,,22.22,,,,91.3805
2009-10-22,,,,,,,,,,,,,0.97,3.44,4.24,2.47,,,2.88,,,20.69,,,,91.6075
2009-10-23,,,,,,,,,,,,,1.04,3.51,4.29,2.47,,,2.8,0.034,,22.27,,,,91.7331
2009-10-24,,,,,,,,,,,530000.0,,,,,,,,,,,,,,,
2009-10-26,,,,,,,,,,,,,1.06,3.59,4.37,2.53,,,2.83,,,24.31,,,,92.0998
2009-10-27,,,,,,,,,,,,,0.99,3.49,4.29,2.5,,,2.84,,,24.83,,,,92.5335
2009-10-28,,,,,,,,,,,,,0.95,3.44,4.25,2.49,,,2.85,,,27.91,,,,92.8152
2009-10-29,,,,,,,,,,,,,0.98,3.53,4.35,2.55,,,2.86,,,24.76,,,,92.4708
2009-10-30,,,,,,,,,,,,,0.9,3.41,4.23,2.51,,,2.86,0.026,,30.69,,,,92.6207
2009-10-31,,,,,,,,,,,522000.0,,,,,,,,,,,,,,,
2009-11-01,,,88.0221,337321.0,217.234,220.666,89.887,89.16,9.9,130057.0,,65.0,,,,,0.12,,,,67.4,,588.0,148.135,8517.9,
2009-11-02,,,,,,,,,,,,,0.92,3.45,4.26,2.53,,,2.85,,,29.78,,,,92.4501
2009-11-03,,,,,,,,,,,,,0.92,3.5,4.34,2.58,,,2.87,,,28.81,,,,92.9037
2009-11-04,,,,,,,,,,,,,0.91,3.57,4.41,2.66,,,2.89,,,27.72,,,,92.3725
2009-11-05,,,,,,,,,,,,,0.9,3.57,4.41,2.67,,,2.86,,,25.43,,,,92.3437
2009-11-06,,,,,,,,,,,,,0.86,3.54,4.4,2.68,,,2.86,0.017,,24.19,,,,92.3848
2009-11-07,,,,,,,,,,,512000.0,,,,,,,,,,,,,,,
2009-11-09,,,,,,,,,,,,,0.87,3.52,4.4,2.65,,,2.89,,,23.15,,,,91.6861
2009-11-10,,,,,,,,,,,,,0.85,3.5,4.41,2.65,,,2.92,,,22.84,,,,91.6659
2009-11-11,,,,,,,,,,,,,,,,,,,,,,23.04,,,,
2009-11-12,,,,,,,,,,,,,0.82,3.45,4.41,2.63,,,2.94,,,24.24,,,,91.9461
2009-11-13,,,,,,,,,,,,,0.82,3.43,4.36,2.61,,,2.93,0.005,,23.36,,,,91.5754
2009-11-14,,,,,,,,,,,507000.0,,,,,,,,,,,,,,,
2009-11-16,,,,,,,,,,,,,0.78,3.33,4.26,2.55,,,2.92,,,22.89,,,,91.194
2009-11-17,,,,,,,,,,,,,0.78,3.33,4.26,2.55,,,2.92,,,22.41,,,,91.7419
2009-11-18,,,,,,,,,,,,,0.77,3.36,4.29,2.59,,,2.94,,,21.63,,,,91.249
2009-11-19,,,,,,,,,,,,,0.73,3.35,4.29,2.62,,,2.92,,,22.63,,,,91.7827
2009-11-20,,,,,,,,,,,,,0.75,3.36,4.3,2.61,,,2.93,-0.009,,22.19,,,,91.9906
2009-11-21,,,,,,,,,,,482000.0,,,,,,,,,,,,,,,
2009-11-23,,,,,,,,,,,,,0.77,3.37,4.29,2.6,,,2.92,,,21.16,,,,91.4864
2009-11-24,,,,,,,,,,,,,0.73,3.32,4.25,2.59,,,2.93,,,20.47,,,,91.5539
2009-11-25,,,,,,,,,,,,,0.73,3.28,4.23,2.55,,,2.95,,,20.48,,,,90.9669
2009-11-26,,,,,,,,,,,,,,,,,,,,,,,,,,
2009-11-27,,,,,,,,,,,,,0.68,3.21,4.21,2.53,,,2.99,-0.027,,24.85,,,,91.5272
2009-11-28,,,,,,,,,,,475000.0,,,,,,,,,,,,,,,
2009-11-30,,,,,,,,,,,,,0.67,3.21,4.2,2.54,,,2.99,,,24.51,,,,91.3717
2009-12-01,,,88.3793,338736.0,217.347,220.881,89.939,89.236,9.9,129808.0,,64.6,0.67,3.28,4.26,2.61,0.12,,3.0,,72.5,21.92,581.0,147.931,8510.6,90.8323
2009-12-02,,,,,,,,,,,,,0.72,3.32,4.26,2.6,,,2.95,,,21.12,,,,90.8906
2009-12-03,,,,,,,,,,,,,0.74,3.39,4.33,2.65,,,2.93,,,22.46,,,,90.9152
2009-12-04,,,,,,,,,,,,,0.84,3.48,4.4,2.64,,,2.91,-0.052,,21.25,,,,91.3806
2009-12-05,,,,,,,,,,,497000.0,,,,,,,,,,,,,,,
2009-12-07,,,,,,,,,,,,,0.78,3.44,4.4,2.66,,,2.93,,,22.1,,,,91.5414
2009-12-08,,,,,,,,,,,,,0.73,3.4,4.39,2.67,,,2.92,,,23.69,,,,91.9513
2009-12-09,,,,,,,,,,,,,0.76,3.45,4.41,2.69,,,2.89,,,22.66,,,,92.014
2009-12-10,,,,,,,,,,,,,0.78,3.49,4.5,2.71,,,2.93,,,22.32,,,,92.0073
2009-12-11,,,,,,,,,,,,,0.83,3.55,4.49,2.72,,,2.86,-0.083,,21.59,,,,92.2946
2009-12-12,,,,,,,,,,,498000.0,,,,,,,,,,,,,,,
2009-12-14,,,,,,,,,,,,,0.87,3.56,4.49,2.69,,,2.79,,,21.15,,,,92.0305
2009-12-15,,,,,,,,,,,,,0.88,3.6,4.52,2.72,,,2.8,,,21.49,,,,92.3635
2009-12-16,,,,,,,,,,,,,0.85,3.61,4.52,2.76,,,2.77,,,20.54,,,,92.1496
2009-12-17,,,,,,,,,,,,,0.77,3.5,4.42,2.73,,,2.75,,,22.51,,,,93.225
2009-12-18,,,,,,,,,,,,,0.82,3.55,4.46,2.73,,,2.73,-0.116,,21.68,,,,93.1632
2009-12-19,,,,,,,,,,,479000.0,,,,,,,,,,,,,,,
2009-12-21,,,,,,,,,,,,,0.89,3.69,4.56,2.8,,,2.69,,,20.49,,,,
2009-12-22,,,,,,,,,,,,,0.95,3.76,4.6,2.81,,,2.65,,,19.54,,,,93.2903
2009-12-23,,,,,,,,,,,,,0.96,3.77,4.61,2.81,,,2.63,,,19.71,,,,92.9295
2009-12-24,,,,,,,,,,,,,1.0,3.82,4.68,2.82,,,2.65,,,19.47,,,,92.8694
2009-12-25,,,,,,,,,,,,,,,,,,,,-0.147,,,,,,
2009-12-26,,,,,,,,,,,468000.0,,,,,,,,,,,,,,,
2009-12-28,,,,,,,,,,,,,1.09,3.85,4.69,2.76,,,2.64,,,19.93,,,,92.6993
2009-12-29,,,,,,,,,,,,,1.09,3.82,4.64,2.73,,,2.59,,,20.01,,,,92.8838
2009-12-30,,,,,,,,,,,,,1.08,3.8,4.61,2.72,,,2.56,,,19.96,,,,93.0872
2009-12-31,,,,,,,,,,,,,1.14,3.85,4.63,2.71,,,2.54,,,21.68,,,,92.9124
2010-01-01,14764.61,16582.71,89.3426,339093.0,217.488,220.633,90.136,89.368,9.8,129802.0,,64.8,,,,,0.11,,,-0.172,74.4,,614.0,147.396,8473.1,
2010-01-02,,,,,,,,,,,456000.0,,,,,,,,,,,,,,,
2010-01-04,,,,,,,,,,,,,1.09,3.85,4.65,2.76,,,2.54,,,20.04,,,,92.3566
2010-01-05,,,,,,,,,,,,,1.01,3.77,4.59,2.76,,,2.53,,,19.35,,,,92.2236
2010-01-06,,,,,,,,,,,,,1.01,3.85,4.7,2.84,,,2.49,,,19.16,,,,92.0941
2010-01-07,,,,,,,,,,,,,1.03,3.85,4.69,2.82,,,2.48,,,19.06,,,,92.3684
2010-01-08,,,,,,,,,,,,,0.96,3.83,4.7,2.87,,,2.49,-0.193,,18.13,,,,92.1485
2010-01-09,,,,,,,,,,,469000.0,,,,,,,,,,,,,,,
2010-01-11,,,,,,,,,,,,,0.95,3.85,4.74,2.9,,,2.47,,,17.55,,,,91.5997
2010-01-12,,,,,,,,,,,,,0.92,3.74,4.62,2.82,,,2.48,,,18.25,,,,91.7005
2010-01-13,,,,,,,,,,,,,0.97,3.8,4.71,2.83,,,2.5,,,17.85,,,,91.7272
2010-01-14,,,,,,,,,,,,,0.94,3.76,4.63,2.82,,,2.46,,,17.63,,,,91.5864
2010-01-15,,,,,,,,,,,,,0.89,3.7,4.58,2.81,,,2.48,-0.202,,17.91,,,,91.7668
2010-01-16,,,,,,,,,,,507000.0,,,,,,,,,,,,,,,
2010-01-18,,,,,,,,,,,,,,,,,,,,,,,,,,
2010-01-19,,,,,,,,,,,,,0.93,3.73,4.6,2.8,,,2.48,,,17.58,,,,91.9611
2010-01-20,,,,,,,,,,,,,0.92,3.68,4.54,2.76,,,2.48,,,18.68,,,,92.6766
2010-01-21,,,,,,,,,,,,,0.87,3.62,4.5,2.75,,,2.51,,,22.27,,,,92.6627
2010-01-22,,,,,,,,,,,,,0.84,3.62,4.5,2.78,,,2.53,-0.201,,27.31,,,,92.943
2010-01-23,,,,,,,,,,,471000.0,,,,,,,,,,,,,,,
2010-01-25,,,,,,,,,,,,,0.86,3.66,4.55,2.8,,,2.56,,,25.41,,,,92.9099
2010-01-26,,,,,,,,,,,,,0.87,3.65,4.56,2.78,,,2.59,,,24.55,,,,93.3298
2010-01-27,,,,,,,,,,,,,0.9,3.66,4.55,2.76,,,2.57,,,23.14,,,,93.2835
2010-01-28,,,,,,,,,,,,,0.87,3.68,4.57,2.81,,,2.57,,,23.73,,,,93.2635
2010-01-29,,,,,,,,,,,,,0.82,3.63,4.51,2.81,,,2.57,-0.197,,24.62,,,,93.7638
2010-01-30,,,,,,,,,,,496000.0,,,,,,,,,,,,,,,
2010-02-01,,,89.6779,339580.0,217.281,220.731,90.134,89.446,9.8,129706.0,,64.9,0.86,3.68,4.56,2.82,0.13,,2.57,,73.6,22.59,604.0,145.632,8523.4,93.7321
2010-02-02,,,,,,,,,,,,,0.86,3.67,4.55,2.81,,,2.56,,,21.48,,,,93.4136
2010-02-03,,,,,,,,,,,,,0.88,3.73,4.62,2.85,,,2.58,,,21.6,,,,93.6268
2010-02-04,,,,,,,,,,,,,0.8,3.62,4.53,2.82,,,2.62,,,26.08,,,,94.1401
2010-02-05,,,,,,,,,,,,,0.77,3.59,4.51,2.82,,,2.62,-0.193,,26.11,,,,94.6218
2010-02-06,,,,,,,,,,,466000.0,,,,,,,,,,,,,,,
2010-02-08,,,,,,,,,,,,,0.79,3.62,4.52,2.83,,,2.64,,,26.51,,,,
2010-02-09,,,,,,,,,,,,,0.84,3.67,4.58,2.83,,,2.65,,,26.0,,,,
2010-02-10,,,,,,,,,,,,,0.91,3.72,4.65,2.81,,,2.66,,,25.4,,,,
2010-02-11,,,,,,,,,,,,,0.91,3.73,4.69,2.82,,,2.7,,,23.96,,,,
2010-02-12,,,,,,,,,,,,,0.84,3.69,4.66,2.85,,,2.72,-0.196,,22.73,,,,93.9976
2010-02-13,,,,,,,,,,,489000.0,,,,,,,,,,,,,,,
2010-02-15,,,,,,,,,,,,,,,,,,,,,,,,,,
2010-02-16,,,,,,,,,,,,,0.82,3.66,4.63,2.84,,,2.73,,,22.25,,,,93.482
2010-02-17,,,,,,,,,,,,,0.87,3.74,4.7,2.87,,,2.73,,,21.72,,,,93.7171
2010-02-18,,,,,,,,,,,,,0.9,3.79,4.74,2.89,,,2.72,,,20.63,,,,93.8752
2010-02-19,,,,,,,,,,,,,0.95,3.78,4.71,2.83,,,2.65,-0.213,,20.02,,,,93.9569
2010-02-20,,,,,,,,,,,500000.0,,,,,,,,,,,,,,,
2010-02-22,,,,,,,,,,,,,0.91,3.8,4.73,2.89,,,2.65,,,19.94,,,,93.7402
2010-02-23,,,,,,,,,,,,,0.87,3.69,4.63,2.82,,,2.65,,,21.37,,,,93.9794
2010-02-24,,,,,,,,,,,,,0.87,3.7,4.63,2.83,,,2.65,,,20.27,,,,93.9775
2010-02-25,,,,,,,,,,,,,0.82,3.64,4.58,2.82,,,2.64,,,20.1,,,,94.3797
2010-02-26,,,,,,,,,,,,,0.81,3.61,4.55,2.8,,,2.62,-0.242,,19.5,,,,93.6602
2010-02-27,,,,,,,,,,,488000.0,,,,,,,,,,,,,,,
2010-03-01,,,90.2928,346974.0,217.353,220.783,90.261,89.579,9.9,129866.0,,64.9,0.8,3.61,4.56,2.81,0.16,,2.65,,73.6,19.26,636.0,145.857,8519.0,93.7979
2010-03-02,,,,,,,,,,,,,0.8,3.62,4.57,2.82,,,2.64,,,19.06,,,,93.488
2010-03-03,,,,,,,,,,,,,0.82,3.63,4.58,2.81,,,2.63,,,18.83,,,,92.9861
2010-03-04,,,,,,,,,,,,,0.86,3.61,4.56,2.75,,,2.62,,,18.72,,,,93.4079
2010-03-05,,,,,,,,,,,,,0.91,3.69,4.64,2.78,,,2.61,-0.281,,17.42,,,,93.2623
2010-03-06,,,,,,,,,,,472000.0,,,,,,,,,,,,,,,
2010-03-08,,,,,,,,,,,,,0.9,3.72,4.68,2.82,,,2.59,,,17.79,,,,93.2446
2010-03-09,,,,,,,,,,,,,0.89,3.71,4.68,2.82,,,2.61,,,17.92,,,,93.1941
2010-03-10,,,,,,,,,,,,,0.92,3.73,4.69,2.81,,,2.59,,,18.57,,,,93.0426
2010-03-11,,,,,,,,,,,,,0.97,3.73,4.66,2.76,,,2.56,,,18.06,,,,93.0533
2010-03-12,,,,,,,,,,,,,0.97,3.71,4.62,2.74,,,2.55,-0.327,,17.58,,,,92.6616
2010-03-13,,,,,,,,,,,478000.0,,,,,,,,,,,,,,,
2010-03-15,,,,,,,,,,,,,0.96,3.71,4.63,2.75,,,2.56,,,18.0,,,,92.9642
2010-03-16,,,,,,,,,,,,,0.93,3.66,4.59,2.73,,,2.55,,,17.69,,,,92.595
2010-03-17,,,,,,,,,,,,,0.95,3.65,4.56,2.7,,,2.53,,,16.91,,,,92.4446
2010-03-18,,,,,,,,,,,,,0.98,3.68,4.59,2.7,,,2.52,,,16.62,,,,92.7451
2010-03-19,,,,,,,,,,,,,1.02,3.7,4.58,2.68,,,2.49,-0.373,,16.97,,,,93.0407
2010-03-20,,,,,,,,,,,472000.0,,,,,,,,,,,,,,,
2010-03-22,,,,,,,,,,,,,1.01,3.67,4.57,2.66,,,2.5,,,16.87,,,,93.1333
2010-03-23,,,,,,,,,,,,,1.02,3.69,4.6,2.67,,,2.51,,,16.35,,,,93.006
2010-03-24,,,,,,,,,,,,,1.08,3.84,4.72,2.76,,,2.48,,,17.55,,,,93.6468
2010-03-25,,,,,,,,,,,,,1.1,3.91,4.77,2.81,,,2.47,,,18.4,,,,93.5885
2010-03-26,,,,,,,,,,,,,1.04,3.86,4.75,2.82,,,2.49,-0.414,,17.77,,,,93.6873
2010-03-27,,,,,,,,,,,459000.0,,,,,,,,,,,,,,,
2010-03-29,,,,,,,,,,,,,1.04,3.88,4.76,2.84,,,2.49,,,17.59,,,,93.2959
2010-03-30,,,,,,,,,,,,,1.06,3.88,4.75,2.82,,,2.48,,,17.13,,,,93.2627
2010-03-31,,,,,,,,,,,,,1.02,3.84,4.72,2.82,,,2.47,,,17.59,,,,92.8987
2010-04-01,14980.193,16743.162,90.5991,349869.0,217.403,220.822,90.31,89.625,9.9,130120.0,,65.2,1.05,3.89,4.74,2.84,0.2,,2.44,,72.2,17.47,687.0,146.398,8554.3,92.6661
2010-04-02,,,,,,,,,,,,,1.11,3.96,4.81,2.85,,,2.44,-0.442,,,,,,92.9057
2010-04-03,,,,,,,,,,,479000.0,,,,,,,,,,,,,,,
2010-04-05,,,,,,,,,,,,,1.18,4.01,4.85,2.83,,,2.43,,,17.02,,,,92.6644
2010-04-06,,,,,,,,,,,,,1.14,3.98,4.84,2.84,,,2.46,,,16.23,,,,92.7373
2010-04-07,,,,,,,,,,,,,1.06,3.89,4.74,2.83,,,2.44,,,16.62,,,,92.7452
2010-04-08,,,,,,,,,,,,,1.09,3.91,4.75,2.82,,,2.43,,,16.48,,,,92.7211
2010-04-09,,,,,,,,,,,,,1.08,3.9,4.74,2.82,,,2.43,-0.454,,16.14,,,,92.4772
2010-04-10,,,,,,,,,,,479000.0,,,,,,,,,,,,,,,
2010-04-12,,,,,,,,,,,,,1.07,3.87,4.7,2.8,,,2.4,,,15.58,,,,92.243
2010-04-13,,,,,,,,,,,,,1.07,3.84,4.68,2.77,,,2.4,,,16.2,,,,92.2689
2010-04-14,,,,,,,,,,,,,1.07,3.88,4.72,2.81,,,2.4,,,15.59,,,,91.9297
2010-04-15,,,,,,,,,,,,,1.04,3.86,4.72,2.82,,,2.42,,,15.89,,,,92.2029
2010-04-16,,,,,,,,,,,,,0.98,3.79,4.67,2.81,,,2.43,-0.442,,18.36,,,,92.5253
2010-04-17,,,,,,,,,,,469000.0,,,,,,,,,,,,,,,
2010-04-19,,,,,,,,,,,,,1.01,3.83,4.7,2.82,,,2.42,,,17.34,,,,92.8577
2010-04-20,,,,,,,,,,,,,1.05,3.82,4.67,2.77,,,2.4,,,15.73,,,,92.4338
2010-04-21,,,,,,,,,,,,,1.03,3.77,4.61,2.74,,,2.38,,,16.32,,,,92.4482
2010-04-22,,,,,,,,,,,,,1.07,3.8,4.65,2.73,,,2.38,,,16.47,,,,92.7277
2010-04-23,,,,,,,,,,,,,1.1,3.84,4.67,2.74,,,2.37,-0.407,,16.62,,,,92.6622
2010-04-24,,,,,,,,,,,449000.0,,,,,,,,,,,,,,,
2010-04-26,,,,,,,,,,,,,1.09,3.83,4.67,2.74,,,2.38,,,17.47,,,,92.5187
2010-04-27,,,,,,,,,,,,,1.03,3.71,4.56,2.68,,,2.39,,,22.81,,,,93.0956
2010-04-28,,,,,,,,,,,,,1.03,3.8,4.63,2.77,,,2.38,,,21.08,,,,93.4856
2010-04-29,,,,,,,,,,,,,1.01,3.76,4.6,2.75,,,2.37,,,18.44,,,,92.9013
2010-04-30,,,,,,,,,,,,,0.97,3.69,4.53,2.72,,,2.38,-0.348,,22.05,,,,92.8423
2010-05-01,,,91.823,346858.0,217.29,220.962,90.339,89.724,9.6,130642.0,451000.0,64.9,,,,,0.2,,,,73.6,,583.0,146.387,8612.0,
2010-05-03,,,,,,,,,,,,,1.0,3.72,4.53,2.72,,,2.37,,,20.19,,,,93.235
2010-05-04,,,,,,,,,,,,,0.96,3.63,4.43,2.67,,,2.38,,,23.84,,,,93.8137
2010-05-05,,,,,,,,,,,,,0.88,3.58,4.39,2.7,,,2.4,,,24.91,,,,94.3968
2010-05-06,,,,,,,,,,,,,0.75,3.41,4.19,2.66,,,2.41,,,32.8,,,,95.3032
2010-05-07,,,,,,,,,,,,,0.83,3.45,4.28,2.62,,,2.55,-0.271,,40.95,,,,95.2952
2010-05-08,,,,,,,,,,,451000.0,,,,,,,,,,,,,,,
2010-05-10,,,,,,,,,,,,,0.87,3.57,4.41,2.7,,,2.53,,,28.84,,,,94.3096
2010-05-11,,,,,,,,,,,,,0.85,3.56,4.42,2.71,,,2.58,,,28.32,,,,94.4305
2010-05-12,,,,,,,,,,,,,0.89,3.56,4.47,2.67,,,2.61,,,25.52,,,,94.5515
2010-05-13,,,,,,,,,,,,,0.87,3.55,4.47,2.68,,,2.6,,,26.68,,,,94.5071
2010-05-14,,,,,,,,,,,,,0.79,3.44,4.32,2.65,,,2.59,-0.195,,31.24,,,,95.3746
2010-05-15,,,,,,,,,,,474000.0,,,,,,,,,,,,,,,
2010-05-17,,,,,,,,,,,,,0.81,3.47,4.35,2.66,,,2.59,,,30.84,,,,95.9795
2010-05-18,,,,,,,,,,,,,0.76,3.38,4.26,2.62,,,2.61,,,33.55,,,,95.6212
2010-05-19,,,,,,,,,,,,,0.8,3.36,4.24,2.56,,,2.65,,,35.32,,,,96.5083
2010-05-20,,,,,,,,,,,,,0.76,3.25,4.13,2.49,,,2.74,,,45.79,,,,96.9483
2010-05-21,,,,,,,,,,,,,0.76,3.2,4.07,2.44,,,2.76,-0.122,,40.1,,,,96.2911
2010-05-22,,,,,,,,,,,463000.0,,,,,,,,,,,,,,,
2010-05-24,,,,,,,,,,,,,0.77,3.23,4.12,2.46,,,2.79,,,38.32,,,,96.6433
2010-05-25,,,,,,,,,,,,,0.81,3.18,4.07,2.37,,,2.81,,,34.61,,,,97.5487
2010-05-26,,,,,,,,,,,,,0.82,3.21,4.11,2.39,,,2.87,,,35.02,,,,97.1879
2010-05-27,,,,,,,,,,,,,0.87,3.34,4.24,2.47,,,2.89,,,29.68,,,,96.3611
2010-05-28,,,,,,,,,,,,,0.76,3.31,4.22,2.55,,,2.89,-0.067,,32.07,,,,96.3062
2010-05-29,,,,,,,,,,,458000.0,,,,,,,,,,,,,,,
2010-05-31,,,,,,,,,,,,,,,,,,,,,,,,,,
2010-06-01,,,91.9928,346516.0,217.199,221.194,90.301,89.767,9.4,130510.0,,64.6,0.78,3.29,4.19,2.51,0.18,,2.92,,76.0,35.54,536.0,145.714,8631.0,96.6123
2010-06-02,,,,,,,,,,,,,0.82,3.35,4.24,2.53,,,2.91,,,30.17,,,,96.615
2010-06-03,,,,,,,,,,,,,0.82,3.39,4.29,2.57,,,2.92,,,29.46,,,,96.461
2010-06-04,,,,,,,,,,,,,0.72,3.2,4.13,2.48,,,2.95,-0.036,,35.48,,,,97.1688
2010-06-05,,,,,,,,,,,459000.0,,,,,,,,,,,,,,,
2010-06-07,,,,,,,,,,,,,0.74,3.17,4.11,2.43,,,3.0,,,36.57,,,,97.503
2010-06-08,,,,,,,,,,,,,0.74,3.18,4.1,2.44,,,2.99,,,33.7,,,,97.3425
2010-06-09,,,,,,,,,,,,,0.74,3.2,4.12,2.46,,,3.0,,,33.73,,,,96.8938
2010-06-10,,,,,,,,,,,,,0.79,3.33,4.25,2.54,,,3.01,,,30.57,,,,96.4877
2010-06-11,,,,,,,,,,,,,0.75,3.24,4.15,2.49,,,3.04,-0.027,,28.79,,,,96.5616
2010-06-12,,,,,,,,,,,467000.0,,,,,,,,,,,,,,,
2010-06-14,,,,,,,,,,,,,0.77,3.28,4.2,2.51,,,3.06,,,28.58,,,,95.8082
2010-06-15,,,,,,,,,,,,,0.79,3.32,4.23,2.53,,,3.05,,,25.87,,,,95.7049
2010-06-16,,,,,,,,,,,,,0.75,3.27,4.18,2.52,,,3.07,,,25.92,,,,95.5668
2010-06-17,,,,,,,,,,,,,0.72,3.21,4.13,2.49,,,3.04,,,25.05,,,,95.4973
2010-06-18,,,,,,,,,,,,,0.74,3.24,4.15,2.5,,,3.04,-0.041,,23.95,,,,95.2981
2010-06-19,,,,,,,,,,,452000.0,,,,,,,,,,,,,,,
2010-06-21,,,,,,,,,,,,,0.74,3.26,4.17,2.52,,,3.02,,,24.88,,,,94.8505
2010-06-22,,,,,,,,,,,,,0.71,3.18,4.1,2.47,,,3.04,,,27.05,,,,95.1165
2010-06-23,,,,,,,,,,,,,0.66,3.13,4.05,2.47,,,3.05,,,26.91,,,,95.4853
2010-06-24,,,,,,,,,,,,,0.67,3.14,4.09,2.47,,,3.08,,,29.74,,,,95.6194
2010-06-25,,,,,,,,,,,,,0.65,3.12,4.07,2.47,,,3.09,-0.068,,28.53,,,,95.4582
2010-06-26,,,,,,,,,,,464000.0,,,,,,,,,,,,,,,
2010-06-28,,,,,,,,,,,,,0.62,3.05,4.01,2.43,,,3.1,,,29.0,,,,95.2696
2010-06-29,,,,,,,,,,,,,0.61,2.97,3.94,2.36,,,3.12,,,34.13,,,,96.0199
2010-06-30,,,,,,,,,,,,,0.61,2.97,3.91,2.36,,,3.08,,,34.54,,,,95.9934
2010-07-01,15141.607,16872.266,92.3421,347612.0,217.605,221.363,90.378,89.769,9.4,130415.0,,64.6,0.63,2.96,3.88,2.33,0.18,,3.02,,67.8,32.86,546.0,144.983,8642.3,95.8018
2010-07-02,,,,,,,,,,,,,0.63,3.0,3.94,2.37,,,3.04,-0.103,,30.12,,,,95.6345
2010-07-03,,,,,,,,,,,454000.0,,,,,,,,,,,,,,,
2010-07-05,,,,,,,,,,,,,,,,,,,,,,,,,,
2010-07-06,,,,,,,,,,,,,0.62,2.95,3.89,2.33,,,3.05,,,29.65,,,,95.1069
2010-07-07,,,,,,,,,,,,,0.63,3.0,3.96,2.37,,,3.08,,,26.84,,,,95.1795
2010-07-08,,,,,,,,,,,,,0.63,3.04,4.0,2.41,,,3.07,,,25.71,,,,94.7734
2010-07-09,,,,,,,,,,,,,0.63,3.07,4.04,2.44,,,3.07,-0.145,,24.98,,,,94.683
2010-07-10,,,,,,,,,,,439000.0,,,,,,,,,,,,,,,
2010-07-12,,,,,,,,,,,,,0.65,3.08,4.05,2.43,,,3.05,,,24.43,,,,94.9598
2010-07-13,,,,,,,,,,,,,0.67,3.15,4.1,2.48,,,3.03,,,24.56,,,,94.3856
2010-07-14,,,,,,,,,,,,,0.62,3.07,4.03,2.45,,,3.02,,,24.89,,,,94.3247
2010-07-15,,,,,,,,,,,,,0.61,3.0,3.97,2.39,,,3.02,,,25.14,,,,94.1988
2010-07-16,,,,,,,,,,,,,0.61,2.96,3.95,2.35,,,3.04,-0.185,,26.25,,,,94.5061
2010-07-17,,,,,,,,,,,462000.0,,,,,,,,,,,,,,,
2010-07-19,,,,,,,,,,,,,0.61,2.99,3.99,2.38,,,3.04,,,25.97,,,,94.602
2010-07-20,,,,,,,,,,,,,0.61,2.98,3.99,2.37,,,2.99,,,23.93,,,,94.542
2010-07-21,,,,,,,,,,,,,0.58,2.9,3.89,2.32,,,2.98,,,25.64,,,,94.4496
2010-07-22,,,,,,,,,,,,,0.6,2.96,3.95,2.36,,,2.97,,,24.63,,,,94.1135
2010-07-23,,,,,,,,,,,,,0.6,3.02,4.01,2.42,,,2.95,-0.218,,23.47,,,,94.1431
2010-07-24,,,,,,,,,,,465000.0,,,,,,,,,,,,,,,
2010-07-26,,,,,,,,,,,,,0.62,3.03,4.03,2.41,,,2.92,,,22.73,,,,93.7556
2010-07-27,,,,,,,,,,,,,0.65,3.08,4.08,2.43,,,2.9,,,23.19,,,,93.7583
2010-07-28,,,,,,,,,,,,,0.61,3.03,4.07,2.42,,,2.92,,,24.25,,,,93.7506
2010-07-29,,,,,,,,,,,,,0.59,3.03,4.08,2.44,,,2.92,,,24.13,,,,93.6004
2010-07-30,,,,,,,,,,,,,0.55,2.94,3.98,2.39,,,2.91,-0.243,,23.5,,,,93.2793
2010-07-31,,,,,,,,,,,476000.0,,,,,,,,,,,,,,,
2010-08-01,,,92.6805,349188.0,217.923,221.509,90.502,89.855,9.5,130415.0,,64.7,,,,,0.19,,,,68.9,,599.0,143.909,8690.5,
2010-08-02,,,,,,,,,,,,,0.56,2.99,4.06,2.43,,,2.9,,,22.01,,,,92.7916
2010-08-03,,,,,,,,,,,,,0.53,2.94,4.04,2.41,,,2.92,,,22.63,,,,92.6258
2010-08-04,,,,,,,,,,,,,0.56,2.98,4.07,2.42,,,2.9,,,22.21,,,,92.731
2010-08-05,,,,,,,,,,,,,0.53,2.94,4.05,2.41,,,2.93,,,22.1,,,,92.6401
2010-08-06,,,,,,,,,,,,,0.5,2.86,4.0,2.36,,,2.94,-0.257,,21.74,,,,92.5915
2010-08-07,,,,,,,,,,,483000.0,,,,,,,,,,,,,,,
2010-08-09,,,,,,,,,,,,,0.54,2.86,4.01,2.32,,,2.95,,,22.14,,,,92.6726
2010-08-10,,,,,,,,,,,,,0.52,2.79,4.0,2.27,,,3.05,,,22.37,,,,93.2197
2010-08-11,,,,,,,,,,,,,0.54,2.72,3.93,2.18,,,3.03,,,25.39,,,,93.7778
2010-08-12,,,,,,,,,,,,,0.55,2.74,3.94,2.19,,,3.04,,,25.73,,,,93.8905
2010-08-13,,,,,,,,,,,,,0.54,2.68,3.87,2.14,,,3.05,-0.262,,26.24,,,,94.0457
2010-08-14,,,,,,,,,,,486000.0,,,,,,,,,,,,,,,
2010-08-16,,,,,,,,,,,,,0.51,2.58,3.72,2.07,,,3.0,,,26.1,,,,93.7902
2010-08-17,,,,,,,,,,,,,0.52,2.64,3.77,2.12,,,2.99,,,24.33,,,,93.4239
2010-08-18,,,,,,,,,,,,,0.51,2.64,3.73,2.13,,,2.94,,,24.59,,,,93.3719
2010-08-19,,,,,,,,,,,,,0.49,2.58,3.66,2.09,,,2.93,,,26.44,,,,93.7141
2010-08-20,,,,,,,,,,,,,0.49,2.62,3.67,2.13,,,2.9,-0.264,,25.49,,,,94.2087
2010-08-21,,,,,,,,,,,464000.0,,,,,,,,,,,,,,,
2010-08-23,,,,,,,,,,,,,0.49,2.6,3.65,2.11,,,2.94,,,25.66,,,,94.3295
2010-08-24,,,,,,,,,,,,,0.5,2.5,3.57,2.0,,,2.95,,,27.46,,,,94.4362
2010-08-25,,,,,,,,,,,,,0.53,2.54,3.59,2.01,,,2.94,,,26.7,,,,94.7372
2010-08-26,,,,,,,,,,,,,0.51,2.5,3.53,1.99,,,2.95,,,27.37,,,,94.3523
2010-08-27,,,,,,,,,,,,,0.56,2.66,3.69,2.1,,,2.96,-0.266,,24.45,,,,94.3462
2010-08-28,,,,,,,,,,,467000.0,,,,,,,,,,,,,,,
2010-08-30,,,,,,,,,,,,,0.5,2.54,3.6,2.04,,,2.99,,,27.21,,,,94.5922
2010-08-31,,,,,,,,,,,,,0.47,2.47,3.52,2.0,,,3.01,,,26.05,,,,94.7204
2010-09-01,,,92.9537,352179.0,218.275,221.711,90.592,89.906,9.5,130341.0,,64.6,0.5,2.58,3.65,2.08,0.19,,3.01,,68.2,23.89,594.0,143.013,8719.6,94.1148
2010-09-02,,,,,,,,,,,,,0.5,2.63,3.72,2.13,,,3.02,,,23.19,,,,94.0852
2010-09-03,,,,,,,,,,,,,0.52,2.72,3.79,2.2,,,2.97,-0.273,,21.31,,,,93.6952
2010-09-04,,,,,,,,,,,452000.0,,,,,,,,,,,,,,,
2010-09-06,,,,,,,,,,,,,,,,,,,,,,,,,,
2010-09-07,,,,,,,,,,,,,0.49,2.61,3.67,2.12,,,2.96,,,23.8,,,,94.042
2010-09-08,,,,,,,,,,,,,0.52,2.66,3.72,2.14,,,2.95,,,23.25,,,,93.7785
2010-09-09,,,,,,,,,,,,,0.57,2.77,3.84,2.2,,,2.96,,,22.81,,,,93.7033
2010-09-10,,,,,,,,,,,,,0.58,2.81,3.88,2.23,,,2.94,-0.288,,21.99,,,,93.6768
2010-09-11,,,,,,,,,,,444000.0,,,,,,,,,,,,,,,
2010-09-13,,,,,,,,,,,,,0.53,2.74,3.83,2.21,,,2.97,,,21.21,,,,93.0767
2010-09-14,,,,,,,,,,,,,0.5,2.68,3.79,2.18,,,2.97,,,21.56,,,,92.6182
2010-09-15,,,,,,,,,,,,,0.5,2.74,3.87,2.24,,,3.0,,,22.1,,,,92.9313
2010-09-16,,,,,,,,,,,,,0.48,2.77,3.92,2.29,,,3.02,,,21.72,,,,92.9108
2010-09-17,,,,,,,,,,,,,0.48,2.75,3.9,2.27,,,3.03,-0.307,,22.01,,,,92.9418
2010-09-18,,,,,,,,,,,459000.0,,,,,,,,,,,,,,,
2010-09-20,,,,,,,,,,,,,0.47,2.72,3.87,2.25,,,3.02,,,21.5,,,,92.7496
2010-09-21,,,,,,,,,,,,,0.43,2.61,3.79,2.18,,,3.05,,,22.35,,,,92.6684
2010-09-22,,,,,,,,,,,,,0.44,2.56,3.74,2.12,,,3.05,,,22.51,,,,92.0647
2010-09-23,,,,,,,,,,,,,0.45,2.56,3.73,2.11,,,3.04,,,23.87,,,,92.0233
2010-09-24,,,,,,,,,,,,,0.45,2.62,3.79,2.17,,,3.05,-0.329,,21.71,,,,91.5996
2010-09-25,,,,,,,,,,,459000.0,,,,,,,,,,,,,,,
2010-09-27,,,,,,,,,,,,,0.44,2.54,3.7,2.1,,,3.04,,,22.54,,,,91.4803
2010-09-28,,,,,,,,,,,,,0.37,2.48,3.66,2.11,,,3.06,,,22.6,,,,91.3493
2010-09-29,,,,,,,,,,,,,0.44,2.52,3.69,2.08,,,3.06,,,23.25,,,,91.1632
2010-09-30,,,,,,,,,,,,,0.42,2.53,3.69,2.11,,,3.05,,,23.7,,,,91.3415
2010-10-01,15309.474,16960.864,92.6903,356215.0,219.035,221.83,90.881,90.043,9.4,130620.0,,64.4,0.42,2.54,3.71,2.12,0.19,,3.07,-0.353,67.7,22.5,543.0,142.523,8769.8,90.836
2010-10-02,,,,,,,,,,,446000.0,,,,,,,,,,,,,,,
2010-10-04,,,,,,,,,,,,,0.41,2.5,3.71,2.09,,,3.1,,,23.53,,,,91.0015
2010-10-05,,,,,,,,,,,,,0.41,2.5,3.74,2.09,,,3.11,,,21.76,,,,90.5622
2010-10-06,,,,,,,,,,,,,0.38,2.41,3.67,2.03,,,3.13,,,21.49,,,,90.1411
2010-10-07,,,,,,,,,,,,,0.36,2.41,3.72,2.05,,,3.18,,,21.56,,,,90.286
2010-10-08,,,,,,,,,,,,,0.35,2.41,3.75,2.06,,,3.21,-0.377,,20.71,,,,90.1133
2010-10-09,,,,,,,,,,,459000.0,,,,,,,,,,,,,,,
2010-10-11,,,,,,,,,,,,,,,,,,,,,,18.96,,,,
2010-10-12,,,,,,,,,,,,,0.37,2.44,3.8,2.07,,,3.22,,,18.93,,,,90.2203
2010-10-13,,,,,,,,,,,,,0.37,2.46,3.84,2.09,,,3.22,,,19.07,,,,89.7779
2010-10-14,,,,,,,,,,,,,0.38,2.52,3.91,2.14,,,3.23,,,19.88,,,,89.5228
2010-10-15,,,,,,,,,,,,,0.37,2.59,3.98,2.22,,,3.26,-0.399,,19.03,,,,89.6815
2010-10-16,,,,,,,,,,,444000.0,,,,,,,,,,,,,,,
2010-10-18,,,,,,,,,,,,,0.38,2.52,3.93,2.14,,,3.26,,,19.09,,,,89.8484
2010-10-19,,,,,,,,,,,,,0.37,2.5,3.9,2.13,,,3.25,,,20.63,,,,90.5499
2010-10-20,,,,,,,,,,,,,0.35,2.51,3.89,2.16,,,3.23,,,19.79,,,,90.1446
2010-10-21,,,,,,,,,,,,,0.37,2.57,3.95,2.2,,,3.2,,,19.27,,,,90.138
2010-10-22,,,,,,,,,,,,,0.35,2.59,3.94,2.24,,,3.18,-0.416,,18.78,,,,90.4063
2010-10-23,,,,,,,,,,,432000.0,,,,,,,,,,,,,,,
2010-10-25,,,,,,,,,,,,,0.37,2.59,3.91,2.22,,,3.13,,,19.85,,,,89.9328
2010-10-26,,,,,,,,,,,,,0.4,2.67,4.0,2.27,,,3.13,,,20.22,,,,90.2818
2010-10-27,,,,,,,,,,,,,0.4,2.75,4.06,2.35,,,3.09,,,20.71,,,,90.8038
2010-10-28,,,,,,,,,,,,,0.37,2.69,4.05,2.32,,,3.16,,,20.88,,,,90.2407
2010-10-29,,,,,,,,,,,,,0.34,2.63,3.99,2.29,,,3.15,-0.43,,21.2,,,,90.0935
2010-10-30,,,,,,,,,,,453000.0,,,,,,,,,,,,,,,
2010-11-01,,,92.7709,359450.0,219.59,222.149,91.062,90.16,9.8,130749.0,,64.6,0.34,2.66,4.01,2.32,0.19,,3.13,,71.6,21.83,545.0,142.163,8790.3,90.0307
2010-11-02,,,,,,,,,,,,,0.34,2.63,3.93,2.29,,,3.08,,,21.57,,,,89.6847
2010-11-03,,,,,,,,,,,,,0.34,2.67,4.09,2.33,,,3.16,,,19.56,,,,89.7079
2010-11-04,,,,,,,,,,,,,0.33,2.53,4.04,2.2,,,3.24,,,18.52,,,,88.9831
2010-11-05,,,,,,,,,,,,,0.38,2.58,4.12,2.2,,,3.27,-0.44,,18.26,,,,89.2441
2010-11-06,,,,,,,,,,,434000.0,,,,,,,,,,,,,,,
2010-11-08,,,,,,,,,,,,,0.41,2.6,4.12,2.19,,,3.25,,,18.29,,,,89.5711
2010-11-09,,,,,,,,,,,,,0.46,2.72,4.25,2.26,,,3.25,,,19.08,,,,89.558
2010-11-10,,,,,,,,,,,,,0.44,2.65,4.25,2.21,,,3.31,,,18.47,,,,89.9056
2010-11-11,,,,,,,,,,,,,,,,,,,,,,18.64,,,,
2010-11-12,,,,,,,,,,,,,0.51,2.76,4.26,2.25,,,3.24,-0.443,,20.61,,,,90.1701
2010-11-13,,,,,,,,,,,432000.0,,,,,,,,,,,,,,,
2010-11-15,,,,,,,,,,,,,0.53,2.92,4.38,2.39,,,3.2,,,20.2,,,,90.4331
2010-11-16,,,,,,,,,,,,,0.51,2.85,4.26,2.34,,,3.15,,,22.58,,,,91.1102
2010-11-17,,,,,,,,,,,,,0.5,2.89,4.31,2.39,,,3.13,,,21.76,,,,90.9282
2010-11-18,,,,,,,,,,,,,0.52,2.9,4.29,2.38,,,3.12,,,18.75,,,,90.649
2010-11-19,,,,,,,,,,,,,0.52,2.88,4.25,2.36,,,3.11,-0.445,,18.04,,,,90.6986
2010-11-20,,,,,,,,,,,407000.0,,,,,,,,,,,,,,,
2010-11-22,,,,,,,,,,,,,0.49,2.8,4.2,2.31,,,3.14,,,18.37,,,,90.7023
2010-11-23,,,,,,,,,,,,,0.45,2.77,4.18,2.32,,,3.13,,,20.63,,,,91.4318
2010-11-24,,,,,,,,,,,,,0.53,2.93,4.29,2.4,,,3.1,,,19.56,,,,91.2179
2010-11-25,,,,,,,,,,,,,,,,,,,,,,,,,,
2010-11-26,,,,,,,,,,,,,0.51,2.87,4.21,2.36,,,3.07,-0.448,,22.22,,,,91.8152
2010-11-27,,,,,,,,,,,432000.0,,,,,,,,,,,,,,,
2010-11-29,,,,,,,,,,,,,0.52,2.84,4.16,2.32,,,3.04,,,21.53,,,,92.1997
2010-11-30,,,,,,,,,,,,,0.45,2.81,4.12,2.36,,,3.03,,,23.54,,,,92.1494
2010-12-01,,,93.6787,361979.0,220.472,222.343,91.268,90.179,9.3,130830.0,,64.3,0.53,2.97,4.24,2.44,0.18,,3.01,,74.5,21.36,539.0,142.05,8822.0,91.6799
2010-12-02,,,,,,,,,,,,,0.55,3.01,4.27,2.46,,,2.99,,,19.39,,,,91.2651
2010-12-03,,,,,,,,,,,,,0.49,3.03,4.32,2.54,,,3.02,-0.454,,18.01,,,,90.8788
2010-12-04,,,,,,,,,,,428000.0,,,,,,,,,,,,,,,
2010-12-06,,,,,,,,,,,,,0.42,2.95,4.25,2.53,,,3.02,,,18.02,,,,91.0167
2010-12-07,,,,,,,,,,,,,0.54,3.15,4.39,2.61,,,2.99,,,17.99,,,,90.9732
2010-12-08,,,,,,,,,,,,,0.63,3.26,4.45,2.63,,,2.9,,,17.74,,,,91.3376
2010-12-09,,,,,,,,,,,,,0.64,3.23,4.41,2.59,,,2.86,,,17.25,,,,91.3923
2010-12-10,,,,,,,,,,,,,0.64,3.32,4.43,2.68,,,2.79,-0.465,,17.61,,,,91.2831
2010-12-11,,,,,,,,,,,425000.0,,,,,,,,,,,,,,,
2010-12-13,,,,,,,,,,,,,0.61,3.29,4.39,2.68,,,2.8,,,17.55,,,,90.8837
2010-12-14,,,,,,,,,,,,,0.66,3.49,4.54,2.83,,,2.75,,,17.61,,,,90.764
2010-12-15,,,,,,,,,,,,,0.68,3.53,4.59,2.85,,,2.74,,,17.94,,,,91.094
2010-12-16,,,,,,,,,,,,,0.66,3.47,4.57,2.81,,,2.77,,,17.39,,,,91.3773
2010-12-17,,,,,,,,,,,,,0.61,3.33,4.41,2.72,,,2.73,-0.481,,16.11,,,,91.5555
2010-12-18,,,,,,,,,,,424000.0,,,,,,,,,,,,,,,
2010-12-20,,,,,,,,,,,,,0.62,3.36,4.44,2.74,,,2.75,,,16.41,,,,91.6398
2010-12-21,,,,,,,,,,,,,0.63,3.35,4.44,2.72,,,2.72,,,16.49,,,,91.519
2010-12-22,,,,,,,,,,,,,0.65,3.36,4.45,2.71,,,2.73,,,15.45,,,,91.429
2010-12-23,,,,,,,,,,,,,0.67,3.41,4.47,2.74,,,2.7,,,16.47,,,,91.3013
2010-12-24,,,,,,,,,,,,,,,,,,,,-0.5,,,,,,
2010-12-25,,,,,,,,,,,404000.0,,,,,,,,,,,,,,,
2010-12-27,,,,,,,,,,,,,0.71,3.36,4.42,2.65,,,2.7,,,17.67,,,,91.1963
2010-12-28,,,,,,,,,,,,,0.75,3.5,4.53,2.75,,,2.68,,,17.52,,,,90.9848
2010-12-29,,,,,,,,,,,,,0.64,3.35,4.41,2.71,,,2.7,,,17.28,,,,90.7669
2010-12-30,,,,,,,,,,,,,0.66,3.38,4.43,2.72,,,2.69,,,17.52,,,,90.5146
2010-12-31,,,,,,,,,,,,,0.61,3.3,4.34,2.69,,,2.68,-0.521,,17.75,,,,
2011-01-01,15351.448,16920.632,93.4814,364394.0,221.187,222.803,91.542,90.372,9.1,130837.0,413000.0,64.2,,,,,0.17,,,,74.2,,630.0,141.512,8844.5,
2011-01-03,,,,,,,,,,,,,0.61,3.36,4.39,2.75,,,2.68,,,17.61,,,,89.9524
2011-01-04,,,,,,,,,,,,,0.63,3.36,4.44,2.73,,,2.71,,,17.38,,,,90.3277
2011-01-05,,,,,,,,,,,,,0.71,3.5,4.55,2.79,,,2.67,,,17.02,,,,90.5715
2011-01-06,,,,,,,,,,,,,0.68,3.44,4.53,2.76,,,2.67,,,17.4,,,,90.9125
2011-01-07,,,,,,,,,,,,,0.6,3.34,4.48,2.74,,,2.73,-0.543,,17.14,,,,91.0001
2011-01-08,,,,,,,,,,,434000.0,,,,,,,,,,,,,,,
2011-01-10,,,,,,,,,,,,,0.59,3.32,4.47,2.73,,,2.75,,,17.54,,,,91.03
2011-01-11,,,,,,,,,,,,,0.6,3.37,4.49,2.77,,,2.68,,,16.89,,,,90.8431
2011-01-12,,,,,,,,,,,,,0.61,3.4,4.52,2.79,,,2.68,,,16.24,,,,90.4111
2011-01-13,,,,,,,,,,,,,0.59,3.34,4.5,2.75,,,2.71,,,16.39,,,,89.9019
2011-01-14,,,,,,,,,,,,,0.59,3.35,4.53,2.76,,,2.74,-0.563,,15.46,,,,90.0461
2011-01-15,,,,,,,,,,,421000.0,,,,,,,,,,,,,,,
2011-01-17,,,,,,,,,,,,,,,,,,,,,,,,,,
2011-01-18,,,,,,,,,,,,,0.6,3.39,4.56,2.79,,,2.72,,,15.87,,,,89.821
2011-01-19,,,,,,,,,,,,,0.6,3.37,4.53,2.77,,,2.7,,,17.31,,,,89.6948
2011-01-20,,,,,,,,,,,,,0.65,3.47,4.6,2.82,,,2.7,,,17.99,,,,90.1316
2011-01-21,,,,,,,,,,,,,0.63,3.44,4.57,2.81,,,2.68,-0.581,,18.47,,,,89.7204
2011-01-22,,,,,,,,,,,446000.0,,,,,,,,,,,,,,,
2011-01-24,,,,,,,,,,,,,0.65,3.43,4.55,2.78,,,2.67,,,17.65,,,,89.5375
2011-01-25,,,,,,,,,,,,,0.62,3.35,4.48,2.73,,,2.66,,,17.59,,,,89.7279
2011-01-26,,,,,,,,,,,,,0.62,3.45,4.59,2.83,,,2.68,,,16.64,,,,89.5091
2011-01-27,,,,,,,,,,,,,0.59,3.42,4.57,2.83,,,2.67,,,16.15,,,,89.5728
2011-01-28,,,,,,,,,,,,,0.54,3.36,4.53,2.82,,,2.7,-0.593,,20.04,,,,89.8189
2011-01-29,,,,,,,,,,,420000.0,,,,,,,,,,,,,,,
2011-01-31,,,,,,,,,,,,,0.58,3.42,4.58,2.84,,,2.68,,,19.53,,,,89.694
2011-02-01,,,93.1102,367475.0,221.898,223.213,91.797,90.53,9.0,131057.0,,64.1,0.61,3.48,4.62,2.87,0.16,,2.66,,77.5,17.63,517.0,140.339,8909.9,89.1436
2011-02-02,,,,,,,,,,,,,0.67,3.52,4.64,2.85,,,2.64,,,17.3,,,,89.0737
2011-02-03,,,,,,,,,,,,,0.71,3.58,4.67,2.87,,,2.61,,,16.69,,,,89.2522
2011-02-04,,,,,,,,,,,,,0.77,3.68,4.73,2.91,,,2.57,-0.598,,15.93,,,,89.391
2011-02-05,,,,,,,,,,,402000.0,,,,,,,,,,,,,,,
2011-02-07,,,,,,,,,,,,,0.78,3.68,4.71,2.9,,,2.53,,,16.28,,,,89.3556
2011-02-08,,,,,,,,,,,,,0.86,3.75,4.76,2.89,,,2.5,,,15.81,,,,89.1241
2011-02-09,,,,,,,,,,,,,0.81,3.65,4.71,2.84,,,2.53,,,15.87,,,,89.4166
2011-02-10,,,,,,,,,,,,,0.85,3.7,4.75,2.85,,,2.55,,,16.09,,,,89.6266
2011-02-11,,,,,,,,,,,,,0.85,3.64,4.71,2.79,,,2.56,-0.596,,15.69,,,,89.8784
2011-02-12,,,,,,,,,,,425000.0,,,,,,,,,,,,,,,
2011-02-14,,,,,,,,,,,,,0.87,3.62,4.67,2.75,,,2.53,,,15.95,,,,89.8543
2011-02-15,,,,,,,,,,,,,0.84,3.61,4.66,2.77,,,2.53,,,16.37,,,,89.8871
2011-02-16,,,,,,,,,,,,,0.86,3.62,4.67,2.76,,,2.53,,,16.72,,,,89.7059
2011-02-17,,,,,,,,,,,,,0.8,3.58,4.66,2.78,,,2.56,,,16.59,,,,89.4102
2011-02-18,,,,,,,,,,,,,0.78,3.59,4.7,2.81,,,2.58,-0.587,,16.43,,,,89.1974
2011-02-19,,,,,,,,,,,394000.0,,,,,,,,,,,,,,,
2011-02-21,,,,,,,,,,,,,,,,,,,,,,,,,,
2011-02-22,,,,,,,,,,,,,0.74,3.46,4.6,2.72,,,2.62,,,20.8,,,,89.4617
2011-02-23,,,,,,,,,,,,,0.74,3.49,4.59,2.75,,,2.6,,,22.13,,,,89.4186
2011-02-24,,,,,,,,,,,,,0.73,3.46,4.54,2.73,,,2.59,,,21.32,,,,89.2346
2011-02-25,,,,,,,,,,,,,0.72,3.42,4.51,2.7,,,2.6,-0.572,,19.22,,,,89.1664
2011-02-26,,,,,,,,,,,385000.0,,,,,,,,,,,,,,,
2011-02-28,,,,,,,,,,,,,0.69,3.42,4.49,2.73,,,2.57,,,18.35,,,,88.9391
2011-03-01,,,94.0788,370775.0,223.046,223.454,92.166,90.667,9.0,131283.0,,64.2,0.66,3.41,4.48,2.75,0.14,,2.59,,67.5,21.01,600.0,139.971,8967.7,88.831
2011-03-02,,,,,,,,,,,,,0.69,3.46,4.54,2.77,,,2.6,,,20.7,,,,88.7317
2011-03-03,,,,,,,,,,,,,0.79,3.58,4.64,2.79,,,2.55,,,18.6,,,,88.637
2011-03-04,,,,,,,,,,,,,0.68,3.49,4.6,2.81,,,2.6,-0.559,,19.06,,,,88.4898
2011-03-05,,,,,,,,,,,414000.0,,,,,,,,,,,,,,,
2011-03-07,,,,,,,,,,,,,0.7,3.51,4.61,2.81,,,2.59,,,20.66,,,,88.5207
2011-03-08,,,,,,,,,,,,,0.73,3.56,4.66,2.83,,,2.59,,,19.82,,,,88.6454
2011-03-09,,,,,,,,,,,,,0.7,3.48,4.6,2.78,,,2.61,,,20.22,,,,88.5328
2011-03-10,,,,,,,,,,,,,0.65,3.37,4.53,2.72,,,2.66,,,21.88,,,,88.8698
2011-03-11,,,,,,,,,,,,,0.64,3.4,4.54,2.76,,,2.63,-0.548,,20.08,,,,88.691
2011-03-12,,,,,,,,,,,404000.0,,,,,,,,,,,,,,,
2011-03-14,,,,,,,,,,,,,0.61,3.36,4.52,2.75,,,2.65,,,21.13,,,,88.5191
2011-03-15,,,,,,,,,,,,,0.63,3.33,4.47,2.7,,,2.68,,,24.32,,,,88.7845
2011-03-16,,,,,,,,,,,,,0.58,3.22,4.38,2.64,,,2.71,,,29.4,,,,88.9785
2011-03-17,,,,,,,,,,,,,0.6,3.25,4.42,2.65,,,2.72,,,26.37,,,,88.6549
2011-03-18,,,,,,,,,,,,,0.61,3.28,4.43,2.67,,,2.69,-0.543,,24.44,,,,88.5221
2011-03-19,,,,,,,,,,,407000.0,,,,,,,,,,,,,,,
2011-03-21,,,,,,,,,,,,,0.67,3.34,4.45,2.67,,,2.64,,,20.61,,,,88.2032
2011-03-22,,,,,,,,,,,,,0.68,3.34,4.44,2.66,,,2.64,,,20.21,,,,88.0665
2011-03-23,,,,,,,,,,,,,0.69,3.36,4.44,2.67,,,2.63,,,19.17,,,,88.3328
2011-03-24,,,,,,,,,,,,,0.72,3.42,4.48,2.7,,,2.59,,,18.0,,,,88.0592
2011-03-25,,,,,,,,,,,,,0.79,3.46,4.51,2.67,,,2.58,-0.548,,17.91,,,,88.1716
2011-03-26,,,,,,,,,,,399000.0,,,,,,,,,,,,,,,
2011-03-28,,,,,,,,,,,,,0.81,3.47,4.51,2.66,,,2.56,,,19.44,,,,88.3058
2011-03-29,,,,,,,,,,,,,0.81,3.5,4.54,2.69,,,2.59,,,18.16,,,,88.3991
2011-03-30,,,,,,,,,,,,,0.8,3.47,4.52,2.67,,,2.59,,,17.71,,,,88.2298
2011-03-31,,,,,,,,,,,,,0.8,3.47,4.51,2.67,,,2.58,,,17.74,,,,88.0299
2011-04-01,15557.539,17035.114,93.7749,372820.0,224.093,223.727,92.557,90.875,9.1,131597.0,,64.2,0.8,3.46,4.48,2.66,0.1,,2.58,-0.558,69.8,17.4,554.0,140.003,9033.6,87.7993
2011-04-02,,,,,,,,,,,395000.0,,,,,,,,,,,,,,,
2011-04-04,,,,,,,,,,,,,0.77,3.45,4.49,2.68,,,2.58,,,17.5,,,,87.8406
2011-04-05,,,,,,,,,,,,,0.84,3.5,4.51,2.66,,,2.55,,,17.25,,,,87.7483
2011-04-06,,,,,,,,,,,,,0.85,3.56,4.58,2.71,,,2.55,,,16.9,,,,87.4913
2011-04-07,,,,,,,,,,,,,0.81,3.58,4.63,2.77,,,2.57,,,17.11,,,,87.532
2011-04-08,,,,,,,,,,,,,0.83,3.59,4.63,2.76,,,2.56,-0.572,,17.87,,,,87.1493
2011-04-09,,,,,,,,,,,416000.0,,,,,,,,,,,,,,,
2011-04-11,,,,,,,,,,,,,0.85,3.59,4.64,2.74,,,2.55,,,16.59,,,,87.094
2011-04-12,,,,,,,,,,,,,0.77,3.52,4.58,2.75,,,2.58,,,17.09,,,,87.2943
2011-04-13,,,,,,,,,,,,,0.75,3.49,4.55,2.74,,,2.58,,,16.92,,,,87.2093
2011-04-14,,,,,,,,,,,,,0.77,3.51,4.53,2.74,,,2.55,,,16.27,,,,87.0802
2011-04-15,,,,,,,,,,,,,0.71,3.43,4.47,2.72,,,2.56,-0.585,,15.32,,,,87.005
2011-04-16,,,,,,,,,,,402000.0,,,,,,,,,,,,,,,
2011-04-18,,,,,,,,,,,,,0.69,3.4,4.45,2.71,,,2.58,,,16.96,,,,87.5081
2011-04-19,,,,,,,,,,,,,0.68,3.39,4.43,2.71,,,2.56,,,15.83,,,,87.0791
2011-04-20,,,,,,,,,,,,,0.69,3.43,4.47,2.74,,,2.55,,,15.07,,,,86.5642
2011-04-21,,,,,,,,,,,,,0.68,3.42,4.47,2.74,,,2.57,,,14.69,,,,86.2256
2011-04-22,,,,,,,,,,,,,,,,,,,,-0.595,,,,,,86.3742
2011-04-23,,,,,,,,,,,422000.0,,,,,,,,,,,,,,,
2011-04-25,,,,,,,,,,,,,0.67,3.39,4.46,2.72,,,2.58,,,15.77,,,,86.4026
2011-04-26,,,,,,,,,,,,,0.65,3.34,4.39,2.69,,,2.57,,,15.62,,,,86.2576
2011-04-27,,,,,,,,,,,,,0.65,3.39,4.45,2.74,,,2.57,,,15.35,,,,86.2519
2011-04-28,,,,,,,,,,,,,0.62,3.34,4.42,2.72,,,2.59,,,14.62,,,,85.8419
2011-04-29,,,,,,,,,,,,,0.61,3.32,4.4,2.71,,,2.58,-0.599,,14.75,,,,85.5999
2011-04-30,,,,,,,,,,,468000.0,,,,,,,,,,,,,,,
2011-05-01,,,93.888,372505.0,224.806,224.175,92.838,91.091,9.0,131703.0,,64.1,,,,,0.09,,,,74.3,,561.0,139.901,9109.4,
2011-05-02,,,,,,,,,,,,,0.61,3.31,4.38,2.7,,,2.57,,,15.99,,,,85.5199
2011-05-03,,,,,,,,,,,,,0.61,3.28,4.36,2.67,,,2.57,,,16.7,,,,85.6352
2011-05-04,,,,,,,,,,,,,0.6,3.25,4.33,2.65,,,2.56,,,17.08,,,,85.8917
2011-05-05,,,,,,,,,,,,,0.58,3.18,4.26,2.6,,,2.59,,,18.2,,,,86.508
2011-05-06,,,,,,,,,,,,,0.57,3.19,4.29,2.62,,,2.6,-0.595,,18.4,,,,86.4575
2011-05-07,,,,,,,,,,,435000.0,,,,,,,,,,,,,,,
2011-05-09,,,,,,,,,,,,,0.57,3.17,4.3,2.6,,,2.64,,,17.16,,,,86.8346
2011-05-10,,,,,,,,,,,,,0.59,3.23,4.34,2.64,,,2.61,,,15.91,,,,86.6518
2011-05-11,,,,,,,,,,,,,0.56,3.19,4.31,2.63,,,2.61,,,16.95,,,,86.7195
2011-05-12,,,,,,,,,,,,,0.57,3.22,4.37,2.65,,,2.64,,,16.03,,,,87.0767
2011-05-13,,,,,,,,,,,,,0.57,3.18,4.32,2.61,,,2.64,-0.586,,17.07,,,,87.4176
2011-05-14,,,,,,,,,,,414000.0,,,,,,,,,,,,,,,
2011-05-16,,,,,,,,,,,,,0.54,3.15,4.28,2.61,,,2.6,,,18.24,,,,87.3311
2011-05-17,,,,,,,,,,,,,0.55,3.12,4.23,2.57,,,2.59,,,17.55,,,,87.6307
2011-05-18,,,,,,,,,,,,,0.58,3.18,4.29,2.6,,,2.59,,,16.23,,,,87.295
2011-05-19,,,,,,,,,,,,,0.55,3.17,4.3,2.62,,,2.61,,,15.52,,,,87.2638
2011-05-20,,,,,,,,,,,,,0.55,3.15,4.3,2.6,,,2.63,-0.574,,17.43,,,,87.3044
2011-05-21,,,,,,,,,,,423000.0,,,,,,,,,,,,,,,
2011-05-23,,,,,,,,,,,,,0.55,3.13,4.27,2.58,,,2.62,,,18.27,,,,87.8941
2011-05-24,,,,,,,,,,,,,0.56,3.12,4.26,2.56,,,2.62,,,17.82,,,,87.662
2011-05-25,,,,,,,,,,,,,0.54,3.13,4.28,2.59,,,2.64,,,17.07,,,,87.6136
2011-05-26,,,,,,,,,,,,,0.48,3.07,4.23,2.59,,,2.64,,,16.09,,,,87.5588
2011-05-27,,,,,,,,,,,,,0.48,3.07,4.24,2.59,,,2.65,-0.56,,15.98,,,,86.9525
2011-05-28,,,,,,,,,,,418000.0,,,,,,,,,,,,,,,
2011-05-30,,,,,,,,,,,,,,,,,,,,,,,,,,
2011-05-31,,,,,,,,,,,,,0.45,3.05,4.22,2.6,,,2.65,,,15.45,,,,86.656
2011-06-01,,,94.172,375587.0,224.806,224.697,92.819,91.191,9.1,131931.0,,64.0,0.44,2.96,4.15,2.52,0.09,,2.68,,71.5,18.3,608.0,139.858,9184.2,86.5964
2011-06-02,,,,,,,,,,,,,0.45,3.04,4.25,2.59,,,2.7,,,18.09,,,,86.8435
2011-06-03,,,,,,,,,,,,,0.42,2.99,4.22,2.57,,,2.73,-0.546,,17.95,,,,86.4234
2011-06-04,,,,,,,,,,,423000.0,,,,,,,,,,,,,,,
2011-06-06,,,,,,,,,,,,,0.43,3.01,4.25,2.58,,,2.75,,,18.49,,,,86.4669
2011-06-07,,,,,,,,,,,,,0.39,3.01,4.27,2.62,,,2.75,,,18.07,,,,86.3627
2011-06-08,,,,,,,,,,,,,0.39,2.98,4.2,2.59,,,2.73,,,18.79,,,,86.5714
2011-06-09,,,,,,,,,,,,,0.43,3.01,4.22,2.58,,,2.73,,,17.77,,,,86.5913
2011-06-10,,,,,,,,,,,,,0.41,2.99,4.18,2.58,,,2.71,-0.534,,18.86,,,,87.042
2011-06-11,,,,,,,,,,,413000.0,,,,,,,,,,,,,,,
2011-06-13,,,,,,,,,,,,,0.4,3.0,4.2,2.6,,,2.72,,,19.61,,,,87.0579
2011-06-14,,,,,,,,,,,,,0.45,3.11,4.3,2.66,,,2.71,,,18.26,,,,86.6771
2011-06-15,,,,,,,,,,,,,0.38,2.98,4.19,2.6,,,2.74,,,21.32,,,,87.3342
2011-06-16,,,,,,,,,,,,,0.38,2.93,4.16,2.55,,,2.75,,,22.73,,,,87.6917
2011-06-17,,,,,,,,,,,,,0.38,2.94,4.19,2.56,,,2.79,-0.525,,21.85,,,,87.2179
2011-06-18,,,,,,,,,,,416000.0,,,,,,,,,,,,,,,
2011-06-20,,,,,,,,,,,,,0.38,2.97,4.19,2.59,,,2.76,,,19.99,,,,87.1908
2011-06-21,,,,,,,,,,,,,0.4,2.99,4.21,2.59,,,2.75,,,18.86,,,,86.857
2011-06-22,,,,,,,,,,,,,0.39,3.01,4.22,2.62,,,2.74,,,18.52,,,,86.8067
2011-06-23,,,,,,,,,,,,,0.35,2.93,4.17,2.58,,,2.76,,,19.29,,,,87.455
2011-06-24,,,,,,,,,,,,,0.35,2.88,4.17,2.53,,,2.83,-0.518,,21.1,,,,87.5014
2011-06-25,,,,,,,,,,,421000.0,,,,,,,,,,,,,,,
2011-06-27,,,,,,,,,,,,,0.41,2.95,4.28,2.54,,,2.87,,,20.56,,,,87.5225
2011-06-28,,,,,,,,,,,,,0.48,3.05,4.33,2.57,,,2.81,,,19.17,,,,87.2178
2011-06-29,,,,,,,,,,,,,0.47,3.14,4.39,2.67,,,2.75,,,17.27,,,,86.8014
2011-06-30,,,,,,,,,,,,,0.45,3.18,4.38,2.73,,,2.72,,,16.52,,,,86.4786
2011-07-01,15647.68,17031.313,94.636,375442.0,225.395,225.218,92.977,91.326,9.0,131992.0,,64.0,0.5,3.22,4.4,2.72,0.07,,2.69,-0.511,63.7,15.87,623.0,139.727,9346.9,86.3613
2011-07-02,,,,,,,,,,,418000.0,,,,,,,,,,,,,,,
2011-07-04,,,,,,,,,,,,,,,,,,,,,,,,,,
2011-07-05,,,,,,,,,,,,,0.44,3.16,4.39,2.72,,,2.74,,,16.06,,,,86.4253
2011-07-06,,,,,,,,,,,,,0.43,3.12,4.35,2.69,,,2.73,,,16.34,,,,86.6825
2011-07-07,,,,,,,,,,,,,0.49,3.17,4.37,2.68,,,2.69,,,15.95,,,,86.4825
2011-07-08,,,,,,,,,,,,,0.4,3.03,4.27,2.63,,,2.73,-0.499,,15.95,,,,86.615
2011-07-09,,,,,,,,,,,408000.0,,,,,,,,,,,,,,,
2011-07-11,,,,,,,,,,,,,0.37,2.94,4.2,2.57,,,2.76,,,18.39,,,,87.1013
2011-07-12,,,,,,,,,,,,,0.37,2.92,4.19,2.55,,,2.77,,,19.87,,,,87.1701
2011-07-13,,,,,,,,,,,,,0.37,2.92,4.17,2.55,,,2.76,,,19.91,,,,86.5697
2011-07-14,,,,,,,,,,,,,0.38,2.98,4.25,2.6,,,2.76,,,20.8,,,,86.5234
2011-07-15,,,,,,,,,,,,,0.37,2.94,4.26,2.57,,,2.8,-0.476,,19.53,,,,86.5169
2011-07-16,,,,,,,,,,,420000.0,,,,,,,,,,,,,,,
2011-07-18,,,,,,,,,,,,,0.37,2.94,4.29,2.57,,,2.84,,,20.95,,,,86.9549
2011-07-19,,,,,,,,,,,,,0.39,2.91,4.19,2.52,,,2.78,,,19.21,,,,86.4386
2011-07-20,,,,,,,,,,,,,0.4,2.96,4.25,2.56,,,2.8,,,19.09,,,,86.2794
2011-07-21,,,,,,,,,,,,,0.4,3.03,4.31,2.63,,,2.77,,,17.56,,,,85.8378
2011-07-22,,,,,,,,,,,,,0.4,2.99,4.26,2.59,,,2.75,-0.441,,17.52,,,,85.8623
2011-07-23,,,,,,,,,,,411000.0,,,,,,,,,,,,,,,
2011-07-25,,,,,,,,,,,,,0.42,3.03,4.31,2.61,,,2.77,,,19.35,,,,85.8006
2011-07-26,,,,,,,,,,,,,0.41,2.99,4.28,2.58,,,2.76,,,20.23,,,,85.4692
2011-07-27,,,,,,,,,,,,,0.44,3.01,4.29,2.57,,,2.73,,,22.98,,,,85.7126
2011-07-28,,,,,,,,,,,,,0.42,2.98,4.26,2.56,,,2.73,,,23.74,,,,85.8245
2011-07-29,,,,,,,,,,,,,0.36,2.82,4.12,2.46,,,2.77,-0.392,,25.25,,,,85.7282
2011-07-30,,,,,,,,,,,406000.0,,,,,,,,,,,,,,,
2011-08-01,,,95.2749,375860.0,226.106,225.862,93.196,91.508,9.0,132125.0,,64.1,0.38,2.77,4.07,2.39,0.1,,2.77,,55.8,23.66,585.0,139.304,9532.5,86.0391
2011-08-02,,,,,,,,,,,,,0.33,2.66,3.93,2.33,,,2.74,,,24.79,,,,86.0533
2011-08-03,,,,,,,,,,,,,0.33,2.64,3.89,2.31,,,2.72,,,23.38,,,,86.0706
2011-08-04,,,,,,,,,,,,,0.27,2.47,3.7,2.2,,,2.77,,,31.66,,,,86.9299
2011-08-05,,,,,,,,,,,,,0.28,2.58,3.82,2.3,,,2.77,-0.328,,32.0,,,,87.1084
2011-08-06,,,,,,,,,,,405000.0,,,,,,,,,,,,,,,
2011-08-08,,,,,,,,,,,,,0.27,2.4,3.68,2.13,,,2.88,,,48.0,,,,87.1873
2011-08-09,,,,,,,,,,,,,0.19,2.2,3.56,2.01,,,3.01,,,35.06,,,,87.3919
2011-08-10,,,,,,,,,,,,,0.19,2.17,3.54,1.98,,,3.03,,,42.99,,,,87.3792
2011-08-11,,,,,,,,,,,,,0.19,2.34,3.82,2.15,,,3.15,,,39.0,,,,87.3215
2011-08-12,,,,,,,,,,,,,0.2,2.24,3.72,2.04,,,3.14,-0.257,,36.36,,,,87.177
2011-08-13,,,,,,,,,,,409000.0,,,,,,,,,,,,,,,
2011-08-15,,,,,,,,,,,,,0.19,2.29,3.75,2.1,,,3.15,,,31.87,,,,86.7515
2011-08-16,,,,,,,,,,,,,0.2,2.23,3.67,2.03,,,3.12,,,32.85,,,,86.7115
2011-08-17,,,,,,,,,,,,,0.19,2.17,3.57,1.98,,,3.11,,,31.58,,,,86.5518
2011-08-18,,,,,,,,,,,,,0.2,2.08,3.45,1.88,,,3.12,,,42.67,,,,87.1271
2011-08-19,,,,,,,,,,,,,0.2,2.07,3.39,1.87,,,3.12,-0.194,,43.05,,,,86.8286
2011-08-20,,,,,,,,,,,415000.0,,,,,,,,,,,,,,,
2011-08-22,,,,,,,,,,,,,0.22,2.1,3.42,1.88,,,3.13,,,42.44,,,,87.0753
2011-08-23,,,,,,,,,,,,,0.22,2.15,3.47,1.93,,,3.19,,,36.27,,,,86.9001
2011-08-24,,,,,,,,,,,,,0.23,2.29,3.63,2.06,,,3.21,,,35.9,,,,87.1316
2011-08-25,,,,,,,,,,,,,0.22,2.23,3.6,2.01,,,3.25,,,39.76,,,,87.2306
2011-08-26,,,,,,,,,,,,,0.2,2.19,3.54,1.99,,,3.25,-0.135,,35.59,,,,87.0751
2011-08-27,,,,,,,,,,,409000.0,,,,,,,,,,,,,,,
2011-08-29,,,,,,,,,,,,,0.2,2.28,3.63,2.08,,,3.25,,,32.28,,,,86.8433
2011-08-30,,,,,,,,,,,,,0.2,2.19,3.53,1.99,,,3.22,,,32.89,,,,87.001
2011-08-31,,,,,,,,,,,,,0.2,2.23,3.6,2.03,,,3.25,,,31.62,,,,86.7739
2011-09-01,,,95.1961,380042.0,226.597,226.118,93.327,91.57,9.0,132344.0,,64.2,0.19,2.15,3.51,1.96,0.08,,3.23,,59.5,31.82,650.0,138.66,9553.3,86.8512
2011-09-02,,,,,,,,,,,,,0.2,2.02,3.32,1.82,,,3.18,-0.092,,33.92,,,,87.1797
2011-09-03,,,,,,,,,,,414000.0,,,,,,,,,,,,,,,
2011-09-05,,,,,,,,,,,,,,,,,,,,,,,,,,
2011-09-06,,,,,,,,,,,,,0.21,1.98,3.26,1.77,,,3.21,,,37.0,,,,88.1645
2011-09-07,,,,,,,,,,,,,0.21,2.05,3.36,1.84,,,3.25,,,33.38,,,,87.9699
2011-09-08,,,,,,,,,,,,,0.19,2.0,3.32,1.81,,,3.26,,,34.32,,,,88.1162
2011-09-09,,,,,,,,,,,,,0.17,1.93,3.26,1.76,,,3.28,-0.06,,38.52,,,,88.9514
2011-09-10,,,,,,,,,,,429000.0,,,,,,,,,,,,,,,
2011-09-12,,,,,,,,,,,,,0.21,1.94,3.24,1.73,,,3.29,,,38.59,,,,89.2192
2011-09-13,,,,,,,,,,,,,0.21,2.0,3.32,1.79,,,3.32,,,36.91,,,,89.2653
2011-09-14,,,,,,,,,,,,,0.19,2.03,3.32,1.84,,,3.3,,,34.6,,,,89.419
2011-09-15,,,,,,,,,,,,,0.21,2.09,3.36,1.88,,,3.31,,,31.97,,,,89.0647
2011-09-16,,,,,,,,,,,,,0.18,2.08,3.34,1.9,,,3.31,-0.043,,30.98,,,,89.1108
2011-09-17,,,,,,,,,,,422000.0,,,,,,,,,,,,,,,
2011-09-19,,,,,,,,,,,,,0.16,1.97,3.22,1.81,,,3.31,,,32.73,,,,89.9336
2011-09-20,,,,,,,,,,,,,0.18,1.95,3.2,1.77,,,3.35,,,32.86,,,,89.8777
2011-09-21,,,,,,,,,,,,,0.21,1.88,3.03,1.67,,,3.26,,,37.32,,,,90.3453
2011-09-22,,,,,,,,,,,,,0.2,1.72,2.78,1.52,,,3.32,,,41.35,,,,92.075
2011-09-23,,,,,,,,,,,,,0.23,1.84,2.89,1.61,,,3.31,-0.034,,41.25,,,,91.6904
2011-09-24,,,,,,,,,,,406000.0,,,,,,,,,,,,,,,
2011-09-26,,,,,,,,,,,,,0.25,1.91,2.99,1.66,,,3.37,,,39.02,,,,91.7724
2011-09-27,,,,,,,,,,,,,0.25,2.0,3.08,1.75,,,3.39,,,37.71,,,,90.8985
2011-09-28,,,,,,,,,,,,,0.27,2.03,3.1,1.76,,,3.35,,,41.08,,,,91.0227
2011-09-29,,,,,,,,,,,,,0.27,1.99,3.03,1.72,,,3.3,,,38.84,,,,91.3033
2011-09-30,,,,,,,,,,,,,0.25,1.92,2.9,1.67,,,3.3,-0.037,,42.96,,,,91.9998
2011-10-01,15842.259,17222.583,95.8568,382207.0,226.75,226.506,93.329,91.614,8.8,132553.0,405000.0,64.1,,,,,0.07,,,,60.8,,610.0,137.94,9586.2,
2011-10-03,,,,,,,,,,,,,0.24,1.8,2.76,1.56,,,3.31,,,45.45,,,,92.5128
2011-10-04,,,,,,,,,,,,,0.25,1.81,2.77,1.56,,,3.33,,,40.82,,,,92.9508
2011-10-05,,,,,,,,,,,,,0.25,1.92,2.87,1.67,,,3.36,,,37.81,,,,92.3008
2011-10-06,,,,,,,,,,,,,0.29,2.01,2.96,1.72,,,3.34,,,36.27,,,,91.9661
2011-10-07,,,,,,,,,,,,,0.3,2.1,3.02,1.8,,,3.32,-0.049,,36.2,,,,91.2469
2011-10-08,,,,,,,,,,,410000.0,,,,,,,,,,,,,,,
2011-10-10,,,,,,,,,,,,,,,,,,,,,,33.02,,,,
2011-10-11,,,,,,,,,,,,,0.32,2.18,3.11,1.86,,,3.32,,,32.86,,,,90.9162
2011-10-12,,,,,,,,,,,,,0.29,2.24,3.19,1.95,,,3.33,,,31.26,,,,90.3378
2011-10-13,,,,,,,,,,,,,0.29,2.19,3.15,1.9,,,3.29,,,30.7,,,,90.6603
2011-10-14,,,,,,,,,,,,,0.28,2.26,3.22,1.98,,,3.26,-0.07,,28.24,,,,90.2116
2011-10-15,,,,,,,,,,,395000.0,,,,,,,,,,,,,,,
2011-10-17,,,,,,,,,,,,,0.28,2.18,3.13,1.9,,,3.26,,,33.39,,,,90.266
2011-10-18,,,,,,,,,,,,,0.28,2.19,3.17,1.91,,,3.23,,,31.56,,,,90.5907
2011-10-19,,,,,,,,,,,,,0.28,2.18,3.17,1.9,,,3.21,,,34.44,,,,90.3317
2011-10-20,,,,,,,,,,,,,0.28,2.2,3.19,1.92,,,3.2,,,34.78,,,,91.1026
2011-10-21,,,,,,,,,,,,,0.3,2.23,3.26,1.93,,,3.18,-0.088,,31.32,,,,90.279
2011-10-22,,,,,,,,,,,403000.0,,,,,,,,,,,,,,,
2011-10-24,,,,,,,,,,,,,0.3,2.25,3.27,1.95,,,3.16,,,29.26,,,,89.8558
2011-10-25,,,,,,,,,,,,,0.26,2.14,3.13,1.88,,,3.14,,,32.22,,,,89.9525
2011-10-26,,,,,,,,,,,,,0.28,2.23,3.22,1.95,,,3.1,,,29.86,,,,90.0836
2011-10-27,,,,,,,,,,,,,0.31,2.42,3.45,2.11,,,3.04,,,25.46,,,,88.7882
2011-10-28,,,,,,,,,,,,,0.28,2.34,3.36,2.06,,,2.99,-0.102,,24.53,,,,88.6382
2011-10-29,,,,,,,,,,,399000.0,,,,,,,,,,,,,,,
2011-10-31,,,,,,,,,,,,,0.25,2.17,3.16,1.92,,,3.02,,,29.96,,,,89.2053
2011-11-01,,,95.8485,383422.0,227.169,226.899,93.52,91.808,8.6,132690.0,,64.1,0.23,2.01,2.99,1.78,0.08,,3.03,,63.7,34.77,711.0,137.137,9639.5,90.7296
2011-11-02,,,,,,,,,,,,,0.23,2.03,3.03,1.8,,,3.03,,,32.74,,,,90.244
2011-11-03,,,,,,,,,,,,,0.24,2.09,3.1,1.85,,,3.04,,,30.5,,,,90.2961
2011-11-04,,,,,,,,,,,,,0.22,2.06,3.09,1.84,,,3.06,-0.104,,30.16,,,,90.3154
2011-11-05,,,,,,,,,,,392000.0,,,,,,,,,,,,,,,
2011-11-07,,,,,,,,,,,,,0.25,2.04,3.05,1.79,,,3.02,,,29.85,,,,90.3832
2011-11-08,,,,,,,,,,,,,0.25,2.1,3.13,1.85,,,3.05,,,27.48,,,,90.172
2011-11-09,,,,,,,,,,,,,0.24,2.0,3.03,1.76,,,3.08,,,36.16,,,,90.6991
2011-11-10,,,,,,,,,,,,,0.24,2.04,3.12,1.8,,,3.14,,,32.81,,,,90.8588
2011-11-11,,,,,,,,,,,,,,,,,,,,-0.096,,30.04,,,,
2011-11-12,,,,,,,,,,,383000.0,,,,,,,,,,,,,,,
2011-11-14,,,,,,,,,,,,,0.24,2.04,3.09,1.8,,,3.13,,,31.13,,,,90.7215
2011-11-15,,,,,,,,,,,,,0.26,2.06,3.1,1.8,,,3.14,,,31.22,,,,91.1081
2011-11-16,,,,,,,,,,,,,0.26,2.01,3.05,1.75,,,3.17,,,33.51,,,,91.1237
2011-11-17,,,,,,,,,,,,,0.27,1.96,2.98,1.69,,,3.16,,,34.51,,,,91.1822
2011-11-18,,,,,,,,,,,,,0.29,2.01,2.99,1.72,,,3.14,-0.084,,32.0,,,,91.3676
2011-11-19,,,,,,,,,,,385000.0,,,,,,,,,,,,,,,
2011-11-21,,,,,,,,,,,,,0.27,1.97,2.96,1.7,,,3.15,,,32.91,,,,91.9978
2011-11-22,,,,,,,,,,,,,0.26,1.94,2.91,1.68,,,3.17,,,31.97,,,,92.0193
2011-11-23,,,,,,,,,,,,,0.26,1.89,2.82,1.63,,,3.15,,,33.98,,,,92.7463
2011-11-24,,,,,,,,,,,,,,,,,,,,,,,,,,
2011-11-25,,,,,,,,,,,,,0.28,1.97,2.92,1.69,,,3.18,-0.071,,34.47,,,,93.1455
2011-11-26,,,,,,,,,,,397000.0,,,,,,,,,,,,,,,
2011-11-28,,,,,,,,,,,,,0.26,1.97,2.93,1.71,,,3.19,,,32.13,,,,92.4983
2011-11-29,,,,,,,,,,,,,0.27,2.0,2.96,1.73,,,3.22,,,30.64,,,,92.2163
2011-11-30,,,,,,,,,,,,,0.25,2.08,3.06,1.83,,,3.24,,,27.8,,,,91.4728
2011-12-01,,,96.3571,383985.0,227.223,227.405,93.574,91.96,8.5,132888.0,,64.0,0.27,2.11,3.12,1.84,0.07,,3.3,,69.9,27.41,694.0,136.659,9683.5,91.227
2011-12-02,,,,,,,,,,,,,0.25,2.05,3.03,1.8,,,3.24,-0.069,,27.52,,,,91.3532
2011-12-03,,,,,,,,,,,387000.0,,,,,,,,,,,,,,,
2011-12-05,,,,,,,,,,,,,0.27,2.04,3.02,1.77,,,3.25,,,27.84,,,,91.1087
2011-12-06,,,,,,,,,,,,,0.25,2.08,3.09,1.83,,,3.26,,,28.13,,,,91.2817
2011-12-07,,,,,,,,,,,,,0.24,2.02,3.04,1.78,,,3.26,,,28.67,,,,91.2331
2011-12-08,,,,,,,,,,,,,0.22,1.99,3.0,1.77,,,3.26,,,30.59,,,,91.668
2011-12-09,,,,,,,,,,,,,0.22,2.07,3.1,1.85,,,3.28,-0.076,,26.38,,,,91.6122
2011-12-10,,,,,,,,,,,368000.0,,,,,,,,,,,,,,,
2011-12-12,,,,,,,,,,,,,0.24,2.03,3.06,1.79,,,3.27,,,25.67,,,,92.3375
2011-12-13,,,,,,,,,,,,,0.24,1.96,2.98,1.72,,,3.29,,,25.41,,,,92.5456
2011-12-14,,,,,,,,,,,,,0.25,1.92,2.91,1.67,,,3.24,,,26.04,,,,93.2176
2011-12-15,,,,,,,,,,,,,0.26,1.92,2.92,1.66,,,3.27,,,25.11,,,,92.8858
2011-12-16,,,,,,,,,,,,,0.24,1.86,2.86,1.62,,,3.26,-0.089,,24.29,,,,92.8252
2011-12-17,,,,,,,,,,,368000.0,,,,,,,,,,,,,,,
2011-12-19,,,,,,,,,,,,,0.24,1.82,2.79,1.58,,,3.26,,,24.92,,,,92.8685
2011-12-20,,,,,,,,,,,,,0.26,1.94,2.93,1.68,,,3.27,,,23.22,,,,92.432
2011-12-21,,,,,,,,,,,,,0.28,1.98,3.0,1.7,,,3.3,,,21.43,,,,92.5262
2011-12-22,,,,,,,,,,,,,0.28,1.97,2.99,1.69,,,3.29,,,21.16,,,,92.3883
2011-12-23,,,,,,,,,,,,,0.28,2.03,3.05,1.75,,,3.32,-0.114,,20.73,,,,92.3897
2011-12-24,,,,,,,,,,,386000.0,,,,,,,,,,,,,,,
2011-12-26,,,,,,,,,,,,,,,,,,,,,,,,,,
2011-12-27,,,,,,,,,,,,,0.3,2.02,3.04,1.72,,,3.3,,,21.91,,,,92.4137
2011-12-28,,,,,,,,,,,,,0.28,1.93,2.91,1.65,,,3.25,,,23.52,,,,92.8374
2011-12-29,,,,,,,,,,,,,0.28,1.91,2.9,1.63,,,3.28,,,22.65,,,,92.7398
2011-12-30,,,,,,,,,,,,,0.25,1.89,2.89,1.64,,,3.27,-0.148,,23.4,,,,92.4262
2011-12-31,,,,,,,,,,,376000.0,,,,,,,,,,,,,,,
2012-01-01,16068.805,17367.01,96.9318,387531.0,227.842,227.877,93.894,92.235,8.3,133246.0,,63.7,,,,,0.08,,,,75.0,,723.0,136.595,9753.3,
2012-01-02,,,,,,,,,,,,,,,,,,,,,,,,,,
2012-01-03,,,,,,,,,,,,,0.27,1.97,2.98,1.7,,,3.29,,,22.97,,,,91.7551
2012-01-04,,,,,,,,,,,,,0.25,2.0,3.03,1.75,,,3.3,,,22.22,,,,92.0345
2012-01-05,,,,,,,,,,,,,0.27,2.02,3.06,1.75,,,3.27,,,21.48,,,,92.5773
2012-01-06,,,,,,,,,,,,,0.25,1.98,3.02,1.73,,,3.27,-0.189,,20.63,,,,92.7183
2012-01-07,,,,,,,,,,,391000.0,,,,,,,,,,,,,,,
2012-01-09,,,,,,,,,,,,,0.26,1.98,3.02,1.72,,,3.28,,,21.07,,,,92.7418
2012-01-10,,,,,,,,,,,,,0.24,2.0,3.04,1.76,,,3.25,,,20.69,,,,92.2461
2012-01-11,,,,,,,,,,,,,0.24,1.93,2.96,1.69,,,3.27,,,21.05,,,,92.554
2012-01-12,,,,,,,,,,,,,0.22,1.94,2.97,1.72,,,3.27,,,20.47,,,,92.2274
2012-01-13,,,,,,,,,,,,,0.24,1.89,2.91,1.65,,,3.24,-0.235,,20.91,,,,92.5385
2012-01-14,,,,,,,,,,,367000.0,,,,,,,,,,,,,,,
2012-01-16,,,,,,,,,,,,,,,,,,,,,,,,,,
2012-01-17,,,,,,,,,,,,,0.21,1.87,2.89,1.66,,,3.24,,,22.2,,,,92.0142
2012-01-18,,,,,,,,,,,,,0.24,1.92,2.96,1.68,,,3.25,,,20.89,,,,91.6943
2012-01-19,,,,,,,,,,,,,0.26,2.01,3.05,1.75,,,3.22,,,19.87,,,,91.3316
2012-01-20,,,,,,,,,,,,,0.26,2.05,3.1,1.79,,,3.24,-0.281,,18.28,,,,91.3661
2012-01-21,,,,,,,,,,,381000.0,,,,,,,,,,,,,,,
2012-01-23,,,,,,,,,,,,,0.26,2.09,3.15,1.83,,,3.24,,,18.67,,,,90.986
2012-01-24,,,,,,,,,,,,,0.24,2.08,3.15,1.84,,,3.25,,,18.91,,,,91.181
2012-01-25,,,,,,,,,,,,,0.22,2.01,3.13,1.79,,,3.31,,,18.31,,,,91.277
2012-01-26,,,,,,,,,,,,,0.22,1.96,3.1,1.74,,,3.28,,,18.57,,,,90.3962
2012-01-27,,,,,,,,,,,,,0.22,1.93,3.07,1.71,,,3.28,-0.323,,18.53,,,,90.2559
2012-01-28,,,,,,,,,,,372000.0,,,,,,,,,,,,,,,
2012-01-30,,,,,,,,,,,,,0.22,1.87,2.99,1.65,,,3.25,,,19.4,,,,90.4762
2012-01-31,,,,,,,,,,,,,0.22,1.83,2.94,1.61,,,3.24,,,19.44,,,,90.5538
2012-02-01,,,97.2435,392310.0,228.329,228.034,94.104,92.364,8.3,133509.0,,63.8,0.23,1.87,3.01,1.64,0.1,,3.25,,75.3,18.55,704.0,136.522,9806.3,90.0963
2012-02-02,,,,,,,,,,,,,0.23,1.86,3.01,1.63,,,3.25,,,17.98,,,,89.8765
2012-02-03,,,,,,,,,,,,,0.23,1.97,3.13,1.74,,,3.26,-0.355,,17.1,,,,89.8491
2012-02-04,,,,,,,,,,,368000.0,,,,,,,,,,,,,,,
2012-02-06,,,,,,,,,,,,,0.24,1.93,3.08,1.69,,,3.22,,,17.76,,,,89.7907
2012-02-07,,,,,,,,,,,,,0.25,2.0,3.14,1.75,,,3.19,,,17.65,,,,89.5968
2012-02-08,,,,,,,,,,,,,0.27,2.01,3.14,1.74,,,3.17,,,18.16,,,,89.6555
2012-02-09,,,,,,,,,,,,,0.27,2.04,3.2,1.77,,,3.18,,,18.63,,,,89.6246
2012-02-10,,,,,,,,,,,,,0.27,1.96,3.11,1.69,,,3.17,-0.379,,20.79,,,,90.1024
2012-02-11,,,,,,,,,,,361000.0,,,,,,,,,,,,,,,
2012-02-13,,,,,,,,,,,,,0.29,1.99,3.14,1.7,,,3.19,,,19.04,,,,89.8895
2012-02-14,,,,,,,,,,,,,0.29,1.92,3.06,1.63,,,3.18,,,19.54,,,,90.1919
2012-02-15,,,,,,,,,,,,,0.29,1.93,3.09,1.64,,,3.19,,,21.14,,,,90.1932
2012-02-16,,,,,,,,,,,,,0.29,1.99,3.14,1.7,,,3.17,,,19.22,,,,90.3109
2012-02-17,,,,,,,,,,,,,0.29,2.01,3.16,1.72,,,3.17,-0.395,,17.78,,,,90.23
2012-02-18,,,,,,,,,,,359000.0,,,,,,,,,,,,,,,
2012-02-20,,,,,,,,,,,,,,,,,,,,,,,,,,
2012-02-21,,,,,,,,,,,,,0.31,2.05,3.2,1.74,,,3.15,,,18.19,,,,90.0117
2012-02-22,,,,,,,,,,,,,0.29,2.01,3.15,1.72,,,3.15,,,18.19,,,,90.2472
2012-02-23,,,,,,,,,,,,,0.31,1.99,3.13,1.68,,,3.14,,,16.8,,,,90.1108
2012-02-24,,,,,,,,,,,,,0.31,1.98,3.1,1.67,,,3.12,-0.407,,17.31,,,,89.9104
2012-02-25,,,,,,,,,,,365000.0,,,,,,,,,,,,,,,
2012-02-27,,,,,,,,,,,,,0.3,1.92,3.04,1.62,,,3.12,,,18.19,,,,89.9635
2012-02-28,,,,,,,,,,,,,0.3,1.94,3.07,1.64,,,3.12,,,17.96,,,,89.8103
2012-02-29,,,,,,,,,,,,,0.3,1.98,3.08,1.68,,,3.1,,,18.43,,,,89.7487
2012-03-01,,,96.74,393698.0,228.807,228.478,94.284,92.521,8.2,133748.0,,63.8,0.3,2.03,3.15,1.73,0.13,,3.1,,76.2,17.26,695.0,137.893,9849.3,89.7817
2012-03-02,,,,,,,,,,,,,0.28,1.99,3.11,1.71,,,3.09,-0.418,,17.29,,,,90.135
2012-03-03,,,,,,,,,,,375000.0,,,,,,,,,,,,,,,
2012-03-05,,,,,,,,,,,,,0.31,2.0,3.13,1.69,,,3.11,,,18.05,,,,90.2748
2012-03-06,,,,,,,,,,,,,0.3,1.96,3.08,1.66,,,3.1,,,20.87,,,,90.8237
2012-03-07,,,,,,,,,,,,,0.3,1.98,3.12,1.68,,,3.11,,,19.07,,,,90.6837
2012-03-08,,,,,,,,,,,,,0.32,2.03,3.18,1.71,,,3.11,,,17.95,,,,90.2598
2012-03-09,,,,,,,,,,,,,0.33,2.04,3.19,1.71,,,3.11,-0.426,,17.11,,,,90.4341
2012-03-10,,,,,,,,,,,369000.0,,,,,,,,,,,,,,,
2012-03-12,,,,,,,,,,,,,0.33,2.04,3.17,1.71,,,3.09,,,15.64,,,,90.6643
2012-03-13,,,,,,,,,,,,,0.35,2.14,3.26,1.79,,,3.08,,,14.8,,,,90.5363
2012-03-14,,,,,,,,,,,,,0.4,2.29,3.43,1.89,,,3.07,,,15.31,,,,90.9325
2012-03-15,,,,,,,,,,,,,0.37,2.29,3.41,1.92,,,3.07,,,15.42,,,,90.7866
2012-03-16,,,,,,,,,,,,,0.37,2.31,3.41,1.94,,,3.04,-0.433,,14.47,,,,90.5245
2012-03-17,,,,,,,,,,,368000.0,,,,,,,,,,,,,,,
2012-03-19,,,,,,,,,,,,,0.39,2.39,3.48,2.0,,,3.03,,,15.04,,,,90.292
2012-03-20,,,,,,,,,,,,,0.41,2.38,3.46,1.97,,,3.02,,,15.58,,,,90.6065
2012-03-21,,,,,,,,,,,,,0.39,2.31,3.38,1.92,,,3.0,,,15.13,,,,90.6761
2012-03-22,,,,,,,,,,,,,0.37,2.29,3.37,1.92,,,3.01,,,15.57,,,,90.8225
2012-03-23,,,,,,,,,,,,,0.37,2.25,3.31,1.88,,,3.01,-0.437,,14.82,,,,90.6156
2012-03-24,,,,,,,,,,,363000.0,,,,,,,,,,,,,,,
2012-03-26,,,,,,,,,,,,,0.36,2.26,3.33,1.9,,,3.01,,,14.26,,,,90.3266
2012-03-27,,,,,,,,,,,,,0.33,2.2,3.29,1.87,,,3.04,,,15.59,,,,90.2796
2012-03-28,,,,,,,,,,,,,0.34,2.21,3.31,1.87,,,3.03,,,15.47,,,,90.603
2012-03-29,,,,,,,,,,,,,0.33,2.18,3.27,1.85,,,3.03,,,15.48,,,,90.7285
2012-03-30,,,,,,,,,,,,,0.33,2.23,3.35,1.9,,,3.07,-0.434,,15.5,,,,90.4593
2012-03-31,,,,,,,,,,,358000.0,,,,,,,,,,,,,,,
2012-04-01,16207.115,17444.525,97.4359,392073.0,229.187,228.905,94.408,92.661,8.2,133825.0,,63.7,,,,,0.14,,,,76.4,,753.0,139.143,9905.0,
2012-04-02,,,,,,,,,,,,,0.33,2.22,3.35,1.89,,,3.08,,,15.64,,,,90.247
2012-04-03,,,,,,,,,,,,,0.36,2.3,3.41,1.94,,,3.06,,,15.66,,,,90.1921
2012-04-04,,,,,,,,,,,,,0.35,2.25,3.37,1.9,,,3.08,,,16.44,,,,90.8284
2012-04-05,,,,,,,,,,,,,0.35,2.19,3.32,1.84,,,3.09,,,16.7,,,,90.8781
2012-04-06,,,,,,,,,,,,,0.32,2.07,3.21,1.75,,,3.13,-0.427,,,,,,90.9375
2012-04-07,,,,,,,,,,,387000.0,,,,,,,,,,,,,,,
2012-04-09,,,,,,,,,,,,,0.32,2.06,3.18,1.74,,,3.11,,,18.81,,,,90.9624
2012-04-10,,,,,,,,,,,,,0.28,2.01,3.13,1.73,,,3.14,,,20.39,,,,91.2728
2012-04-11,,,,,,,,,,,,,0.3,2.05,3.18,1.75,,,3.16,,,20.02,,,,91.1768
2012-04-12,,,,,,,,,,,,,0.29,2.08,3.22,1.79,,,3.15,,,17.2,,,,90.7694
2012-04-13,,,,,,,,,,,,,0.27,2.02,3.14,1.75,,,3.15,-0.414,,19.55,,,,91.0558
2012-04-14,,,,,,,,,,,381000.0,,,,,,,,,,,,,,,
2012-04-16,,,,,,,,,,,,,0.27,2.0,3.12,1.73,,,3.14,,,19.55,,,,91.2355
2012-04-17,,,,,,,,,,,,,0.27,2.03,3.15,1.76,,,3.14,,,18.46,,,,90.7661
2012-04-18,,,,,,,,,,,,,0.27,2.0,3.13,1.73,,,3.15,,,18.64,,,,90.9326
2012-04-19,,,,,,,,,,,,,0.27,1.98,3.12,1.71,,,3.15,,,18.36,,,,91.0833
2012-04-20,,,,,,,,,,,,,0.29,1.99,3.12,1.7,,,3.17,-0.398,,17.44,,,,90.8066
2012-04-21,,,,,,,,,,,387000.0,,,,,,,,,,,,,,,
2012-04-23,,,,,,,,,,,,,0.27,1.96,3.08,1.69,,,3.16,,,18.97,,,,91.079
2012-04-24,,,,,,,,,,,,,0.27,2.0,3.12,1.73,,,3.15,,,18.1,,,,90.8153
2012-04-25,,,,,,,,,,,,,0.26,2.01,3.15,1.75,,,3.17,,,16.82,,,,90.756
2012-04-26,,,,,,,,,,,,,0.26,1.98,3.13,1.72,,,3.19,,,16.24,,,,90.6428
2012-04-27,,,,,,,,,,,,,0.26,1.96,3.12,1.7,,,3.19,-0.377,,16.32,,,,90.3269
2012-04-28,,,,,,,,,,,372000.0,,,,,,,,,,,,,,,
2012-04-30,,,,,,,,,,,,,0.27,1.95,3.12,1.68,,,3.2,,,17.15,,,,90.3634
2012-05-01,,,97.6609,391376.0,228.713,229.224,94.302,92.755,8.2,133932.0,,63.7,0.27,1.98,3.16,1.71,0.16,,3.22,,79.3,16.6,708.0,140.143,9951.9,90.3227
2012-05-02,,,,,,,,,,,,,0.27,1.96,3.11,1.69,,,3.19,,,16.88,,,,90.6144
2012-05-03,,,,,,,,,,,,,0.28,1.96,3.12,1.68,,,3.18,,,17.56,,,,90.6839
2012-05-04,,,,,,,,,,,,,0.27,1.91,3.07,1.64,,,3.19,-0.35,,19.16,,,,91.0497
2012-05-05,,,,,,,,,,,373000.0,,,,,,,,,,,,,,,
2012-05-07,,,,,,,,,,,,,0.27,1.92,3.07,1.65,,,3.18,,,18.94,,,,91.0747
2012-05-08,,,,,,,,,,,,,0.27,1.88,3.03,1.61,,,3.19,,,19.05,,,,91.4107
2012-05-09,,,,,,,,,,,,,0.27,1.87,3.03,1.6,,,3.22,,,20.08,,,,91.7632
2012-05-10,,,,,,,,,,,,,0.27,1.89,3.07,1.62,,,3.21,,,18.83,,,,91.7077
2012-05-11,,,,,,,,,,,,,0.27,1.84,3.02,1.57,,,3.22,-0.319,,19.89,,,,91.7306
2012-05-12,,,,,,,,,,,369000.0,,,,,,,,,,,,,,,
2012-05-14,,,,,,,,,,,,,0.29,1.78,2.95,1.49,,,3.22,,,21.87,,,,92.2491
2012-05-15,,,,,,,,,,,,,0.29,1.76,2.91,1.47,,,3.24,,,21.97,,,,92.5235
2012-05-16,,,,,,,,,,,,,0.3,1.76,2.9,1.46,,,3.25,,,22.27,,,,92.903
2012-05-17,,,,,,,,,,,,,0.32,1.7,2.8,1.38,,,3.23,,,24.49,,,,92.9632
2012-05-18,,,,,,,,,,,,,0.32,1.71,2.8,1.39,,,3.27,-0.286,,25.1,,,,93.1395
2012-05-19,,,,,,,,,,,371000.0,,,,,,,,,,,,,,,
2012-05-21,,,,,,,,,,,,,0.3,1.75,2.8,1.45,,,3.25,,,22.01,,,,93.0945
2012-05-22,,,,,,,,,,,,,0.3,1.79,2.88,1.49,,,3.34,,,22.48,,,,93.1113
2012-05-23,,,,,,,,,,,,,0.28,1.73,2.81,1.45,,,3.33,,,22.33,,,,93.8855
2012-05-24,,,,,,,,,,,,,0.29,1.77,2.86,1.48,,,3.36,,,21.54,,,,93.8027
2012-05-25,,,,,,,,,,,,,0.3,1.75,2.85,1.45,,,3.37,-0.259,,21.76,,,,93.9488
2012-05-26,,,,,,,,,,,381000.0,,,,,,,,,,,,,,,
2012-05-28,,,,,,,,,,,,,,,,,,,,,,,,,,
2012-05-29,,,,,,,,,,,,,0.3,1.74,2.85,1.44,,,3.38,,,21.03,,,,93.875
2012-05-30,,,,,,,,,,,,,0.27,1.63,2.72,1.36,,,3.4,,,24.14,,,,94.302
2012-05-31,,,,,,,,,,,,,0.27,1.59,2.67,1.32,,,3.4,,,24.06,,,,94.6856
2012-06-01,,,97.6663,387901.0,228.524,229.623,94.254,92.85,8.2,134013.0,,63.8,0.25,1.47,2.53,1.22,0.16,,3.41,-0.241,73.2,26.66,757.0,141.019,10023.7,94.6979
2012-06-02,,,,,,,,,,,377000.0,,,,,,,,,,,,,,,
2012-06-04,,,,,,,,,,,,,0.25,1.53,2.56,1.28,,,3.4,,,26.12,,,,94.5184
2012-06-05,,,,,,,,,,,,,0.25,1.57,2.63,1.32,,,3.4,,,24.68,,,,94.6184
2012-06-06,,,,,,,,,,,,,0.26,1.66,2.73,1.4,,,3.41,,,22.16,,,,94.0362
2012-06-07,,,,,,,,,,,,,0.27,1.66,2.75,1.39,,,3.43,,,21.72,,,,93.774
2012-06-08,,,,,,,,,,,,,0.28,1.65,2.77,1.37,,,3.44,-0.234,,21.23,,,,94.2024
2012-06-09,,,,,,,,,,,383000.0,,,,,,,,,,,,,,,
2012-06-11,,,,,,,,,,,,,0.27,1.6,2.71,1.33,,,3.46,,,23.56,,,,94.0369
2012-06-12,,,,,,,,,,,,,0.3,1.67,2.77,1.37,,,3.43,,,22.09,,,,94.0693
2012-06-13,,,,,,,,,,,,,0.3,1.61,2.7,1.31,,,3.43,,,24.27,,,,93.8309
2012-06-14,,,,,,,,,,,,,0.3,1.64,2.73,1.34,,,3.4,,,21.68,,,,93.8152
2012-06-15,,,,,,,,,,,,,0.29,1.6,2.7,1.31,,,3.42,-0.239,,21.11,,,,93.5203
2012-06-16,,,,,,,,,,,384000.0,,,,,,,,,,,,,,,
2012-06-18,,,,,,,,,,,,,0.29,1.59,2.67,1.3,,,3.42,,,18.32,,,,93.6431
2012-06-19,,,,,,,,,,,,,0.3,1.64,2.73,1.34,,,3.41,,,18.38,,,,93.0524
2012-06-20,,,,,,,,,,,,,0.32,1.65,2.72,1.33,,,3.38,,,17.24,,,,93.1602
2012-06-21,,,,,,,,,,,,,0.32,1.63,2.68,1.31,,,3.35,,,20.08,,,,93.6378
2012-06-22,,,,,,,,,,,,,0.31,1.69,2.75,1.38,,,3.36,-0.254,,18.11,,,,93.9205
2012-06-23,,,,,,,,,,,380000.0,,,,,,,,,,,,,,,
2012-06-25,,,,,,,,,,,,,0.31,1.63,2.69,1.32,,,3.36,,,20.38,,,,94.1757
2012-06-26,,,,,,,,,,,,,0.31,1.66,2.71,1.35,,,3.34,,,19.72,,,,93.9859
2012-06-27,,,,,,,,,,,,,0.31,1.65,2.7,1.34,,,3.35,,,19.45,,,,93.8728
2012-06-28,,,,,,,,,,,,,0.31,1.6,2.67,1.29,,,3.37,,,19.71,,,,94.0203
2012-06-29,,,,,,,,,,,,,0.33,1.67,2.76,1.34,,,3.39,-0.274,,17.08,,,,92.9096
2012-06-30,,,,,,,,,,,372000.0,,,,,,,,,,,,,,,
2012-07-01,16319.541,17469.65,97.8713,389686.0,228.59,229.97,94.288,92.946,8.2,134157.0,,63.7,,,,,0.16,,,,72.3,,740.0,141.659,10076.0,
2012-07-02,,,,,,,,,,,,,0.3,1.61,2.69,1.31,,,3.4,,,16.8,,,,92.951
2012-07-03,,,,,,,,,,,,,0.3,1.65,2.74,1.35,,,3.41,,,16.66,,,,92.6508
2012-07-04,,,,,,,,,,,,,,,,,,,,,,,,,,
2012-07-05,,,,,,,,,,,,,0.28,1.62,2.72,1.34,,,3.43,,,17.5,,,,93.2211
2012-07-06,,,,,,,,,,,,,0.27,1.57,2.66,1.3,,,3.41,-0.297,,17.1,,,,93.7087
2012-07-07,,,,,,,,,,,360000.0,,,,,,,,,,,,,,,
2012-07-09,,,,,,,,,,,,,0.27,1.53,2.62,1.26,,,3.41,,,17.98,,,,93.6974
2012-07-10,,,,,,,,,,,,,0.27,1.53,2.6,1.26,,,3.39,,,18.72,,,,93.5552
2012-07-11,,,,,,,,,,,,,0.27,1.54,2.6,1.27,,,3.36,,,17.95,,,,93.5981
2012-07-12,,,,,,,,,,,,,0.25,1.5,2.57,1.25,,,3.37,,,18.33,,,,93.9298
2012-07-13,,,,,,,,,,,,,0.25,1.52,2.58,1.27,,,3.37,-0.321,,16.74,,,,93.5515
2012-07-14,,,,,,,,,,,390000.0,,,,,,,,,,,,,,,
2012-07-16,,,,,,,,,,,,,0.24,1.5,2.56,1.26,,,3.35,,,17.11,,,,93.3746
2012-07-17,,,,,,,,,,,,,0.25,1.53,2.59,1.28,,,3.35,,,16.48,,,,93.3479
2012-07-18,,,,,,,,,,,,,0.22,1.52,2.59,1.3,,,3.33,,,16.16,,,,93.0973
2012-07-19,,,,,,,,,,,,,0.22,1.54,2.61,1.32,,,3.34,,,15.45,,,,93.0438
2012-07-20,,,,,,,,,,,,,0.22,1.49,2.55,1.27,,,3.31,-0.345,,16.27,,,,93.3653
2012-07-21,,,,,,,,,,,368000.0,,,,,,,,,,,,,,,
2012-07-23,,,,,,,,,,,,,0.22,1.47,2.52,1.25,,,3.31,,,18.62,,,,93.9297
2012-07-24,,,,,,,,,,,,,0.22,1.44,2.47,1.22,,,3.29,,,20.47,,,,94.2635
2012-07-25,,,,,,,,,,,,,0.22,1.43,2.46,1.21,,,3.3,,,19.34,,,,94.0564
2012-07-26,,,,,,,,,,,,,0.23,1.45,2.49,1.22,,,3.3,,,17.53,,,,93.3595
2012-07-27,,,,,,,,,,,,,0.25,1.58,2.63,1.33,,,3.29,-0.366,,16.7,,,,92.9333
2012-07-28,,,,,,,,,,,372000.0,,,,,,,,,,,,,,,
2012-07-30,,,,,,,,,,,,,0.23,1.53,2.58,1.3,,,3.26,,,18.03,,,,93.0524
2012-07-31,,,,,,,,,,,,,0.23,1.51,2.56,1.28,,,3.27,,,18.93,,,,92.8422
2012-08-01,,,97.4525,394524.0,229.918,230.233,94.605,93.005,8.1,134339.0,,63.5,0.24,1.56,2.6,1.32,0.13,,3.26,,74.3,18.96,754.0,142.269,10147.8,92.8905
2012-08-02,,,,,,,,,,,,,0.24,1.51,2.55,1.27,,,3.24,,,17.57,,,,93.4269
2012-08-03,,,,,,,,,,,,,0.24,1.6,2.65,1.36,,,3.26,-0.387,,15.64,,,,92.6048
2012-08-04,,,,,,,,,,,371000.0,,,,,,,,,,,,,,,
2012-08-06,,,,,,,,,,,,,0.24,1.59,2.65,1.35,,,3.24,,,15.95,,,,92.4339
2012-08-07,,,,,,,,,,,,,0.27,1.66,2.72,1.39,,,3.24,,,15.99,,,,92.5128
2012-08-08,,,,,,,,,,,,,0.29,1.68,2.75,1.39,,,3.23,,,15.32,,,,92.5407
2012-08-09,,,,,,,,,,,,,0.29,1.69,2.78,1.4,,,3.23,,,15.28,,,,92.6057
2012-08-10,,,,,,,,,,,,,0.27,1.65,2.74,1.38,,,3.23,-0.406,,14.74,,,,92.5129
2012-08-11,,,,,,,,,,,369000.0,,,,,,,,,,,,,,,
2012-08-13,,,,,,,,,,,,,0.27,1.65,2.74,1.38,,,3.24,,,13.7,,,,92.5955
2012-08-14,,,,,,,,,,,,,0.27,1.73,2.82,1.46,,,3.25,,,14.85,,,,92.6152
2012-08-15,,,,,,,,,,,,,0.27,1.8,2.9,1.53,,,3.27,,,14.63,,,,92.6838
2012-08-16,,,,,,,,,,,,,0.29,1.83,2.96,1.54,,,3.26,,,14.29,,,,92.5737
2012-08-17,,,,,,,,,,,,,0.29,1.81,2.93,1.52,,,3.25,-0.425,,13.45,,,,92.711
2012-08-18,,,,,,,,,,,376000.0,,,,,,,,,,,,,,,
2012-08-20,,,,,,,,,,,,,0.29,1.82,2.93,1.53,,,3.23,,,14.02,,,,92.6263
2012-08-21,,,,,,,,,,,,,0.31,1.8,2.9,1.49,,,3.23,,,15.02,,,,92.3053
2012-08-22,,,,,,,,,,,,,0.26,1.71,2.82,1.45,,,3.22,,,15.11,,,,92.4362
2012-08-23,,,,,,,,,,,,,0.26,1.68,2.79,1.42,,,3.2,,,15.96,,,,92.1057
2012-08-24,,,,,,,,,,,,,0.28,1.68,2.79,1.4,,,3.21,-0.443,,15.18,,,,92.2785
2012-08-25,,,,,,,,,,,377000.0,,,,,,,,,,,,,,,
2012-08-27,,,,,,,,,,,,,0.28,1.65,2.76,1.37,,,3.19,,,16.35,,,,92.3135
2012-08-28,,,,,,,,,,,,,0.27,1.64,2.75,1.37,,,3.19,,,16.49,,,,92.2033
2012-08-29,,,,,,,,,,,,,0.27,1.66,2.77,1.39,,,3.19,,,17.06,,,,92.3823
2012-08-30,,,,,,,,,,,,,0.27,1.63,2.75,1.36,,,3.2,,,17.83,,,,92.6239
2012-08-31,,,,,,,,,,,,,0.22,1.57,2.68,1.35,,,3.21,-0.461,,17.47,,,,92.1677
2012-09-01,,,97.381,397681.0,231.015,230.659,94.893,93.119,7.8,134517.0,371000.0,63.6,,,,,0.14,,,,78.3,,847.0,142.897,10228.4,
2012-09-03,,,,,,,,,,,,,,,,,,,,,,,,,,
2012-09-04,,,,,,,,,,,,,0.23,1.59,2.69,1.36,,,3.18,,,17.98,,,,92.1582
2012-09-05,,,,,,,,,,,,,0.25,1.6,2.7,1.35,,,3.18,,,17.74,,,,92.1262
2012-09-06,,,,,,,,,,,,,0.27,1.68,2.8,1.41,,,3.19,,,15.6,,,,91.8973
2012-09-07,,,,,,,,,,,,,0.25,1.67,2.81,1.42,,,3.2,-0.479,,14.38,,,,91.3469
2012-09-08,,,,,,,,,,,393000.0,,,,,,,,,,,,,,,
2012-09-10,,,,,,,,,,,,,0.25,1.68,2.83,1.43,,,3.2,,,16.28,,,,91.3102
2012-09-11,,,,,,,,,,,,,0.25,1.7,2.84,1.45,,,3.18,,,16.41,,,,91.0575
2012-09-12,,,,,,,,,,,,,0.25,1.77,2.92,1.52,,,3.18,,,15.8,,,,91.0477
2012-09-13,,,,,,,,,,,,,0.24,1.75,2.95,1.51,,,3.21,,,14.05,,,,90.9632
2012-09-14,,,,,,,,,,,,,0.27,1.88,3.09,1.61,,,3.15,-0.499,,14.51,,,,90.1436
2012-09-15,,,,,,,,,,,392000.0,,,,,,,,,,,,,,,
2012-09-17,,,,,,,,,,,,,0.25,1.85,3.03,1.6,,,3.12,,,14.59,,,,90.2837
2012-09-18,,,,,,,,,,,,,0.25,1.82,3.0,1.57,,,3.09,,,14.18,,,,90.5029
2012-09-19,,,,,,,,,,,,,0.27,1.79,2.97,1.52,,,3.07,,,13.88,,,,90.4646
2012-09-20,,,,,,,,,,,,,0.27,1.8,2.96,1.53,,,3.04,,,14.07,,,,90.7631
2012-09-21,,,,,,,,,,,,,0.27,1.77,2.95,1.5,,,3.06,-0.515,,13.98,,,,90.5342
2012-09-22,,,,,,,,,,,377000.0,,,,,,,,,,,,,,,
2012-09-24,,,,,,,,,,,,,0.27,1.74,2.91,1.47,,,3.02,,,14.15,,,,90.8263
2012-09-25,,,,,,,,,,,,,0.27,1.7,2.86,1.43,,,3.03,,,15.43,,,,90.6074
2012-09-26,,,,,,,,,,,,,0.26,1.64,2.79,1.38,,,3.03,,,16.81,,,,91.0028
2012-09-27,,,,,,,,,,,,,0.25,1.66,2.83,1.41,,,3.05,,,14.84,,,,90.7538
2012-09-28,,,,,,,,,,,,,0.23,1.65,2.82,1.42,,,3.07,-0.528,,15.73,,,,90.8342
2012-09-29,,,,,,,,,,,376000.0,,,,,,,,,,,,,,,
2012-10-01,16420.419,17489.852,97.7193,397494.0,231.638,231.024,95.174,93.345,7.8,134669.0,,63.8,0.25,1.64,2.81,1.39,0.16,,3.06,,82.6,16.32,915.0,143.59,10294.4,90.7011
2012-10-02,,,,,,,,,,,,,0.23,1.64,2.81,1.41,,,3.04,,,15.71,,,,90.644
2012-10-03,,,,,,,,,,,,,0.23,1.64,2.82,1.41,,,3.03,,,15.43,,,,90.8726
2012-10-04,,,,,,,,,,,,,0.23,1.7,2.89,1.47,,,2.99,,,14.55,,,,90.4932
2012-10-05,,,,,,,,,,,,,0.27,1.75,2.96,1.48,,,2.98,-0.539,,14.33,,,,90.2851
2012-10-06,,,,,,,,,,,350000.0,,,,,,,,,,,,,,,
2012-10-08,,,,,,,,,,,,,,,,,,,,,,15.11,,,,
2012-10-09,,,,,,,,,,,,,0.25,1.74,2.93,1.49,,,2.93,,,16.37,,,,90.8703
2012-10-10,,,,,,,,,,,,,0.27,1.72,2.89,1.45,,,2.9,,,16.29,,,,90.883
2012-10-11,,,,,,,,,,,,,0.28,1.7,2.86,1.42,,,2.87,,,15.59,,,,90.7437
2012-10-12,,,,,,,,,,,,,0.27,1.69,2.83,1.42,,,2.85,-0.546,,16.14,,,,90.6833
2012-10-13,,,,,,,,,,,386000.0,,,,,,,,,,,,,,,
2012-10-15,,,,,,,,,,,,,0.27,1.7,2.85,1.43,,,2.83,,,15.27,,,,90.6409
2012-10-16,,,,,,,,,,,,,0.27,1.75,2.91,1.48,,,2.8,,,15.22,,,,90.5583
2012-10-17,,,,,,,,,,,,,0.3,1.83,2.98,1.53,,,2.77,,,15.07,,,,90.2309
2012-10-18,,,,,,,,,,,,,0.29,1.86,3.02,1.57,,,2.72,,,15.03,,,,90.3804
2012-10-19,,,,,,,,,,,,,0.3,1.79,2.94,1.49,,,2.71,-0.55,,17.06,,,,90.8107
2012-10-20,,,,,,,,,,,374000.0,,,,,,,,,,,,,,,
2012-10-22,,,,,,,,,,,,,0.32,1.83,2.95,1.51,,,2.68,,,16.62,,,,90.7911
2012-10-23,,,,,,,,,,,,,0.29,1.79,2.91,1.5,,,2.73,,,18.83,,,,91.0945
2012-10-24,,,,,,,,,,,,,0.29,1.8,2.93,1.51,,,2.74,,,18.33,,,,91.1275
2012-10-25,,,,,,,,,,,,,0.31,1.86,2.98,1.55,,,2.73,,,18.12,,,,91.02
2012-10-26,,,,,,,,,,,,,0.3,1.78,2.92,1.48,,,2.76,-0.549,,17.81,,,,91.1411
2012-10-27,,,,,,,,,,,364000.0,,,,,,,,,,,,,,,
2012-10-29,,,,,,,,,,,,,0.3,1.74,2.87,1.44,,,2.75,,,,,,,
2012-10-30,,,,,,,,,,,,,,,,,,,,,,,,,,
2012-10-31,,,,,,,,,,,,,0.3,1.72,2.85,1.42,,,2.73,,,18.6,,,,91.1609
2012-11-01,,,98.0777,399708.0,231.249,231.33,95.109,93.445,7.7,134825.0,,63.6,0.3,1.75,2.89,1.45,0.16,,2.75,,82.7,16.69,833.0,144.574,10365.6,91.1217
2012-11-02,,,,,,,,,,,,,0.28,1.75,2.91,1.47,,,2.77,-0.548,,17.59,,,,91.281
2012-11-03,,,,,,,,,,,365000.0,,,,,,,,,,,,,,,
2012-11-05,,,,,,,,,,,,,0.28,1.72,2.88,1.44,,,2.74,,,18.42,,,,91.4778
2012-11-06,,,,,,,,,,,,,0.3,1.78,2.92,1.48,,,2.74,,,17.58,,,,91.2908
2012-11-07,,,,,,,,,,,,,0.27,1.68,2.83,1.41,,,2.78,,,19.08,,,,91.4514
2012-11-08,,,,,,,,,,,,,0.27,1.62,2.77,1.35,,,2.8,,,18.49,,,,91.5375
2012-11-09,,,,,,,,,,,,,0.27,1.61,2.75,1.34,,,2.82,-0.546,,18.61,,,,91.6871
2012-11-10,,,,,,,,,,,446000.0,,,,,,,,,,,,,,,
2012-11-12,,,,,,,,,,,,,,,,,,,,,,16.68,,,,
2012-11-13,,,,,,,,,,,,,0.27,1.59,2.72,1.32,,,2.85,,,16.65,,,,91.7356
2012-11-14,,,,,,,,,,,,,0.25,1.59,2.73,1.34,,,2.87,,,17.92,,,,91.7942
2012-11-15,,,,,,,,,,,,,0.24,1.58,2.72,1.34,,,2.9,,,17.99,,,,91.8837
2012-11-16,,,,,,,,,,,,,0.24,1.58,2.73,1.34,,,2.9,-0.545,,16.41,,,,92.0095
2012-11-17,,,,,,,,,,,406000.0,,,,,,,,,,,,,,,
2012-11-19,,,,,,,,,,,,,0.25,1.61,2.76,1.36,,,2.91,,,15.24,,,,91.5653
2012-11-20,,,,,,,,,,,,,0.27,1.66,2.82,1.39,,,2.9,,,15.08,,,,91.556
2012-11-21,,,,,,,,,,,,,0.27,1.69,2.83,1.42,,,2.89,,,15.31,,,,91.6645
2012-11-22,,,,,,,,,,,,,,,,,,,,,,,,,,
2012-11-23,,,,,,,,,,,,,0.29,1.7,2.83,1.41,,,2.89,-0.549,,15.14,,,,91.2616
2012-11-24,,,,,,,,,,,388000.0,,,,,,,,,,,,,,,
2012-11-26,,,,,,,,,,,,,0.27,1.66,2.8,1.39,,,2.9,,,15.5,,,,91.2789
2012-11-27,,,,,,,,,,,,,0.27,1.64,2.79,1.37,,,2.91,,,15.92,,,,91.2608
2012-11-28,,,,,,,,,,,,,0.27,1.63,2.79,1.36,,,2.91,,,15.51,,,,91.33
2012-11-29,,,,,,,,,,,,,0.25,1.62,2.79,1.37,,,2.95,,,15.06,,,,91.2104
2012-11-30,,,,,,,,,,,,,0.25,1.62,2.81,1.37,,,2.95,-0.555,,15.87,,,,91.1038
2012-12-01,,,98.3101,401093.0,231.221,231.725,95.094,93.514,7.9,135074.0,375000.0,63.7,,,,,0.16,,,,72.9,,976.0,145.492,10485.4,
2012-12-03,,,,,,,,,,,,,0.25,1.63,2.8,1.38,,,2.95,,,16.64,,,,91.0084
2012-12-04,,,,,,,,,,,,,0.25,1.62,2.78,1.37,,,2.94,,,17.12,,,,90.9748
2012-12-05,,,,,,,,,,,,,0.25,1.6,2.78,1.35,,,2.97,,,16.46,,,,90.9423
2012-12-06,,,,,,,,,,,,,0.25,1.59,2.76,1.34,,,2.96,,,16.58,,,,91.0629
2012-12-07,,,,,,,,,,,,,0.25,1.64,2.81,1.39,,,2.96,-0.563,,15.9,,,,91.0437
2012-12-08,,,,,,,,,,,340000.0,,,,,,,,,,,,,,,
2012-12-10,,,,,,,,,,,,,0.24,1.63,2.8,1.39,,,2.95,,,16.05,,,,90.9631
2012-12-11,,,,,,,,,,,,,0.24,1.66,2.83,1.42,,,2.95,,,15.57,,,,90.8403
2012-12-12,,,,,,,,,,,,,0.25,1.72,2.9,1.47,,,2.94,,,15.95,,,,90.7708
2012-12-13,,,,,,,,,,,,,0.27,1.74,2.9,1.47,,,2.92,,,16.56,,,,90.776
2012-12-14,,,,,,,,,,,,,0.24,1.72,2.87,1.48,,,2.9,-0.575,,17.0,,,,90.7156
2012-12-15,,,,,,,,,,,356000.0,,,,,,,,,,,,,,,
2012-12-17,,,,,,,,,,,,,0.25,1.78,2.94,1.53,,,2.9,,,16.34,,,,90.6193
2012-12-18,,,,,,,,,,,,,0.28,1.84,3.0,1.56,,,2.92,,,15.57,,,,90.5161
2012-12-19,,,,,,,,,,,,,0.28,1.82,2.99,1.54,,,2.89,,,17.36,,,,90.4896
2012-12-20,,,,,,,,,,,,,0.28,1.81,2.98,1.53,,,2.89,,,17.67,,,,90.6002
2012-12-21,,,,,,,,,,,,,0.26,1.77,2.93,1.51,,,2.86,-0.587,,17.84,,,,90.9597
2012-12-22,,,,,,,,,,,362000.0,,,,,,,,,,,,,,,
2012-12-24,,,,,,,,,,,,,0.26,1.79,2.94,1.53,,,2.86,,,17.84,,,,91.0354
2012-12-25,,,,,,,,,,,,,,,,,,,,,,,,,,
2012-12-26,,,,,,,,,,,,,0.26,1.77,2.94,1.51,,,2.87,,,19.48,,,,91.0606
2012-12-27,,,,,,,,,,,,,0.26,1.74,2.89,1.48,,,2.84,,,19.47,,,,91.1037
2012-12-28,,,,,,,,,,,,,0.27,1.73,2.88,1.46,,,2.85,-0.6,,22.72,,,,91.0419
2012-12-29,,,,,,,,,,,362000.0,,,,,,,,,,,,,,,
2012-12-31,,,,,,,,,,,,,0.25,1.78,2.95,1.53,,,2.85,,,18.02,,,,91.0834
2013-01-01,16648.189,17662.4,98.3342,404434.0,231.679,232.229,95.275,93.703,8.0,135257.0,,63.7,,,,,0.14,,,,73.8,,888.0,146.816,10502.3,
2013-01-02,,,,,,,,,,,,,0.27,1.86,3.04,1.59,,,2.85,,,14.68,,,,90.6941
2013-01-03,,,,,,,,,,,,,0.27,1.92,3.12,1.65,,,2.84,,,14.56,,,,90.8097
2013-01-04,,,,,,,,,,,,,0.27,1.93,3.1,1.66,,,2.81,-0.614,,13.83,,,,91.1025
2013-01-05,,,,,,,,,,,363000.0,,,,,,,,,,,,,,,
2013-01-07,,,,,,,,,,,,,0.27,1.92,3.1,1.65,,,2.8,,,13.79,,,,90.9852
2013-01-08,,,,,,,,,,,,,0.25,1.89,3.06,1.64,,,2.81,,,13.62,,,,91.057
2013-01-09,,,,,,,,,,,,,0.24,1.88,3.06,1.64,,,2.81,,,13.81,,,,91.0088
2013-01-10,,,,,,,,,,,,,0.26,1.91,3.08,1.65,,,2.8,,,13.49,,,,90.6425
2013-01-11,,,,,,,,,,,,,0.26,1.89,3.05,1.63,,,2.8,-0.627,,13.36,,,,90.5352
2013-01-12,,,,,,,,,,,344000.0,,,,,,,,,,,,,,,
2013-01-14,,,,,,,,,,,,,0.26,1.89,3.05,1.63,,,2.8,,,13.52,,,,90.4935
2013-01-15,,,,,,,,,,,,,0.26,1.86,3.02,1.6,,,2.81,,,13.55,,,,90.5191
2013-01-16,,,,,,,,,,,,,0.26,1.84,3.01,1.58,,,2.84,,,13.42,,,,90.596
2013-01-17,,,,,,,,,,,,,0.28,1.89,3.06,1.61,,,2.84,,,13.57,,,,90.5401
2013-01-18,,,,,,,,,,,,,0.26,1.87,3.03,1.61,,,2.82,-0.636,,12.46,,,,90.8697
2013-01-19,,,,,,,,,,,339000.0,,,,,,,,,,,,,,,
2013-01-21,,,,,,,,,,,,,,,,,,,,,,,,,,
2013-01-22,,,,,,,,,,,,,0.26,1.86,3.02,1.6,,,2.82,,,12.43,,,,90.7892
2013-01-23,,,,,,,,,,,,,0.26,1.86,3.02,1.6,,,2.83,,,12.46,,,,90.8376
2013-01-24,,,,,,,,,,,,,0.23,1.88,3.04,1.65,,,2.82,,,12.69,,,,90.9112
2013-01-25,,,,,,,,,,,,,0.28,1.98,3.14,1.7,,,2.82,-0.643,,12.89,,,,91.0868
2013-01-26,,,,,,,,,,,366000.0,,,,,,,,,,,,,,,
2013-01-28,,,,,,,,,,,,,0.29,2.0,3.15,1.71,,,2.82,,,13.57,,,,91.2354
2013-01-29,,,,,,,,,,,,,0.3,2.03,3.18,1.73,,,2.81,,,13.31,,,,90.9406
2013-01-30,,,,,,,,,,,,,0.27,2.03,3.19,1.76,,,2.84,,,14.32,,,,90.8836
2013-01-31,,,,,,,,,,,,,0.27,2.02,3.17,1.75,,,2.82,,,14.28,,,,90.798
2013-02-01,,,98.7941,409118.0,232.937,232.569,95.614,93.805,7.7,135546.0,,63.4,0.27,2.04,3.21,1.77,0.15,,2.84,-0.647,77.6,12.9,962.0,147.772,10523.0,90.6923
2013-02-02,,,,,,,,,,,361000.0,,,,,,,,,,,,,,,
2013-02-04,,,,,,,,,,,,,0.25,2.0,3.17,1.75,,,2.85,,,14.67,,,,90.9774
2013-02-05,,,,,,,,,,,,,0.27,2.04,3.21,1.77,,,2.85,,,13.72,,,,90.881
2013-02-06,,,,,,,,,,,,,0.27,2.0,3.18,1.73,,,2.86,,,13.41,,,,91.0176
2013-02-07,,,,,,,,,,,,,0.25,1.99,3.17,1.74,,,2.85,,,13.5,,,,91.2912
2013-02-08,,,,,,,,,,,,,0.25,1.99,3.17,1.74,,,2.86,-0.648,,13.02,,,,91.3056
2013-02-09,,,,,,,,,,,347000.0,,,,,,,,,,,,,,,
2013-02-11,,,,,,,,,,,,,0.27,1.99,3.16,1.72,,,2.84,,,12.94,,,,91.4451
2013-02-12,,,,,,,,,,,,,0.29,2.02,3.19,1.73,,,2.85,,,12.64,,,,91.2779
2013-02-13,,,,,,,,,,,,,0.29,2.05,3.23,1.76,,,2.84,,,12.98,,,,91.2709
2013-02-14,,,,,,,,,,,,,0.27,2.0,3.17,1.73,,,2.85,,,12.66,,,,91.366
2013-02-15,,,,,,,,,,,,,0.29,2.01,3.18,1.72,,,2.85,-0.649,,12.46,,,,91.4551
2013-02-16,,,,,,,,,,,362000.0,,,,,,,,,,,,,,,
2013-02-18,,,,,,,,,,,,,,,,,,,,,,,,,,
2013-02-19,,,,,,,,,,,,,0.29,2.03,3.21,1.74,,,2.86,,,12.31,,,,91.5073
2013-02-20,,,,,,,,,,,,,0.27,2.02,3.2,1.75,,,2.87,,,14.68,,,,91.6689
2013-02-21,,,,,,,,,,,,,0.26,1.99,3.17,1.73,,,2.87,,,15.22,,,,92.0394
2013-02-22,,,,,,,,,,,,,0.27,1.97,3.15,1.7,,,2.87,-0.65,,14.17,,,,92.1197
2013-02-23,,,,,,,,,,,342000.0,,,,,,,,,,,,,,,
2013-02-25,,,,,,,,,,,,,0.25,1.88,3.08,1.63,,,2.89,,,18.99,,,,92.1975
2013-02-26,,,,,,,,,,,,,0.25,1.88,3.08,1.63,,,2.9,,,16.87,,,,92.4247
2013-02-27,,,,,,,,,,,,,0.27,1.91,3.11,1.64,,,2.9,,,14.73,,,,92.234
2013-02-28,,,,,,,,,,,,,0.25,1.89,3.1,1.64,,,2.89,,,15.51,,,,92.295
2013-03-01,,,99.1921,406223.0,232.282,232.794,95.488,93.891,7.5,135689.0,,63.3,0.25,1.86,3.06,1.61,0.14,,2.9,-0.65,78.6,15.36,1010.0,149.951,10578.7,92.6177
2013-03-02,,,,,,,,,,,340000.0,,,,,,,,,,,,,,,
2013-03-04,,,,,,,,,,,,,0.24,1.88,3.08,1.64,,,2.9,,,14.01,,,,92.6316
2013-03-05,,,,,,,,,,,,,0.25,1.9,3.1,1.65,,,2.9,,,13.48,,,,92.4965
2013-03-06,,,,,,,,,,,,,0.25,1.95,3.15,1.7,,,2.89,,,13.53,,,,
2013-03-07,,,,,,,,,,,,,0.25,2.0,3.2,1.75,,,2.89,,,13.06,,,,92.5462
2013-03-08,,,,,,,,,,,,,0.27,2.06,3.25,1.79,,,2.88,-0.653,,12.59,,,,92.6252
2013-03-09,,,,,,,,,,,343000.0,,,,,,,,,,,,,,,
2013-03-11,,,,,,,,,,,,,0.27,2.07,3.26,1.8,,,2.87,,,11.56,,,,92.5351
2013-03-12,,,,,,,,,,,,,0.27,2.03,3.22,1.76,,,2.87,,,12.27,,,,92.3853
2013-03-13,,,,,,,,,,,,,0.27,2.04,3.22,1.77,,,2.85,,,11.83,,,,92.4709
2013-03-14,,,,,,,,,,,,,0.27,2.04,3.25,1.77,,,2.88,,,11.3,,,,92.4695
2013-03-15,,,,,,,,,,,,,0.25,2.01,3.22,1.76,,,2.89,-0.656,,11.3,,,,92.128
2013-03-16,,,,,,,,,,,343000.0,,,,,,,,,,,,,,,
2013-03-18,,,,,,,,,,,,,0.26,1.96,3.18,1.7,,,2.91,,,13.36,,,,92.3377
2013-03-19,,,,,,,,,,,,,0.24,1.92,3.13,1.68,,,2.9,,,14.39,,,,92.526
2013-03-20,,,,,,,,,,,,,0.26,1.96,3.19,1.7,,,2.9,,,12.67,,,,92.4141
2013-03-21,,,,,,,,,,,,,0.27,1.95,3.15,1.68,,,2.9,,,13.99,,,,92.3322
2013-03-22,,,,,,,,,,,,,0.26,1.93,3.13,1.67,,,2.9,-0.659,,13.57,,,,92.2051
2013-03-23,,,,,,,,,,,358000.0,,,,,,,,,,,,,,,
2013-03-25,,,,,,,,,,,,,0.24,1.93,3.14,1.69,,,2.91,,,13.74,,,,92.3081
2013-03-26,,,,,,,,,,,,,0.25,1.92,3.13,1.67,,,2.91,,,12.77,,,,92.232
2013-03-27,,,,,,,,,,,,,0.25,1.87,3.09,1.62,,,2.93,,,13.15,,,,92.446
2013-03-28,,,,,,,,,,,,,0.25,1.87,3.1,1.62,,,2.96,,,12.7,,,,92.2544
2013-03-29,,,,,,,,,,,,,,,,,,,,-0.664,,,,,,92.302
2013-03-30,,,,,,,,,,,375000.0,,,,,,,,,,,,,,,
2013-04-01,16728.687,17709.671,99.1065,404231.0,231.797,232.832,95.391,93.937,7.6,135873.0,,63.4,0.23,1.86,3.08,1.63,0.15,,2.91,,76.4,13.58,835.0,151.508,10608.9,92.1687
2013-04-02,,,,,,,,,,,,,0.25,1.88,3.1,1.63,,,2.91,,,12.78,,,,92.1432
2013-04-03,,,,,,,,,,,,,0.24,1.83,3.05,1.59,,,2.91,,,14.21,,,,92.104
2013-04-04,,,,,,,,,,,,,0.22,1.78,2.99,1.56,,,2.88,,,13.89,,,,92.3896
2013-04-05,,,,,,,,,,,,,0.24,1.72,2.87,1.48,,,2.82,-0.671,,13.92,,,,92.1043
2013-04-06,,,,,,,,,,,359000.0,,,,,,,,,,,,,,,
2013-04-08,,,,,,,,,,,,,0.24,1.76,2.91,1.52,,,2.82,,,13.19,,,,92.2317
2013-04-09,,,,,,,,,,,,,0.24,1.78,2.94,1.54,,,2.82,,,12.84,,,,91.9669
2013-04-10,,,,,,,,,,,,,0.24,1.84,3.01,1.6,,,2.83,,,12.36,,,,91.9598
2013-04-11,,,,,,,,,,,,,0.24,1.82,3.01,1.58,,,2.84,,,12.24,,,,91.6972
2013-04-12,,,,,,,,,,,,,0.22,1.75,2.92,1.53,,,2.82,-0.682,,12.06,,,,91.7967
2013-04-13,,,,,,,,,,,356000.0,,,,,,,,,,,,,,,
2013-04-15,,,,,,,,,,,,,0.22,1.72,2.88,1.5,,,2.82,,,17.27,,,,91.9457
2013-04-16,,,,,,,,,,,,,0.24,1.75,2.91,1.51,,,2.81,,,13.96,,,,91.8451
2013-04-17,,,,,,,,,,,,,0.24,1.73,2.89,1.49,,,2.81,,,16.51,,,,92.1372
2013-04-18,,,,,,,,,,,,,0.24,1.72,2.87,1.48,,,2.8,,,17.56,,,,92.176
2013-04-19,,,,,,,,,,,,,0.24,1.73,2.88,1.49,,,2.81,-0.693,,14.97,,,,92.2166
2013-04-20,,,,,,,,,,,343000.0,,,,,,,,,,,,,,,
2013-04-22,,,,,,,,,,,,,0.24,1.72,2.88,1.48,,,2.82,,,14.39,,,,92.3591
2013-04-23,,,,,,,,,,,,,0.23,1.74,2.9,1.51,,,2.8,,,13.48,,,,92.3836
2013-04-24,,,,,,,,,,,,,0.23,1.73,2.89,1.5,,,2.8,,,13.61,,,,92.4581
2013-04-25,,,,,,,,,,,,,0.23,1.74,2.91,1.51,,,2.81,,,13.62,,,,92.0394
2013-04-26,,,,,,,,,,,,,0.22,1.7,2.87,1.48,,,2.81,-0.705,,13.61,,,,91.9012
2013-04-27,,,,,,,,,,,331000.0,,,,,,,,,,,,,,,
2013-04-29,,,,,,,,,,,,,0.2,1.7,2.88,1.5,,,2.82,,,13.71,,,,91.6539
2013-04-30,,,,,,,,,,,,,0.22,1.7,2.88,1.48,,,2.83,,,13.52,,,,91.3741
2013-05-01,,,99.1839,406677.0,231.893,232.996,95.461,94.047,7.5,136096.0,,63.4,0.2,1.66,2.83,1.46,0.11,,2.82,,84.5,14.49,930.0,152.839,10646.5,91.4331
2013-05-02,,,,,,,,,,,,,0.2,1.66,2.82,1.46,,,2.81,,,13.59,,,,91.6174
2013-05-03,,,,,,,,,,,,,0.22,1.78,2.96,1.56,,,2.82,-0.715,,12.85,,,,91.5087
2013-05-04,,,,,,,,,,,335000.0,,,,,,,,,,,,,,,
2013-05-06,,,,,,,,,,,,,0.22,1.8,2.98,1.58,,,2.83,,,12.66,,,,91.6387
2013-05-07,,,,,,,,,,,,,0.22,1.82,3.0,1.6,,,2.82,,,12.83,,,,91.5201
2013-05-08,,,,,,,,,,,,,0.22,1.81,2.99,1.59,,,2.8,,,12.66,,,,91.1848
2013-05-09,,,,,,,,,,,,,0.22,1.81,3.01,1.59,,,2.82,,,13.13,,,,91.3036
2013-05-10,,,,,,,,,,,,,0.26,1.9,3.1,1.64,,,2.82,-0.719,,12.59,,,,92.2527
2013-05-11,,,,,,,,,,,360000.0,,,,,,,,,,,,,,,
2013-05-13,,,,,,,,,,,,,0.24,1.92,3.13,1.68,,,2.81,,,12.55,,,,92.2711
2013-05-14,,,,,,,,,,,,,0.26,1.96,3.17,1.7,,,2.81,,,12.77,,,,92.3697
2013-05-15,,,,,,,,,,,,,0.26,1.94,3.16,1.68,,,2.82,,,12.81,,,,92.7691
2013-05-16,,,,,,,,,,,,,0.23,1.87,3.09,1.64,,,2.81,,,13.07,,,,92.6602
2013-05-17,,,,,,,,,,,,,0.26,1.95,3.17,1.69,,,2.81,-0.717,,12.45,,,,93.1617
2013-05-18,,,,,,,,,,,343000.0,,,,,,,,,,,,,,,
2013-05-20,,,,,,,,,,,,,0.26,1.97,3.18,1.71,,,2.8,,,13.02,,,,93.0359
2013-05-21,,,,,,,,,,,,,0.26,1.94,3.14,1.68,,,2.81,,,13.37,,,,92.9662
2013-05-22,,,,,,,,,,,,,0.26,2.03,3.21,1.77,,,2.78,,,13.82,,,,93.3104
2013-05-23,,,,,,,,,,,,,0.26,2.02,3.2,1.76,,,2.77,,,14.07,,,,93.2113
2013-05-24,,,,,,,,,,,,,0.26,2.01,3.18,1.75,,,2.75,-0.707,,13.99,,,,93.2768
2013-05-25,,,,,,,,,,,353000.0,,,,,,,,,,,,,,,
2013-05-27,,,,,,,,,,,,,,,,,,,,,,,,,,
2013-05-28,,,,,,,,,,,,,0.29,2.15,3.31,1.86,,,2.73,,,14.48,,,,93.5853
2013-05-29,,,,,,,,,,,,,0.3,2.13,3.27,1.83,,,2.75,,,14.83,,,,93.531
2013-05-30,,,,,,,,,,,,,0.31,2.13,3.28,1.82,,,2.77,,,14.53,,,,93.4219
2013-05-31,,,,,,,,,,,,,0.3,2.16,3.3,1.86,,,2.79,-0.691,,16.3,,,,93.6076
2013-06-01,,,99.3897,407921.0,232.445,233.35,95.673,94.209,7.5,136279.0,346000.0,63.4,,,,,0.09,,,,84.1,,839.0,154.189,10705.6,
2013-06-03,,,,,,,,,,,,,0.3,2.13,3.27,1.83,,,2.82,,,16.28,,,,93.163
2013-06-04,,,,,,,,,,,,,0.32,2.14,3.3,1.82,,,2.86,,,16.27,,,,93.3067
2013-06-05,,,,,,,,,,,,,0.3,2.1,3.25,1.8,,,2.89,,,17.5,,,,93.275
2013-06-06,,,,,,,,,,,,,0.3,2.08,3.23,1.78,,,2.88,,,16.63,,,,92.809
2013-06-07,,,,,,,,,,,,,0.32,2.17,3.33,1.85,,,2.89,-0.671,,15.14,,,,92.6056
2013-06-08,,,,,,,,,,,337000.0,,,,,,,,,,,,,,,
2013-06-10,,,,,,,,,,,,,0.32,2.22,3.36,1.9,,,2.89,,,15.44,,,,92.973
2013-06-11,,,,,,,,,,,,,0.34,2.2,3.33,1.86,,,2.91,,,17.07,,,,92.7996
2013-06-12,,,,,,,,,,,,,0.34,2.25,3.37,1.91,,,2.91,,,18.59,,,,92.4775
2013-06-13,,,,,,,,,,,,,0.32,2.19,3.33,1.87,,,2.92,,,16.41,,,,92.3449
2013-06-14,,,,,,,,,,,,,0.29,2.14,3.28,1.85,,,2.93,-0.652,,17.15,,,,92.1886
2013-06-15,,,,,,,,,,,353000.0,,,,,,,,,,,,,,,
2013-06-17,,,,,,,,,,,,,0.27,2.19,3.35,1.92,,,2.93,,,16.8,,,,92.3332
2013-06-18,,,,,,,,,,,,,0.27,2.2,3.34,1.93,,,2.92,,,16.61,,,,92.5432
2013-06-19,,,,,,,,,,,,,0.31,2.33,3.41,2.02,,,2.87,,,16.64,,,,92.4755
2013-06-20,,,,,,,,,,,,,0.33,2.41,3.49,2.08,,,2.93,,,20.49,,,,94.125
2013-06-21,,,,,,,,,,,,,0.38,2.52,3.56,2.14,,,2.87,-0.637,,18.9,,,,94.4243
2013-06-22,,,,,,,,,,,347000.0,,,,,,,,,,,,,,,
2013-06-24,,,,,,,,,,,,,0.42,2.57,3.56,2.15,,,2.86,,,20.11,,,,94.5714
2013-06-25,,,,,,,,,,,,,0.43,2.6,3.6,2.17,,,2.88,,,18.47,,,,94.3285
2013-06-26,,,,,,,,,,,,,0.39,2.55,3.58,2.16,,,2.89,,,17.21,,,,94.3807
2013-06-27,,,,,,,,,,,,,0.36,2.49,3.54,2.13,,,2.92,,,16.86,,,,94.2429
2013-06-28,,,,,,,,,,,,,0.36,2.52,3.52,2.16,,,2.83,-0.629,,16.86,,,,94.3047
2013-06-29,,,,,,,,,,,340000.0,,,,,,,,,,,,,,,
2013-07-01,16953.838,17860.45,99.0814,410268.0,232.9,233.88,95.792,94.329,7.3,136391.0,,63.3,0.34,2.5,3.48,2.16,0.09,,2.83,,85.1,16.37,880.0,155.596,10743.0,94.0998
2013-07-02,,,,,,,,,,,,,0.34,2.48,3.47,2.14,,,2.81,,,16.44,,,,94.4051
2013-07-03,,,,,,,,,,,,,0.36,2.52,3.49,2.16,,,2.8,,,16.2,,,,94.4767
2013-07-04,,,,,,,,,,,,,,,,,,,,,,,,,,
2013-07-05,,,,,,,,,,,,,0.4,2.73,3.68,2.33,,,2.77,-0.629,,14.89,,,,95.0639
2013-07-06,,,,,,,,,,,351000.0,,,,,,,,,,,,,,,
2013-07-08,,,,,,,,,,,,,0.37,2.65,3.63,2.28,,,2.79,,,14.78,,,,94.9954
2013-07-09,,,,,,,,,,,,,0.37,2.65,3.64,2.28,,,2.78,,,14.35,,,,94.9467
2013-07-10,,,,,,,,,,,,,0.38,2.7,3.68,2.32,,,2.75,,,14.21,,,,94.7595
2013-07-11,,,,,,,,,,,,,0.34,2.6,3.64,2.26,,,2.77,,,14.01,,,,93.949
2013-07-12,,,,,,,,,,,,,0.37,2.61,3.64,2.24,,,2.77,-0.637,,13.84,,,,94.0029
2013-07-13,,,,,,,,,,,344000.0,,,,,,,,,,,,,,,
2013-07-15,,,,,,,,,,,,,0.34,2.57,3.61,2.23,,,2.76,,,13.79,,,,93.9729
2013-07-16,,,,,,,,,,,,,0.34,2.55,3.58,2.21,,,2.74,,,14.42,,,,93.5232
2013-07-17,,,,,,,,,,,,,0.32,2.52,3.57,2.2,,,2.74,,,13.78,,,,93.5498
2013-07-18,,,,,,,,,,,,,0.32,2.56,3.63,2.24,,,2.75,,,13.77,,,,93.681
2013-07-19,,,,,,,,,,,,,0.32,2.5,3.56,2.18,,,2.74,-0.649,,12.54,,,,93.4759
2013-07-20,,,,,,,,,,,355000.0,,,,,,,,,,,,,,,
2013-07-22,,,,,,,,,,,,,0.32,2.5,3.55,2.18,,,2.71,,,12.29,,,,93.2253
2013-07-23,,,,,,,,,,,,,0.33,2.53,3.58,2.2,,,2.7,,,12.66,,,,93.1631
2013-07-24,,,,,,,,,,,,,0.34,2.61,3.65,2.27,,,2.67,,,13.18,,,,93.3124
2013-07-25,,,,,,,,,,,,,0.32,2.61,3.65,2.29,,,2.69,,,12.97,,,,93.2862
2013-07-26,,,,,,,,,,,,,0.31,2.58,3.61,2.27,,,2.67,-0.66,,12.72,,,,93.1695
2013-07-27,,,,,,,,,,,334000.0,,,,,,,,,,,,,,,
2013-07-29,,,,,,,,,,,,,0.33,2.61,3.66,2.28,,,2.69,,,13.39,,,,93.1663
2013-07-30,,,,,,,,,,,,,0.33,2.63,3.67,2.3,,,2.68,,,13.39,,,,93.3976
2013-07-31,,,,,,,,,,,,,0.31,2.6,3.64,2.29,,,2.68,,,13.45,,,,93.5703
2013-08-01,,,99.6543,409691.0,233.456,234.336,95.934,94.431,7.2,136646.0,,63.3,0.35,2.74,3.77,2.39,0.08,,2.66,,82.1,12.94,917.0,156.952,10803.6,93.7972
2013-08-02,,,,,,,,,,,,,0.3,2.63,3.69,2.33,,,2.68,-0.669,,11.98,,,,93.5789
2013-08-03,,,,,,,,,,,339000.0,,,,,,,,,,,,,,,
2013-08-05,,,,,,,,,,,,,0.32,2.67,3.73,2.35,,,2.7,,,11.84,,,,93.507
2013-08-06,,,,,,,,,,,,,0.32,2.67,3.73,2.35,,,2.69,,,12.72,,,,93.3199
2013-08-07,,,,,,,,,,,,,0.32,2.61,3.68,2.29,,,2.72,,,12.98,,,,93.2652
2013-08-08,,,,,,,,,,,,,0.3,2.58,3.65,2.28,,,2.73,,,12.73,,,,92.8483
2013-08-09,,,,,,,,,,,,,0.32,2.57,3.63,2.25,,,2.74,-0.673,,13.41,,,,92.8394
2013-08-10,,,,,,,,,,,327000.0,,,,,,,,,,,,,,,
2013-08-12,,,,,,,,,,,,,0.32,2.61,3.67,2.29,,,2.72,,,12.81,,,,92.9178
2013-08-13,,,,,,,,,,,,,0.34,2.71,3.75,2.37,,,2.72,,,12.31,,,,93.476
2013-08-14,,,,,,,,,,,,,0.34,2.71,3.75,2.37,,,2.72,,,13.04,,,,93.382
2013-08-15,,,,,,,,,,,,,0.36,2.77,3.81,2.41,,,2.7,,,14.73,,,,93.5059
2013-08-16,,,,,,,,,,,,,0.36,2.84,3.86,2.48,,,2.7,-0.672,,14.37,,,,93.4255
2013-08-17,,,,,,,,,,,340000.0,,,,,,,,,,,,,,,
2013-08-19,,,,,,,,,,,,,0.36,2.88,3.89,2.52,,,2.7,,,15.1,,,,93.6623
2013-08-20,,,,,,,,,,,,,0.36,2.82,3.86,2.46,,,2.72,,,14.91,,,,93.5536
2013-08-21,,,,,,,,,,,,,0.38,2.87,3.9,2.49,,,2.71,,,15.94,,,,94.0362
2013-08-22,,,,,,,,,,,,,0.42,2.9,3.88,2.48,,,2.68,,,14.76,,,,94.2804
2013-08-23,,,,,,,,,,,,,0.4,2.82,3.8,2.42,,,2.67,-0.668,,13.98,,,,93.9466
2013-08-24,,,,,,,,,,,336000.0,,,,,,,,,,,,,,,
2013-08-26,,,,,,,,,,,,,0.41,2.79,3.77,2.38,,,2.67,,,14.99,,,,94.1853
2013-08-27,,,,,,,,,,,,,0.38,2.72,3.7,2.34,,,2.66,,,16.77,,,,94.3934
2013-08-28,,,,,,,,,,,,,0.4,2.78,3.75,2.38,,,2.65,,,16.49,,,,94.4127
2013-08-29,,,,,,,,,,,,,0.39,2.75,3.7,2.36,,,2.62,,,16.81,,,,94.6398
2013-08-30,,,,,,,,,,,,,0.39,2.78,3.7,2.39,,,2.56,-0.664,,17.01,,,,94.7541
2013-08-31,,,,,,,,,,,325000.0,,,,,,,,,,,,,,,
2013-09-01,,,100.161,410044.0,233.544,234.7,95.976,94.543,7.2,136821.0,,63.2,,,,,0.08,,,,77.5,,850.0,158.214,10865.8,
2013-09-02,,,,,,,,,,,,,,,,,,,,,,,,,,
2013-09-03,,,,,,,,,,,,,0.43,2.86,3.79,2.43,,,2.58,,,16.61,,,,94.9574
2013-09-04,,,,,,,,,,,,,0.46,2.9,3.8,2.44,,,2.55,,,15.88,,,,94.5739
2013-09-05,,,,,,,,,,,,,0.52,2.98,3.88,2.46,,,2.55,,,15.77,,,,94.8891
2013-09-06,,,,,,,,,,,,,0.46,2.94,3.87,2.48,,,2.59,-0.662,,15.85,,,,94.2487
2013-09-07,,,,,,,,,,,300000.0,,,,,,,,,,,,,,,
2013-09-09,,,,,,,,,,,,,0.45,2.9,3.84,2.45,,,2.6,,,15.63,,,,94.0009
2013-09-10,,,,,,,,,,,,,0.5,2.96,3.88,2.46,,,2.61,,,14.53,,,,93.938
2013-09-11,,,,,,,,,,,,,0.47,2.93,3.85,2.46,,,2.61,,,13.82,,,,93.7112
2013-09-12,,,,,,,,,,,,,0.45,2.92,3.85,2.47,,,2.61,,,14.29,,,,93.5903
2013-09-13,,,,,,,,,,,,,0.45,2.9,3.84,2.45,,,2.64,-0.664,,14.16,,,,93.6666
2013-09-14,,,,,,,,,,,323000.0,,,,,,,,,,,,,,,
2013-09-16,,,,,,,,,,,,,0.41,2.88,3.87,2.47,,,2.68,,,14.38,,,,93.2875
2013-09-17,,,,,,,,,,,,,0.39,2.86,3.84,2.47,,,2.67,,,14.53,,,,93.2231
2013-09-18,,,,,,,,,,,,,0.34,2.69,3.75,2.35,,,2.75,,,13.59,,,,93.2569
2013-09-19,,,,,,,,,,,,,0.34,2.76,3.8,2.42,,,2.72,,,13.16,,,,92.4082
2013-09-20,,,,,,,,,,,,,0.34,2.75,3.77,2.41,,,2.68,-0.669,,13.12,,,,92.6049
2013-09-21,,,,,,,,,,,314000.0,,,,,,,,,,,,,,,
2013-09-23,,,,,,,,,,,,,0.35,2.72,3.73,2.37,,,2.7,,,14.31,,,,92.613
2013-09-24,,,,,,,,,,,,,0.35,2.67,3.67,2.32,,,2.68,,,14.08,,,,92.7691
2013-09-25,,,,,,,,,,,,,0.36,2.63,3.65,2.27,,,2.7,,,14.01,,,,92.7675
2013-09-26,,,,,,,,,,,,,0.34,2.66,3.69,2.32,,,2.72,,,14.06,,,,93.0096
2013-09-27,,,,,,,,,,,,,0.34,2.64,3.68,2.3,,,2.73,-0.676,,15.46,,,,92.9747
2013-09-28,,,,,,,,,,,319000.0,,,,,,,,,,,,,,,
2013-09-30,,,,,,,,,,,,,0.33,2.64,3.69,2.31,,,2.75,,,16.6,,,,92.9207
2013-10-01,17192.019,18016.147,100.082,411399.0,233.669,234.921,96.103,94.703,7.2,137041.0,,62.8,0.33,2.66,3.72,2.33,0.09,,2.76,,73.2,15.54,925.0,159.233,10989.2,92.9515
2013-10-02,,,,,,,,,,,,,0.31,2.63,3.7,2.32,,,2.77,,,16.6,,,,92.772
2013-10-03,,,,,,,,,,,,,0.33,2.62,3.71,2.29,,,2.78,,,17.67,,,,92.7461
2013-10-04,,,,,,,,,,,,,0.33,2.66,3.73,2.33,,,2.76,-0.686,,16.74,,,,92.6469
2013-10-05,,,,,,,,,,,368000.0,,,,,,,,,,,,,,,
2013-10-07,,,,,,,,,,,,,0.37,2.65,3.7,2.28,,,2.74,,,19.41,,,,92.6725
2013-10-08,,,,,,,,,,,,,0.4,2.66,3.7,2.26,,,2.71,,,20.34,,,,92.7558
2013-10-09,,,,,,,,,,,,,0.37,2.68,3.73,2.31,,,2.71,,,19.6,,,,93.0829
2013-10-10,,,,,,,,,,,,,0.35,2.71,3.75,2.36,,,2.68,,,16.48,,,,92.8579
2013-10-11,,,,,,,,,,,,,0.35,2.7,3.74,2.35,,,2.68,-0.698,,15.72,,,,92.854
2013-10-12,,,,,,,,,,,368000.0,,,,,,,,,,,,,,,
2013-10-14,,,,,,,,,,,,,,,,,,,,,,16.07,,,,
2013-10-15,,,,,,,,,,,,,0.37,2.75,3.78,2.38,,,2.66,,,18.66,,,,92.7642
2013-10-16,,,,,,,,,,,,,0.34,2.69,3.72,2.35,,,2.66,,,14.71,,,,92.6819
2013-10-17,,,,,,,,,,,,,0.33,2.61,3.66,2.28,,,2.66,,,13.48,,,,92.0246
2013-10-18,,,,,,,,,,,,,0.33,2.6,3.65,2.27,,,2.66,-0.712,,13.04,,,,91.9989
2013-10-19,,,,,,,,,,,351000.0,,,,,,,,,,,,,,,
2013-10-21,,,,,,,,,,,,,0.33,2.63,3.68,2.3,,,2.65,,,13.16,,,,92.2498
2013-10-22,,,,,,,,,,,,,0.31,2.54,3.61,2.23,,,2.66,,,13.33,,,,91.9563
2013-10-23,,,,,,,,,,,,,0.31,2.51,3.59,2.2,,,2.67,,,13.42,,,,92.0947
2013-10-24,,,,,,,,,,,,,0.33,2.53,3.61,2.2,,,2.68,,,13.2,,,,92.1867
2013-10-25,,,,,,,,,,,,,0.32,2.53,3.6,2.21,,,2.66,-0.726,,13.09,,,,92.1623
2013-10-26,,,,,,,,,,,347000.0,,,,,,,,,,,,,,,
2013-10-28,,,,,,,,,,,,,0.32,2.54,3.61,2.22,,,2.66,,,13.31,,,,92.1872
2013-10-29,,,,,,,,,,,,,0.31,2.53,3.62,2.22,,,2.69,,,13.41,,,,92.301
2013-10-30,,,,,,,,,,,,,0.33,2.55,3.63,2.22,,,2.68,,,13.65,,,,92.3057
2013-10-31,,,,,,,,,,,,,0.31,2.57,3.63,2.26,,,2.65,,,13.75,,,,92.731
2013-11-01,,,100.3158,412561.0,234.1,235.359,96.246,94.86,6.9,137317.0,,63.0,0.33,2.65,3.69,2.32,0.08,,2.64,-0.738,75.1,13.28,1100.0,160.069,10999.8,93.155
2013-11-02,,,,,,,,,,,342000.0,,,,,,,,,,,,,,,
2013-11-04,,,,,,,,,,,,,0.32,2.63,3.7,2.31,,,2.66,,,12.93,,,,92.9359
2013-11-05,,,,,,,,,,,,,0.32,2.69,3.76,2.37,,,2.66,,,13.27,,,,93.2112
2013-11-06,,,,,,,,,,,,,0.3,2.67,3.77,2.37,,,2.7,,,12.67,,,,93.0943
2013-11-07,,,,,,,,,,,,,0.29,2.63,3.71,2.34,,,2.7,,,13.91,,,,93.4003
2013-11-08,,,,,,,,,,,,,0.32,2.77,3.84,2.45,,,2.69,-0.749,,12.9,,,,93.6619
2013-11-09,,,,,,,,,,,340000.0,,,,,,,,,,,,,,,
2013-11-11,,,,,,,,,,,,,,,,,,,,,,12.53,,,,
2013-11-12,,,,,,,,,,,,,0.34,2.8,3.86,2.46,,,2.67,,,12.82,,,,93.7651
2013-11-13,,,,,,,,,,,,,0.32,2.75,3.83,2.43,,,2.69,,,12.52,,,,93.4848
2013-11-14,,,,,,,,,,,,,0.29,2.69,3.79,2.4,,,2.72,,,12.37,,,,93.4328
2013-11-15,,,,,,,,,,,,,0.31,2.71,3.8,2.4,,,2.7,-0.757,,12.19,,,,93.2854
2013-11-16,,,,,,,,,,,331000.0,,,,,,,,,,,,,,,
2013-11-18,,,,,,,,,,,,,0.31,2.67,3.76,2.36,,,2.66,,,13.1,,,,92.9824
2013-11-19,,,,,,,,,,,,,0.29,2.71,3.8,2.42,,,2.66,,,13.39,,,,93.0649
2013-11-20,,,,,,,,,,,,,0.28,2.8,3.9,2.52,,,2.67,,,13.4,,,,93.2501
2013-11-21,,,,,,,,,,,,,0.29,2.79,3.89,2.5,,,2.65,,,12.66,,,,93.5638
2013-11-22,,,,,,,,,,,,,0.31,2.75,3.84,2.44,,,2.65,-0.764,,12.26,,,,93.4198
2013-11-23,,,,,,,,,,,316000.0,,,,,,,,,,,,,,,
2013-11-25,,,,,,,,,,,,,0.3,2.74,3.83,2.44,,,2.65,,,12.79,,,,93.5539
2013-11-26,,,,,,,,,,,,,0.29,2.71,3.8,2.42,,,2.63,,,12.81,,,,93.5226
2013-11-27,,,,,,,,,,,,,0.28,2.74,3.81,2.46,,,2.63,,,12.98,,,,93.6864
2013-11-28,,,,,,,,,,,,,,,,,,,,,,,,,,
2013-11-29,,,,,,,,,,,,,0.28,2.75,3.82,2.47,,,2.61,-0.769,,13.7,,,,93.6291
2013-11-30,,,,,,,,,,,312000.0,,,,,,,,,,,,,,,
2013-12-01,,,100.5175,414812.0,234.719,235.759,96.414,94.961,6.7,137372.0,,62.9,,,,,0.09,,,,82.5,,1002.0,160.99,11062.4,
2013-12-02,,,,,,,,,,,,,0.3,2.81,3.86,2.51,,,2.6,,,14.23,,,,93.8856
2013-12-03,,,,,,,,,,,,,0.28,2.79,3.84,2.51,,,2.6,,,14.55,,,,93.8251
2013-12-04,,,,,,,,,,,,,0.3,2.84,3.9,2.54,,,2.62,,,14.7,,,,93.8997
2013-12-05,,,,,,,,,,,,,0.3,2.88,3.92,2.58,,,2.59,,,15.08,,,,93.4954
2013-12-06,,,,,,,,,,,,,0.3,2.88,3.9,2.58,,,2.58,-0.773,,13.79,,,,93.4045
2013-12-07,,,,,,,,,,,354000.0,,,,,,,,,,,,,,,
2013-12-09,,,,,,,,,,,,,0.3,2.86,3.88,2.56,,,2.57,,,13.49,,,,93.1444
2013-12-10,,,,,,,,,,,,,0.3,2.81,3.83,2.51,,,2.56,,,13.91,,,,
2013-12-11,,,,,,,,,,,,,0.31,2.86,3.87,2.55,,,2.55,,,15.42,,,,93.0842
2013-12-12,,,,,,,,,,,,,0.34,2.89,3.91,2.55,,,2.53,,,15.54,,,,93.4292
2013-12-13,,,,,,,,,,,,,0.34,2.88,3.88,2.54,,,2.5,-0.776,,15.76,,,,93.3568
2013-12-14,,,,,,,,,,,364000.0,,,,,,,,,,,,,,,
2013-12-16,,,,,,,,,,,,,0.34,2.89,3.9,2.55,,,2.5,,,16.03,,,,93.2175
2013-12-17,,,,,,,,,,,,,0.34,2.85,3.88,2.51,,,2.5,,,16.21,,,,93.302
2013-12-18,,,,,,,,,,,,,0.32,2.89,3.9,2.57,,,2.5,,,13.8,,,,93.4207
2013-12-19,,,,,,,,,,,,,0.35,2.94,3.91,2.59,,,2.42,,,14.15,,,,93.7368
2013-12-20,,,,,,,,,,,,,0.37,2.89,3.82,2.52,,,2.38,-0.778,,13.79,,,,93.7211
2013-12-21,,,,,,,,,,,334000.0,,,,,,,,,,,,,,,
2013-12-23,,,,,,,,,,,,,0.38,2.94,3.85,2.56,,,2.35,,,13.04,,,,93.572
2013-12-24,,,,,,,,,,,,,0.38,2.99,3.9,2.61,,,2.36,,,12.48,,,,93.6734
2013-12-25,,,,,,,,,,,,,,,,,,,,,,,,,,
2013-12-26,,,,,,,,,,,,,0.42,3.0,3.92,2.58,,,2.37,,,12.33,,,,93.766
2013-12-27,,,,,,,,,,,,,0.4,3.02,3.94,2.62,,,2.37,-0.779,,12.46,,,,93.7018
2013-12-28,,,,,,,,,,,332000.0,,,,,,,,,,,,,,,
2013-12-30,,,,,,,,,,,,,0.39,2.99,3.9,2.6,,,2.35,,,13.56,,,,93.4866
2013-12-31,,,,,,,,,,,,,0.38,3.04,3.96,2.66,,,2.33,,,13.72,,,,93.5576
2014-01-01,17197.738,17953.974,100.1599,411561.0,235.288,235.961,96.614,95.064,6.6,137561.0,,62.9,,,,,0.07,,,,81.2,,888.0,161.919,11127.5,
2014-01-02,,,,,,,,,,,,,0.39,3.0,3.92,2.61,,,2.34,,,14.23,,,,93.8192
2014-01-03,,,,,,,,,,,,,0.41,3.01,3.93,2.6,,,2.34,-0.776,,13.76,,,,93.853
2014-01-04,,,,,,,,,,,322000.0,,,,,,,,,,,,,,,
2014-01-06,,,,,,,,,,,,,0.4,2.98,3.9,2.58,,,2.32,,,13.55,,,,93.9109
2014-01-07,,,,,,,,,,,,,0.4,2.96,3.88,2.56,,,2.32,,,12.92,,,,94.0398
2014-01-08,,,,,,,,,,,,,0.43,3.01,3.9,2.58,,,2.31,,,12.87,,,,94.2181
2014-01-09,,,,,,,,,,,,,0.44,2.97,3.88,2.53,,,2.31,,,12.89,,,,94.3299
2014-01-10,,,,,,,,,,,,,0.39,2.88,3.8,2.49,,,2.32,-0.774,,12.14,,,,94.0045
2014-01-11,,,,,,,,,,,318000.0,,,,,,,,,,,,,,,
2014-01-13,,,,,,,,,,,,,0.39,2.84,3.77,2.45,,,2.34,,,13.28,,,,93.899
2014-01-14,,,,,,,,,,,,,0.39,2.88,3.8,2.49,,,2.34,,,12.28,,,,94.0303
2014-01-15,,,,,,,,,,,,,0.41,2.9,3.81,2.49,,,2.32,,,12.28,,,,94.341
2014-01-16,,,,,,,,,,,,,0.41,2.86,3.77,2.45,,,2.32,,,12.53,,,,94.5507
2014-01-17,,,,,,,,,,,,,0.4,2.84,3.75,2.44,,,2.33,-0.77,,12.44,,,,94.5846
2014-01-18,,,,,,,,,,,327000.0,,,,,,,,,,,,,,,
2014-01-20,,,,,,,,,,,,,,,,,,,,,,,,,,
2014-01-21,,,,,,,,,,,,,0.4,2.85,3.74,2.45,,,2.3,,,12.87,,,,94.679
2014-01-22,,,,,,,,,,,,,0.44,2.87,3.75,2.43,,,2.3,,,12.84,,,,94.8479
2014-01-23,,,,,,,,,,,,,0.39,2.79,3.68,2.4,,,2.32,,,13.77,,,,94.8415
2014-01-24,,,,,,,,,,,,,0.37,2.75,3.64,2.38,,,2.35,-0.766,,18.14,,,,94.8555
2014-01-25,,,,,,,,,,,340000.0,,,,,,,,,,,,,,,
2014-01-27,,,,,,,,,,,,,0.37,2.78,3.67,2.41,,,2.36,,,17.42,,,,94.9059
2014-01-28,,,,,,,,,,,,,0.38,2.77,3.68,2.39,,,2.35,,,15.8,,,,94.88
2014-01-29,,,,,,,,,,,,,0.36,2.69,3.62,2.33,,,2.38,,,17.35,,,,94.8621
2014-01-30,,,,,,,,,,,,,0.36,2.72,3.65,2.36,,,2.36,,,17.29,,,,95.1294
2014-01-31,,,,,,,,,,,,,0.34,2.67,3.61,2.33,,,2.4,-0.763,,18.41,,,,95.1774
2014-02-01,,,100.9168,416736.0,235.547,236.185,96.66,95.109,6.7,137712.0,331000.0,62.9,,,,,0.07,,,,81.6,,944.0,162.515,11191.9,
2014-02-03,,,,,,,,,,,,,0.3,2.61,3.55,2.31,,,2.39,,,21.44,,,,95.2469
2014-02-04,,,,,,,,,,,,,0.31,2.64,3.59,2.33,,,2.41,,,19.11,,,,95.0438
2014-02-05,,,,,,,,,,,,,0.32,2.7,3.66,2.38,,,2.42,,,19.95,,,,95.0285
2014-02-06,,,,,,,,,,,,,0.33,2.73,3.67,2.4,,,2.4,,,17.23,,,,94.7177
2014-02-07,,,,,,,,,,,,,0.3,2.71,3.67,2.41,,,2.42,-0.764,,15.29,,,,94.7457
2014-02-08,,,,,,,,,,,337000.0,,,,,,,,,,,,,,,
2014-02-10,,,,,,,,,,,,,0.32,2.7,3.66,2.38,,,2.42,,,15.26,,,,94.7189
2014-02-11,,,,,,,,,,,,,0.35,2.75,3.69,2.4,,,2.39,,,14.51,,,,94.6377
2014-02-12,,,,,,,,,,,,,0.35,2.8,3.72,2.45,,,2.36,,,14.3,,,,94.6209
2014-02-13,,,,,,,,,,,,,0.32,2.73,3.7,2.41,,,2.39,,,14.14,,,,
2014-02-14,,,,,,,,,,,,,0.32,2.75,3.69,2.43,,,2.38,-0.768,,13.57,,,,94.2711
2014-02-15,,,,,,,,,,,332000.0,,,,,,,,,,,,,,,
2014-02-17,,,,,,,,,,,,,,,,,,,,,,,,,,
2014-02-18,,,,,,,,,,,,,0.31,2.71,3.68,2.4,,,2.4,,,13.87,,,,94.1934
2014-02-19,,,,,,,,,,,,,0.33,2.73,3.71,2.4,,,2.41,,,15.5,,,,94.38
2014-02-20,,,,,,,,,,,,,0.34,2.76,3.73,2.42,,,2.39,,,14.79,,,,94.6571
2014-02-21,,,,,,,,,,,,,0.33,2.73,3.69,2.4,,,2.38,-0.772,,14.68,,,,
2014-02-22,,,,,,,,,,,341000.0,,,,,,,,,,,,,,,
2014-02-24,,,,,,,,,,,,,0.35,2.75,3.7,2.4,,,2.38,,,14.23,,,,94.4042
2014-02-25,,,,,,,,,,,,,0.34,2.7,3.66,2.36,,,2.38,,,13.67,,,,94.4735
2014-02-26,,,,,,,,,,,,,0.33,2.67,3.63,2.34,,,2.38,,,14.35,,,,94.7754
2014-02-27,,,,,,,,,,,,,0.33,2.65,3.6,2.32,,,2.36,,,14.04,,,,94.6722
2014-02-28,,,,,,,,,,,,,0.33,2.66,3.59,2.33,,,2.35,-0.776,,14.0,,,,94.3879
2014-03-01,,,101.8942,421230.0,236.028,236.625,96.815,95.25,6.7,137985.0,319000.0,63.1,,,,,0.08,,,,80.0,,970.0,163.072,11228.8,
2014-03-03,,,,,,,,,,,,,0.32,2.6,3.55,2.28,,,2.37,,,16.0,,,,
2014-03-04,,,,,,,,,,,,,0.33,2.7,3.64,2.37,,,2.35,,,14.1,,,,94.6568
2014-03-05,,,,,,,,,,,,,0.33,2.7,3.64,2.37,,,2.36,,,13.89,,,,94.4679
2014-03-06,,,,,,,,,,,,,0.37,2.74,3.68,2.37,,,2.37,,,14.21,,,,93.9858
2014-03-07,,,,,,,,,,,,,0.38,2.8,3.72,2.42,,,2.34,-0.779,,14.11,,,,94.2532
2014-03-08,,,,,,,,,,,322000.0,,,,,,,,,,,,,,,
2014-03-10,,,,,,,,,,,,,0.37,2.79,3.73,2.42,,,2.36,,,14.2,,,,94.3731
2014-03-11,,,,,,,,,,,,,0.37,2.77,3.7,2.4,,,2.37,,,14.8,,,,94.387
2014-03-12,,,,,,,,,,,,,0.37,2.73,3.66,2.36,,,2.38,,,14.47,,,,94.462
2014-03-13,,,,,,,,,,,,,0.34,2.66,3.6,2.32,,,2.39,,,16.22,,,,94.1872
2014-03-14,,,,,,,,,,,,,0.36,2.65,3.59,2.29,,,2.4,-0.78,,17.82,,,,94.243
2014-03-15,,,,,,,,,,,321000.0,,,,,,,,,,,,,,,
2014-03-17,,,,,,,,,,,,,0.38,2.7,3.63,2.32,,,2.4,,,15.64,,,,
2014-03-18,,,,,,,,,,,,,0.36,2.68,3.62,2.32,,,2.42,,,14.52,,,,94.2631
2014-03-19,,,,,,,,,,,,,0.47,2.78,3.66,2.31,,,2.37,,,15.12,,,,94.3752
2014-03-20,,,,,,,,,,,,,0.45,2.79,3.67,2.34,,,2.34,,,14.52,,,,94.9986
2014-03-21,,,,,,,,,,,,,0.45,2.75,3.61,2.3,,,2.32,-0.779,,15.0,,,,94.8547
2014-03-22,,,,,,,,,,,313000.0,,,,,,,,,,,,,,,
2014-03-24,,,,,,,,,,,,,0.47,2.74,3.57,2.27,,,2.29,,,15.09,,,,94.759
2014-03-25,,,,,,,,,,,,,0.47,2.75,3.59,2.28,,,2.28,,,14.02,,,,94.6379
2014-03-26,,,,,,,,,,,,,0.45,2.71,3.55,2.26,,,2.28,,,14.93,,,,94.5281
2014-03-27,,,,,,,,,,,,,0.45,2.69,3.52,2.24,,,2.26,,,14.62,,,,94.3315
2014-03-28,,,,,,,,,,,,,0.45,2.73,3.55,2.28,,,2.25,-0.776,,14.41,,,,94.3683
2014-03-29,,,,,,,,,,,330000.0,,,,,,,,,,,,,,,
2014-03-31,,,,,,,,,,,,,0.44,2.73,3.56,2.29,,,2.26,,,13.88,,,,94.2432
2014-04-01,17518.508,18185.911,101.9928,425546.0,236.468,237.072,96.987,95.413,6.2,138298.0,,62.8,0.44,2.77,3.6,2.33,0.09,,2.26,,84.1,13.1,1043.0,163.375,11276.0,94.1244
2014-04-02,,,,,,,,,,,,,0.47,2.82,3.65,2.35,,,2.25,,,13.09,,,,94.3103
2014-04-03,,,,,,,,,,,,,0.46,2.8,3.62,2.34,,,2.24,,,13.37,,,,94.512
2014-04-04,,,,,,,,,,,,,0.43,2.74,3.59,2.31,,,2.25,-0.774,,13.96,,,,94.2191
2014-04-05,,,,,,,,,,,311000.0,,,,,,,,,,,,,,,
2014-04-07,,,,,,,,,,,,,0.41,2.71,3.56,2.3,,,2.24,,,15.57,,,,94.0881
2014-04-08,,,,,,,,,,,,,0.4,2.69,3.54,2.29,,,2.26,,,14.89,,,,93.6579
2014-04-09,,,,,,,,,,,,,0.37,2.71,3.57,2.34,,,2.25,,,13.82,,,,93.6716
2014-04-10,,,,,,,,,,,,,0.37,2.65,3.52,2.28,,,2.24,,,15.89,,,,93.5123
2014-04-11,,,,,,,,,,,,,0.37,2.63,3.48,2.26,,,2.23,-0.771,,17.03,,,,93.6395
2014-04-12,,,,,,,,,,,308000.0,,,,,,,,,,,,,,,
2014-04-14,,,,,,,,,,,,,0.37,2.65,3.48,2.28,,,2.22,,,16.11,,,,93.8046
2014-04-15,,,,,,,,,,,,,0.39,2.64,3.46,2.25,,,2.2,,,15.61,,,,93.9486
2014-04-16,,,,,,,,,,,,,0.39,2.65,3.45,2.26,,,2.19,,,14.18,,,,93.9461
2014-04-17,,,,,,,,,,,,,0.43,2.73,3.52,2.3,,,2.16,,,13.36,,,,93.8936
2014-04-18,,,,,,,,,,,,,,,,,,,,-0.769,,,,,,93.9629
2014-04-19,,,,,,,,,,,327000.0,,,,,,,,,,,,,,,
2014-04-21,,,,,,,,,,,,,0.42,2.73,3.52,2.31,,,2.18,,,13.25,,,,94.0337
2014-04-22,,,,,,,,,,,,,0.45,2.73,3.5,2.28,,,2.15,,,13.19,,,,94.0802
2014-04-23,,,,,,,,,,,,,0.43,2.7,3.47,2.27,,,2.15,,,13.27,,,,94.149
2014-04-24,,,,,,,,,,,,,0.43,2.7,3.46,2.27,,,2.14,,,13.32,,,,94.1294
2014-04-25,,,,,,,,,,,,,0.43,2.68,3.45,2.25,,,2.13,-0.769,,14.06,,,,94.1623
2014-04-26,,,,,,,,,,,345000.0,,,,,,,,,,,,,,,
2014-04-28,,,,,,,,,,,,,0.44,2.7,3.47,2.26,,,2.13,,,13.97,,,,94.1374
2014-04-29,,,,,,,,,,,,,0.44,2.71,3.49,2.27,,,2.15,,,13.71,,,,94.0295
2014-04-30,,,,,,,,,,,,,0.42,2.67,3.47,2.25,,,2.16,,,13.41,,,,93.8896
2014-05-01,,,102.3836,426253.0,236.918,237.529,97.147,95.574,6.3,138513.0,,62.9,0.41,2.63,3.41,2.22,0.09,,2.14,,81.9,13.25,1007.0,163.641,11343.1,93.8707
2014-05-02,,,,,,,,,,,,,0.42,2.6,3.37,2.18,,,2.14,-0.77,,12.91,,,,93.8182
2014-05-03,,,,,,,,,,,325000.0,,,,,,,,,,,,,,,
2014-05-05,,,,,,,,,,,,,0.43,2.63,3.41,2.2,,,2.15,,,13.29,,,,93.7334
2014-05-06,,,,,,,,,,,,,0.43,2.61,3.38,2.18,,,2.15,,,13.8,,,,93.4324
2014-05-07,,,,,,,,,,,,,0.41,2.62,3.4,2.21,,,2.16,,,13.4,,,,93.4337
2014-05-08,,,,,,,,,,,,,0.4,2.61,3.45,2.21,,,2.18,,,13.43,,,,93.3686
2014-05-09,,,,,,,,,,,,,0.4,2.62,3.47,2.22,,,2.21,-0.773,,12.92,,,,93.6614
2014-05-10,,,,,,,,,,,303000.0,,,,,,,,,,,,,,,
2014-05-12,,,,,,,,,,,,,0.41,2.66,3.49,2.25,,,2.2,,,12.23,,,,93.6537
2014-05-13,,,,,,,,,,,,,0.39,2.61,3.45,2.22,,,2.21,,,12.13,,,,93.6755
2014-05-14,,,,,,,,,,,,,0.39,2.54,3.37,2.15,,,2.2,,,12.17,,,,93.5968
2014-05-15,,,,,,,,,,,,,0.38,2.5,3.33,2.12,,,2.22,,,13.17,,,,93.7065
2014-05-16,,,,,,,,,,,,,0.38,2.52,3.34,2.14,,,2.2,-0.777,,12.44,,,,93.6073
2014-05-17,,,,,,,,,,,324000.0,,,,,,,,,,,,,,,
2014-05-19,,,,,,,,,,,,,0.36,2.54,3.39,2.18,,,2.22,,,12.42,,,,93.502
2014-05-20,,,,,,,,,,,,,0.35,2.52,3.38,2.17,,,2.23,,,12.96,,,,93.6699
2014-05-21,,,,,,,,,,,,,0.37,2.54,3.42,2.17,,,2.26,,,11.91,,,,93.7629
2014-05-22,,,,,,,,,,,,,0.37,2.56,3.43,2.19,,,2.25,,,12.03,,,,93.6944
2014-05-23,,,,,,,,,,,,,0.37,2.54,3.4,2.17,,,2.24,-0.783,,11.36,,,,93.7042
2014-05-24,,,,,,,,,,,305000.0,,,,,,,,,,,,,,,
2014-05-26,,,,,,,,,,,,,,,,,,,,,,,,,,
2014-05-27,,,,,,,,,,,,,0.39,2.52,3.37,2.13,,,2.23,,,11.51,,,,93.8418
2014-05-28,,,,,,,,,,,,,0.37,2.44,3.29,2.07,,,2.23,,,11.68,,,,93.8793
2014-05-29,,,,,,,,,,,,,0.37,2.45,3.31,2.08,,,2.24,,,11.57,,,,93.6973
2014-05-30,,,,,,,,,,,,,0.37,2.48,3.33,2.11,,,2.22,-0.789,,11.4,,,,93.7606
2014-05-31,,,,,,,,,,,312000.0,,,,,,,,,,,,,,,
2014-06-01,,,102.735,427305.0,237.231,237.837,97.253,95.682,6.1,138849.0,,62.8,,,,,0.1,,,,82.5,,911.0,164.047,11398.4,
2014-06-02,,,,,,,,,,,,,0.39,2.54,3.38,2.15,,,2.22,,,11.58,,,,94.0006
2014-06-03,,,,,,,,,,,,,0.41,2.6,3.43,2.19,,,2.22,,,11.87,,,,94.0536
2014-06-04,,,,,,,,,,,,,0.41,2.61,3.45,2.2,,,2.23,,,12.08,,,,94.1239
2014-06-05,,,,,,,,,,,,,0.4,2.59,3.44,2.19,,,2.24,,,11.68,,,,93.9732
2014-06-06,,,,,,,,,,,,,0.41,2.6,3.44,2.19,,,2.23,-0.793,,10.73,,,,93.9069
2014-06-07,,,,,,,,,,,317000.0,,,,,,,,,,,,,,,
2014-06-09,,,,,,,,,,,,,0.43,2.62,3.45,2.19,,,2.22,,,11.15,,,,93.9628
2014-06-10,,,,,,,,,,,,,0.45,2.64,3.47,2.19,,,2.21,,,10.99,,,,94.0638
2014-06-11,,,,,,,,,,,,,0.44,2.65,3.47,2.21,,,2.2,,,11.6,,,,93.9744
2014-06-12,,,,,,,,,,,,,0.42,2.58,3.41,2.16,,,2.21,,,12.56,,,,93.8155
2014-06-13,,,,,,,,,,,,,0.45,2.6,3.41,2.15,,,2.19,-0.793,,12.18,,,,93.9168
2014-06-14,,,,,,,,,,,314000.0,,,,,,,,,,,,,,,
2014-06-16,,,,,,,,,,,,,0.49,2.61,3.4,2.12,,,2.17,,,12.65,,,,93.8639
2014-06-17,,,,,,,,,,,,,0.51,2.66,3.44,2.15,,,2.17,,,12.06,,,,94.0829
2014-06-18,,,,,,,,,,,,,0.48,2.61,3.43,2.13,,,2.19,,,10.61,,,,94.0525
2014-06-19,,,,,,,,,,,,,0.48,2.64,3.47,2.16,,,2.19,,,10.62,,,,93.752
2014-06-20,,,,,,,,,,,,,0.5,2.63,3.44,2.13,,,2.2,-0.79,,10.85,,,,93.7591
2014-06-21,,,,,,,,,,,315000.0,,,,,,,,,,,,,,,
2014-06-23,,,,,,,,,,,,,0.48,2.63,3.45,2.15,,,2.19,,,10.98,,,,93.628
2014-06-24,,,,,,,,,,,,,0.49,2.59,3.41,2.1,,,2.18,,,12.13,,,,93.7093
2014-06-25,,,,,,,,,,,,,0.48,2.57,3.38,2.09,,,2.18,,,11.59,,,,93.5851
2014-06-26,,,,,,,,,,,,,0.46,2.53,3.35,2.07,,,2.18,,,11.63,,,,93.5471
2014-06-27,,,,,,,,,,,,,0.45,2.54,3.36,2.09,,,2.2,-0.783,,11.26,,,,93.3983
2014-06-28,,,,,,,,,,,308000.0,,,,,,,,,,,,,,,
2014-06-30,,,,,,,,,,,,,0.47,2.53,3.34,2.06,,,2.18,,,11.57,,,,93.2058
2014-07-01,17804.228,18406.941,102.9632,428079.0,237.498,238.195,97.391,95.848,6.2,139072.0,,62.9,0.47,2.58,3.4,2.11,0.09,,2.19,,81.8,11.15,1085.0,164.573,11452.5,93.1365
2014-07-02,,,,,,,,,,,,,0.49,2.64,3.46,2.15,,,2.2,,,10.82,,,,93.2478
2014-07-03,,,,,,,,,,,,,0.52,2.65,3.47,2.13,,,2.21,,,10.32,,,,93.3149
2014-07-04,,,,,,,,,,,,,,,,,,,,-0.773,,,,,,
2014-07-05,,,,,,,,,,,302000.0,,,,,,,,,,,,,,,
2014-07-07,,,,,,,,,,,,,0.52,2.63,3.44,2.11,,,2.18,,,11.33,,,,93.3803
2014-07-08,,,,,,,,,,,,,0.51,2.58,3.38,2.07,,,2.18,,,11.98,,,,93.323
2014-07-09,,,,,,,,,,,,,0.51,2.57,3.37,2.06,,,2.17,,,11.65,,,,93.228
2014-07-10,,,,,,,,,,,,,0.46,2.55,3.38,2.09,,,2.2,,,12.59,,,,93.3152
2014-07-11,,,,,,,,,,,,,0.48,2.53,3.34,2.05,,,2.2,-0.761,,12.08,,,,93.4171
2014-07-12,,,,,,,,,,,308000.0,,,,,,,,,,,,,,,
2014-07-14,,,,,,,,,,,,,0.48,2.55,3.36,2.07,,,2.21,,,11.82,,,,93.4101
2014-07-15,,,,,,,,,,,,,0.49,2.56,3.37,2.07,,,2.2,,,11.96,,,,93.5796
2014-07-16,,,,,,,,,,,,,0.5,2.55,3.35,2.05,,,2.19,,,11.0,,,,93.5991
2014-07-17,,,,,,,,,,,,,0.47,2.47,3.27,2.0,,,2.22,,,14.54,,,,93.6586
2014-07-18,,,,,,,,,,,,,0.51,2.5,3.29,1.99,,,2.2,-0.749,,12.06,,,,93.6608
2014-07-19,,,,,,,,,,,294000.0,,,,,,,,,,,,,,,
2014-07-21,,,,,,,,,,,,,0.51,2.49,3.26,1.98,,,2.19,,,12.81,,,,93.6069
2014-07-22,,,,,,,,,,,,,0.49,2.48,3.25,1.99,,,2.19,,,12.24,,,,93.6306
2014-07-23,,,,,,,,,,,,,0.5,2.48,3.26,1.98,,,2.2,,,11.52,,,,93.5951
2014-07-24,,,,,,,,,,,,,0.53,2.52,3.3,1.99,,,2.2,,,11.84,,,,93.6836
2014-07-25,,,,,,,,,,,,,0.53,2.48,3.24,1.95,,,2.19,-0.739,,12.69,,,,93.8294
2014-07-26,,,,,,,,,,,303000.0,,,,,,,,,,,,,,,
2014-07-28,,,,,,,,,,,,,0.54,2.5,3.26,1.96,,,2.19,,,12.56,,,,93.83
2014-07-29,,,,,,,,,,,,,0.54,2.47,3.22,1.93,,,2.18,,,13.28,,,,94.0443
2014-07-30,,,,,,,,,,,,,0.56,2.57,3.31,2.01,,,2.17,,,13.33,,,,94.3473
2014-07-31,,,,,,,,,,,,,0.53,2.58,3.32,2.05,,,2.17,,,16.95,,,,94.4467
2014-08-01,,,102.7688,431379.0,237.46,238.405,97.379,95.885,6.1,139269.0,,62.9,0.47,2.52,3.29,2.05,0.09,,2.23,-0.73,82.5,17.03,984.0,165.196,11477.8,94.4754
2014-08-02,,,,,,,,,,,295000.0,,,,,,,,,,,,,,,
2014-08-04,,,,,,,,,,,,,0.47,2.51,3.3,2.04,,,2.24,,,15.12,,,,94.448
2014-08-05,,,,,,,,,,,,,0.47,2.49,3.28,2.02,,,2.25,,,16.87,,,,94.6754
2014-08-06,,,,,,,,,,,,,0.48,2.49,3.27,2.01,,,2.26,,,16.37,,,,94.6092
2014-08-07,,,,,,,,,,,,,0.44,2.43,3.23,1.99,,,2.28,,,16.66,,,,94.6364
2014-08-08,,,,,,,,,,,,,0.45,2.44,3.23,1.99,,,2.27,-0.725,,15.77,,,,94.6027
2014-08-09,,,,,,,,,,,309000.0,,,,,,,,,,,,,,,
2014-08-11,,,,,,,,,,,,,0.47,2.44,3.24,1.97,,,2.28,,,14.23,,,,94.4767
2014-08-12,,,,,,,,,,,,,0.45,2.46,3.27,2.01,,,2.29,,,14.13,,,,94.5211
2014-08-13,,,,,,,,,,,,,0.43,2.43,3.24,2.0,,,2.31,,,12.9,,,,94.4681
2014-08-14,,,,,,,,,,,,,0.42,2.4,3.2,1.98,,,2.29,,,12.42,,,,94.3508
2014-08-15,,,,,,,,,,,,,0.42,2.34,3.13,1.92,,,2.29,-0.724,,13.15,,,,94.2941
2014-08-16,,,,,,,,,,,303000.0,,,,,,,,,,,,,,,
2014-08-18,,,,,,,,,,,,,0.44,2.39,3.2,1.95,,,2.31,,,12.32,,,,94.2519
2014-08-19,,,,,,,,,,,,,0.46,2.4,3.21,1.94,,,2.33,,,12.21,,,,94.4356
2014-08-20,,,,,,,,,,,,,0.49,2.43,3.22,1.94,,,2.3,,,11.78,,,,94.5937
2014-08-21,,,,,,,,,,,,,0.49,2.41,3.19,1.92,,,2.28,,,11.76,,,,94.673
2014-08-22,,,,,,,,,,,,,0.53,2.4,3.16,1.87,,,2.26,-0.724,,11.47,,,,94.8012
2014-08-23,,,,,,,,,,,300000.0,,,,,,,,,,,,,,,
2014-08-25,,,,,,,,,,,,,0.53,2.39,3.13,1.86,,,2.25,,,11.7,,,,94.9159
2014-08-26,,,,,,,,,,,,,0.52,2.39,3.15,1.87,,,2.26,,,11.63,,,,94.8617
2014-08-27,,,,,,,,,,,,,0.51,2.37,3.11,1.86,,,2.24,,,11.78,,,,94.6863
2014-08-28,,,,,,,,,,,,,0.5,2.34,3.08,1.84,,,2.23,,,12.05,,,,94.6947
2014-08-29,,,,,,,,,,,,,0.48,2.35,3.09,1.87,,,2.23,-0.721,,11.98,,,,94.7251
2014-08-30,,,,,,,,,,,303000.0,,,,,,,,,,,,,,,
2014-09-01,,,103.0641,430189.0,237.477,238.786,97.413,96.013,5.9,139563.0,,62.8,,,,,0.09,,,,84.6,,1023.0,165.888,11520.7,
2014-09-02,,,,,,,,,,,,,0.53,2.42,3.17,1.89,,,2.25,,,12.25,,,,95.063
2014-09-03,,,,,,,,,,,,,0.52,2.41,3.15,1.89,,,2.24,,,12.36,,,,94.8709
2014-09-04,,,,,,,,,,,,,0.54,2.45,3.21,1.91,,,2.25,,,12.64,,,,95.2641
2014-09-05,,,,,,,,,,,,,0.52,2.46,3.23,1.94,,,2.29,-0.715,,12.09,,,,95.2203
2014-09-06,,,,,,,,,,,307000.0,,,,,,,,,,,,,,,
2014-09-08,,,,,,,,,,,,,0.54,2.48,3.23,1.94,,,2.26,,,12.66,,,,95.4167
2014-09-09,,,,,,,,,,,,,0.56,2.5,3.23,1.94,,,2.25,,,13.5,,,,95.8811
2014-09-10,,,,,,,,,,,,,0.58,2.54,3.26,1.96,,,2.26,,,12.88,,,,95.8641
2014-09-11,,,,,,,,,,,,,0.58,2.54,3.27,1.96,,,2.25,,,12.8,,,,95.9184
2014-09-12,,,,,,,,,,,,,0.58,2.62,3.35,2.04,,,2.27,-0.705,,13.31,,,,96.0748
2014-09-13,,,,,,,,,,,288000.0,,,,,,,,,,,,,,,
2014-09-15,,,,,,,,,,,,,0.58,2.6,3.34,2.02,,,2.28,,,14.12,,,,96.1195
2014-09-16,,,,,,,,,,,,,0.55,2.6,3.36,2.05,,,2.3,,,12.73,,,,95.8483
2014-09-17,,,,,,,,,,,,,0.59,2.62,3.37,2.03,,,2.29,,,12.65,,,,95.9106
2014-09-18,,,,,,,,,,,,,0.59,2.63,3.36,2.04,,,2.28,,,12.03,,,,96.1284
2014-09-19,,,,,,,,,,,,,0.59,2.59,3.29,2.0,,,2.26,-0.69,,12.11,,,,96.3417
2014-09-20,,,,,,,,,,,295000.0,,,,,,,,,,,,,,,
2014-09-22,,,,,,,,,,,,,0.58,2.57,3.28,1.99,,,2.27,,,13.69,,,,96.4625
2014-09-23,,,,,,,,,,,,,0.57,2.54,3.25,1.97,,,2.26,,,14.93,,,,96.5112
2014-09-24,,,,,,,,,,,,,0.59,2.57,3.28,1.98,,,2.27,,,13.27,,,,96.6574
2014-09-25,,,,,,,,,,,,,0.56,2.52,3.22,1.96,,,2.27,,,15.64,,,,96.8988
2014-09-26,,,,,,,,,,,,,0.59,2.54,3.22,1.95,,,2.27,-0.672,,14.85,,,,97.208
2014-09-27,,,,,,,,,,,290000.0,,,,,,,,,,,,,,,
2014-09-29,,,,,,,,,,,,,0.58,2.5,3.18,1.92,,,2.27,,,15.98,,,,97.3523
2014-09-30,,,,,,,,,,,,,0.58,2.52,3.21,1.94,,,2.29,,,16.31,,,,97.5261
2014-10-01,17912.079,18500.031,103.0764,431903.0,237.43,239.191,97.384,96.096,5.7,139798.0,,62.9,0.53,2.42,3.12,1.89,0.09,,2.31,,86.9,16.71,1074.0,166.626,11596.5,97.5387
2014-10-02,,,,,,,,,,,,,0.53,2.44,3.15,1.91,,,2.32,,,16.16,,,,97.3062
2014-10-03,,,,,,,,,,,,,0.57,2.45,3.13,1.88,,,2.29,-0.656,,14.55,,,,97.9846
2014-10-04,,,,,,,,,,,293000.0,,,,,,,,,,,,,,,
2014-10-06,,,,,,,,,,,,,0.54,2.43,3.12,1.89,,,2.3,,,15.46,,,,97.5513
2014-10-07,,,,,,,,,,,,,0.52,2.36,3.06,1.84,,,2.3,,,17.2,,,,97.4459
2014-10-08,,,,,,,,,,,,,0.46,2.35,3.07,1.89,,,2.32,,,15.11,,,,97.4945
2014-10-09,,,,,,,,,,,,,0.46,2.34,3.07,1.88,,,2.34,,,18.76,,,,97.1711
2014-10-10,,,,,,,,,,,,,0.45,2.31,3.03,1.86,,,2.36,-0.644,,21.24,,,,97.4144
2014-10-11,,,,,,,,,,,281000.0,,,,,,,,,,,,,,,
2014-10-13,,,,,,,,,,,,,,,,,,,,,,24.64,,,,
2014-10-14,,,,,,,,,,,,,0.39,2.21,2.95,1.82,,,2.39,,,22.79,,,,97.3943
2014-10-15,,,,,,,,,,,,,0.34,2.15,2.92,1.81,,,2.44,,,26.25,,,,97.3532
2014-10-16,,,,,,,,,,,,,0.35,2.17,2.94,1.82,,,2.47,,,25.2,,,,97.2869
2014-10-17,,,,,,,,,,,,,0.39,2.22,2.98,1.83,,,2.44,-0.637,,21.99,,,,97.3067
2014-10-18,,,,,,,,,,,290000.0,,,,,,,,,,,,,,,
2014-10-20,,,,,,,,,,,,,0.37,2.2,2.96,1.83,,,2.45,,,18.57,,,,97.2874
2014-10-21,,,,,,,,,,,,,0.38,2.23,3.0,1.85,,,2.43,,,16.08,,,,97.2488
2014-10-22,,,,,,,,,,,,,0.41,2.25,3.01,1.84,,,2.42,,,17.87,,,,97.459
2014-10-23,,,,,,,,,,,,,0.41,2.29,3.05,1.88,,,2.42,,,16.53,,,,97.6047
2014-10-24,,,,,,,,,,,,,0.41,2.29,3.05,1.88,,,2.43,-0.638,,16.11,,,,97.4772
2014-10-25,,,,,,,,,,,291000.0,,,,,,,,,,,,,,,
2014-10-27,,,,,,,,,,,,,0.41,2.27,3.04,1.86,,,2.44,,,16.04,,,,97.5423
2014-10-28,,,,,,,,,,,,,0.42,2.3,3.06,1.88,,,2.43,,,14.39,,,,97.2173
2014-10-29,,,,,,,,,,,,,0.48,2.34,3.06,1.86,,,2.36,,,15.15,,,,97.0145
2014-10-30,,,,,,,,,,,,,0.48,2.32,3.04,1.84,,,2.39,,,14.52,,,,97.456
2014-10-31,,,,,,,,,,,,,0.5,2.35,3.07,1.85,,,2.39,-0.643,,14.03,,,,98.1163
2014-11-01,,,103.7126,433113.0,236.983,239.458,97.291,96.181,5.8,140089.0,280000.0,62.9,,,,,0.09,,,,88.8,,1001.0,167.319,11638.9,
2014-11-03,,,,,,,,,,,,,0.52,2.36,3.07,1.84,,,2.39,,,14.73,,,,98.5336
2014-11-04,,,,,,,,,,,,,0.52,2.35,3.05,1.83,,,2.39,,,14.89,,,,98.5576
2014-11-05,,,,,,,,,,,,,0.52,2.36,3.06,1.84,,,2.39,,,14.17,,,,98.8086
2014-11-06,,,,,,,,,,,,,0.54,2.39,3.09,1.85,,,2.4,,,13.67,,,,99.1325
2014-11-07,,,,,,,,,,,,,0.51,2.32,3.04,1.81,,,2.43,-0.65,,13.12,,,,99.0236
2014-11-08,,,,,,,,,,,291000.0,,,,,,,,,,,,,,,
2014-11-10,,,,,,,,,,,,,0.55,2.38,3.09,1.83,,,2.41,,,12.67,,,,98.9305
2014-11-11,,,,,,,,,,,,,,,,,,,,,,12.92,,,,
2014-11-12,,,,,,,,,,,,,0.55,2.37,3.09,1.82,,,2.43,,,13.02,,,,98.8897
2014-11-13,,,,,,,,,,,,,0.53,2.35,3.08,1.82,,,2.47,,,13.79,,,,99.1045
2014-11-14,,,,,,,,,,,,,0.54,2.32,3.04,1.78,,,2.48,-0.655,,13.31,,,,99.0917
2014-11-15,,,,,,,,,,,293000.0,,,,,,,,,,,,,,,
2014-11-17,,,,,,,,,,,,,0.54,2.34,3.06,1.8,,,2.49,,,13.99,,,,99.2188
2014-11-18,,,,,,,,,,,,,0.53,2.32,3.05,1.79,,,2.52,,,13.86,,,,99.0185
2014-11-19,,,,,,,,,,,,,0.54,2.36,3.08,1.82,,,2.51,,,13.96,,,,99.2424
2014-11-20,,,,,,,,,,,,,0.53,2.34,3.05,1.81,,,2.52,,,13.58,,,,99.2554
2014-11-21,,,,,,,,,,,,,0.53,2.31,3.02,1.78,,,2.49,-0.655,,12.9,,,,99.2894
2014-11-22,,,,,,,,,,,303000.0,,,,,,,,,,,,,,,
2014-11-24,,,,,,,,,,,,,0.53,2.3,3.01,1.77,,,2.5,,,12.62,,,,99.4227
2014-11-25,,,,,,,,,,,,,0.51,2.27,2.97,1.76,,,2.46,,,12.25,,,,99.2837
2014-11-26,,,,,,,,,,,,,0.53,2.24,2.95,1.71,,,2.47,,,12.07,,,,99.1893
2014-11-27,,,,,,,,,,,,,,,,,,,,,,,,,,
2014-11-28,,,,,,,,,,,,,0.47,2.18,2.89,1.71,,,2.52,-0.648,,13.33,,,,100.0719
2014-11-29,,,,,,,,,,,291000.0,,,,,,,,,,,,,,,
2014-12-01,,,103.7044,430110.0,236.252,239.584,97.12,96.249,5.6,140364.0,,62.8,0.49,2.22,2.95,1.73,0.12,,2.54,,93.6,14.29,1073.0,168.036,11721.2,99.8964
2014-12-02,,,,,,,,,,,,,0.55,2.28,3.0,1.73,,,2.54,,,12.85,,,,100.4478
2014-12-03,,,,,,,,,,,,,0.57,2.29,2.99,1.72,,,2.52,,,12.47,,,,100.5696
2014-12-04,,,,,,,,,,,,,0.55,2.25,2.94,1.7,,,2.53,,,12.38,,,,100.3931
2014-12-05,,,,,,,,,,,,,0.65,2.31,2.97,1.66,,,2.48,-0.636,,11.82,,,,101.0989
2014-12-06,,,,,,,,,,,291000.0,,,,,,,,,,,,,,,
2014-12-08,,,,,,,,,,,,,0.64,2.26,2.9,1.62,,,2.48,,,14.21,,,,101.31
2014-12-09,,,,,,,,,,,,,0.64,2.22,2.87,1.58,,,2.51,,,14.89,,,,100.8095
2014-12-10,,,,,,,,,,,,,0.59,2.18,2.83,1.59,,,2.53,,,18.53,,,,101.0212
2014-12-11,,,,,,,,,,,,,0.62,2.19,2.84,1.57,,,2.53,,,20.08,,,,101.4448
2014-12-12,,,,,,,,,,,,,0.56,2.1,2.75,1.54,,,2.58,-0.616,,21.08,,,,101.3735
2014-12-13,,,,,,,,,,,286000.0,,,,,,,,,,,,,,,
2014-12-15,,,,,,,,,,,,,0.6,2.12,2.74,1.52,,,2.56,,,20.42,,,,101.674
2014-12-16,,,,,,,,,,,,,0.58,2.07,2.69,1.49,,,2.6,,,23.57,,,,101.526
2014-12-17,,,,,,,,,,,,,0.62,2.14,2.74,1.52,,,2.6,,,19.44,,,,101.5527
2014-12-18,,,,,,,,,,,,,0.67,2.22,2.82,1.55,,,2.56,,,16.81,,,,101.7531
2014-12-19,,,,,,,,,,,,,0.67,2.17,2.77,1.5,,,2.56,-0.593,,16.49,,,,102.0483
2014-12-20,,,,,,,,,,,276000.0,,,,,,,,,,,,,,,
2014-12-22,,,,,,,,,,,,,0.71,2.17,2.75,1.46,,,2.53,,,15.25,,,,101.9942
2014-12-23,,,,,,,,,,,,,0.73,2.26,2.85,1.53,,,2.53,,,14.8,,,,102.348
2014-12-24,,,,,,,,,,,,,0.73,2.27,2.83,1.54,,,2.5,,,14.37,,,,102.3028
2014-12-25,,,,,,,,,,,,,,,,,,,,,,,,,,
2014-12-26,,,,,,,,,,,,,0.73,2.25,2.81,1.52,,,2.5,-0.571,,14.5,,,,
2014-12-27,,,,,,,,,,,285000.0,,,,,,,,,,,,,,,
2014-12-29,,,,,,,,,,,,,0.72,2.22,2.78,1.5,,,2.49,,,15.06,,,,102.3767
2014-12-30,,,,,,,,,,,,,0.69,2.2,2.76,1.51,,,2.49,,,15.92,,,,102.1019
2014-12-31,,,,,,,,,,,,,0.67,2.17,2.75,1.5,,,2.51,,,19.2,,,,102.2843
2015-01-01,18063.529,18666.621,102.8905,428208.0,234.747,239.811,96.654,96.214,5.7,140568.0,,62.9,,,,,0.11,,,,98.1,,1085.0,168.61,11806.2,
2015-01-02,,,,,,,,,,,,,0.66,2.12,2.69,1.46,,,2.51,-0.549,,17.79,,,,102.9027
2015-01-03,,,,,,,,,,,294000.0,,,,,,,,,,,,,,,
2015-01-05,,,,,,,,,,,,,0.68,2.04,2.6,1.36,,,2.52,,,19.92,,,,103.4976
2015-01-06,,,,,,,,,,,,,0.65,1.97,2.52,1.32,,,2.52,,,21.12,,,,103.2938
2015-01-07,,,,,,,,,,,,,0.62,1.96,2.52,1.34,,,2.53,,,19.31,,,,103.6316
2015-01-08,,,,,,,,,,,,,0.62,2.03,2.59,1.41,,,2.54,,,17.01,,,,103.2799
2015-01-09,,,,,,,,,,,,,0.59,1.98,2.55,1.39,,,2.55,-0.53,,17.55,,,,103.1213
2015-01-10,,,,,,,,,,,304000.0,,,,,,,,,,,,,,,
2015-01-12,,,,,,,,,,,,,0.56,1.92,2.49,1.36,,,2.55,,,19.6,,,,103.2372
2015-01-13,,,,,,,,,,,,,0.54,1.91,2.49,1.37,,,2.55,,,20.56,,,,103.27
2015-01-14,,,,,,,,,,,,,0.51,1.86,2.47,1.35,,,2.58,,,21.48,,,,103.0903
2015-01-15,,,,,,,,,,,,,0.44,1.77,2.4,1.33,,,2.65,,,22.39,,,,103.0829
2015-01-16,,,,,,,,,,,,,0.49,1.83,2.44,1.34,,,2.62,-0.516,,20.95,,,,103.2189
2015-01-17,,,,,,,,,,,298000.0,,,,,,,,,,,,,,,
2015-01-19,,,,,,,,,,,,,,,,,,,,,,,,,,
2015-01-20,,,,,,,,,,,,,0.53,1.82,2.39,1.29,,,2.61,,,19.89,,,,103.5233
2015-01-21,,,,,,,,,,,,,0.53,1.87,2.44,1.34,,,2.59,,,18.85,,,,103.7858
2015-01-22,,,,,,,,,,,,,0.53,1.9,2.46,1.37,,,2.59,,,16.4,,,,103.9271
2015-01-23,,,,,,,,,,,,,0.52,1.81,2.38,1.29,,,2.6,-0.508,,16.66,,,,104.3676
2015-01-24,,,,,,,,,,,261000.0,,,,,,,,,,,,,,,
2015-01-26,,,,,,,,,,,,,0.54,1.83,2.4,1.29,,,2.58,,,15.52,,,,104.4818
2015-01-27,,,,,,,,,,,,,0.54,1.83,2.4,1.29,,,2.59,,,17.22,,,,104.1646
2015-01-28,,,,,,,,,,,,,0.5,1.73,2.29,1.23,,,2.59,,,20.44,,,,104.4737
2015-01-29,,,,,,,,,,,,,0.51,1.77,2.33,1.26,,,2.58,,,18.76,,,,105.2763
2015-01-30,,,,,,,,,,,,,0.47,1.68,2.25,1.21,,,2.61,-0.506,,20.97,,,,105.5884
2015-01-31,,,,,,,,,,,281000.0,,,,,,,,,,,,,,,
2015-02-01,,,102.2335,427119.0,235.342,240.172,96.825,96.324,5.5,140827.0,,62.7,,,,,0.11,,,,95.4,,886.0,169.103,11920.7,
2015-02-02,,,,,,,,,,,,,0.49,1.68,2.25,1.19,,,2.61,,,19.43,,,,105.2058
2015-02-03,,,,,,,,,,,,,0.52,1.79,2.37,1.27,,,2.61,,,17.33,,,,104.6063
2015-02-04,,,,,,,,,,,,,0.52,1.81,2.39,1.29,,,2.6,,,18.33,,,,104.785
2015-02-05,,,,,,,,,,,,,0.52,1.83,2.42,1.31,,,2.6,,,16.85,,,,104.4915
2015-02-06,,,,,,,,,,,,,0.65,1.95,2.51,1.3,,,2.55,-0.508,,17.29,,,,105.1283
2015-02-07,,,,,,,,,,,298000.0,,,,,,,,,,,,,,,
2015-02-09,,,,,,,,,,,,,0.65,1.96,2.52,1.31,,,2.53,,,18.55,,,,104.9889
2015-02-10,,,,,,,,,,,,,0.67,2.01,2.58,1.34,,,2.53,,,17.23,,,,105.2897
2015-02-11,,,,,,,,,,,,,0.67,2.0,2.57,1.33,,,2.53,,,16.96,,,,105.7901
2015-02-12,,,,,,,,,,,,,0.61,1.99,2.58,1.38,,,2.54,,,15.34,,,,104.9385
2015-02-13,,,,,,,,,,,,,0.66,2.02,2.63,1.36,,,2.55,-0.514,,14.69,,,,104.8452
2015-02-14,,,,,,,,,,,285000.0,,,,,,,,,,,,,,,
2015-02-16,,,,,,,,,,,,,,,,,,,,,,,,,,
2015-02-17,,,,,,,,,,,,,0.7,2.14,2.73,1.44,,,2.53,,,15.8,,,,
2015-02-18,,,,,,,,,,,,,0.62,2.07,2.7,1.45,,,2.53,,,15.45,,,,105.2514
2015-02-19,,,,,,,,,,,,,0.67,2.11,2.73,1.44,,,2.53,,,15.29,,,,105.1407
2015-02-20,,,,,,,,,,,,,0.67,2.13,2.73,1.46,,,2.5,-0.522,,14.3,,,,105.3387
2015-02-21,,,,,,,,,,,305000.0,,,,,,,,,,,,,,,
2015-02-23,,,,,,,,,,,,,0.64,2.06,2.66,1.42,,,2.48,,,14.56,,,,105.5359
2015-02-24,,,,,,,,,,,,,0.6,1.99,2.6,1.39,,,2.49,,,13.69,,,,105.5472
2015-02-25,,,,,,,,,,,,,0.61,1.96,2.56,1.35,,,2.49,,,13.84,,,,105.0503
2015-02-26,,,,,,,,,,,,,0.66,2.03,2.63,1.37,,,2.44,,,13.91,,,,105.5021
2015-02-27,,,,,,,,,,,,,0.63,2.0,2.6,1.37,,,2.46,-0.53,,13.34,,,,105.5981
2015-02-28,,,,,,,,,,,317000.0,,,,,,,,,,,,,,,
2015-03-01,,,101.8914,433647.0,235.976,240.755,97.008,96.47,5.4,140923.0,,62.6,,,,,0.11,,,,93.0,,960.0,169.776,11919.1,
2015-03-02,,,,,,,,,,,,,0.66,2.08,2.68,1.42,,,2.48,,,13.04,,,,105.8151
2015-03-03,,,,,,,,,,,,,0.68,2.12,2.71,1.44,,,2.46,,,13.86,,,,105.5562
2015-03-04,,,,,,,,,,,,,0.66,2.12,2.72,1.46,,,2.46,,,14.23,,,,106.1333
2015-03-05,,,,,,,,,,,,,0.65,2.11,2.71,1.46,,,2.47,,,14.04,,,,
2015-03-06,,,,,,,,,,,,,0.73,2.24,2.83,1.51,,,2.45,-0.537,,15.2,,,,107.4337
2015-03-07,,,,,,,,,,,293000.0,,,,,,,,,,,,,,,
2015-03-09,,,,,,,,,,,,,0.7,2.2,2.8,1.5,,,2.46,,,15.06,,,,107.5199
2015-03-10,,,,,,,,,,,,,0.7,2.14,2.73,1.44,,,2.45,,,16.69,,,,108.1165
2015-03-11,,,,,,,,,,,,,0.7,2.11,2.69,1.41,,,2.45,,,16.87,,,,108.5235
2015-03-12,,,,,,,,,,,,,0.67,2.1,2.69,1.43,,,2.46,,,15.42,,,,108.1741
2015-03-13,,,,,,,,,,,,,0.68,2.13,2.7,1.45,,,2.47,-0.542,,16.0,,,,108.9174
2015-03-14,,,,,,,,,,,290000.0,,,,,,,,,,,,,,,
2015-03-16,,,,,,,,,,,,,0.66,2.1,2.67,1.44,,,2.48,,,15.61,,,,108.6422
2015-03-17,,,,,,,,,,,,,0.7,2.06,2.61,1.36,,,2.49,,,15.66,,,,108.5805
2015-03-18,,,,,,,,,,,,,0.57,1.93,2.51,1.36,,,2.55,,,13.97,,,,108.408
2015-03-19,,,,,,,,,,,,,0.63,1.98,2.54,1.35,,,2.5,,,14.07,,,,108.1826
2015-03-20,,,,,,,,,,,,,0.6,1.93,2.5,1.33,,,2.51,-0.546,,13.02,,,,107.1671
2015-03-21,,,,,,,,,,,284000.0,,,,,,,,,,,,,,,
2015-03-23,,,,,,,,,,,,,0.6,1.92,2.51,1.32,,,2.54,,,13.41,,,,106.5022
2015-03-24,,,,,,,,,,,,,0.58,1.88,2.46,1.3,,,2.53,,,13.62,,,,106.4401
2015-03-25,,,,,,,,,,,,,0.59,1.93,2.5,1.34,,,2.53,,,15.44,,,,106.2636
2015-03-26,,,,,,,,,,,,,0.61,2.01,2.6,1.4,,,2.55,,,15.8,,,,106.5582
2015-03-27,,,,,,,,,,,,,0.58,1.95,2.53,1.37,,,2.53,-0.549,,15.07,,,,106.8916
2015-03-28,,,,,,,,,,,269000.0,,,,,,,,,,,,,,,
2015-03-30,,,,,,,,,,,,,0.58,1.96,2.55,1.38,,,2.55,,,14.51,,,,107.3941
2015-03-31,,,,,,,,,,,,,0.56,1.94,2.54,1.38,,,2.55,,,15.29,,,,107.4396
2015-04-01,18279.784,18782.243,101.3355,434470.0,236.222,241.346,97.094,96.648,5.4,141196.0,,62.8,0.55,1.87,2.47,1.32,0.12,,2.55,,95.9,15.11,1190.0,170.279,11953.4,107.06
2015-04-02,,,,,,,,,,,,,0.55,1.92,2.53,1.37,,,2.55,,,14.67,,,,106.6738
2015-04-03,,,,,,,,,,,,,0.49,1.85,2.49,1.36,,,2.58,-0.551,,,,,,105.8861
2015-04-04,,,,,,,,,,,282000.0,,,,,,,,,,,,,,,
2015-04-06,,,,,,,,,,,,,0.51,1.92,2.57,1.41,,,2.58,,,14.74,,,,105.7876
2015-04-07,,,,,,,,,,,,,0.52,1.89,2.52,1.37,,,2.56,,,14.78,,,,106.4488
2015-04-08,,,,,,,,,,,,,0.54,1.92,2.53,1.38,,,2.51,,,13.98,,,,106.4231
2015-04-09,,,,,,,,,,,,,0.56,1.97,2.61,1.41,,,2.53,,,13.09,,,,107.0335
2015-04-10,,,,,,,,,,,,,0.57,1.96,2.58,1.39,,,2.53,-0.554,,12.58,,,,107.4526
2015-04-11,,,,,,,,,,,298000.0,,,,,,,,,,,,,,,
2015-04-13,,,,,,,,,,,,,0.54,1.94,2.58,1.4,,,2.54,,,13.94,,,,107.7508
2015-04-14,,,,,,,,,,,,,0.53,1.9,2.54,1.37,,,2.54,,,13.67,,,,107.0547
2015-04-15,,,,,,,,,,,,,0.51,1.91,2.55,1.4,,,2.54,,,12.84,,,,107.1855
2015-04-16,,,,,,,,,,,,,0.5,1.9,2.56,1.4,,,2.55,,,12.6,,,,106.2761
2015-04-17,,,,,,,,,,,,,0.51,1.87,2.51,1.36,,,2.53,-0.555,,13.89,,,,106.329
2015-04-18,,,,,,,,,,,295000.0,,,,,,,,,,,,,,,
2015-04-20,,,,,,,,,,,,,0.55,1.9,2.56,1.35,,,2.55,,,13.3,,,,106.4902
2015-04-21,,,,,,,,,,,,,0.55,1.92,2.58,1.37,,,2.54,,,13.25,,,,106.5582
2015-04-22,,,,,,,,,,,,,0.57,1.99,2.66,1.42,,,2.53,,,12.71,,,,106.5815
2015-04-23,,,,,,,,,,,,,0.55,1.96,2.63,1.41,,,2.54,,,12.48,,,,106.1658
2015-04-24,,,,,,,,,,,,,0.54,1.93,2.62,1.39,,,2.56,-0.557,,12.29,,,,105.905
2015-04-25,,,,,,,,,,,269000.0,,,,,,,,,,,,,,,
2015-04-27,,,,,,,,,,,,,0.54,1.94,2.61,1.4,,,2.54,,,13.12,,,,105.6891
2015-04-28,,,,,,,,,,,,,0.56,2.0,2.68,1.44,,,2.55,,,12.41,,,,105.1234
2015-04-29,,,,,,,,,,,,,0.56,2.06,2.76,1.5,,,2.58,,,13.39,,,,104.5634
2015-04-30,,,,,,,,,,,,,0.58,2.05,2.75,1.47,,,2.6,,,14.55,,,,105.312
2015-05-01,,,100.8883,437865.0,237.001,241.688,97.327,96.766,5.6,141538.0,,62.9,0.6,2.12,2.82,1.52,0.12,,2.61,-0.557,90.7,12.7,1079.0,170.861,11981.9,105.6382
2015-05-02,,,,,,,,,,,267000.0,,,,,,,,,,,,,,,
2015-05-04,,,,,,,,,,,,,0.6,2.16,2.88,1.56,,,2.61,,,12.85,,,,105.6679
2015-05-05,,,,,,,,,,,,,0.62,2.19,2.9,1.57,,,2.62,,,14.31,,,,105.2396
2015-05-06,,,,,,,,,,,,,0.65,2.25,2.98,1.6,,,2.64,,,15.15,,,,104.6935
2015-05-07,,,,,,,,,,,,,0.63,2.18,2.9,1.55,,,2.64,,,15.13,,,,105.1941
2015-05-08,,,,,,,,,,,,,0.59,2.16,2.9,1.57,,,2.65,-0.556,,12.86,,,,104.8424
2015-05-09,,,,,,,,,,,271000.0,,,,,,,,,,,,,,,
2015-05-11,,,,,,,,,,,,,0.62,2.28,3.03,1.66,,,2.66,,,13.85,,,,105.3075
2015-05-12,,,,,,,,,,,,,0.61,2.28,3.02,1.67,,,2.65,,,13.86,,,,104.8924
2015-05-13,,,,,,,,,,,,,0.59,2.27,3.07,1.68,,,2.71,,,13.76,,,,104.3608
2015-05-14,,,,,,,,,,,,,0.56,2.23,3.03,1.67,,,2.74,,,12.74,,,,104.2359
2015-05-15,,,,,,,,,,,,,0.55,2.14,2.93,1.59,,,2.72,-0.555,,12.38,,,,104.0202
2015-05-16,,,,,,,,,,,276000.0,,,,,,,,,,,,,,,
2015-05-18,,,,,,,,,,,,,0.58,2.23,3.02,1.65,,,2.73,,,12.73,,,,104.6068
2015-05-19,,,,,,,,,,,,,0.63,2.27,3.05,1.64,,,2.71,,,12.85,,,,105.3448
2015-05-20,,,,,,,,,,,,,0.6,2.26,3.06,1.66,,,2.73,,,12.88,,,,105.5605
2015-05-21,,,,,,,,,,,,,0.6,2.19,2.98,1.59,,,2.75,,,12.11,,,,105.3808
2015-05-22,,,,,,,,,,,,,0.64,2.21,2.99,1.57,,,2.74,-0.555,,12.13,,,,105.8487
2015-05-23,,,,,,,,,,,281000.0,,,,,,,,,,,,,,,
2015-05-25,,,,,,,,,,,,,,,,,,,,,,,,,,
2015-05-26,,,,,,,,,,,,,0.64,2.14,2.89,1.5,,,2.73,,,14.06,,,,106.7294
2015-05-27,,,,,,,,,,,,,0.64,2.14,2.88,1.5,,,2.71,,,13.27,,,,106.908
2015-05-28,,,,,,,,,,,,,0.62,2.13,2.89,1.51,,,2.75,,,13.31,,,,106.92
2015-05-29,,,,,,,,,,,,,0.61,2.12,2.88,1.51,,,2.72,-0.554,,13.84,,,,106.7388
2015-05-30,,,,,,,,,,,275000.0,,,,,,,,,,,,,,,
2015-06-01,,,100.571,437951.0,237.657,242.064,97.516,96.882,5.3,141709.0,,62.7,0.64,2.19,2.94,1.55,0.13,,2.75,,96.1,13.97,1205.0,171.453,12020.9,107.2238
2015-06-02,,,,,,,,,,,,,0.64,2.27,3.02,1.63,,,2.75,,,14.24,,,,106.4507
2015-06-03,,,,,,,,,,,,,0.69,2.38,3.11,1.69,,,2.72,,,13.66,,,,106.1443
2015-06-04,,,,,,,,,,,,,0.66,2.31,3.03,1.65,,,2.72,,,14.71,,,,106.4725
2015-06-05,,,,,,,,,,,,,0.73,2.41,3.11,1.68,,,2.69,-0.552,,14.21,,,,107.1336
2015-06-06,,,,,,,,,,,278000.0,,,,,,,,,,,,,,,
2015-06-08,,,,,,,,,,,,,0.7,2.39,3.11,1.69,,,2.7,,,15.29,,,,106.7693
2015-06-09,,,,,,,,,,,,,0.72,2.42,3.15,1.7,,,2.73,,,14.47,,,,106.2238
2015-06-10,,,,,,,,,,,,,0.75,2.5,3.22,1.75,,,2.7,,,13.22,,,,105.8037
2015-06-11,,,,,,,,,,,,,0.73,2.39,3.11,1.66,,,2.71,,,12.85,,,,106.0934
2015-06-12,,,,,,,,,,,,,0.74,2.39,3.1,1.65,,,2.7,-0.551,,13.78,,,,105.9015
2015-06-13,,,,,,,,,,,269000.0,,,,,,,,,,,,,,,
2015-06-15,,,,,,,,,,,,,0.72,2.36,3.09,1.64,,,2.73,,,15.39,,,,105.9989
2015-06-16,,,,,,,,,,,,,0.71,2.32,3.06,1.61,,,2.74,,,14.81,,,,106.0473
2015-06-17,,,,,,,,,,,,,0.67,2.32,3.09,1.65,,,2.76,,,14.5,,,,106.058
2015-06-18,,,,,,,,,,,,,0.66,2.35,3.14,1.69,,,2.82,,,13.19,,,,105.102
2015-06-19,,,,,,,,,,,,,0.65,2.26,3.05,1.61,,,2.82,-0.548,,13.96,,,,105.4496
2015-06-20,,,,,,,,,,,273000.0,,,,,,,,,,,,,,,
2015-06-22,,,,,,,,,,,,,0.68,2.37,3.16,1.69,,,2.81,,,12.74,,,,105.3846
2015-06-23,,,,,,,,,,,,,0.7,2.42,3.2,1.72,,,2.82,,,12.11,,,,105.9678
2015-06-24,,,,,,,,,,,,,0.68,2.38,3.16,1.7,,,2.81,,,13.26,,,,106.2522
2015-06-25,,,,,,,,,,,,,0.68,2.4,3.16,1.72,,,2.8,,,14.01,,,,106.1515
2015-06-26,,,,,,,,,,,,,0.72,2.49,3.25,1.77,,,2.81,-0.545,,14.02,,,,106.4116
2015-06-27,,,,,,,,,,,275000.0,,,,,,,,,,,,,,,
2015-06-29,,,,,,,,,,,,,0.64,2.33,3.09,1.69,,,2.84,,,18.85,,,,106.3785
2015-06-30,,,,,,,,,,,,,0.64,2.35,3.11,1.71,,,2.83,,,18.23,,,,106.5191
2015-07-01,18401.626,18857.418,101.2228,441942.0,238.034,242.565,97.605,96.978,5.2,141991.0,,62.6,0.69,2.43,3.2,1.74,0.13,,2.83,,93.1,16.09,1146.0,172.13,12063.5,107.0101
2015-07-02,,,,,,,,,,,,,0.64,2.4,3.19,1.76,,,2.86,,,16.79,,,,106.9106
2015-07-03,,,,,,,,,,,,,,,,,,,,-0.54,,,,,,
2015-07-04,,,,,,,,,,,292000.0,,,,,,,,,,,,,,,
2015-07-06,,,,,,,,,,,,,0.6,2.3,3.08,1.7,,,2.84,,,17.01,,,,107.1343
2015-07-07,,,,,,,,,,,,,0.58,2.27,3.04,1.69,,,2.84,,,16.09,,,,107.785
2015-07-08,,,,,,,,,,,,,0.55,2.22,2.99,1.67,,,2.87,,,19.66,,,,107.4734
2015-07-09,,,,,,,,,,,,,0.6,2.32,3.11,1.72,,,2.88,,,19.97,,,,107.5595
2015-07-10,,,,,,,,,,,,,0.65,2.42,3.2,1.77,,,2.9,-0.534,,16.83,,,,107.213
2015-07-11,,,,,,,,,,,285000.0,,,,,,,,,,,,,,,
2015-07-13,,,,,,,,,,,,,0.69,2.44,3.21,1.75,,,2.88,,,13.9,,,,107.5849
2015-07-14,,,,,,,,,,,,,0.66,2.41,3.2,1.75,,,2.91,,,13.37,,,,107.4843
2015-07-15,,,,,,,,,,,,,0.64,2.36,3.13,1.72,,,2.91,,,13.23,,,,108.0149
2015-07-16,,,,,,,,,,,,,0.67,2.36,3.11,1.69,,,2.88,,,12.11,,,,108.1726
2015-07-17,,,,,,,,,,,,,0.68,2.34,3.08,1.66,,,2.87,-0.528,,11.95,,,,108.5374
2015-07-18,,,,,,,,,,,265000.0,,,,,,,,,,,,,,,
2015-07-20,,,,,,,,,,,,,0.71,2.38,3.1,1.67,,,2.86,,,12.25,,,,108.6944
2015-07-21,,,,,,,,,,,,,0.71,2.35,3.08,1.64,,,2.87,,,12.22,,,,108.3893
2015-07-22,,,,,,,,,,,,,0.75,2.33,3.04,1.58,,,2.85,,,12.12,,,,108.7817
2015-07-23,,,,,,,,,,,,,0.71,2.28,2.98,1.57,,,2.85,,,12.64,,,,108.7565
2015-07-24,,,,,,,,,,,,,0.7,2.27,2.96,1.57,,,2.87,-0.518,,13.74,,,,109.0174
2015-07-25,,,,,,,,,,,269000.0,,,,,,,,,,,,,,,
2015-07-27,,,,,,,,,,,,,0.68,2.23,2.93,1.55,,,2.9,,,15.6,,,,108.6924
2015-07-28,,,,,,,,,,,,,0.69,2.26,2.96,1.57,,,2.91,,,13.44,,,,108.6881
2015-07-29,,,,,,,,,,,,,0.7,2.29,2.99,1.59,,,2.9,,,12.5,,,,108.604
2015-07-30,,,,,,,,,,,,,0.72,2.28,2.96,1.56,,,2.88,,,12.13,,,,109.4328
2015-07-31,,,,,,,,,,,,,0.67,2.2,2.92,1.53,,,2.94,-0.502,,12.12,,,,108.7819
2015-08-01,,,101.0367,441849.0,238.033,242.817,97.612,97.056,5.1,142125.0,270000.0,62.6,,,,,0.14,,,,91.9,,1130.0,172.906,12110.1,
2015-08-03,,,,,,,,,,,,,0.68,2.16,2.86,1.48,,,2.92,,,12.56,,,,109.214
2015-08-04,,,,,,,,,,,,,0.74,2.23,2.9,1.49,,,2.88,,,13.0,,,,109.2244
2015-08-05,,,,,,,,,,,,,0.73,2.28,2.94,1.55,,,2.9,,,12.51,,,,109.842
2015-08-06,,,,,,,,,,,,,0.71,2.23,2.9,1.52,,,2.92,,,13.77,,,,109.722
2015-08-07,,,,,,,,,,,,,0.73,2.18,2.83,1.45,,,2.91,-0.481,,13.39,,,,109.4376
2015-08-08,,,,,,,,,,,274000.0,,,,,,,,,,,,,,,
2015-08-10,,,,,,,,,,,,,0.73,2.24,2.89,1.51,,,2.93,,,12.23,,,,109.1931
2015-08-11,,,,,,,,,,,,,0.68,2.15,2.81,1.47,,,2.94,,,13.71,,,,109.9464
2015-08-12,,,,,,,,,,,,,0.67,2.14,2.84,1.47,,,2.97,,,13.61,,,,109.4655
2015-08-13,,,,,,,,,,,,,0.72,2.19,2.86,1.47,,,2.98,,,13.49,,,,109.9025
2015-08-14,,,,,,,,,,,,,0.73,2.2,2.84,1.47,,,2.97,-0.458,,12.83,,,,109.9174
2015-08-15,,,,,,,,,,,279000.0,,,,,,,,,,,,,,,
2015-08-17,,,,,,,,,,,,,0.72,2.16,2.81,1.44,,,2.97,,,13.02,,,,110.1435
2015-08-18,,,,,,,,,,,,,0.74,2.2,2.87,1.46,,,3.01,,,13.79,,,,110.2504
2015-08-19,,,,,,,,,,,,,0.67,2.12,2.81,1.45,,,3.06,,,15.25,,,,110.4333
2015-08-20,,,,,,,,,,,,,0.69,2.09,2.76,1.4,,,3.04,,,19.14,,,,110.1077
2015-08-21,,,,,,,,,,,,,0.64,2.05,2.74,1.41,,,3.1,-0.433,,28.03,,,,110.1443
2015-08-22,,,,,,,,,,,274000.0,,,,,,,,,,,,,,,
2015-08-24,,,,,,,,,,,,,0.59,2.01,2.73,1.42,,,3.14,,,40.74,,,,109.9306
2015-08-25,,,,,,,,,,,,,0.67,2.12,2.84,1.45,,,3.17,,,36.02,,,,110.3394
2015-08-26,,,,,,,,,,,,,0.67,2.18,2.94,1.51,,,3.2,,,30.32,,,,110.5807
2015-08-27,,,,,,,,,,,,,0.68,2.18,2.93,1.5,,,3.15,,,26.1,,,,110.4834
2015-08-28,,,,,,,,,,,,,0.72,2.19,2.92,1.47,,,3.13,-0.411,,26.05,,,,110.6714
2015-08-29,,,,,,,,,,,279000.0,,,,,,,,,,,,,,,
2015-08-31,,,,,,,,,,,,,0.74,2.21,2.95,1.47,,,3.15,,,28.43,,,,110.5621
2015-09-01,,,100.7547,439867.0,237.498,243.316,97.477,97.196,5.0,142275.0,,62.4,0.7,2.17,2.93,1.47,0.14,,3.18,,87.2,31.4,1224.0,173.798,12172.7,110.4506
2015-09-02,,,,,,,,,,,,,0.72,2.2,2.97,1.48,,,3.17,,,26.09,,,,110.7979
2015-09-03,,,,,,,,,,,,,0.71,2.18,2.95,1.47,,,3.17,,,25.61,,,,110.8566
2015-09-04,,,,,,,,,,,,,0.71,2.13,2.89,1.42,,,3.15,-0.397,,27.8,,,,111.1018
2015-09-05,,,,,,,,,,,273000.0,,,,,,,,,,,,,,,
2015-09-07,,,,,,,,,,,,,,,,,,,,,,,,,,
2015-09-08,,,,,,,,,,,,,0.74,2.2,2.97,1.46,,,3.16,,,24.9,,,,110.7942
2015-09-09,,,,,,,,,,,,,0.75,2.21,2.96,1.46,,,3.1,,,26.23,,,,110.9225
2015-09-10,,,,,,,,,,,,,0.75,2.23,2.98,1.48,,,3.12,,,24.37,,,,110.6331
2015-09-11,,,,,,,,,,,,,0.71,2.2,2.95,1.49,,,3.11,-0.391,,23.2,,,,110.6109
2015-09-12,,,,,,,,,,,264000.0,,,,,,,,,,,,,,,
2015-09-14,,,,,,,,,,,,,0.73,2.18,2.95,1.45,,,3.13,,,24.25,,,,110.5005
2015-09-15,,,,,,,,,,,,,0.82,2.28,3.06,1.46,,,3.16,,,22.54,,,,110.6394
2015-09-16,,,,,,,,,,,,,0.82,2.3,3.08,1.48,,,3.15,,,21.35,,,,110.1021
2015-09-17,,,,,,,,,,,,,0.7,2.21,3.02,1.51,,,3.18,,,21.14,,,,110.1212
2015-09-18,,,,,,,,,,,,,0.69,2.13,2.93,1.44,,,3.15,-0.391,,22.28,,,,109.8165
2015-09-19,,,,,,,,,,,269000.0,,,,,,,,,,,,,,,
2015-09-21,,,,,,,,,,,,,0.72,2.2,3.02,1.48,,,3.19,,,20.14,,,,110.6414
2015-09-22,,,,,,,,,,,,,0.69,2.14,2.94,1.45,,,3.15,,,22.44,,,,111.1967
2015-09-23,,,,,,,,,,,,,0.7,2.16,2.95,1.46,,,3.15,,,22.13,,,,111.6287
2015-09-24,,,,,,,,,,,,,0.67,2.13,2.91,1.46,,,3.16,,,23.47,,,,111.4454
2015-09-25,,,,,,,,,,,,,0.7,2.17,2.96,1.47,,,3.19,-0.397,,23.62,,,,111.3725
2015-09-26,,,,,,,,,,,272000.0,,,,,,,,,,,,,,,
2015-09-28,,,,,,,,,,,,,0.67,2.1,2.87,1.43,,,3.21,,,27.63,,,,111.3914
2015-09-29,,,,,,,,,,,,,0.64,2.05,2.85,1.41,,,3.26,,,26.83,,,,111.5219
2015-09-30,,,,,,,,,,,,,0.64,2.06,2.87,1.42,,,3.29,,,24.5,,,,111.3311
2015-10-01,18435.137,18892.206,100.2675,438693.0,237.733,243.768,97.477,97.228,5.0,142579.0,,62.5,0.64,2.05,2.85,1.41,0.12,,3.31,,90.0,22.55,1058.0,174.762,12228.4,111.0439
2015-10-02,,,,,,,,,,,,,0.58,1.99,2.82,1.41,,,3.34,-0.407,,20.94,,,,110.7006
2015-10-03,,,,,,,,,,,267000.0,,,,,,,,,,,,,,,
2015-10-05,,,,,,,,,,,,,0.61,2.07,2.9,1.46,,,3.33,,,19.54,,,,110.4445
2015-10-06,,,,,,,,,,,,,0.61,2.05,2.88,1.44,,,3.32,,,19.4,,,,110.1371
2015-10-07,,,,,,,,,,,,,0.65,2.08,2.89,1.43,,,3.27,,,18.4,,,,109.8162
2015-10-08,,,,,,,,,,,,,0.65,2.12,2.96,1.47,,,3.28,,,17.42,,,,109.6452
2015-10-09,,,,,,,,,,,,,0.65,2.12,2.94,1.47,,,3.26,-0.424,,17.08,,,,109.0782
2015-10-10,,,,,,,,,,,265000.0,,,,,,,,,,,,,,,
2015-10-12,,,,,,,,,,,,,,,,,,,,,,16.17,,,,
2015-10-13,,,,,,,,,,,,,0.64,2.06,2.89,1.42,,,3.28,,,17.67,,,,109.4119
2015-10-14,,,,,,,,,,,,,0.57,1.99,2.84,1.42,,,3.31,,,18.03,,,,109.1244
2015-10-15,,,,,,,,,,,,,0.61,2.04,2.87,1.43,,,3.29,,,16.05,,,,108.6671
2015-10-16,,,,,,,,,,,,,0.61,2.04,2.87,1.43,,,3.28,-0.44,,15.05,,,,108.9956
2015-10-17,,,,,,,,,,,264000.0,,,,,,,,,,,,,,,
2015-10-19,,,,,,,,,,,,,0.61,2.04,2.89,1.43,,,3.3,,,14.98,,,,109.3858
2015-10-20,,,,,,,,,,,,,0.66,2.08,2.92,1.42,,,3.29,,,15.75,,,,109.3368
2015-10-21,,,,,,,,,,,,,0.64,2.04,2.87,1.4,,,3.28,,,16.7,,,,109.7746
2015-10-22,,,,,,,,,,,,,0.61,2.04,2.87,1.43,,,3.26,,,14.45,,,,110.0342
2015-10-23,,,,,,,,,,,,,0.66,2.09,2.9,1.43,,,3.23,-0.454,,14.46,,,,110.4329
2015-10-24,,,,,,,,,,,264000.0,,,,,,,,,,,,,,,
2015-10-26,,,,,,,,,,,,,0.66,2.07,2.87,1.41,,,3.22,,,15.29,,,,110.2089
2015-10-27,,,,,,,,,,,,,0.65,2.05,2.86,1.4,,,3.25,,,15.43,,,,110.4875
2015-10-28,,,,,,,,,,,,,0.73,2.1,2.87,1.37,,,3.2,,,14.33,,,,110.2334
2015-10-29,,,,,,,,,,,,,0.75,2.19,2.96,1.44,,,3.21,,,14.61,,,,110.8083
2015-10-30,,,,,,,,,,,,,0.75,2.16,2.93,1.41,,,3.19,-0.464,,15.07,,,,110.2079
2015-10-31,,,,,,,,,,,275000.0,,,,,,,,,,,,,,,
2015-11-01,,,99.5298,440303.0,238.017,244.241,97.538,97.332,5.1,142808.0,,62.5,,,,,0.12,,,,91.3,,1172.0,175.708,12322.7,
2015-11-02,,,,,,,,,,,,,0.77,2.2,2.95,1.43,,,3.18,,,14.15,,,,110.2188
2015-11-03,,,,,,,,,,,,,0.8,2.23,3.0,1.43,,,3.19,,,14.54,,,,110.244
2015-11-04,,,,,,,,,,,,,0.84,2.25,3.0,1.41,,,3.16,,,15.51,,,,110.7139
2015-11-05,,,,,,,,,,,,,0.85,2.26,3.01,1.41,,,3.18,,,15.05,,,,110.8302
2015-11-06,,,,,,,,,,,,,0.9,2.34,3.09,1.44,,,3.17,-0.468,,14.33,,,,111.7603
2015-11-07,,,,,,,,,,,276000.0,,,,,,,,,,,,,,,
2015-11-09,,,,,,,,,,,,,0.89,2.36,3.12,1.47,,,3.15,,,16.52,,,,111.9112
2015-11-10,,,,,,,,,,,,,0.87,2.32,3.1,1.45,,,3.18,,,15.29,,,,111.9919
2015-11-11,,,,,,,,,,,,,,,,,,,,,,16.06,,,,
2015-11-12,,,,,,,,,,,,,0.89,2.32,3.09,1.43,,,3.19,,,18.37,,,,111.7965
2015-11-13,,,,,,,,,,,,,0.86,2.28,3.06,1.42,,,3.2,-0.464,,20.08,,,,112.0264
2015-11-14,,,,,,,,,,,272000.0,,,,,,,,,,,,,,,
2015-11-16,,,,,,,,,,,,,0.88,2.27,3.07,1.39,,,3.24,,,18.16,,,,112.2199
2015-11-17,,,,,,,,,,,,,0.86,2.25,3.04,1.39,,,3.23,,,18.84,,,,112.3141
2015-11-18,,,,,,,,,,,,,0.9,2.27,3.04,1.37,,,3.21,,,16.85,,,,112.3663
2015-11-19,,,,,,,,,,,,,0.91,2.24,3.0,1.33,,,3.2,,,16.99,,,,111.5749
2015-11-20,,,,,,,,,,,,,0.93,2.26,3.02,1.33,,,3.2,-0.454,,15.47,,,,111.7799
2015-11-21,,,,,,,,,,,261000.0,,,,,,,,,,,,,,,
2015-11-23,,,,,,,,,,,,,0.94,2.25,3.0,1.31,,,3.19,,,15.62,,,,112.1125
2015-11-24,,,,,,,,,,,,,0.93,2.24,3.0,1.31,,,3.2,,,15.93,,,,111.7638
2015-11-25,,,,,,,,,,,,,0.93,2.23,3.0,1.3,,,3.21,,,15.19,,,,111.8936
2015-11-26,,,,,,,,,,,,,,,,,,,,,,,,,,
2015-11-27,,,,,,,,,,,,,0.92,2.22,3.0,1.3,,,3.22,-0.439,,15.12,,,,112.2824
2015-11-28,,,,,,,,,,,265000.0,,,,,,,,,,,,,,,
2015-11-30,,,,,,,,,,,,,0.94,2.21,2.98,1.27,,,3.2,,,16.13,,,,112.34
2015-12-01,,,99.0417,442149.0,237.761,244.547,97.456,97.396,5.0,143077.0,,62.7,0.91,2.15,2.91,1.24,0.24,,3.21,,92.6,14.67,1146.0,176.515,12393.6,112.1134
2015-12-02,,,,,,,,,,,,,0.94,2.18,2.91,1.24,,,3.17,,,15.91,,,,112.3715
2015-12-03,,,,,,,,,,,,,0.96,2.33,3.07,1.37,,,3.18,,,18.11,,,,111.6407
2015-12-04,,,,,,,,,,,,,0.96,2.28,3.01,1.32,,,3.15,-0.419,,14.81,,,,111.5463
2015-12-05,,,,,,,,,,,280000.0,,,,,,,,,,,,,,,
2015-12-07,,,,,,,,,,,,,0.94,2.23,2.95,1.29,,,3.15,,,15.84,,,,112.3056
2015-12-08,,,,,,,,,,,,,0.94,2.24,2.97,1.3,,,3.19,,,17.6,,,,112.5485
2015-12-09,,,,,,,,,,,,,0.93,2.22,2.97,1.29,,,3.18,,,19.61,,,,112.1918
2015-12-10,,,,,,,,,,,,,0.95,2.24,2.98,1.29,,,3.19,,,19.34,,,,112.2672
2015-12-11,,,,,,,,,,,,,0.88,2.13,2.87,1.25,,,3.24,-0.395,,24.39,,,,112.7147
2015-12-12,,,,,,,,,,,268000.0,,,,,,,,,,,,,,,
2015-12-14,,,,,,,,,,,,,0.97,2.23,2.96,1.26,,,3.23,,,22.73,,,,112.7521
2015-12-15,,,,,,,,,,,,,0.98,2.28,3.0,1.3,,,3.21,,,20.95,,,,112.8609
2015-12-16,,,,,,,,,,,,,1.02,2.3,3.02,1.28,,,3.21,,,17.86,,,,112.9864
2015-12-17,,,,,,,,,,,,,1.0,2.24,2.94,1.24,,,3.21,,,18.94,,,,113.8177
2015-12-18,,,,,,,,,,,,,0.97,2.19,2.9,1.22,,,3.25,-0.371,,20.7,,,,113.2837
2015-12-19,,,,,,,,,,,260000.0,,,,,,,,,,,,,,,
2015-12-21,,,,,,,,,,,,,0.96,2.2,2.92,1.24,,,3.27,,,18.7,,,,113.4144
2015-12-22,,,,,,,,,,,,,0.99,2.24,2.96,1.25,,,3.26,,,16.6,,,,113.211
2015-12-23,,,,,,,,,,,,,1.01,2.27,3.0,1.26,,,3.26,,,15.57,,,,113.1847
2015-12-24,,,,,,,,,,,,,1.03,2.25,2.96,1.22,,,3.22,,,15.74,,,,113.0496
2015-12-25,,,,,,,,,,,,,,,,,,,,-0.349,,,,,,
2015-12-26,,,,,,,,,,,276000.0,,,,,,,,,,,,,,,
2015-12-28,,,,,,,,,,,,,1.05,2.24,2.95,1.19,,,3.21,,,16.91,,,,113.0461
2015-12-29,,,,,,,,,,,,,1.09,2.32,3.04,1.23,,,3.22,,,16.08,,,,113.1664
2015-12-30,,,,,,,,,,,,,1.08,2.31,3.04,1.23,,,3.23,,,17.29,,,,113.4707
2015-12-31,,,,,,,,,,,,,1.06,2.27,3.01,1.21,,,3.23,,,18.21,,,,113.3429
2016-01-01,18525.933,19001.69,99.5607,439466.0,237.652,244.955,97.496,97.567,4.8,143210.0,,62.7,,,,,0.34,,,-0.329,92.0,,1092.0,177.244,12522.2,
2016-01-02,,,,,,,,,,,273000.0,,,,,,,,,,,,,,,
2016-01-04,,,,,,,,,,,,,1.02,2.24,2.98,1.22,,,3.24,,,20.7,,,,114.1595
2016-01-05,,,,,,,,,,,,,1.04,2.25,3.01,1.21,,,3.25,,,19.34,,,,114.2649
2016-01-06,,,,,,,,,,,,,0.99,2.18,2.94,1.19,,,3.26,,,20.59,,,,114.6177
2016-01-07,,,,,,,,,,,,,0.96,2.16,2.92,1.2,,,3.28,,,24.99,,,,114.6516
2016-01-08,,,,,,,,,,,,,0.94,2.13,2.91,1.19,,,3.31,-0.312,,27.01,,,,115.0095
2016-01-09,,,,,,,,,,,284000.0,,,,,,,,,,,,,,,
2016-01-11,,,,,,,,,,,,,0.94,2.17,2.96,1.23,,,3.3,,,24.3,,,,115.0139
2016-01-12,,,,,,,,,,,,,0.93,2.12,2.89,1.19,,,3.29,,,22.47,,,,115.3128
2016-01-13,,,,,,,,,,,,,0.91,2.08,2.85,1.17,,,3.28,,,25.22,,,,115.1425
2016-01-14,,,,,,,,,,,,,0.9,2.1,2.9,1.2,,,3.36,,,23.95,,,,115.3846
2016-01-15,,,,,,,,,,,,,0.85,2.03,2.81,1.18,,,3.38,-0.296,,27.02,,,,115.7404
2016-01-16,,,,,,,,,,,290000.0,,,,,,,,,,,,,,,
2016-01-18,,,,,,,,,,,,,,,,,,,,,,,,,,
2016-01-19,,,,,,,,,,,,,0.88,2.06,2.82,1.18,,,3.35,,,26.05,,,,115.8155
2016-01-20,,,,,,,,,,,,,0.85,2.01,2.77,1.16,,,3.4,,,27.59,,,,116.3498
2016-01-21,,,,,,,,,,,,,0.84,2.02,2.79,1.18,,,3.45,,,26.69,,,,115.9833
2016-01-22,,,,,,,,,,,,,0.88,2.07,2.83,1.19,,,3.42,-0.284,,22.34,,,,
2016-01-23,,,,,,,,,,,269000.0,,,,,,,,,,,,,,,
2016-01-25,,,,,,,,,,,,,0.88,2.03,2.8,1.15,,,3.44,,,24.15,,,,
2016-01-26,,,,,,,,,,,,,0.85,2.01,2.79,1.16,,,3.46,,,22.5,,,,
2016-01-27,,,,,,,,,,,,,0.84,2.02,2.8,1.18,,,3.46,,,23.11,,,,115.5087
2016-01-28,,,,,,,,,,,,,0.83,2.0,2.79,1.17,,,3.48,,,22.42,,,,115.2224
2016-01-29,,,,,,,,,,,,,0.76,1.94,2.75,1.18,,,3.48,-0.276,,20.2,,,,115.5731
2016-01-30,,,,,,,,,,,282000.0,,,,,,,,,,,,,,,
2016-02-01,,,99.0445,443117.0,237.336,245.51,97.445,97.736,4.9,143406.0,,62.8,0.81,1.97,2.77,1.16,0.38,,3.49,,91.7,19.98,1225.0,177.624,12604.4,115.3331
2016-02-02,,,,,,,,,,,,,0.75,1.87,2.67,1.12,,,3.49,,,21.98,,,,115.553
2016-02-03,,,,,,,,,,,,,0.72,1.88,2.7,1.16,,,3.52,,,21.65,,,,114.6144
2016-02-04,,,,,,,,,,,,,0.7,1.87,2.7,1.17,,,3.53,,,21.84,,,,113.6012
2016-02-05,,,,,,,,,,,,,0.74,1.86,2.68,1.12,,,3.52,-0.272,,23.38,,,,114.2935
2016-02-06,,,,,,,,,,,266000.0,,,,,,,,,,,,,,,
2016-02-08,,,,,,,,,,,,,0.66,1.75,2.56,1.09,,,3.53,,,26.0,,,,114.4351
2016-02-09,,,,,,,,,,,,,0.69,1.74,2.55,1.05,,,3.54,,,26.54,,,,114.127
2016-02-10,,,,,,,,,,,,,0.71,1.71,2.53,1.0,,,3.56,,,26.29,,,,114.2877
2016-02-11,,,,,,,,,,,,,0.64,1.63,2.5,0.99,,,3.63,,,28.14,,,,114.1845
2016-02-12,,,,,,,,,,,,,0.71,1.74,2.6,1.03,,,3.6,-0.272,,25.4,,,,114.2992
2016-02-13,,,,,,,,,,,262000.0,,,,,,,,,,,,,,,
2016-02-15,,,,,,,,,,,,,,,,,,,,,,,,,,
2016-02-16,,,,,,,,,,,,,0.74,1.78,2.64,1.04,,,3.59,,,24.11,,,,114.4905
2016-02-17,,,,,,,,,,,,,0.74,1.81,2.68,1.07,,,3.62,,,22.31,,,,113.8634
2016-02-18,,,,,,,,,,,,,0.71,1.75,2.62,1.04,,,3.62,,,21.64,,,,113.8897
2016-02-19,,,,,,,,,,,,,0.76,1.76,2.61,1.0,,,3.56,-0.283,,20.53,,,,113.9558
2016-02-20,,,,,,,,,,,270000.0,,,,,,,,,,,,,,,
2016-02-22,,,,,,,,,,,,,0.78,1.77,2.62,0.99,,,3.57,,,19.38,,,,113.8232
2016-02-23,,,,,,,,,,,,,0.76,1.74,2.6,0.98,,,3.58,,,20.98,,,,114.177
2016-02-24,,,,,,,,,,,,,0.75,1.75,2.61,1.0,,,3.56,,,20.72,,,,114.1716
2016-02-25,,,,,,,,,,,,,0.72,1.71,2.58,0.99,,,3.56,,,19.11,,,,113.9222
2016-02-26,,,,,,,,,,,,,0.8,1.76,2.63,0.96,,,3.56,-0.298,,19.81,,,,114.3708
2016-02-27,,,,,,,,,,,269000.0,,,,,,,,,,,,,,,
2016-02-29,,,,,,,,,,,,,0.78,1.74,2.61,0.96,,,3.55,,,20.55,,,,114.2418
2016-03-01,,,98.3096,441856.0,238.08,245.913,97.673,97.876,5.0,143662.0,,63.0,0.85,1.83,2.7,0.98,0.36,,3.54,,91.0,17.7,1111.0,178.14,12662.2,113.9265
2016-03-02,,,,,,,,,,,,,0.85,1.84,2.69,0.99,,,3.5,,,17.09,,,,113.7965
2016-03-03,,,,,,,,,,,,,0.85,1.83,2.65,0.98,,,3.47,,,16.7,,,,113.2482
2016-03-04,,,,,,,,,,,,,0.88,1.88,2.7,1.0,,,3.43,-0.318,,16.86,,,,112.6387
2016-03-05,,,,,,,,,,,255000.0,,,,,,,,,,,,,,,
2016-03-07,,,,,,,,,,,,,0.91,1.91,2.71,1.0,,,3.39,,,17.35,,,,112.6219
2016-03-08,,,,,,,,,,,,,0.88,1.83,2.63,0.95,,,3.38,,,18.67,,,,112.8465
2016-03-09,,,,,,,,,,,,,0.9,1.9,2.68,1.0,,,3.36,,,18.34,,,,112.4268
2016-03-10,,,,,,,,,,,,,0.93,1.93,2.7,1.0,,,3.3,,,18.05,,,,112.4191
2016-03-11,,,,,,,,,,,,,0.97,1.98,2.75,1.01,,,3.26,-0.337,,16.5,,,,111.741
2016-03-12,,,,,,,,,,,263000.0,,,,,,,,,,,,,,,
2016-03-14,,,,,,,,,,,,,0.97,1.97,2.74,1.0,,,3.22,,,16.92,,,,112.1688
2016-03-15,,,,,,,,,,,,,0.98,1.97,2.73,0.99,,,3.19,,,16.84,,,,112.5545
2016-03-16,,,,,,,,,,,,,0.87,1.94,2.73,1.07,,,3.22,,,14.99,,,,112.7759
2016-03-17,,,,,,,,,,,,,0.87,1.91,2.69,1.04,,,3.2,,,14.44,,,,110.445
2016-03-18,,,,,,,,,,,,,0.84,1.88,2.68,1.04,,,3.17,-0.355,,14.02,,,,110.4002
2016-03-19,,,,,,,,,,,264000.0,,,,,,,,,,,,,,,
2016-03-21,,,,,,,,,,,,,0.87,1.92,2.72,1.05,,,3.15,,,13.79,,,,110.737
2016-03-22,,,,,,,,,,,,,0.91,1.94,2.72,1.03,,,3.1,,,14.17,,,,110.7877
2016-03-23,,,,,,,,,,,,,0.87,1.88,2.65,1.01,,,3.07,,,14.94,,,,111.5473
2016-03-24,,,,,,,,,,,,,0.89,1.91,2.67,1.02,,,3.06,,,14.74,,,,111.816
2016-03-25,,,,,,,,,,,,,,,,,,,,-0.367,,,,,,111.7698
2016-03-26,,,,,,,,,,,271000.0,,,,,,,,,,,,,,,
2016-03-28,,,,,,,,,,,,,0.89,1.89,2.66,1.0,,,3.05,,,15.24,,,,111.3578
2016-03-29,,,,,,,,,,,,,0.78,1.81,2.6,1.03,,,3.09,,,13.82,,,,111.3736
2016-03-30,,,,,,,,,,,,,0.76,1.83,2.65,1.07,,,3.11,,,13.56,,,,110.2301
2016-03-31,,,,,,,,,,,,,0.73,1.78,2.61,1.05,,,3.12,,,13.95,,,,109.9191
2016-04-01,18711.702,19062.709,98.6421,444254.0,238.992,246.551,97.993,98.117,5.1,143854.0,,62.9,0.76,1.79,2.62,1.03,0.37,,3.1,-0.377,89.0,13.1,1163.0,178.739,12741.9,110.2977
2016-04-02,,,,,,,,,,,273000.0,,,,,,,,,,,,,,,
2016-04-04,,,,,,,,,,,,,0.75,1.78,2.6,1.03,,,3.1,,,14.12,,,,110.3987
2016-04-05,,,,,,,,,,,,,0.72,1.73,2.54,1.01,,,3.08,,,15.42,,,,110.9478
2016-04-06,,,,,,,,,,,,,0.73,1.76,2.58,1.03,,,3.08,,,14.09,,,,110.5347
2016-04-07,,,,,,,,,,,,,0.7,1.7,2.52,1.0,,,3.06,,,16.16,,,,110.8876
2016-04-08,,,,,,,,,,,,,0.7,1.72,2.55,1.02,,,3.07,-0.382,,15.36,,,,110.4213
2016-04-09,,,,,,,,,,,263000.0,,,,,,,,,,,,,,,
2016-04-11,,,,,,,,,,,,,0.7,1.73,2.56,1.03,,,3.05,,,16.26,,,,109.9758
2016-04-12,,,,,,,,,,,,,0.74,1.79,2.61,1.05,,,3.03,,,14.85,,,,109.816
2016-04-13,,,,,,,,,,,,,0.75,1.77,2.58,1.02,,,3.01,,,13.84,,,,110.1436
2016-04-14,,,,,,,,,,,,,0.77,1.8,2.61,1.03,,,2.99,,,13.72,,,,110.1691
2016-04-15,,,,,,,,,,,,,0.74,1.76,2.56,1.02,,,2.99,-0.385,,13.62,,,,110.1933
2016-04-16,,,,,,,,,,,257000.0,,,,,,,,,,,,,,,
2016-04-18,,,,,,,,,,,,,0.75,1.78,2.58,1.03,,,2.99,,,13.35,,,,109.9892
2016-04-19,,,,,,,,,,,,,0.77,1.79,2.6,1.02,,,2.96,,,13.24,,,,109.2782
2016-04-20,,,,,,,,,,,,,0.8,1.85,2.66,1.05,,,2.93,,,13.28,,,,109.3926
2016-04-21,,,,,,,,,,,,,0.82,1.88,2.69,1.06,,,2.91,,,13.95,,,,109.8533
2016-04-22,,,,,,,,,,,,,0.84,1.89,2.7,1.05,,,2.89,-0.387,,13.22,,,,110.2331
2016-04-23,,,,,,,,,,,259000.0,,,,,,,,,,,,,,,
2016-04-25,,,,,,,,,,,,,0.85,1.91,2.72,1.06,,,2.88,,,14.08,,,,110.1865
2016-04-26,,,,,,,,,,,,,0.86,1.94,2.76,1.08,,,2.85,,,13.96,,,,109.7496
2016-04-27,,,,,,,,,,,,,0.83,1.87,2.71,1.04,,,2.86,,,13.77,,,,109.8483
2016-04-28,,,,,,,,,,,,,0.78,1.84,2.68,1.06,,,2.89,,,15.22,,,,109.2148
2016-04-29,,,,,,,,,,,,,0.77,1.83,2.66,1.06,,,2.86,-0.386,,15.7,,,,108.8274
2016-04-30,,,,,,,,,,,278000.0,,,,,,,,,,,,,,,
2016-05-01,,,98.4184,445490.0,239.557,247.137,98.153,98.284,4.8,143900.0,,62.7,,,,,0.37,,,,94.7,,1148.0,179.399,12800.7,
2016-05-02,,,,,,,,,,,,,0.8,1.88,2.71,1.08,,,2.86,,,14.68,,,,108.671
2016-05-03,,,,,,,,,,,,,0.75,1.81,2.66,1.06,,,2.85,,,15.6,,,,109.3613
2016-05-04,,,,,,,,,,,,,0.75,1.79,2.64,1.04,,,2.85,,,16.05,,,,109.9952
2016-05-05,,,,,,,,,,,,,0.72,1.76,2.6,1.04,,,2.86,,,15.91,,,,110.2417
2016-05-06,,,,,,,,,,,,,0.74,1.79,2.62,1.05,,,2.87,-0.384,,14.72,,,,110.3801
2016-05-07,,,,,,,,,,,289000.0,,,,,,,,,,,,,,,
2016-05-09,,,,,,,,,,,,,0.72,1.77,2.61,1.05,,,2.89,,,14.57,,,,110.9466
2016-05-10,,,,,,,,,,,,,0.72,1.77,2.61,1.05,,,2.89,,,13.63,,,,110.8225
2016-05-11,,,,,,,,,,,,,0.74,1.73,2.58,0.99,,,2.9,,,14.69,,,,110.2806
2016-05-12,,,,,,,,,,,,,0.76,1.75,2.6,0.99,,,2.91,,,14.41,,,,110.6935
2016-05-13,,,,,,,,,,,,,0.76,1.71,2.55,0.95,,,2.9,-0.381,,15.04,,,,111.2521
2016-05-14,,,,,,,,,,,279000.0,,,,,,,,,,,,,,,
2016-05-16,,,,,,,,,,,,,0.79,1.75,2.59,0.96,,,2.9,,,14.68,,,,111.1217
2016-05-17,,,,,,,,,,,,,0.82,1.76,2.59,0.94,,,2.89,,,15.57,,,,111.0867
2016-05-18,,,,,,,,,,,,,0.9,1.87,2.67,0.97,,,2.87,,,15.95,,,,111.4995
2016-05-19,,,,,,,,,,,,,0.89,1.85,2.64,0.96,,,2.85,,,16.33,,,,112.2331
2016-05-20,,,,,,,,,,,,,0.89,1.85,2.63,0.96,,,2.86,-0.377,,15.2,,,,112.1822
2016-05-21,,,,,,,,,,,267000.0,,,,,,,,,,,,,,,
2016-05-23,,,,,,,,,,,,,0.91,1.84,2.63,0.93,,,2.86,,,15.82,,,,112.284
2016-05-24,,,,,,,,,,,,,0.92,1.86,2.65,0.94,,,2.85,,,14.42,,,,112.2912
2016-05-25,,,,,,,,,,,,,0.92,1.87,2.67,0.95,,,2.87,,,13.9,,,,112.2001
2016-05-26,,,,,,,,,,,,,0.87,1.83,2.64,0.96,,,2.86,,,13.43,,,,111.8979
2016-05-27,,,,,,,,,,,,,0.9,1.85,2.65,0.95,,,2.85,-0.372,,13.12,,,,112.0822
2016-05-28,,,,,,,,,,,263000.0,,,,,,,,,,,,,,,
2016-05-30,,,,,,,,,,,,,,,,,,,,,,,,,,
2016-05-31,,,,,,,,,,,,,0.87,1.84,2.64,0.97,,,2.84,,,14.19,,,,112.4276
2016-06-01,,,98.8833,450237.0,240.222,247.54,98.325,98.386,4.9,144147.0,,62.7,0.91,1.85,2.63,0.94,0.38,,2.82,,93.5,14.2,1203.0,180.062,12849.3,112.462
2016-06-02,,,,,,,,,,,,,0.89,1.81,2.58,0.92,,,2.83,,,13.63,,,,112.4564
2016-06-03,,,,,,,,,,,,,0.78,1.71,2.52,0.93,,,2.86,-0.366,,13.47,,,,111.4451
2016-06-04,,,,,,,,,,,265000.0,,,,,,,,,,,,,,,
2016-06-06,,,,,,,,,,,,,0.8,1.73,2.55,0.93,,,2.86,,,13.65,,,,111.2295
2016-06-07,,,,,,,,,,,,,0.78,1.72,2.54,0.94,,,2.86,,,14.05,,,,110.8378
2016-06-08,,,,,,,,,,,,,0.78,1.71,2.51,0.93,,,2.85,,,14.08,,,,110.1916
2016-06-09,,,,,,,,,,,,,0.77,1.68,2.48,0.91,,,2.85,,,14.64,,,,110.6168
2016-06-10,,,,,,,,,,,,,0.73,1.64,2.44,0.91,,,2.86,-0.36,,17.03,,,,111.1027
2016-06-11,,,,,,,,,,,273000.0,,,,,,,,,,,,,,,
2016-06-13,,,,,,,,,,,,,0.73,1.62,2.43,0.89,,,2.86,,,20.97,,,,111.5036
2016-06-14,,,,,,,,,,,,,0.74,1.62,2.43,0.88,,,2.88,,,20.5,,,,111.9826
2016-06-15,,,,,,,,,,,,,0.69,1.6,2.43,0.91,,,2.9,,,20.14,,,,111.7671
2016-06-16,,,,,,,,,,,,,0.7,1.57,2.39,0.87,,,2.9,,,19.37,,,,112.2347
2016-06-17,,,,,,,,,,,,,0.7,1.62,2.43,0.92,,,2.89,-0.353,,19.41,,,,111.5332
2016-06-18,,,,,,,,,,,261000.0,,,,,,,,,,,,,,,
2016-06-20,,,,,,,,,,,,,0.74,1.67,2.47,0.93,,,2.87,,,18.37,,,,110.8693
2016-06-21,,,,,,,,,,,,,0.76,1.71,2.5,0.95,,,2.86,,,18.48,,,,111.0077
2016-06-22,,,,,,,,,,,,,0.75,1.69,2.5,0.94,,,2.86,,,21.17,,,,110.7681
2016-06-23,,,,,,,,,,,,,0.78,1.74,2.55,0.96,,,2.86,,,17.25,,,,110.262
2016-06-24,,,,,,,,,,,,,0.64,1.57,2.42,0.93,,,2.98,-0.349,,25.76,,,,112.1355
2016-06-25,,,,,,,,,,,262000.0,,,,,,,,,,,,,,,
2016-06-27,,,,,,,,,,,,,0.61,1.46,2.28,0.85,,,2.96,,,23.85,,,,113.1301
2016-06-28,,,,,,,,,,,,,0.61,1.46,2.27,0.85,,,2.95,,,18.75,,,,112.7545
2016-06-29,,,,,,,,,,,,,0.62,1.5,2.3,0.88,,,2.9,,,16.64,,,,111.8597
2016-06-30,,,,,,,,,,,,,0.58,1.49,2.3,0.91,,,2.92,,,15.63,,,,112.1618
2016-07-01,18892.639,19197.938,98.9992,449789.0,240.101,247.829,98.342,98.529,4.8,144520.0,,62.8,0.59,1.46,2.24,0.87,0.39,,2.86,-0.347,90.0,14.77,1239.0,180.838,12907.3,111.6509
2016-07-02,,,,,,,,,,,255000.0,,,,,,,,,,,,,,,
2016-07-04,,,,,,,,,,,,,,,,,,,,,,,,,,
2016-07-05,,,,,,,,,,,,,0.56,1.37,2.14,0.81,,,2.83,,,15.58,,,,112.4231
2016-07-06,,,,,,,,,,,,,0.58,1.38,2.14,0.8,,,2.83,,,14.96,,,,112.5438
2016-07-07,,,,,,,,,,,,,0.58,1.4,2.14,0.82,,,2.79,,,14.76,,,,112.5775
2016-07-08,,,,,,,,,,,,,0.61,1.37,2.11,0.76,,,2.78,-0.35,,13.2,,,,112.3963
2016-07-09,,,,,,,,,,,252000.0,,,,,,,,,,,,,,,
2016-07-11,,,,,,,,,,,,,0.66,1.43,2.14,0.77,,,2.75,,,13.54,,,,112.5254
2016-07-12,,,,,,,,,,,,,0.69,1.53,2.24,0.84,,,2.7,,,13.55,,,,112.1102
2016-07-13,,,,,,,,,,,,,0.68,1.48,2.18,0.8,,,2.69,,,13.04,,,,112.0266
2016-07-14,,,,,,,,,,,,,0.68,1.53,2.25,0.85,,,2.7,,,12.82,,,,111.7692
2016-07-15,,,,,,,,,,,,,0.71,1.6,2.3,0.89,,,2.66,-0.356,,12.67,,,,112.2833
2016-07-16,,,,,,,,,,,260000.0,,,,,,,,,,,,,,,
2016-07-18,,,,,,,,,,,,,0.68,1.59,2.3,0.91,,,2.67,,,12.44,,,,112.2463
2016-07-19,,,,,,,,,,,,,0.7,1.56,2.27,0.86,,,2.67,,,11.97,,,,112.638
2016-07-20,,,,,,,,,,,,,0.73,1.59,2.3,0.86,,,2.66,,,11.77,,,,112.6743
2016-07-21,,,,,,,,,,,,,0.7,1.57,2.29,0.87,,,2.68,,,12.74,,,,112.6239
2016-07-22,,,,,,,,,,,,,0.71,1.57,2.29,0.86,,,2.66,-0.362,,12.02,,,,112.989
2016-07-23,,,,,,,,,,,264000.0,,,,,,,,,,,,,,,
2016-07-25,,,,,,,,,,,,,0.72,1.58,2.29,0.86,,,2.65,,,12.87,,,,113.1784
2016-07-26,,,,,,,,,,,,,0.75,1.57,2.28,0.82,,,2.65,,,13.05,,,,113.0593
2016-07-27,,,,,,,,,,,,,0.73,1.52,2.23,0.79,,,2.67,,,12.83,,,,113.217
2016-07-28,,,,,,,,,,,,,0.72,1.52,2.23,0.8,,,2.68,,,12.72,,,,112.7393
2016-07-29,,,,,,,,,,,,,0.67,1.46,2.18,0.79,,,2.71,-0.367,,11.87,,,,111.874
2016-07-30,,,,,,,,,,,266000.0,,,,,,,,,,,,,,,
2016-08-01,,,98.85,449946.0,240.545,248.423,98.479,98.703,4.9,144661.0,,62.9,0.67,1.51,2.24,0.84,0.4,,2.73,,89.8,12.44,1171.0,181.822,12986.7,111.9757
2016-08-02,,,,,,,,,,,,,0.67,1.55,2.29,0.88,,,2.75,,,13.37,,,,111.7124
2016-08-03,,,,,,,,,,,,,0.67,1.55,2.29,0.88,,,2.76,,,12.86,,,,111.9419
2016-08-04,,,,,,,,,,,,,0.64,1.51,2.25,0.87,,,2.76,,,12.42,,,,111.9149
2016-08-05,,,,,,,,,,,,,0.72,1.59,2.32,0.87,,,2.73,-0.37,,11.39,,,,112.3589
2016-08-06,,,,,,,,,,,265000.0,,,,,,,,,,,,,,,
2016-08-08,,,,,,,,,,,,,0.74,1.59,2.3,0.85,,,2.71,,,11.5,,,,112.1456
2016-08-09,,,,,,,,,,,,,0.71,1.55,2.25,0.84,,,2.7,,,11.66,,,,111.722
2016-08-10,,,,,,,,,,,,,0.69,1.5,2.23,0.81,,,2.71,,,12.05,,,,111.3238
2016-08-11,,,,,,,,,,,,,0.76,1.57,2.28,0.81,,,2.7,,,11.68,,,,111.1954
2016-08-12,,,,,,,,,,,,,0.71,1.51,2.23,0.8,,,2.71,-0.371,,11.55,,,,111.1787
2016-08-13,,,,,,,,,,,264000.0,,,,,,,,,,,,,,,
2016-08-15,,,,,,,,,,,,,0.72,1.55,2.27,0.83,,,2.7,,,11.81,,,,110.9212
2016-08-16,,,,,,,,,,,,,0.76,1.57,2.29,0.81,,,2.7,,,12.64,,,,110.4295
2016-08-17,,,,,,,,,,,,,0.74,1.56,2.27,0.82,,,2.69,,,12.19,,,,110.9459
2016-08-18,,,,,,,,,,,,,0.71,1.53,2.26,0.82,,,2.7,,,11.43,,,,110.3134
2016-08-19,,,,,,,,,,,,,0.76,1.58,2.29,0.82,,,2.67,-0.368,,11.34,,,,110.8163
2016-08-20,,,,,,,,,,,264000.0,,,,,,,,,,,,,,,
2016-08-22,,,,,,,,,,,,,0.76,1.55,2.24,0.79,,,2.65,,,12.27,,,,110.9997
2016-08-23,,,,,,,,,,,,,0.74,1.55,2.24,0.81,,,2.64,,,12.38,,,,110.9414
2016-08-24,,,,,,,,,,,,,0.76,1.56,2.24,0.8,,,2.64,,,13.45,,,,111.2958
2016-08-25,,,,,,,,,,,,,0.78,1.58,2.27,0.8,,,2.63,,,13.63,,,,111.1726
2016-08-26,,,,,,,,,,,,,0.84,1.62,2.29,0.78,,,2.63,-0.363,,13.65,,,,111.2035
2016-08-27,,,,,,,,,,,261000.0,,,,,,,,,,,,,,,
2016-08-29,,,,,,,,,,,,,0.81,1.57,2.22,0.76,,,2.59,,,12.94,,,,111.8775
2016-08-30,,,,,,,,,,,,,0.8,1.57,2.23,0.77,,,2.62,,,13.12,,,,112.2928
2016-08-31,,,,,,,,,,,,,0.8,1.58,2.23,0.78,,,2.61,,,13.42,,,,112.4036
2016-09-01,,,98.7457,453056.0,241.176,248.842,98.666,98.834,5.0,144967.0,,62.9,0.78,1.57,2.23,0.79,0.4,,2.62,,91.2,13.48,1068.0,182.795,13052.7,112.1733
2016-09-02,,,,,,,,,,,,,0.8,1.6,2.28,0.8,,,2.63,-0.356,,11.98,,,,112.0009
2016-09-03,,,,,,,,,,,257000.0,,,,,,,,,,,,,,,
2016-09-05,,,,,,,,,,,,,,,,,,,,,,,,,,
2016-09-06,,,,,,,,,,,,,0.74,1.55,2.24,0.81,,,2.64,,,12.02,,,,110.9613
2016-09-07,,,,,,,,,,,,,0.74,1.54,2.23,0.8,,,2.65,,,11.94,,,,110.9717
2016-09-08,,,,,,,,,,,,,0.78,1.61,2.32,0.83,,,2.67,,,12.51,,,,111.2609
2016-09-09,,,,,,,,,,,,,0.79,1.67,2.39,0.88,,,2.67,-0.349,,17.5,,,,111.9879
2016-09-10,,,,,,,,,,,252000.0,,,,,,,,,,,,,,,
2016-09-12,,,,,,,,,,,,,0.79,1.68,2.4,0.89,,,2.68,,,15.16,,,,112.1516
2016-09-13,,,,,,,,,,,,,0.8,1.73,2.47,0.93,,,2.7,,,17.85,,,,112.5207
2016-09-14,,,,,,,,,,,,,0.77,1.7,2.44,0.93,,,2.7,,,18.14,,,,112.4678
2016-09-15,,,,,,,,,,,,,0.74,1.71,2.48,0.97,,,2.72,,,16.3,,,,112.4753
2016-09-16,,,,,,,,,,,,,0.77,1.7,2.44,0.93,,,2.71,-0.345,,15.37,,,,113.1765
2016-09-17,,,,,,,,,,,250000.0,,,,,,,,,,,,,,,
2016-09-19,,,,,,,,,,,,,0.79,1.7,2.45,0.91,,,2.7,,,15.53,,,,112.903
2016-09-20,,,,,,,,,,,,,0.79,1.69,2.43,0.9,,,2.7,,,15.92,,,,113.1848
2016-09-21,,,,,,,,,,,,,0.79,1.66,2.39,0.87,,,2.7,,,13.3,,,,112.9842
2016-09-22,,,,,,,,,,,,,0.79,1.63,2.34,0.84,,,2.69,,,12.02,,,,112.2592
2016-09-23,,,,,,,,,,,,,0.77,1.62,2.34,0.85,,,2.68,-0.343,,12.29,,,,112.7166
2016-09-24,,,,,,,,,,,247000.0,,,,,,,,,,,,,,,
2016-09-26,,,,,,,,,,,,,0.76,1.59,2.32,0.83,,,2.7,,,14.5,,,,112.7112
2016-09-27,,,,,,,,,,,,,0.75,1.56,2.28,0.81,,,2.69,,,13.1,,,,112.5515
2016-09-28,,,,,,,,,,,,,0.75,1.57,2.29,0.82,,,2.69,,,12.39,,,,112.6283
2016-09-29,,,,,,,,,,,,,0.73,1.56,2.28,0.83,,,2.67,,,14.02,,,,112.2879
2016-09-30,,,,,,,,,,,,,0.77,1.6,2.32,0.83,,,2.69,-0.346,,13.29,,,,112.2795
2016-10-01,19089.379,19304.352,98.7611,453847.0,241.741,249.142,98.868,98.961,4.9,145065.0,245000.0,62.8,,,,,0.4,,,,87.2,,1313.0,183.72,13124.5,
2016-10-03,,,,,,,,,,,,,0.8,1.63,2.34,0.83,,,2.66,,,13.57,,,,112.5077
2016-10-04,,,,,,,,,,,,,0.82,1.69,2.4,0.87,,,2.66,,,13.63,,,,112.6579
2016-10-05,,,,,,,,,,,,,0.85,1.72,2.44,0.87,,,2.64,,,12.99,,,,112.7946
2016-10-06,,,,,,,,,,,,,0.86,1.75,2.46,0.89,,,2.61,,,12.84,,,,113.0066
2016-10-07,,,,,,,,,,,,,0.83,1.73,2.46,0.9,,,2.63,-0.353,,13.48,,,,113.2915
2016-10-08,,,,,,,,,,,250000.0,,,,,,,,,,,,,,,
2016-10-10,,,,,,,,,,,,,,,,,,,,,,13.38,,,,
2016-10-11,,,,,,,,,,,,,0.87,1.77,2.5,0.9,,,2.6,,,15.36,,,,113.4461
2016-10-12,,,,,,,,,,,,,0.87,1.79,2.51,0.92,,,2.6,,,15.91,,,,113.7442
2016-10-13,,,,,,,,,,,,,0.85,1.75,2.48,0.9,,,2.59,,,16.69,,,,113.6238
2016-10-14,,,,,,,,,,,,,0.84,1.8,2.55,0.96,,,2.63,-0.362,,16.12,,,,113.7119
2016-10-15,,,,,,,,,,,263000.0,,,,,,,,,,,,,,,
2016-10-17,,,,,,,,,,,,,0.81,1.77,2.52,0.96,,,2.62,,,16.21,,,,113.5488
2016-10-18,,,,,,,,,,,,,0.82,1.75,2.51,0.93,,,2.62,,,15.28,,,,113.1393
2016-10-19,,,,,,,,,,,,,0.81,1.76,2.51,0.95,,,2.62,,,14.41,,,,113.0547
2016-10-20,,,,,,,,,,,,,0.84,1.76,2.5,0.92,,,2.59,,,13.75,,,,113.4033
2016-10-21,,,,,,,,,,,,,0.84,1.74,2.48,0.9,,,2.6,-0.373,,13.34,,,,113.9015
2016-10-22,,,,,,,,,,,256000.0,,,,,,,,,,,,,,,
2016-10-24,,,,,,,,,,,,,0.84,1.77,2.52,0.93,,,2.59,,,13.02,,,,113.8571
2016-10-25,,,,,,,,,,,,,0.86,1.77,2.5,0.91,,,2.58,,,13.46,,,,113.6801
2016-10-26,,,,,,,,,,,,,0.86,1.79,2.53,0.93,,,2.6,,,14.24,,,,113.8131
2016-10-27,,,,,,,,,,,,,0.87,1.85,2.6,0.98,,,2.59,,,15.36,,,,114.1998
2016-10-28,,,,,,,,,,,,,0.86,1.86,2.62,1.0,,,2.6,-0.386,,16.19,,,,114.0931
2016-10-29,,,,,,,,,,,265000.0,,,,,,,,,,,,,,,
2016-10-31,,,,,,,,,,,,,0.86,1.84,2.58,0.98,,,2.61,,,17.06,,,,114.0188
2016-11-01,,,98.3491,453892.0,242.026,249.481,98.901,99.005,4.7,145183.0,,62.7,0.83,1.83,2.58,1.0,0.41,,2.61,,93.8,18.56,1140.0,184.727,13214.2,113.9915
2016-11-02,,,,,,,,,,,,,0.81,1.81,2.56,1.0,,,2.63,,,19.32,,,,113.9206
2016-11-03,,,,,,,,,,,,,0.81,1.82,2.6,1.01,,,2.67,,,22.08,,,,113.7664
2016-11-04,,,,,,,,,,,,,0.8,1.79,2.56,0.99,,,2.67,-0.398,,22.51,,,,113.5828
2016-11-05,,,,,,,,,,,250000.0,,,,,,,,,,,,,,,
2016-11-07,,,,,,,,,,,,,0.82,1.83,2.6,1.01,,,2.66,,,18.71,,,,113.5443
2016-11-08,,,,,,,,,,,,,0.87,1.88,2.63,1.01,,,2.62,,,18.74,,,,113.3017
2016-11-09,,,,,,,,,,,,,0.9,2.07,2.88,1.17,,,2.66,,,14.38,,,,114.6956
2016-11-10,,,,,,,,,,,,,0.92,2.15,2.94,1.23,,,2.6,,,14.74,,,,115.9375
2016-11-11,,,,,,,,,,,,,,,,,,,,-0.412,,14.17,,,,
2016-11-12,,,,,,,,,,,232000.0,,,,,,,,,,,,,,,
2016-11-14,,,,,,,,,,,,,1.0,2.23,2.99,1.23,,,2.6,,,14.48,,,,117.2245
2016-11-15,,,,,,,,,,,,,1.02,2.23,2.97,1.21,,,2.59,,,13.37,,,,116.7724
2016-11-16,,,,,,,,,,,,,1.0,2.22,2.92,1.22,,,2.55,,,13.72,,,,116.8062
2016-11-17,,,,,,,,,,,,,1.04,2.29,3.01,1.25,,,2.54,,,13.35,,,,116.8952
2016-11-18,,,,,,,,,,,,,1.07,2.34,3.01,1.27,,,2.52,-0.425,,12.85,,,,117.5936
2016-11-19,,,,,,,,,,,246000.0,,,,,,,,,,,,,,,
2016-11-21,,,,,,,,,,,,,1.08,2.33,3.0,1.25,,,2.52,,,12.42,,,,117.4762
2016-11-22,,,,,,,,,,,,,1.07,2.31,3.0,1.24,,,2.53,,,12.41,,,,117.4508
2016-11-23,,,,,,,,,,,,,1.12,2.36,3.02,1.24,,,2.49,,,12.43,,,,118.0356
2016-11-24,,,,,,,,,,,,,,,,,,,,,,,,,,
2016-11-25,,,,,,,,,,,,,1.12,2.36,3.01,1.24,,,2.48,-0.436,,12.34,,,,118.02
2016-11-26,,,,,,,,,,,255000.0,,,,,,,,,,,,,,,
2016-11-28,,,,,,,,,,,,,1.11,2.32,2.99,1.21,,,2.47,,,13.15,,,,117.7278
2016-11-29,,,,,,,,,,,,,1.09,2.3,2.95,1.21,,,2.46,,,12.9,,,,117.644
2016-11-30,,,,,,,,,,,,,1.11,2.37,3.02,1.26,,,2.45,,,13.33,,,,117.7636
2016-12-01,,,99.0214,459305.0,242.637,249.92,99.071,99.12,4.7,145408.0,,62.7,1.14,2.45,3.1,1.31,0.54,,2.42,,98.2,14.07,1252.0,185.695,13240.6,117.6642
2016-12-02,,,,,,,,,,,,,1.11,2.4,3.08,1.29,,,2.42,-0.446,,14.12,,,,117.3116
2016-12-03,,,,,,,,,,,248000.0,,,,,,,,,,,,,,,
2016-12-05,,,,,,,,,,,,,1.13,2.39,3.05,1.26,,,2.42,,,12.14,,,,117.1008
2016-12-06,,,,,,,,,,,,,1.12,2.39,3.08,1.27,,,2.44,,,11.79,,,,116.9225
2016-12-07,,,,,,,,,,,,,1.1,2.34,3.02,1.24,,,2.44,,,12.22,,,,116.672
2016-12-08,,,,,,,,,,,,,1.12,2.4,3.1,1.28,,,2.43,,,12.64,,,,117.0327
2016-12-09,,,,,,,,,,,,,1.15,2.47,3.16,1.32,,,2.43,-0.454,,11.75,,,,117.2834
2016-12-10,,,,,,,,,,,252000.0,,,,,,,,,,,,,,,
2016-12-12,,,,,,,,,,,,,1.15,2.49,3.16,1.34,,,2.41,,,12.64,,,,116.9161
2016-12-13,,,,,,,,,,,,,1.17,2.48,3.14,1.31,,,2.39,,,12.72,,,,116.8029
2016-12-14,,,,,,,,,,,,,1.27,2.54,3.14,1.27,,,2.32,,,13.19,,,,116.7332
2016-12-15,,,,,,,,,,,,,1.29,2.6,3.16,1.31,,,2.24,,,12.79,,,,118.8072
2016-12-16,,,,,,,,,,,,,1.28,2.6,3.19,1.32,,,2.28,-0.461,,12.2,,,,118.3584
2016-12-17,,,,,,,,,,,260000.0,,,,,,,,,,,,,,,
2016-12-19,,,,,,,,,,,,,1.24,2.54,3.12,1.3,,,2.28,,,11.71,,,,118.3875
2016-12-20,,,,,,,,,,,,,1.25,2.57,3.15,1.32,,,2.28,,,11.45,,,,118.63
2016-12-21,,,,,,,,,,,,,1.21,2.55,3.12,1.34,,,2.26,,,11.27,,,,118.581
2016-12-22,,,,,,,,,,,,,1.22,2.55,3.12,1.33,,,2.27,,,11.43,,,,118.8209
2016-12-23,,,,,,,,,,,,,1.22,2.55,3.12,1.33,,,2.25,-0.467,,11.44,,,,118.7856
2016-12-24,,,,,,,,,,,257000.0,,,,,,,,,,,,,,,
2016-12-26,,,,,,,,,,,,,,,,,,,,,,,,,,
2016-12-27,,,,,,,,,,,,,1.28,2.57,3.14,1.29,,,2.25,,,11.99,,,,118.9506
2016-12-28,,,,,,,,,,,,,1.26,2.51,3.09,1.25,,,2.26,,,12.95,,,,119.2305
2016-12-29,,,,,,,,,,,,,1.22,2.49,3.08,1.27,,,2.27,,,13.37,,,,118.6637
2016-12-30,,,,,,,,,,,,,1.2,2.45,3.06,1.25,,,2.28,-0.473,,14.04,,,,118.3466
2016-12-31,,,,,,,,,,,244000.0,,,,,,,,,,,,,,,
2017-01-01,19280.084,19398.343,98.7611,464412.0,243.618,250.467,99.451,99.385,4.7,145628.0,,62.8,,,,,0.65,,,,98.5,,1190.0,186.774,13318.9,
2017-01-02,,,,,,,,,,,,,,,,,,,,,,,,,,
2017-01-03,,,,,,,,,,,,,1.22,2.45,3.04,1.23,,,2.27,,,12.85,,,,119.0903
2017-01-04,,,,,,,,,,,,,1.24,2.46,3.05,1.22,,,2.25,,,11.85,,,,118.8803
2017-01-05,,,,,,,,,,,,,1.17,2.37,2.96,1.2,,,2.25,,,11.67,,,,117.9999
2017-01-06,,,,,,,,,,,,,1.22,2.42,3.0,1.2,,,2.24,-0.479,,11.32,,,,118.3495
2017-01-07,,,,,,,,,,,245000.0,,,,,,,,,,,,,,,
2017-01-09,,,,,,,,,,,,,1.21,2.38,2.97,1.17,,,2.24,,,11.56,,,,118.4111
2017-01-10,,,,,,,,,,,,,1.19,2.38,2.97,1.19,,,2.24,,,11.49,,,,118.5386
2017-01-11,,,,,,,,,,,,,1.2,2.38,2.96,1.18,,,2.22,,,11.26,,,,119.0219
2017-01-12,,,,,,,,,,,,,1.18,2.36,3.01,1.18,,,2.25,,,11.54,,,,117.8001
2017-01-13,,,,,,,,,,,,,1.21,2.4,2.99,1.19,,,2.23,-0.484,,11.23,,,,117.9884
2017-01-14,,,,,,,,,,,240000.0,,,,,,,,,,,,,,,
2017-01-16,,,,,,,,,,,,,,,,,,,,,,,,,,
2017-01-17,,,,,,,,,,,,,1.17,2.33,2.93,1.16,,,2.26,,,11.87,,,,117.2656
2017-01-18,,,,,,,,,,,,,1.23,2.42,3.0,1.19,,,2.22,,,12.48,,,,117.7242
2017-01-19,,,,,,,,,,,,,1.25,2.47,3.04,1.22,,,2.21,,,12.78,,,,118.3182
2017-01-20,,,,,,,,,,,,,1.2,2.48,3.05,1.28,,,2.21,-0.489,,11.54,,,,
2017-01-21,,,,,,,,,,,250000.0,,,,,,,,,,,,,,,
2017-01-23,,,,,,,,,,,,,1.16,2.41,2.99,1.25,,,2.21,,,11.77,,,,117.2479
2017-01-24,,,,,,,,,,,,,1.21,2.47,3.05,1.26,,,2.22,,,11.07,,,,117.0516
2017-01-25,,,,,,,,,,,,,1.23,2.53,3.1,1.3,,,2.21,,,10.81,,,,116.9355
2017-01-26,,,,,,,,,,,,,1.21,2.51,3.08,1.3,,,2.2,,,10.63,,,,117.2766
2017-01-27,,,,,,,,,,,,,1.22,2.49,3.06,1.27,,,2.19,-0.493,,10.58,,,,117.0735
2017-01-28,,,,,,,,,,,241000.0,,,,,,,,,,,,,,,
2017-01-30,,,,,,,,,,,,,1.22,2.49,3.08,1.27,,,2.21,,,11.88,,,,116.7325
2017-01-31,,,,,,,,,,,,,1.19,2.45,3.05,1.26,,,2.23,,,11.99,,,,116.2241
2017-02-01,,,98.3646,464284.0,244.006,250.998,99.586,99.561,4.6,145846.0,,62.9,1.22,2.48,3.08,1.26,0.66,,2.23,,96.3,11.81,1271.0,187.288,13395.2,116.3914
2017-02-02,,,,,,,,,,,,,1.21,2.48,3.09,1.27,,,2.23,,,11.93,,,,115.903
2017-02-03,,,,,,,,,,,,,1.21,2.49,3.11,1.28,,,2.24,-0.495,,10.97,,,,115.6259
2017-02-04,,,,,,,,,,,230000.0,,,,,,,,,,,,,,,
2017-02-06,,,,,,,,,,,,,1.16,2.42,3.05,1.26,,,2.25,,,11.37,,,,116.0504
2017-02-07,,,,,,,,,,,,,1.16,2.4,3.02,1.24,,,2.24,,,11.29,,,,116.4082
2017-02-08,,,,,,,,,,,,,1.15,2.34,2.96,1.19,,,2.25,,,11.45,,,,116.1382
2017-02-09,,,,,,,,,,,,,1.2,2.4,3.02,1.2,,,2.24,,,10.88,,,,116.306
2017-02-10,,,,,,,,,,,,,1.2,2.41,3.01,1.21,,,2.23,-0.496,,10.85,,,,116.148
2017-02-11,,,,,,,,,,,233000.0,,,,,,,,,,,,,,,
2017-02-13,,,,,,,,,,,,,1.2,2.43,3.03,1.23,,,2.23,,,11.07,,,,116.3427
2017-02-14,,,,,,,,,,,,,1.25,2.47,3.07,1.22,,,2.21,,,10.74,,,,116.3949
2017-02-15,,,,,,,,,,,,,1.27,2.51,3.09,1.24,,,2.19,,,11.97,,,,116.2162
2017-02-16,,,,,,,,,,,,,1.22,2.45,3.05,1.23,,,2.2,,,11.76,,,,116.0067
2017-02-17,,,,,,,,,,,,,1.21,2.42,3.03,1.21,,,2.21,-0.496,,11.49,,,,116.4035
2017-02-18,,,,,,,,,,,237000.0,,,,,,,,,,,,,,,
2017-02-20,,,,,,,,,,,,,,,,,,,,,,,,,,
2017-02-21,,,,,,,,,,,,,1.22,2.43,3.04,1.21,,,2.2,,,11.57,,,,116.5921
2017-02-22,,,,,,,,,,,,,1.22,2.42,3.04,1.2,,,2.21,,,11.74,,,,116.2136
2017-02-23,,,,,,,,,,,,,1.18,2.38,3.02,1.2,,,2.23,,,11.71,,,,115.6527
2017-02-24,,,,,,,,,,,,,1.12,2.31,2.95,1.19,,,2.23,-0.493,,11.47,,,,115.8143
2017-02-25,,,,,,,,,,,221000.0,,,,,,,,,,,,,,,
2017-02-27,,,,,,,,,,,,,1.2,2.36,2.98,1.16,,,2.21,,,12.09,,,,115.6764
2017-02-28,,,,,,,,,,,,,1.22,2.36,2.97,1.14,,,2.19,,,12.92,,,,116.0032
2017-03-01,,,99.0137,463674.0,243.892,250.944,99.535,99.519,4.4,145970.0,,62.9,1.29,2.46,3.06,1.17,0.79,,2.18,,96.9,12.54,1190.0,187.967,13464.6,116.438
2017-03-02,,,,,,,,,,,,,1.32,2.49,3.09,1.17,,,2.16,,,11.81,,,,116.8429
2017-03-03,,,,,,,,,,,,,1.32,2.49,3.08,1.17,,,2.16,-0.491,,10.96,,,,116.6438
2017-03-04,,,,,,,,,,,236000.0,,,,,,,,,,,,,,,
2017-03-06,,,,,,,,,,,,,1.31,2.49,3.1,1.18,,,2.17,,,11.24,,,,116.4313
2017-03-07,,,,,,,,,,,,,1.32,2.52,3.11,1.2,,,2.15,,,11.45,,,,116.4303
2017-03-08,,,,,,,,,,,,,1.36,2.57,3.15,1.21,,,2.15,,,11.86,,,,116.875
2017-03-09,,,,,,,,,,,,,1.37,2.6,3.19,1.23,,,2.17,,,12.3,,,,116.9959
2017-03-10,,,,,,,,,,,,,1.36,2.58,3.16,1.22,,,2.18,-0.489,,11.66,,,,116.616
2017-03-11,,,,,,,,,,,228000.0,,,,,,,,,,,,,,,
2017-03-13,,,,,,,,,,,,,1.4,2.62,3.2,1.22,,,2.17,,,11.35,,,,116.4004
2017-03-14,,,,,,,,,,,,,1.4,2.6,3.17,1.2,,,2.18,,,12.3,,,,116.5646
2017-03-15,,,,,,,,,,,,,1.33,2.51,3.11,1.18,,,2.2,,,11.63,,,,116.3584
2017-03-16,,,,,,,,,,,,,1.35,2.53,3.14,1.18,,,2.21,,,11.21,,,,115.4456
2017-03-17,,,,,,,,,,,,,1.33,2.5,3.11,1.17,,,2.22,-0.486,,11.28,,,,115.2783
2017-03-18,,,,,,,,,,,235000.0,,,,,,,,,,,,,,,
2017-03-20,,,,,,,,,,,,,1.3,2.47,3.08,1.17,,,2.23,,,11.34,,,,115.0426
2017-03-21,,,,,,,,,,,,,1.27,2.43,3.04,1.16,,,2.23,,,12.47,,,,114.8119
2017-03-22,,,,,,,,,,,,,1.27,2.4,3.02,1.13,,,2.23,,,12.81,,,,114.7937
2017-03-23,,,,,,,,,,,,,1.26,2.41,3.02,1.15,,,2.24,,,13.12,,,,114.7899
2017-03-24,,,,,,,,,,,,,1.26,2.4,3.0,1.14,,,2.22,-0.485,,12.96,,,,114.6372
2017-03-25,,,,,,,,,,,236000.0,,,,,,,,,,,,,,,
2017-03-27,,,,,,,,,,,,,1.27,2.38,2.98,1.11,,,2.23,,,12.5,,,,114.2347
2017-03-28,,,,,,,,,,,,,1.3,2.42,3.02,1.12,,,2.22,,,11.53,,,,114.419
2017-03-29,,,,,,,,,,,,,1.26,2.39,2.99,1.13,,,2.23,,,11.42,,,,114.7167
2017-03-30,,,,,,,,,,,,,1.28,2.42,3.03,1.14,,,2.23,,,11.54,,,,114.5245
2017-03-31,,,,,,,,,,,,,1.27,2.4,3.02,1.13,,,2.24,-0.486,,12.37,,,,114.7938
2017-04-01,19438.643,19506.949,100.0224,465276.0,244.193,251.227,99.725,99.723,4.4,146175.0,216000.0,63.0,,,,,0.9,,,,97.0,,1146.0,188.697,13520.3,
2017-04-03,,,,,,,,,,,,,1.24,2.35,2.98,1.11,,,2.26,,,12.38,,,,114.8734
2017-04-04,,,,,,,,,,,,,1.25,2.36,2.99,1.11,,,2.26,,,11.79,,,,115.0038
2017-04-05,,,,,,,,,,,,,1.24,2.34,2.98,1.1,,,2.29,,,12.89,,,,114.9494
2017-04-06,,,,,,,,,,,,,1.24,2.34,2.99,1.1,,,2.27,,,12.39,,,,115.0181
2017-04-07,,,,,,,,,,,,,1.29,2.38,3.0,1.09,,,2.24,-0.489,,12.87,,,,115.0547
2017-04-08,,,,,,,,,,,222000.0,,,,,,,,,,,,,,,
2017-04-10,,,,,,,,,,,,,1.29,2.37,2.99,1.08,,,2.24,,,14.05,,,,115.11
2017-04-11,,,,,,,,,,,,,1.24,2.32,2.93,1.08,,,2.24,,,15.07,,,,115.009
2017-04-12,,,,,,,,,,,,,1.24,2.28,2.92,1.04,,,2.28,,,15.77,,,,114.9162
2017-04-13,,,,,,,,,,,,,1.21,2.24,2.89,1.03,,,2.28,,,15.96,,,,114.5059
2017-04-14,,,,,,,,,,,,,,,,,,,,-0.495,,,,,,114.5368
2017-04-15,,,,,,,,,,,231000.0,,,,,,,,,,,,,,,
2017-04-17,,,,,,,,,,,,,1.21,2.26,2.92,1.05,,,2.29,,,14.66,,,,114.3283
2017-04-18,,,,,,,,,,,,,1.18,2.18,2.84,1.0,,,2.29,,,14.42,,,,114.2575
2017-04-19,,,,,,,,,,,,,1.19,2.21,2.87,1.02,,,2.29,,,14.93,,,,114.7923
2017-04-20,,,,,,,,,,,,,1.21,2.24,2.89,1.03,,,2.28,,,14.15,,,,114.6205
2017-04-21,,,,,,,,,,,,,1.2,2.24,2.89,1.04,,,2.29,-0.503,,14.63,,,,114.8128
2017-04-22,,,,,,,,,,,238000.0,,,,,,,,,,,,,,,
2017-04-24,,,,,,,,,,,,,1.25,2.28,2.93,1.03,,,2.28,,,10.84,,,,114.3659
2017-04-25,,,,,,,,,,,,,1.29,2.35,2.99,1.06,,,2.26,,,10.76,,,,114.5111
2017-04-26,,,,,,,,,,,,,1.28,2.32,2.97,1.04,,,2.27,,,10.85,,,,114.9479
2017-04-27,,,,,,,,,,,,,1.25,2.3,2.96,1.05,,,2.28,,,10.36,,,,114.9946
2017-04-28,,,,,,,,,,,,,1.28,2.29,2.96,1.01,,,2.28,-0.513,,10.82,,,,114.7877
2017-04-29,,,,,,,,,,,232000.0,,,,,,,,,,,,,,,
2017-05-01,,,100.1408,462754.0,244.004,251.43,99.682,99.803,4.4,146380.0,,62.8,1.28,2.33,3.0,1.05,0.91,,2.29,,97.1,10.11,1157.0,189.584,13567.4,114.5921
2017-05-02,,,,,,,,,,,,,1.27,2.29,2.97,1.02,,,2.3,,,10.59,,,,114.6792
2017-05-03,,,,,,,,,,,,,1.3,2.33,2.97,1.03,,,2.23,,,10.68,,,,114.6637
2017-05-04,,,,,,,,,,,,,1.32,2.36,3.0,1.04,,,2.25,,,10.46,,,,114.9076
2017-05-05,,,,,,,,,,,,,1.32,2.36,2.99,1.04,,,2.24,-0.523,,10.57,,,,114.7725
2017-05-06,,,,,,,,,,,233000.0,,,,,,,,,,,,,,,
2017-05-08,,,,,,,,,,,,,1.33,2.39,3.02,1.06,,,2.23,,,9.77,,,,115.0895
2017-05-09,,,,,,,,,,,,,1.37,2.42,3.04,1.05,,,2.22,,,9.96,,,,115.3933
2017-05-10,,,,,,,,,,,,,1.35,2.41,3.03,1.06,,,2.22,,,10.21,,,,115.1145
2017-05-11,,,,,,,,,,,,,1.35,2.39,3.03,1.04,,,2.24,,,10.6,,,,115.0669
2017-05-12,,,,,,,,,,,,,1.29,2.33,2.98,1.04,,,2.25,-0.533,,10.4,,,,114.7479
2017-05-13,,,,,,,,,,,234000.0,,,,,,,,,,,,,,,
2017-05-15,,,,,,,,,,,,,1.31,2.34,3.0,1.03,,,2.25,,,10.42,,,,114.3504
2017-05-16,,,,,,,,,,,,,1.29,2.33,2.99,1.04,,,2.24,,,10.65,,,,113.9923
2017-05-17,,,,,,,,,,,,,1.26,2.22,2.91,0.96,,,2.26,,,15.59,,,,113.7506
2017-05-18,,,,,,,,,,,,,1.27,2.23,2.9,0.96,,,2.26,,,14.66,,,,114.2683
2017-05-19,,,,,,,,,,,,,1.28,2.23,2.9,0.95,,,2.26,-0.542,,12.04,,,,113.7001
2017-05-20,,,,,,,,,,,236000.0,,,,,,,,,,,,,,,
2017-05-22,,,,,,,,,,,,,1.29,2.25,2.91,0.96,,,2.24,,,10.93,,,,113.5442
2017-05-23,,,,,,,,,,,,,1.31,2.29,2.95,0.98,,,2.22,,,10.72,,,,113.6862
2017-05-24,,,,,,,,,,,,,1.29,2.26,2.92,0.97,,,2.25,,,10.02,,,,113.675
2017-05-25,,,,,,,,,,,,,1.3,2.25,2.92,0.95,,,2.24,,,9.99,,,,113.3719
2017-05-26,,,,,,,,,,,,,1.3,2.25,2.92,0.95,,,2.24,-0.551,,9.81,,,,113.4839
2017-05-27,,,,,,,,,,,253000.0,,,,,,,,,,,,,,,
2017-05-29,,,,,,,,,,,,,,,,,,,,,,,,,,
2017-05-30,,,,,,,,,,,,,1.28,2.21,2.88,0.93,,,2.25,,,10.38,,,,113.5552
2017-05-31,,,,,,,,,,,,,1.28,2.21,2.87,0.93,,,2.23,,,10.41,,,,113.2956
2017-06-01,,,100.3471,465130.0,244.163,251.746,99.766,99.937,4.3,146583.0,,62.8,1.28,2.21,2.87,0.93,1.04,,2.24,,95.0,9.89,1249.0,190.469,13577.0,113.3017
2017-06-02,,,,,,,,,,,,,1.28,2.15,2.8,0.87,,,2.24,-0.558,,9.75,,,,113.1908
2017-06-03,,,,,,,,,,,251000.0,,,,,,,,,,,,,,,
2017-06-05,,,,,,,,,,,,,1.32,2.18,2.84,0.86,,,2.24,,,10.07,,,,112.9755
2017-06-06,,,,,,,,,,,,,1.3,2.14,2.81,0.84,,,2.25,,,10.45,,,,112.7095
2017-06-07,,,,,,,,,,,,,1.32,2.18,2.84,0.86,,,2.23,,,10.39,,,,112.8191
2017-06-08,,,,,,,,,,,,,1.33,2.19,2.85,0.86,,,2.23,,,10.16,,,,112.8351
2017-06-09,,,,,,,,,,,,,1.35,2.21,2.86,0.86,,,2.21,-0.563,,10.7,,,,112.9562
2017-06-10,,,,,,,,,,,245000.0,,,,,,,,,,,,,,,
2017-06-12,,,,,,,,,,,,,1.35,2.21,2.86,0.86,,,2.22,,,11.46,,,,112.9837
2017-06-13,,,,,,,,,,,,,1.38,2.21,2.87,0.83,,,2.21,,,10.42,,,,112.6271
2017-06-14,,,,,,,,,,,,,1.35,2.15,2.79,0.8,,,2.19,,,10.64,,,,112.0734
2017-06-15,,,,,,,,,,,,,1.35,2.16,2.78,0.81,,,2.18,,,10.9,,,,112.8708
2017-06-16,,,,,,,,,,,,,1.32,2.16,2.78,0.84,,,2.19,-0.568,,10.38,,,,112.6155
2017-06-17,,,,,,,,,,,249000.0,,,,,,,,,,,,,,,
2017-06-19,,,,,,,,,,,,,1.36,2.19,2.79,0.83,,,2.17,,,10.37,,,,112.7576
2017-06-20,,,,,,,,,,,,,1.36,2.16,2.74,0.8,,,2.16,,,10.86,,,,113.2698
2017-06-21,,,,,,,,,,,,,1.36,2.16,2.73,0.8,,,2.15,,,10.75,,,,113.3327
2017-06-22,,,,,,,,,,,,,1.34,2.15,2.72,0.81,,,2.16,,,10.48,,,,113.1654
2017-06-23,,,,,,,,,,,,,1.34,2.15,2.71,0.81,,,2.15,-0.571,,10.02,,,,112.8665
2017-06-24,,,,,,,,,,,247000.0,,,,,,,,,,,,,,,
2017-06-26,,,,,,,,,,,,,1.36,2.14,2.7,0.78,,,2.15,,,9.9,,,,112.7633
2017-06-27,,,,,,,,,,,,,1.38,2.21,2.75,0.83,,,2.12,,,11.06,,,,112.55
2017-06-28,,,,,,,,,,,,,1.34,2.22,2.77,0.88,,,2.14,,,10.03,,,,112.0747
2017-06-29,,,,,,,,,,,,,1.38,2.27,2.82,0.89,,,2.11,,,11.44,,,,111.998
2017-06-30,,,,,,,,,,,,,1.38,2.31,2.84,0.93,,,2.09,-0.574,,11.18,,,,111.9896
2017-07-01,19692.595,19660.766,100.1068,465089.0,244.243,251.985,99.803,100.01,4.3,146772.0,256000.0,62.9,,,,,1.15,,,,93.4,,1206.0,191.44,13638.5,
2017-07-03,,,,,,,,,,,,,1.41,2.35,2.86,0.94,,,2.07,,,11.22,,,,112.4268
2017-07-04,,,,,,,,,,,,,,,,,,,,,,,,,,
2017-07-05,,,,,,,,,,,,,1.41,2.33,2.85,0.92,,,2.08,,,11.07,,,,112.6534
2017-07-06,,,,,,,,,,,,,1.4,2.37,2.9,0.97,,,2.07,,,12.54,,,,112.4199
2017-07-07,,,,,,,,,,,,,1.4,2.39,2.93,0.99,,,2.08,-0.577,,11.19,,,,112.3137
2017-07-08,,,,,,,,,,,259000.0,,,,,,,,,,,,,,,
2017-07-10,,,,,,,,,,,,,1.4,2.38,2.93,0.98,,,2.08,,,11.11,,,,112.1587
2017-07-11,,,,,,,,,,,,,1.37,2.37,2.92,1.0,,,2.08,,,10.89,,,,112.1434
2017-07-12,,,,,,,,,,,,,1.35,2.33,2.89,0.98,,,2.09,,,10.3,,,,111.5904
2017-07-13,,,,,,,,,,,,,1.37,2.35,2.92,0.98,,,2.09,,,9.9,,,,111.5365
2017-07-14,,,,,,,,,,,,,1.35,2.33,2.91,0.98,,,2.09,-0.58,,9.51,,,,110.9075
2017-07-15,,,,,,,,,,,245000.0,,,,,,,,,,,,,,,
2017-07-17,,,,,,,,,,,,,1.36,2.31,2.89,0.95,,,2.09,,,9.82,,,,110.9304
2017-07-18,,,,,,,,,,,,,1.36,2.27,2.85,0.91,,,2.08,,,9.89,,,,110.4356
2017-07-19,,,,,,,,,,,,,1.37,2.27,2.85,0.9,,,2.07,,,9.79,,,,110.4339
2017-07-20,,,,,,,,,,,,,1.37,2.27,2.83,0.9,,,2.05,,,9.58,,,,110.2512
2017-07-21,,,,,,,,,,,,,1.36,2.24,2.81,0.88,,,2.05,-0.582,,9.36,,,,110.191
2017-07-22,,,,,,,,,,,249000.0,,,,,,,,,,,,,,,
2017-07-24,,,,,,,,,,,,,1.37,2.26,2.83,0.89,,,2.06,,,9.43,,,,110.2004
2017-07-25,,,,,,,,,,,,,1.4,2.33,2.91,0.93,,,2.05,,,9.43,,,,110.2835
2017-07-26,,,,,,,,,,,,,1.36,2.29,2.89,0.93,,,2.07,,,9.6,,,,110.3811
2017-07-27,,,,,,,,,,,,,1.36,2.32,2.93,0.96,,,2.07,,,10.11,,,,110.216
2017-07-28,,,,,,,,,,,,,1.34,2.3,2.89,0.96,,,2.05,-0.581,,10.29,,,,109.92
2017-07-29,,,,,,,,,,,245000.0,,,,,,,,,,,,,,,
2017-07-31,,,,,,,,,,,,,1.34,2.3,2.89,0.96,,,2.06,,,10.26,,,,109.8177
2017-08-01,,,99.6925,466020.0,245.183,252.535,100.027,100.118,4.4,146919.0,,62.9,1.34,2.26,2.86,0.92,1.16,,2.06,,96.8,10.09,1159.0,192.62,13695.0,109.8495
2017-08-02,,,,,,,,,,,,,1.36,2.27,2.85,0.91,,,2.05,,,10.28,,,,109.7503
2017-08-03,,,,,,,,,,,,,1.34,2.24,2.81,0.9,,,2.05,,,10.44,,,,109.8332
2017-08-04,,,,,,,,,,,,,1.36,2.27,2.84,0.91,,,2.05,-0.578,,10.03,,,,110.2808
2017-08-05,,,,,,,,,,,254000.0,,,,,,,,,,,,,,,
2017-08-07,,,,,,,,,,,,,1.36,2.26,2.84,0.9,,,2.06,,,9.93,,,,110.373
2017-08-08,,,,,,,,,,,,,1.36,2.29,2.86,0.93,,,2.07,,,10.96,,,,110.396
2017-08-09,,,,,,,,,,,,,1.33,2.24,2.82,0.91,,,2.09,,,11.11,,,,110.3671
2017-08-10,,,,,,,,,,,,,1.33,2.2,2.79,0.87,,,2.11,,,16.04,,,,110.1886
2017-08-11,,,,,,,,,,,,,1.3,2.19,2.79,0.89,,,2.12,-0.573,,15.51,,,,110.0422
2017-08-12,,,,,,,,,,,245000.0,,,,,,,,,,,,,,,
2017-08-14,,,,,,,,,,,,,1.33,2.22,2.81,0.89,,,2.11,,,12.33,,,,110.095
2017-08-15,,,,,,,,,,,,,1.35,2.27,2.84,0.92,,,2.09,,,12.04,,,,110.4846
2017-08-16,,,,,,,,,,,,,1.33,2.23,2.81,0.9,,,2.09,,,11.74,,,,110.4394
2017-08-17,,,,,,,,,,,,,1.32,2.19,2.78,0.87,,,2.11,,,15.55,,,,110.1673
2017-08-18,,,,,,,,,,,,,1.33,2.19,2.78,0.86,,,2.12,-0.567,,14.26,,,,110.041
2017-08-19,,,,,,,,,,,245000.0,,,,,,,,,,,,,,,
2017-08-21,,,,,,,,,,,,,1.32,2.18,2.77,0.86,,,2.12,,,13.19,,,,109.7349
2017-08-22,,,,,,,,,,,,,1.33,2.22,2.79,0.89,,,2.1,,,11.35,,,,109.8386
2017-08-23,,,,,,,,,,,,,1.32,2.17,2.75,0.85,,,2.12,,,12.25,,,,109.8095
2017-08-24,,,,,,,,,,,,,1.33,2.19,2.77,0.86,,,2.12,,,12.23,,,,109.7524
2017-08-25,,,,,,,,,,,,,1.35,2.17,2.75,0.82,,,2.12,-0.563,,11.28,,,,109.3415
2017-08-26,,,,,,,,,,,247000.0,,,,,,,,,,,,,,,
2017-08-28,,,,,,,,,,,,,1.33,2.16,2.76,0.83,,,2.13,,,11.32,,,,109.1815
2017-08-29,,,,,,,,,,,,,1.33,2.13,2.74,0.8,,,2.15,,,11.7,,,,109.0946
2017-08-30,,,,,,,,,,,,,1.33,2.15,2.75,0.82,,,2.14,,,11.22,,,,109.4052
2017-08-31,,,,,,,,,,,,,1.33,2.12,2.73,0.79,,,2.14,,,10.59,,,,109.3686
2017-09-01,,,99.7954,475724.0,246.435,252.812,100.4,100.24,4.3,147008.0,,63.1,1.35,2.16,2.77,0.81,1.15,,2.15,-0.561,95.1,10.13,1181.0,193.713,13743.0,109.0504
2017-09-02,,,,,,,,,,,297000.0,,,,,,,,,,,,,,,
2017-09-04,,,,,,,,,,,,,,,,,,,,,,,,,,
2017-09-05,,,,,,,,,,,,,1.3,2.07,2.69,0.77,,,2.16,,,12.23,,,,108.8664
2017-09-06,,,,,,,,,,,,,1.3,2.1,2.72,0.8,,,2.17,,,11.63,,,,108.4897
2017-09-07,,,,,,,,,,,,,1.27,2.05,2.66,0.78,,,2.17,,,11.55,,,,107.9224
2017-09-08,,,,,,,,,,,,,1.27,2.06,2.67,0.79,,,2.17,-0.561,,12.12,,,,107.808
2017-09-09,,,,,,,,,,,280000.0,,,,,,,,,,,,,,,
2017-09-11,,,,,,,,,,,,,1.32,2.14,2.75,0.82,,,2.15,,,10.73,,,,108.153
2017-09-12,,,,,,,,,,,,,1.33,2.17,2.78,0.84,,,2.16,,,10.58,,,,108.3239
2017-09-13,,,,,,,,,,,,,1.35,2.2,2.79,0.85,,,2.13,,,10.5,,,,108.6628
2017-09-14,,,,,,,,,,,,,1.37,2.2,2.77,0.83,,,2.11,,,10.44,,,,108.618
2017-09-15,,,,,,,,,,,,,1.39,2.2,2.77,0.81,,,2.1,-0.563,,10.17,,,,108.3147
2017-09-16,,,,,,,,,,,261000.0,,,,,,,,,,,,,,,
2017-09-18,,,,,,,,,,,,,1.4,2.23,2.8,0.83,,,2.1,,,10.15,,,,108.6401
2017-09-19,,,,,,,,,,,,,1.4,2.24,2.81,0.84,,,2.09,,,10.18,,,,108.6142
2017-09-20,,,,,,,,,,,,,1.45,2.28,2.82,0.83,,,2.06,,,9.78,,,,108.4329
2017-09-21,,,,,,,,,,,,,1.45,2.27,2.8,0.82,,,2.05,,,9.67,,,,108.9267
2017-09-22,,,,,,,,,,,,,1.46,2.26,2.8,0.8,,,2.05,-0.568,,9.59,,,,108.7542
2017-09-23,,,,,,,,,,,264000.0,,,,,,,,,,,,,,,
2017-09-25,,,,,,,,,,,,,1.44,2.22,2.76,0.78,,,2.06,,,10.21,,,,109.3302
2017-09-26,,,,,,,,,,,,,1.45,2.24,2.78,0.79,,,2.04,,,10.17,,,,109.7769
2017-09-27,,,,,,,,,,,,,1.47,2.31,2.86,0.84,,,2.06,,,9.87,,,,110.0722
2017-09-28,,,,,,,,,,,,,1.45,2.31,2.87,0.86,,,2.05,,,9.55,,,,110.2415
2017-09-29,,,,,,,,,,,,,1.47,2.33,2.86,0.86,,,2.0,-0.573,,9.51,,,,110.0867
2017-09-30,,,,,,,,,,,260000.0,,,,,,,,,,,,,,,
2017-10-01,20037.088,19882.352,101.0247,476107.0,246.626,253.526,100.531,100.486,4.2,147149.0,,62.7,,,,,1.15,,,,100.7,,1257.0,194.759,13801.5,
2017-10-02,,,,,,,,,,,,,1.49,2.34,2.87,0.85,,,1.99,,,9.45,,,,110.3686
2017-10-03,,,,,,,,,,,,,1.47,2.33,2.87,0.86,,,2.0,,,9.51,,,,110.3281
2017-10-04,,,,,,,,,,,,,1.47,2.33,2.87,0.86,,,2.01,,,9.63,,,,110.2425
2017-10-05,,,,,,,,,,,,,1.49,2.35,2.89,0.86,,,2.0,,,9.19,,,,110.5823
2017-10-06,,,,,,,,,,,,,1.54,2.37,2.91,0.83,,,1.98,-0.58,,9.65,,,,110.7841
2017-10-07,,,,,,,,,,,252000.0,,,,,,,,,,,,,,,
2017-10-09,,,,,,,,,,,,,,,,,,,,,,10.33,,,,
2017-10-10,,,,,,,,,,,,,1.51,2.35,2.88,0.84,,,1.97,,,10.08,,,,110.3034
2017-10-11,,,,,,,,,,,,,1.51,2.35,2.88,0.84,,,1.97,,,9.85,,,,110.3037
2017-10-12,,,,,,,,,,,,,1.51,2.33,2.86,0.82,,,1.97,,,9.91,,,,110.3152
2017-10-13,,,,,,,,,,,,,1.51,2.28,2.81,0.77,,,1.97,-0.587,,9.61,,,,110.2669
2017-10-14,,,,,,,,,,,235000.0,,,,,,,,,,,,,,,
2017-10-16,,,,,,,,,,,,,1.54,2.3,2.82,0.76,,,1.97,,,9.91,,,,110.5432
2017-10-17,,,,,,,,,,,,,1.54,2.3,2.8,0.76,,,1.95,,,10.31,,,,110.9141
2017-10-18,,,,,,,,,,,,,1.59,2.34,2.85,0.75,,,1.95,,,10.07,,,,110.7214
2017-10-19,,,,,,,,,,,,,1.58,2.33,2.83,0.75,,,1.94,,,10.05,,,,110.4577
2017-10-20,,,,,,,,,,,,,1.6,2.39,2.89,0.79,,,1.94,-0.593,,9.97,,,,111.0375
2017-10-21,,,,,,,,,,,241000.0,,,,,,,,,,,,,,,
2017-10-23,,,,,,,,,,,,,1.58,2.38,2.89,0.8,,,1.94,,,11.07,,,,111.2134
2017-10-24,,,,,,,,,,,,,1.6,2.42,2.92,0.82,,,1.92,,,11.16,,,,111.4027
2017-10-25,,,,,,,,,,,,,1.61,2.44,2.95,0.83,,,1.93,,,11.23,,,,111.3904
2017-10-26,,,,,,,,,,,,,1.63,2.46,2.96,0.83,,,1.91,,,11.3,,,,111.6418
2017-10-27,,,,,,,,,,,,,1.59,2.42,2.93,0.83,,,1.93,-0.599,,9.8,,,,112.1495
2017-10-28,,,,,,,,,,,241000.0,,,,,,,,,,,,,,,
2017-10-30,,,,,,,,,,,,,1.58,2.37,2.88,0.79,,,1.92,,,10.5,,,,111.901
2017-10-31,,,,,,,,,,,,,1.6,2.38,2.88,0.78,,,1.91,,,10.18,,,,111.8052
2017-11-01,,,101.2664,480949.0,247.284,253.816,100.675,100.535,4.2,147372.0,,62.7,1.61,2.37,2.85,0.76,1.16,,1.92,,98.5,10.2,1273.0,195.909,13849.1,111.7942
2017-11-02,,,,,,,,,,,,,1.61,2.35,2.83,0.74,,,1.91,,,9.93,,,,111.5474
2017-11-03,,,,,,,,,,,,,1.63,2.34,2.82,0.71,,,1.91,-0.603,,9.14,,,,111.9383
2017-11-04,,,,,,,,,,,248000.0,,,,,,,,,,,,,,,
2017-11-06,,,,,,,,,,,,,1.61,2.32,2.8,0.71,,,1.92,,,9.4,,,,111.7197
2017-11-07,,,,,,,,,,,,,1.63,2.32,2.77,0.69,,,1.9,,,9.89,,,,111.9446
2017-11-08,,,,,,,,,,,,,1.65,2.32,2.79,0.67,,,1.92,,,9.78,,,,111.6935
2017-11-09,,,,,,,,,,,,,1.63,2.33,2.81,0.7,,,1.93,,,10.5,,,,111.5626
2017-11-10,,,,,,,,,,,,,1.67,2.4,2.88,0.73,,,,-0.605,,11.29,,,,
2017-11-11,,,,,,,,,,,254000.0,,,,,,,,,,,,,,,
2017-11-13,,,,,,,,,,,,,1.7,2.4,2.87,0.7,,,1.93,,,11.5,,,,111.7833
2017-11-14,,,,,,,,,,,,,1.68,2.38,2.84,0.7,,,1.93,,,11.59,,,,111.5097
2017-11-15,,,,,,,,,,,,,1.68,2.33,2.77,0.65,,,1.95,,,13.13,,,,111.4809
2017-11-16,,,,,,,,,,,,,1.72,2.37,2.81,0.65,,,1.92,,,11.76,,,,111.2568
2017-11-17,,,,,,,,,,,,,1.73,2.35,2.78,0.62,,,1.93,-0.606,,11.43,,,,111.0016
2017-11-18,,,,,,,,,,,246000.0,,,,,,,,,,,,,,,
2017-11-20,,,,,,,,,,,,,1.77,2.37,2.78,0.6,,,1.91,,,10.65,,,,111.2599
2017-11-21,,,,,,,,,,,,,1.77,2.36,2.76,0.59,,,1.88,,,9.73,,,,110.9828
2017-11-22,,,,,,,,,,,,,1.74,2.32,2.75,0.58,,,1.91,,,9.88,,,,110.5632
2017-11-23,,,,,,,,,,,,,,,,,,,,,,,,,,
2017-11-24,,,,,,,,,,,,,1.75,2.34,2.76,0.59,,,1.9,-0.607,,9.67,,,,110.0253
2017-11-25,,,,,,,,,,,243000.0,,,,,,,,,,,,,,,
2017-11-27,,,,,,,,,,,,,1.74,2.32,2.76,0.58,,,1.93,,,9.87,,,,110.1136
2017-11-28,,,,,,,,,,,,,1.75,2.34,2.77,0.59,,,1.91,,,10.03,,,,110.3018
2017-11-29,,,,,,,,,,,,,1.78,2.37,2.81,0.59,,,1.92,,,10.7,,,,110.3265
2017-11-30,,,,,,,,,,,,,1.78,2.42,2.83,0.64,,,1.88,,,11.28,,,,110.4648
2017-12-01,,,101.4644,483586.0,247.805,254.344,100.821,100.683,4.1,147523.0,,62.7,1.78,2.37,2.76,0.59,1.3,,1.87,-0.608,95.9,11.43,1177.0,197.136,13887.3,110.1413
2017-12-02,,,,,,,,,,,241000.0,,,,,,,,,,,,,,,
2017-12-04,,,,,,,,,,,,,1.8,2.37,2.77,0.57,,,1.87,,,11.68,,,,110.397
2017-12-05,,,,,,,,,,,,,1.83,2.36,2.73,0.53,,,1.84,,,11.33,,,,110.4905
2017-12-06,,,,,,,,,,,,,1.78,2.33,2.71,0.55,,,1.86,,,11.02,,,,110.8711
2017-12-07,,,,,,,,,,,,,1.8,2.37,2.76,0.57,,,1.88,,,10.16,,,,111.0178
2017-12-08,,,,,,,,,,,,,1.8,2.38,2.77,0.58,,,1.87,-0.609,,9.58,,,,111.2273
2017-12-09,,,,,,,,,,,229000.0,,,,,,,,,,,,,,,
2017-12-11,,,,,,,,,,,,,1.82,2.39,2.77,0.57,,,1.85,,,9.34,,,,111.0827
2017-12-12,,,,,,,,,,,,,1.83,2.4,2.79,0.57,,,1.84,,,9.92,,,,111.5214
2017-12-13,,,,,,,,,,,,,1.79,2.36,2.74,0.57,,,1.83,,,10.18,,,,111.2759
2017-12-14,,,,,,,,,,,,,1.82,2.35,2.71,0.53,,,1.82,,,10.49,,,,111.0893
2017-12-15,,,,,,,,,,,,,1.84,2.35,2.68,0.51,,,1.8,-0.611,,9.42,,,,111.1286
2017-12-16,,,,,,,,,,,244000.0,,,,,,,,,,,,,,,
2017-12-18,,,,,,,,,,,,,1.84,2.39,2.74,0.55,,,1.81,,,9.53,,,,110.9086
2017-12-19,,,,,,,,,,,,,1.87,2.46,2.82,0.59,,,1.81,,,10.03,,,,111.1255
2017-12-20,,,,,,,,,,,,,1.87,2.49,2.88,0.62,,,1.82,,,9.72,,,,110.8361
2017-12-21,,,,,,,,,,,,,1.89,2.48,2.84,0.59,,,1.79,,,9.62,,,,110.8786
2017-12-22,,,,,,,,,,,,,1.91,2.48,2.83,0.57,,,1.79,-0.615,,9.9,,,,111.0997
2017-12-23,,,,,,,,,,,251000.0,,,,,,,,,,,,,,,
2017-12-25,,,,,,,,,,,,,,,,,,,,,,,,,,
2017-12-26,,,,,,,,,,,,,1.92,2.47,2.82,0.55,,,1.78,,,10.25,,,,110.9758
2017-12-27,,,,,,,,,,,,,1.89,2.42,2.75,0.53,,,1.76,,,10.47,,,,110.8553
2017-12-28,,,,,,,,,,,,,1.91,2.43,2.75,0.52,,,1.76,,,10.18,,,,110.5154
2017-12-29,,,,,,,,,,,,,1.89,2.4,2.74,0.51,,,1.77,-0.619,,11.04,,,,110.0783
2017-12-30,,,,,,,,,,,248000.0,,,,,,,,,,,,,,,
2018-01-01,20328.553,20044.077,101.4625,481414.0,248.859,255.204,101.199,101.007,4.0,147660.0,,62.7,,,,,1.41,,,,95.7,,1299.0,198.277,13902.4,
2018-01-02,,,,,,,,,,,,,1.92,2.46,2.81,0.54,,,1.78,,,9.77,,,,109.6445
2018-01-03,,,,,,,,,,,,,1.94,2.44,2.78,0.5,,,1.77,,,9.15,,,,109.6751
2018-01-04,,,,,,,,,,,,,1.96,2.46,2.79,0.5,,,1.75,,,9.22,,,,109.4777
2018-01-05,,,,,,,,,,,,,1.96,2.47,2.81,0.51,,,1.76,-0.622,,9.22,,,,109.3496
2018-01-06,,,,,,,,,,,252000.0,,,,,,,,,,,,,,,
2018-01-08,,,,,,,,,,,,,1.96,2.49,2.81,0.53,,,1.74,,,9.52,,,,109.5681
2018-01-09,,,,,,,,,,,,,1.98,2.55,2.88,0.57,,,1.74,,,10.08,,,,109.9025
2018-01-10,,,,,,,,,,,,,1.98,2.55,2.88,0.57,,,1.73,,,9.82,,,,109.628
2018-01-11,,,,,,,,,,,,,1.98,2.54,2.91,0.56,,,1.69,,,9.88,,,,109.4888
2018-01-12,,,,,,,,,,,,,1.99,2.55,2.85,0.56,,,1.68,-0.622,,10.16,,,,108.901
2018-01-13,,,,,,,,,,,230000.0,,,,,,,,,,,,,,,
2018-01-15,,,,,,,,,,,,,,,,,,,,,,,,,,
2018-01-16,,,,,,,,,,,,,2.03,2.54,2.83,0.51,,,1.66,,,11.66,,,,108.3218
2018-01-17,,,,,,,,,,,,,2.05,2.57,2.84,0.52,,,1.66,,,11.91,,,,108.1526
2018-01-18,,,,,,,,,,,,,2.05,2.62,2.9,0.57,,,1.64,,,12.22,,,,108.0655
2018-01-19,,,,,,,,,,,,,2.06,2.64,2.91,0.58,,,1.64,-0.618,,11.27,,,,107.9455
2018-01-20,,,,,,,,,,,231000.0,,,,,,,,,,,,,,,
2018-01-22,,,,,,,,,,,,,2.08,2.66,2.93,0.58,,,1.64,,,11.03,,,,108.107
2018-01-23,,,,,,,,,,,,,2.06,2.63,2.9,0.57,,,1.64,,,11.1,,,,107.9979
2018-01-24,,,,,,,,,,,,,2.08,2.65,2.93,0.57,,,1.65,,,11.47,,,,107.0802
2018-01-25,,,,,,,,,,,,,2.08,2.63,2.89,0.55,,,1.61,,,11.58,,,,106.5052
2018-01-26,,,,,,,,,,,,,2.13,2.66,2.91,0.53,,,1.6,-0.609,,11.08,,,,106.6911
2018-01-27,,,,,,,,,,,228000.0,,,,,,,,,,,,,,,
2018-01-29,,,,,,,,,,,,,2.11,2.7,2.94,0.59,,,1.59,,,13.84,,,,107.1142
2018-01-30,,,,,,,,,,,,,2.13,2.73,2.98,0.6,,,1.59,,,14.79,,,,107.1064
2018-01-31,,,,,,,,,,,,,2.14,2.72,2.95,0.58,,,1.56,,,13.54,,,,106.7696
2018-02-01,,,101.7085,484031.0,249.529,255.711,101.416,101.198,4.1,148054.0,,63.0,2.16,2.78,3.01,0.62,1.42,,1.56,,99.7,13.47,1277.0,199.203,13949.8,106.4877
2018-02-02,,,,,,,,,,,,,2.15,2.84,3.08,0.69,,,1.58,-0.595,,17.31,,,,107.1151
2018-02-03,,,,,,,,,,,224000.0,,,,,,,,,,,,,,,
2018-02-05,,,,,,,,,,,,,2.08,2.77,3.04,0.69,,,1.63,,,37.32,,,,107.33
2018-02-06,,,,,,,,,,,,,2.1,2.79,3.06,0.69,,,1.61,,,29.98,,,,107.5204
2018-02-07,,,,,,,,,,,,,2.15,2.84,3.12,0.69,,,1.62,,,27.73,,,,107.7175
2018-02-08,,,,,,,,,,,,,2.13,2.85,3.14,0.72,,,1.63,,,33.46,,,,108.3025
2018-02-09,,,,,,,,,,,,,2.05,2.83,3.14,0.78,,,1.67,-0.577,,29.06,,,,108.2582
2018-02-10,,,,,,,,,,,225000.0,,,,,,,,,,,,,,,
2018-02-12,,,,,,,,,,,,,2.09,2.86,3.14,0.77,,,1.64,,,25.61,,,,108.0332
2018-02-13,,,,,,,,,,,,,2.1,2.83,3.11,0.73,,,1.69,,,24.97,,,,107.7574
2018-02-14,,,,,,,,,,,,,2.17,2.91,3.18,0.74,,,1.66,,,19.26,,,,107.4691
2018-02-15,,,,,,,,,,,,,2.19,2.9,3.15,0.71,,,1.63,,,19.13,,,,106.9867
2018-02-16,,,,,,,,,,,,,2.21,2.87,3.13,0.66,,,1.66,-0.562,,19.46,,,,107.0359
2018-02-17,,,,,,,,,,,219000.0,,,,,,,,,,,,,,,
2018-02-19,,,,,,,,,,,,,,,,,,,,,,,,,,
2018-02-20,,,,,,,,,,,,,2.25,2.88,3.15,0.63,,,1.67,,,20.6,,,,107.6249
2018-02-21,,,,,,,,,,,,,2.26,2.94,3.22,0.68,,,1.67,,,20.02,,,,107.8679
2018-02-22,,,,,,,,,,,,,2.25,2.92,3.21,0.67,,,1.68,,,18.72,,,,107.8668
2018-02-23,,,,,,,,,,,,,2.25,2.88,3.16,0.63,,,1.68,-0.547,,16.49,,,,107.6804
2018-02-24,,,,,,,,,,,216000.0,,,,,,,,,,,,,,,
2018-02-26,,,,,,,,,,,,,2.22,2.86,3.15,0.64,,,1.7,,,15.8,,,,107.7347
2018-02-27,,,,,,,,,,,,,2.27,2.9,3.17,0.63,,,1.69,,,18.59,,,,108.1731
2018-02-28,,,,,,,,,,,,,2.25,2.87,3.13,0.62,,,1.68,,,19.85,,,,108.3903
2018-03-01,,,102.2067,484110.0,249.577,256.271,101.524,101.419,4.0,148280.0,,62.9,2.22,2.81,3.09,0.59,1.51,,1.72,,101.4,22.47,1318.0,199.939,14014.5,108.5358
2018-03-02,,,,,,,,,,,,,2.25,2.86,3.14,0.61,,,1.72,-0.532,,19.59,,,,
2018-03-03,,,,,,,,,,,228000.0,,,,,,,,,,,,,,,
2018-03-05,,,,,,,,,,,,,2.24,2.88,3.16,0.64,,,1.72,,,18.73,,,,108.3614
2018-03-06,,,,,,,,,,,,,2.25,2.88,3.14,0.63,,,1.75,,,18.36,,,,107.7969
2018-03-07,,,,,,,,,,,,,2.25,2.89,3.15,0.64,,,1.77,,,17.76,,,,108.0911
2018-03-08,,,,,,,,,,,,,2.25,2.86,3.13,0.61,,,1.78,,,16.54,,,,108.2671
2018-03-09,,,,,,,,,,,,,2.27,2.9,3.16,0.63,,,1.77,-0.519,,14.64,,,,107.923
2018-03-10,,,,,,,,,,,223000.0,,,,,,,,,,,,,,,
2018-03-12,,,,,,,,,,,,,2.27,2.87,3.13,0.6,,,1.79,,,15.78,,,,107.9438
2018-03-13,,,,,,,,,,,,,2.26,2.84,3.1,0.58,,,1.8,,,16.35,,,,107.7384
2018-03-14,,,,,,,,,,,,,2.26,2.81,3.05,0.55,,,1.8,,,17.23,,,,107.8623
2018-03-15,,,,,,,,,,,,,2.29,2.82,3.05,0.53,,,1.81,,,16.59,,,,108.2032
2018-03-16,,,,,,,,,,,,,2.31,2.85,3.08,0.54,,,1.79,-0.508,,15.8,,,,108.4332
2018-03-17,,,,,,,,,,,225000.0,,,,,,,,,,,,,,,
2018-03-19,,,,,,,,,,,,,2.31,2.85,3.09,0.54,,,1.8,,,19.02,,,,108.3145
2018-03-20,,,,,,,,,,,,,2.34,2.89,3.12,0.55,,,1.79,,,18.2,,,,108.4953
2018-03-21,,,,,,,,,,,,,2.31,2.89,3.12,0.58,,,1.82,,,17.86,,,,
2018-03-22,,,,,,,,,,,,,2.29,2.83,3.06,0.54,,,1.84,,,23.34,,,,107.9935
2018-03-23,,,,,,,,,,,,,2.28,2.82,3.06,0.54,,,1.87,-0.501,,24.87,,,,107.7495
2018-03-24,,,,,,,,,,,221000.0,,,,,,,,,,,,,,,
2018-03-26,,,,,,,,,,,,,2.33,2.85,3.08,0.52,,,1.84,,,21.03,,,,107.1819
2018-03-27,,,,,,,,,,,,,2.26,2.78,3.03,0.52,,,1.86,,,22.5,,,,107.3359
2018-03-28,,,,,,,,,,,,,2.28,2.77,3.01,0.49,,,1.86,,,22.87,,,,107.5733
2018-03-29,,,,,,,,,,,,,2.27,2.74,2.97,0.47,,,1.85,,,19.97,,,,107.665
2018-03-30,,,,,,,,,,,,,,,,,,,,-0.5,,,,,,107.4784
2018-03-31,,,,,,,,,,,232000.0,,,,,,,,,,,,,,,
2018-04-01,20580.912,20150.476,103.3329,484154.0,250.227,256.63,101.766,101.602,4.0,148420.0,,62.9,,,,,1.69,,,,98.8,,1276.0,200.626,14034.8,
2018-04-02,,,,,,,,,,,,,2.25,2.73,2.97,0.48,,,1.86,,,23.62,,,,107.7033
2018-04-03,,,,,,,,,,,,,2.28,2.79,3.02,0.51,,,1.84,,,21.1,,,,107.5624
2018-04-04,,,,,,,,,,,,,2.28,2.79,3.03,0.51,,,1.85,,,20.06,,,,107.6361
2018-04-05,,,,,,,,,,,,,2.3,2.83,3.07,0.53,,,1.84,,,18.94,,,,107.7281
2018-04-06,,,,,,,,,,,,,2.27,2.77,3.01,0.5,,,1.84,-0.503,,21.49,,,,107.7886
2018-04-07,,,,,,,,,,,234000.0,,,,,,,,,,,,,,,
2018-04-09,,,,,,,,,,,,,2.29,2.78,3.02,0.49,,,1.83,,,21.77,,,,107.5316
2018-04-10,,,,,,,,,,,,,2.32,2.8,3.02,0.48,,,1.8,,,20.47,,,,107.3659
2018-04-11,,,,,,,,,,,,,2.32,2.79,2.99,0.47,,,1.8,,,20.24,,,,107.1224
2018-04-12,,,,,,,,,,,,,2.34,2.83,3.05,0.49,,,1.79,,,18.49,,,,107.2905
2018-04-13,,,,,,,,,,,,,2.37,2.82,3.03,0.45,,,1.79,-0.514,,17.41,,,,107.2368
2018-04-14,,,,,,,,,,,236000.0,,,,,,,,,,,,,,,
2018-04-16,,,,,,,,,,,,,2.39,2.83,3.03,0.44,,,1.77,,,16.56,,,,107.0595
2018-04-17,,,,,,,,,,,,,2.41,2.82,3.0,0.41,,,1.76,,,15.25,,,,107.0344
2018-04-18,,,,,,,,,,,,,2.42,2.87,3.06,0.45,,,1.76,,,15.6,,,,107.1096
2018-04-19,,,,,,,,,,,,,2.44,2.92,3.11,0.48,,,1.77,,,15.96,,,,107.5197
2018-04-20,,,,,,,,,,,,,2.46,2.96,3.14,0.5,,,1.78,-0.528,,16.88,,,,108.1787
2018-04-21,,,,,,,,,,,207000.0,,,,,,,,,,,,,,,
2018-04-23,,,,,,,,,,,,,2.49,2.98,3.15,0.49,,,1.76,,,16.34,,,,108.9332
2018-04-24,,,,,,,,,,,,,2.48,3.0,3.18,0.52,,,1.77,,,18.02,,,,108.7906
2018-04-25,,,,,,,,,,,,,2.49,3.03,3.21,0.54,,,1.8,,,17.84,,,,109.3447
2018-04-26,,,,,,,,,,,,,2.49,3.0,3.18,0.51,,,1.8,,,16.24,,,,109.3646
2018-04-27,,,,,,,,,,,,,2.49,2.96,3.13,0.47,,,1.8,-0.541,,15.41,,,,109.1735
2018-04-28,,,,,,,,,,,209000.0,,,,,,,,,,,,,,,
2018-04-30,,,,,,,,,,,,,2.49,2.95,3.11,0.46,,,1.79,,,15.93,,,,109.3363
2018-05-01,,,102.4024,491960.0,250.792,257.145,101.941,101.78,3.8,148742.0,,62.9,2.5,2.97,3.13,0.47,1.7,,1.82,,98.0,15.49,1357.0,201.388,14091.0,109.7445
2018-05-02,,,,,,,,,,,,,2.49,2.97,3.14,0.48,,,1.83,,,15.97,,,,110.1625
2018-05-03,,,,,,,,,,,,,2.49,2.94,3.12,0.45,,,1.86,,,15.9,,,,110.1803
2018-05-04,,,,,,,,,,,,,2.51,2.95,3.12,0.44,,,1.86,-0.553,,14.77,,,,110.25
2018-05-05,,,,,,,,,,,211000.0,,,,,,,,,,,,,,,
2018-05-07,,,,,,,,,,,,,2.49,2.95,3.12,0.46,,,1.87,,,14.75,,,,110.5721
2018-05-08,,,,,,,,,,,,,2.51,2.97,3.13,0.46,,,1.87,,,14.71,,,,111.063
2018-05-09,,,,,,,,,,,,,2.54,3.0,3.16,0.46,,,1.86,,,13.42,,,,110.8818
2018-05-10,,,,,,,,,,,,,2.54,2.97,3.12,0.43,,,1.84,,,13.23,,,,110.405
2018-05-11,,,,,,,,,,,,,2.54,2.97,3.1,0.43,,,1.82,-0.562,,12.65,,,,110.2847
2018-05-12,,,,,,,,,,,222000.0,,,,,,,,,,,,,,,
2018-05-14,,,,,,,,,,,,,2.55,3.0,3.13,0.45,,,1.81,,,12.93,,,,110.408
2018-05-15,,,,,,,,,,,,,2.58,3.08,3.2,0.5,,,1.81,,,14.63,,,,111.2292
2018-05-16,,,,,,,,,,,,,2.58,3.09,3.21,0.51,,,1.8,,,13.42,,,,111.3068
2018-05-17,,,,,,,,,,,,,2.57,3.11,3.25,0.54,,,1.82,,,13.43,,,,111.3547
2018-05-18,,,,,,,,,,,,,2.55,3.06,3.2,0.51,,,1.83,-0.567,,13.42,,,,111.7171
2018-05-19,,,,,,,,,,,230000.0,,,,,,,,,,,,,,,
2018-05-21,,,,,,,,,,,,,2.58,3.06,3.2,0.48,,,1.83,,,13.08,,,,111.6394
2018-05-22,,,,,,,,,,,,,2.59,3.06,3.21,0.47,,,1.83,,,13.22,,,,111.1945
2018-05-23,,,,,,,,,,,,,2.53,3.01,3.17,0.48,,,1.84,,,12.58,,,,111.6933
2018-05-24,,,,,,,,,,,,,2.5,2.98,3.13,0.48,,,1.84,,,12.53,,,,111.4885
2018-05-25,,,,,,,,,,,,,2.48,2.93,3.09,0.45,,,1.85,-0.567,,13.22,,,,111.5843
2018-05-26,,,,,,,,,,,222000.0,,,,,,,,,,,,,,,
2018-05-28,,,,,,,,,,,,,,,,,,,,,,,,,,
2018-05-29,,,,,,,,,,,,,2.32,2.77,2.96,0.45,,,1.96,,,17.02,,,,112.2127
2018-05-30,,,,,,,,,,,,,2.42,2.84,3.01,0.42,,,1.91,,,14.94,,,,111.6731
2018-05-31,,,,,,,,,,,,,2.4,2.83,3.0,0.43,,,1.89,,,15.43,,,,111.9894
2018-06-01,,,103.198,490228.0,251.018,257.399,102.029,101.872,4.0,148960.0,,63.0,2.47,2.89,3.04,0.42,1.82,,1.9,-0.562,98.2,13.46,1192.0,202.168,14133.2,111.8265
2018-06-02,,,,,,,,,,,223000.0,,,,,,,,,,,,,,,
2018-06-04,,,,,,,,,,,,,2.52,2.94,3.08,0.42,,,1.88,,,12.74,,,,111.8247
2018-06-05,,,,,,,,,,,,,2.49,2.92,3.07,0.43,,,1.9,,,12.4,,,,112.264
2018-06-06,,,,,,,,,,,,,2.52,2.97,3.13,0.45,,,1.91,,,11.64,,,,111.7525
2018-06-07,,,,,,,,,,,,,2.5,2.93,3.08,0.43,,,1.89,,,12.13,,,,112.0725
2018-06-08,,,,,,,,,,,,,2.5,2.93,3.08,0.43,,,1.9,-0.556,,12.18,,,,112.1066
2018-06-09,,,,,,,,,,,222000.0,,,,,,,,,,,,,,,
2018-06-11,,,,,,,,,,,,,2.52,2.96,3.1,0.44,,,1.89,,,12.35,,,,112.1106
2018-06-12,,,,,,,,,,,,,2.54,2.96,3.09,0.42,,,1.88,,,12.34,,,,112.2138
2018-06-13,,,,,,,,,,,,,2.59,2.98,3.1,0.39,,,1.87,,,12.94,,,,112.2577
2018-06-14,,,,,,,,,,,,,2.59,2.94,3.05,0.35,,,1.88,,,12.12,,,,112.8593
2018-06-15,,,,,,,,,,,,,2.55,2.93,3.05,0.38,,,1.87,-0.549,,11.98,,,,113.3379
2018-06-16,,,,,,,,,,,218000.0,,,,,,,,,,,,,,,
2018-06-18,,,,,,,,,,,,,2.56,2.92,3.05,0.36,,,1.9,,,12.31,,,,113.4899
2018-06-19,,,,,,,,,,,,,2.54,2.89,3.02,0.35,,,1.91,,,13.35,,,,113.639
2018-06-20,,,,,,,,,,,,,2.56,2.93,3.06,0.37,,,1.92,,,12.79,,,,113.4784
2018-06-21,,,,,,,,,,,,,2.56,2.9,3.04,0.34,,,1.95,,,14.64,,,,113.6109
2018-06-22,,,,,,,,,,,,,2.56,2.9,3.04,0.34,,,1.97,-0.544,,13.77,,,,113.3047
2018-06-23,,,,,,,,,,,222000.0,,,,,,,,,,,,,,,
2018-06-25,,,,,,,,,,,,,2.54,2.87,3.02,0.33,,,1.99,,,17.33,,,,113.286
2018-06-26,,,,,,,,,,,,,2.53,2.88,3.03,0.35,,,1.99,,,15.92,,,,113.3016
2018-06-27,,,,,,,,,,,,,2.52,2.83,2.97,0.31,,,1.98,,,17.91,,,,113.8971
2018-06-28,,,,,,,,,,,,,2.52,2.84,2.97,0.32,,,2.0,,,16.85,,,,113.8405
2018-06-29,,,,,,,,,,,,,2.52,2.85,2.98,0.33,,,1.99,-0.541,,16.09,,,,113.2586
2018-06-30,,,,,,,,,,,228000.0,,,,,,,,,,,,,,,
2018-07-01,20798.73,20276.154,103.3646,493142.0,251.214,257.699,102.137,102.006,3.8,149020.0,,63.0,,,,,1.91,,,,97.9,,1208.0,202.879,14170.0,
2018-07-02,,,,,,,,,,,,,2.57,2.87,2.99,0.3,,,1.97,,,15.6,,,,114.1673
2018-07-03,,,,,,,,,,,,,2.53,2.83,2.96,0.3,,,1.99,,,16.14,,,,113.3222
2018-07-04,,,,,,,,,,,,,,,,,,,,,,,,,,
2018-07-05,,,,,,,,,,,,,2.55,2.84,2.95,0.29,,,1.95,,,14.97,,,,112.9759
2018-07-06,,,,,,,,,,,,,2.53,2.82,2.94,0.29,,,1.96,-0.542,,13.37,,,,112.6428
2018-07-07,,,,,,,,,,,216000.0,,,,,,,,,,,,,,,
2018-07-09,,,,,,,,,,,,,2.57,2.86,2.96,0.29,,,1.93,,,12.69,,,,112.6425
2018-07-10,,,,,,,,,,,,,2.59,2.87,2.97,0.28,,,1.91,,,12.64,,,,112.5794
2018-07-11,,,,,,,,,,,,,2.58,2.85,2.95,0.27,,,1.91,,,13.63,,,,112.8582
2018-07-12,,,,,,,,,,,,,2.6,2.85,2.95,0.25,,,1.9,,,12.58,,,,112.779
2018-07-13,,,,,,,,,,,,,2.59,2.83,2.94,0.24,,,1.9,-0.547,,12.18,,,,113.0705
2018-07-14,,,,,,,,,,,205000.0,,,,,,,,,,,,,,,
2018-07-16,,,,,,,,,,,,,2.59,2.85,2.96,0.26,,,1.91,,,12.83,,,,112.8437
2018-07-17,,,,,,,,,,,,,2.62,2.86,2.97,0.24,,,1.9,,,12.06,,,,113.1504
2018-07-18,,,,,,,,,,,,,2.6,2.88,2.99,0.28,,,1.89,,,12.1,,,,113.3348
2018-07-19,,,,,,,,,,,,,2.6,2.84,2.96,0.24,,,1.9,,,12.87,,,,113.9463
2018-07-20,,,,,,,,,,,,,2.6,2.89,3.03,0.29,,,1.91,-0.555,,12.86,,,,113.3213
2018-07-21,,,,,,,,,,,210000.0,,,,,,,,,,,,,,,
2018-07-23,,,,,,,,,,,,,2.64,2.96,3.1,0.32,,,1.91,,,12.62,,,,113.4246
2018-07-24,,,,,,,,,,,,,2.63,2.95,3.08,0.32,,,1.88,,,12.41,,,,113.2045
2018-07-25,,,,,,,,,,,,,2.66,2.94,3.06,0.28,,,1.87,,,12.29,,,,112.9221
2018-07-26,,,,,,,,,,,,,2.69,2.98,3.1,0.29,,,1.85,,,12.14,,,,112.9179
2018-07-27,,,,,,,,,,,,,2.67,2.96,3.09,0.29,,,1.84,-0.564,,13.03,,,,112.8125
2018-07-28,,,,,,,,,,,207000.0,,,,,,,,,,,,,,,
2018-07-30,,,,,,,,,,,,,2.66,2.98,3.11,0.32,,,1.84,,,14.26,,,,112.6044
2018-07-31,,,,,,,,,,,,,2.67,2.96,3.08,0.29,,,1.83,,,12.83,,,,112.7299
2018-08-01,,,104.0327,493445.0,251.663,257.891,102.208,102.016,3.8,149277.0,,62.6,2.67,3.0,3.13,0.33,1.91,,1.83,,96.2,13.15,1288.0,203.632,14221.3,112.8899
2018-08-02,,,,,,,,,,,,,2.66,2.98,3.12,0.32,,,1.84,,,12.19,,,,113.1679
2018-08-03,,,,,,,,,,,,,2.63,2.95,3.09,0.32,,,1.84,-0.573,,11.64,,,,113.012
2018-08-04,,,,,,,,,,,210000.0,,,,,,,,,,,,,,,
2018-08-06,,,,,,,,,,,,,2.64,2.94,3.08,0.3,,,1.82,,,11.27,,,,113.229
2018-08-07,,,,,,,,,,,,,2.68,2.98,3.12,0.3,,,1.82,,,10.93,,,,112.9759
2018-08-08,,,,,,,,,,,,,2.68,2.96,3.12,0.28,,,1.84,,,10.85,,,,113.1411
2018-08-09,,,,,,,,,,,,,2.64,2.93,3.08,0.29,,,1.85,,,11.27,,,,113.3806
2018-08-10,,,,,,,,,,,,,2.61,2.87,3.03,0.26,,,1.87,-0.582,,13.16,,,,114.3005
2018-08-11,,,,,,,,,,,206000.0,,,,,,,,,,,,,,,
2018-08-13,,,,,,,,,,,,,2.61,2.88,3.05,0.27,,,1.91,,,14.78,,,,114.851
2018-08-14,,,,,,,,,,,,,2.63,2.89,3.06,0.26,,,1.9,,,13.31,,,,114.658
2018-08-15,,,,,,,,,,,,,2.61,2.86,3.03,0.25,,,1.9,,,14.64,,,,115.1526
2018-08-16,,,,,,,,,,,,,2.63,2.87,3.03,0.24,,,1.89,,,13.45,,,,114.6416
2018-08-17,,,,,,,,,,,,,2.61,2.87,3.03,0.26,,,1.89,-0.589,,12.64,,,,114.5339
2018-08-18,,,,,,,,,,,207000.0,,,,,,,,,,,,,,,
2018-08-20,,,,,,,,,,,,,2.6,2.82,2.99,0.22,,,1.89,,,12.49,,,,114.3504
2018-08-21,,,,,,,,,,,,,2.61,2.85,3.0,0.24,,,1.88,,,12.86,,,,113.8604
2018-08-22,,,,,,,,,,,,,2.6,2.82,2.99,0.22,,,1.91,,,12.25,,,,113.663
2018-08-23,,,,,,,,,,,,,2.61,2.82,2.97,0.21,,,1.9,,,12.41,,,,114.0932
2018-08-24,,,,,,,,,,,,,2.63,2.82,2.97,0.19,,,1.9,-0.595,,11.99,,,,113.5985
2018-08-25,,,,,,,,,,,211000.0,,,,,,,,,,,,,,,
2018-08-27,,,,,,,,,,,,,2.67,2.85,3.0,0.18,,,1.89,,,12.16,,,,113.2721
2018-08-28,,,,,,,,,,,,,2.67,2.88,3.03,0.21,,,1.9,,,12.5,,,,113.3444
2018-08-29,,,,,,,,,,,,,2.67,2.89,3.02,0.22,,,1.88,,,12.25,,,,113.6461
2018-08-30,,,,,,,,,,,,,2.64,2.86,3.0,0.22,,,1.9,,,13.53,,,,114.0899
2018-08-31,,,,,,,,,,,,,2.62,2.86,3.02,0.24,,,1.92,-0.599,,12.86,,,,114.2755
2018-09-01,,,104.1004,491507.0,252.182,258.368,102.418,102.205,3.7,149358.0,201000.0,62.8,,,,,1.95,,,,100.1,,1250.0,204.293,14243.9,
2018-09-03,,,,,,,,,,,,,,,,,,,,,,,,,,
2018-09-04,,,,,,,,,,,,,2.66,2.9,3.07,0.24,,,1.94,,,13.16,,,,114.8584
2018-09-05,,,,,,,,,,,,,2.66,2.9,3.08,0.24,,,1.95,,,13.91,,,,114.7477
2018-09-06,,,,,,,,,,,,,2.64,2.88,3.06,0.24,,,1.93,,,14.65,,,,114.6479
2018-09-07,,,,,,,,,,,,,2.71,2.94,3.11,0.23,,,1.93,-0.601,,14.88,,,,114.5816
2018-09-08,,,,,,,,,,,204000.0,,,,,,,,,,,,,,,
2018-09-10,,,,,,,,,,,,,2.73,2.94,3.09,0.21,,,1.92,,,14.16,,,,114.6802
2018-09-11,,,,,,,,,,,,,2.76,2.98,3.13,0.22,,,1.9,,,13.22,,,,114.7051
2018-09-12,,,,,,,,,,,,,2.74,2.97,3.11,0.23,,,1.89,,,13.14,,,,114.2192
2018-09-13,,,,,,,,,,,,,2.76,2.97,3.11,0.21,,,1.87,,,12.37,,,,113.9268
2018-09-14,,,,,,,,,,,,,2.78,2.99,3.13,0.21,,,1.88,-0.601,,12.07,,,,114.0657
2018-09-15,,,,,,,,,,,206000.0,,,,,,,,,,,,,,,
2018-09-17,,,,,,,,,,,,,2.78,2.99,3.13,0.21,,,1.88,,,13.68,,,,113.9158
2018-09-18,,,,,,,,,,,,,2.81,3.05,3.2,0.24,,,1.88,,,12.79,,,,113.7739
2018-09-19,,,,,,,,,,,,,2.81,3.08,3.23,0.27,,,1.88,,,11.75,,,,113.6532
2018-09-20,,,,,,,,,,,,,2.81,3.07,3.21,0.26,,,1.85,,,11.8,,,,113.4989
2018-09-21,,,,,,,,,,,,,2.81,3.07,3.2,0.26,,,1.83,-0.598,,11.68,,,,113.5099
2018-09-22,,,,,,,,,,,205000.0,,,,,,,,,,,,,,,
2018-09-24,,,,,,,,,,,,,2.83,3.08,3.21,0.25,,,1.84,,,12.2,,,,113.5301
2018-09-25,,,,,,,,,,,,,2.83,3.1,3.23,0.27,,,1.83,,,12.42,,,,113.7202
2018-09-26,,,,,,,,,,,,,2.83,3.06,3.19,0.23,,,1.84,,,12.89,,,,113.6739
2018-09-27,,,,,,,,,,,,,2.83,3.06,3.19,0.23,,,1.83,,,12.41,,,,113.9784
2018-09-28,,,,,,,,,,,,,2.81,3.05,3.19,0.24,,,1.84,-0.593,,12.12,,,,113.8077
2018-09-29,,,,,,,,,,,210000.0,,,,,,,,,,,,,,,
2018-10-01,20917.867,20304.874,103.9856,496416.0,252.772,258.917,102.595,102.366,3.8,149527.0,,62.9,2.82,3.09,3.24,0.27,2.19,,1.83,,98.6,12.0,1221.0,205.062,14257.6,113.8235
2018-10-02,,,,,,,,,,,,,2.82,3.05,3.2,0.23,,,1.84,,,12.05,,,,113.8954
2018-10-03,,,,,,,,,,,,,2.85,3.15,3.3,0.3,,,1.83,,,11.61,,,,114.1569
2018-10-04,,,,,,,,,,,,,2.87,3.19,3.35,0.32,,,1.84,,,14.22,,,,114.6867
2018-10-05,,,,,,,,,,,,,2.88,3.23,3.4,0.35,,,1.85,-0.586,,14.82,,,,114.561
2018-10-06,,,,,,,,,,,211000.0,,,,,,,,,,,,,,,
2018-10-08,,,,,,,,,,,,,,,,,,,,,,15.69,,,,
2018-10-09,,,,,,,,,,,,,2.88,3.21,3.37,0.33,,,1.84,,,15.95,,,,114.6583
2018-10-10,,,,,,,,,,,,,2.88,3.22,3.39,0.34,,,1.86,,,22.96,,,,114.6072
2018-10-11,,,,,,,,,,,,,2.85,3.14,3.32,0.29,,,1.88,,,24.98,,,,114.4074
2018-10-12,,,,,,,,,,,,,2.85,3.15,3.32,0.3,,,1.88,-0.576,,21.31,,,,114.3691
2018-10-13,,,,,,,,,,,208000.0,,,,,,,,,,,,,,,
2018-10-15,,,,,,,,,,,,,2.85,3.16,3.34,0.31,,,1.89,,,21.3,,,,114.045
2018-10-16,,,,,,,,,,,,,2.87,3.16,3.32,0.29,,,1.88,,,17.62,,,,113.8963
2018-10-17,,,,,,,,,,,,,2.89,3.19,3.35,0.3,,,1.88,,,17.4,,,,114.1755
2018-10-18,,,,,,,,,,,,,2.87,3.17,3.36,0.3,,,1.92,,,20.06,,,,114.8164
2018-10-19,,,,,,,,,,,,,2.92,3.2,3.38,0.28,,,1.92,-0.565,,19.89,,,,114.8567
2018-10-20,,,,,,,,,,,217000.0,,,,,,,,,,,,,,,
2018-10-22,,,,,,,,,,,,,2.92,3.2,3.38,0.28,,,1.92,,,19.64,,,,115.1782
2018-10-23,,,,,,,,,,,,,2.89,3.17,3.37,0.28,,,1.96,,,20.71,,,,115.1651
2018-10-24,,,,,,,,,,,,,2.84,3.1,3.33,0.26,,,1.99,,,25.23,,,,115.3755
2018-10-25,,,,,,,,,,,,,2.86,3.14,3.35,0.28,,,1.98,,,24.22,,,,115.4831
2018-10-26,,,,,,,,,,,,,2.81,3.08,3.32,0.27,,,2.02,-0.551,,24.16,,,,115.473
2018-10-27,,,,,,,,,,,216000.0,,,,,,,,,,,,,,,
2018-10-29,,,,,,,,,,,,,2.81,3.08,3.33,0.27,,,2.02,,,24.7,,,,115.8936
2018-10-30,,,,,,,,,,,,,2.84,3.12,3.36,0.28,,,2.03,,,23.35,,,,116.2357
2018-10-31,,,,,,,,,,,,,2.87,3.15,3.39,0.28,,,2.03,,,21.23,,,,116.5281
2018-11-01,,,104.0681,498854.0,252.594,259.439,102.63,102.556,3.8,149617.0,,62.9,2.84,3.14,3.38,0.3,2.2,,2.04,,97.5,19.34,1181.0,205.636,14288.4,115.8657
2018-11-02,,,,,,,,,,,,,2.91,3.22,3.46,0.31,,,2.02,-0.536,,19.51,,,,115.643
2018-11-03,,,,,,,,,,,218000.0,,,,,,,,,,,,,,,
2018-11-05,,,,,,,,,,,,,2.91,3.2,3.43,0.29,,,2.02,,,19.96,,,,115.703
2018-11-06,,,,,,,,,,,,,2.93,3.22,3.43,0.29,,,1.98,,,19.91,,,,115.5622
2018-11-07,,,,,,,,,,,,,2.96,3.22,3.43,0.26,,,1.96,,,16.36,,,,115.2519
2018-11-08,,,,,,,,,,,,,2.98,3.24,3.43,0.26,,,1.96,,,16.72,,,,115.6478
2018-11-09,,,,,,,,,,,,,2.94,3.19,3.4,0.25,,,1.98,-0.52,,17.36,,,,116.4778
2018-11-10,,,,,,,,,,,221000.0,,,,,,,,,,,,,,,
2018-11-12,,,,,,,,,,,,,,,,,,,,,,20.45,,,,
2018-11-13,,,,,,,,,,,,,2.89,3.14,3.36,0.25,,,2.04,,,20.02,,,,116.6694
2018-11-14,,,,,,,,,,,,,2.86,3.12,3.35,0.26,,,2.09,,,21.25,,,,116.498
2018-11-15,,,,,,,,,,,,,2.86,3.11,3.36,0.25,,,2.13,,,19.98,,,,116.3861
2018-11-16,,,,,,,,,,,,,2.81,3.08,3.33,0.27,,,2.13,-0.501,,18.14,,,,115.9258
2018-11-17,,,,,,,,,,,225000.0,,,,,,,,,,,,,,,
2018-11-19,,,,,,,,,,,,,2.79,3.06,3.32,0.27,,,2.16,,,20.1,,,,115.9859
2018-11-20,,,,,,,,,,,,,2.79,3.06,3.31,0.27,,,2.17,,,22.48,,,,116.2367
2018-11-21,,,,,,,,,,,,,2.81,3.06,3.31,0.25,,,2.17,,,20.8,,,,116.092
2018-11-22,,,,,,,,,,,,,,,,,,,,,,,,,,
2018-11-23,,,,,,,,,,,,,2.81,3.05,3.31,0.24,,,2.18,-0.48,,21.52,,,,116.4713
2018-11-24,,,,,,,,,,,237000.0,,,,,,,,,,,,,,,
2018-11-26,,,,,,,,,,,,,2.84,3.07,3.32,0.23,,,2.16,,,18.9,,,,116.6208
2018-11-27,,,,,,,,,,,,,2.83,3.06,3.32,0.23,,,2.2,,,19.02,,,,116.9001
2018-11-28,,,,,,,,,,,,,2.81,3.06,3.34,0.25,,,2.22,,,18.49,,,,116.8343
2018-11-29,,,,,,,,,,,,,2.81,3.03,3.33,0.22,,,2.26,,,18.79,,,,116.1961
2018-11-30,,,,,,,,,,,,,2.8,3.01,3.3,0.21,,,2.27,-0.46,,18.07,,,,116.413
2018-12-01,,,104.0936,489113.0,252.767,260.063,102.701,102.735,3.9,149809.0,232000.0,63.0,,,,,2.27,,,,98.3,,1095.0,206.13,14392.0,
2018-12-03,,,,,,,,,,,,,2.83,2.98,3.27,0.15,,,2.26,,,16.44,,,,115.9057
2018-12-04,,,,,,,,,,,,,2.8,2.91,3.16,0.11,,,2.25,,,20.74,,,,116.0028
2018-12-05,,,,,,,,,,,,,,,,,,,,,,,,,,
2018-12-06,,,,,,,,,,,,,2.75,2.87,3.14,0.12,,,2.29,,,21.19,,,,116.3991
2018-12-07,,,,,,,,,,,,,2.72,2.85,3.14,0.13,,,2.31,-0.441,,23.23,,,,116.0847
2018-12-08,,,,,,,,,,,208000.0,,,,,,,,,,,,,,,
2018-12-10,,,,,,,,,,,,,2.72,2.85,3.13,0.13,,,2.31,,,22.64,,,,116.6746
2018-12-11,,,,,,,,,,,,,2.78,2.89,3.13,0.11,,,2.26,,,21.76,,,,116.7564
2018-12-12,,,,,,,,,,,,,2.77,2.91,3.15,0.14,,,2.24,,,21.46,,,,116.2214
2018-12-13,,,,,,,,,,,,,2.75,2.91,3.16,0.16,,,2.25,,,20.65,,,,116.3974
2018-12-14,,,,,,,,,,,,,2.73,2.89,3.14,0.16,,,2.25,-0.428,,21.63,,,,116.79
2018-12-15,,,,,,,,,,,217000.0,,,,,,,,,,,,,,,
2018-12-17,,,,,,,,,,,,,2.7,2.86,3.11,0.16,,,2.25,,,24.52,,,,116.4532
2018-12-18,,,,,,,,,,,,,2.65,2.82,3.07,0.17,,,2.26,,,25.58,,,,116.4127
2018-12-19,,,,,,,,,,,,,2.63,2.77,3.0,0.14,,,2.27,,,25.58,,,,116.0676
2018-12-20,,,,,,,,,,,,,2.67,2.79,3.02,0.12,,,2.28,,,28.38,,,,116.0183
2018-12-21,,,,,,,,,,,,,2.63,2.79,3.03,0.16,,,2.31,-0.422,,30.11,,,,116.2227
2018-12-22,,,,,,,,,,,228000.0,,,,,,,,,,,,,,,
2018-12-24,,,,,,,,,,,,,2.55,2.74,3.0,0.19,,,2.35,,,36.07,,,,116.2182
2018-12-25,,,,,,,,,,,,,,,,,,,,,,,,,,
2018-12-26,,,,,,,,,,,,,2.61,2.81,3.06,0.2,,,2.33,,,30.41,,,,116.1162
2018-12-27,,,,,,,,,,,,,2.56,2.77,3.05,0.21,,,2.36,,,29.96,,,,115.9927
2018-12-28,,,,,,,,,,,,,2.52,2.72,3.04,0.2,,,2.44,-0.425,,28.34,,,,115.7232
2018-12-29,,,,,,,,,,,238000.0,,,,,,,,,,,,,,,
2018-12-31,,,,,,,,,,,,,2.48,2.69,3.02,0.21,,,2.45,,,25.42,,,,115.5674
2019-01-01,21111.6,20431.641,103.4021,490440.0,252.561,260.766,102.648,102.87,4.0,150060.0,,63.1,,,,,2.4,,,,91.2,,1226.0,206.514,14460.2,
2019-01-02,,,,,,,,,,,,,2.5,2.66,2.97,0.16,,,2.45,,,23.22,,,,115.7689
2019-01-03,,,,,,,,,,,,,2.39,2.56,2.92,0.17,,,2.48,,,25.45,,,,115.4622
2019-01-04,,,,,,,,,,,,,2.5,2.67,2.98,0.17,,,2.45,-0.437,,21.38,,,,114.9821
2019-01-05,,,,,,,,,,,225000.0,,,,,,,,,,,,,,,
2019-01-07,,,,,,,,,,,,,2.53,2.7,2.99,0.17,,,2.42,,,21.4,,,,114.5628
2019-01-08,,,,,,,,,,,,,2.58,2.73,3.0,0.15,,,2.39,,,20.47,,,,114.7281
2019-01-09,,,,,,,,,,,,,2.56,2.74,3.03,0.18,,,2.39,,,19.98,,,,114.1406
2019-01-10,,,,,,,,,,,,,2.56,2.74,3.06,0.18,,,2.42,,,19.5,,,,114.0496
2019-01-11,,,,,,,,,,,,,2.55,2.71,3.04,0.16,,,2.42,-0.457,,18.19,,,,114.0404
2019-01-12,,,,,,,,,,,218000.0,,,,,,,,,,,,,,,
2019-01-14,,,,,,,,,,,,,2.53,2.71,3.06,0.18,,,2.46,,,19.07,,,,
2019-01-15,,,,,,,,,,,,,2.53,2.72,3.08,0.19,,,2.46,,,18.6,,,,114.3402
2019-01-16,,,,,,,,,,,,,2.55,2.73,3.07,0.18,,,2.45,,,19.04,,,,114.137
2019-01-17,,,,,,,,,,,,,2.56,2.75,3.07,0.19,,,2.43,,,18.06,,,,114.4115
2019-01-18,,,,,,,,,,,,,2.62,2.79,3.09,0.17,,,2.38,-0.48,,17.8,,,,114.558
2019-01-19,,,,,,,,,,,214000.0,,,,,,,,,,,,,,,
2019-01-21,,,,,,,,,,,,,,,,,,,,,,,,,,
2019-01-22,,,,,,,,,,,,,2.58,2.74,3.06,0.16,,,2.38,,,20.8,,,,114.7541
2019-01-23,,,,,,,,,,,,,2.58,2.76,3.07,0.18,,,2.37,,,19.52,,,,114.5759
2019-01-24,,,,,,,,,,,,,2.56,2.72,3.04,0.16,,,2.37,,,18.89,,,,114.617
2019-01-25,,,,,,,,,,,,,2.6,2.76,3.06,0.16,,,2.34,-0.504,,17.42,,,,114.0197
2019-01-26,,,,,,,,,,,234000.0,,,,,,,,,,,,,,,
2019-01-28,,,,,,,,,,,,,2.6,2.75,3.06,0.15,,,2.36,,,18.87,,,,114.0522
2019-01-29,,,,,,,,,,,,,2.56,2.72,3.04,0.16,,,2.36,,,19.13,,,,114.026
2019-01-30,,,,,,,,,,,,,2.52,2.7,3.06,0.18,,,2.37,,,17.66,,,,114.0731
2019-01-31,,,,,,,,,,,,,2.45,2.63,2.99,0.18,,,2.38,,,16.57,,,,113.5504
2019-02-01,,,102.8371,491751.0,253.319,261.186,102.836,102.963,3.8,150067.0,,63.1,2.52,2.7,3.03,0.18,2.4,,2.31,-0.528,93.8,16.14,1121.0,206.828,14506.6,113.7548
2019-02-02,,,,,,,,,,,232000.0,,,,,,,,,,,,,,,
2019-02-04,,,,,,,,,,,,,2.53,2.73,3.06,0.2,,,2.3,,,15.73,,,,113.8766
2019-02-05,,,,,,,,,,,,,2.53,2.71,3.03,0.18,,,2.27,,,15.57,,,,114.0431
2019-02-06,,,,,,,,,,,,,2.52,2.7,3.03,0.18,,,2.28,,,15.38,,,,114.2305
2019-02-07,,,,,,,,,,,,,2.48,2.65,3.0,0.17,,,2.31,,,16.37,,,,114.4339
2019-02-08,,,,,,,,,,,,,2.45,2.63,2.97,0.18,,,2.3,-0.548,,15.72,,,,114.5003
2019-02-09,,,,,,,,,,,226000.0,,,,,,,,,,,,,,,
2019-02-11,,,,,,,,,,,,,2.48,2.65,3.0,0.17,,,2.3,,,15.97,,,,115.031
2019-02-12,,,,,,,,,,,,,2.5,2.68,3.02,0.18,,,2.3,,,15.43,,,,114.7297
2019-02-13,,,,,,,,,,,,,2.53,2.71,3.04,0.18,,,2.27,,,15.65,,,,114.9407
2019-02-14,,,,,,,,,,,,,2.5,2.66,3.01,0.16,,,2.3,,,16.22,,,,115.1007
2019-02-15,,,,,,,,,,,,,2.52,2.66,3.0,0.14,,,2.28,-0.565,,14.91,,,,114.9923
2019-02-16,,,,,,,,,,,211000.0,,,,,,,,,,,,,,,
2019-02-18,,,,,,,,,,,,,,,,,,,,,,,,,,
2019-02-19,,,,,,,,,,,,,2.5,2.65,2.99,0.15,,,2.28,,,14.88,,,,114.57
2019-02-20,,,,,,,,,,,,,2.5,2.65,3.0,0.15,,,2.23,,,14.02,,,,
2019-02-21,,,,,,,,,,,,,2.53,2.69,3.05,0.16,,,2.23,,,14.46,,,,114.5091
2019-02-22,,,,,,,,,,,,,2.48,2.65,3.02,0.17,,,2.25,-0.578,,13.51,,,,114.2716
2019-02-23,,,,,,,,,,,221000.0,,,,,,,,,,,,,,,
2019-02-25,,,,,,,,,,,,,2.51,2.67,3.03,0.16,,,2.23,,,14.85,,,,114.1457
2019-02-26,,,,,,,,,,,,,2.48,2.64,3.01,0.16,,,2.24,,,15.17,,,,114.0687
2019-02-27,,,,,,,,,,,,,2.5,2.69,3.07,0.19,,,2.25,,,14.7,,,,114.0363
2019-02-28,,,,,,,,,,,,,2.52,2.73,3.09,0.21,,,2.22,,,14.78,,,,114.1991
2019-03-01,,,102.8757,499292.0,254.277,261.567,103.069,103.058,3.8,150295.0,,63.0,2.55,2.76,3.13,0.21,2.41,,2.22,-0.587,98.4,13.57,1191.0,207.044,14559.5,114.537
2019-03-02,,,,,,,,,,,216000.0,,,,,,,,,,,,,,,
2019-03-04,,,,,,,,,,,,,2.55,2.72,3.09,0.17,,,2.22,,,14.63,,,,114.6925
2019-03-05,,,,,,,,,,,,,2.55,2.72,3.08,0.17,,,2.22,,,14.74,,,,114.804
2019-03-06,,,,,,,,,,,,,2.52,2.69,3.06,0.17,,,2.25,,,15.74,,,,114.9714
2019-03-07,,,,,,,,,,,,,2.47,2.64,3.03,0.17,,,2.25,,,16.59,,,,115.4919
2019-03-08,,,,,,,,,,,,,2.45,2.62,3.0,0.17,,,2.27,-0.592,,16.05,,,,115.3599
2019-03-09,,,,,,,,,,,218000.0,,,,,,,,,,,,,,,
2019-03-11,,,,,,,,,,,,,2.47,2.64,3.03,0.17,,,2.27,,,14.33,,,,115.2967
2019-03-12,,,,,,,,,,,,,2.45,2.61,3.0,0.16,,,2.25,,,13.77,,,,114.939
2019-03-13,,,,,,,,,,,,,2.45,2.61,3.02,0.16,,,2.26,,,13.41,,,,114.7372
2019-03-14,,,,,,,,,,,,,2.46,2.63,3.04,0.17,,,2.27,,,13.5,,,,114.79
2019-03-15,,,,,,,,,,,,,2.43,2.59,3.02,0.16,,,2.28,-0.596,,12.88,,,,114.5815
2019-03-16,,,,,,,,,,,212000.0,,,,,,,,,,,,,,,
2019-03-18,,,,,,,,,,,,,2.45,2.6,3.01,0.15,,,2.27,,,13.1,,,,114.4375
2019-03-19,,,,,,,,,,,,,2.46,2.61,3.02,0.15,,,2.27,,,13.56,,,,114.2324
2019-03-20,,,,,,,,,,,,,2.4,2.54,2.98,0.14,,,2.29,,,13.91,,,,114.1509
2019-03-21,,,,,,,,,,,,,2.41,2.54,2.96,0.13,,,2.28,,,13.63,,,,114.1684
2019-03-22,,,,,,,,,,,,,2.31,2.44,2.88,0.13,,,2.3,-0.6,,16.48,,,,114.6856
2019-03-23,,,,,,,,,,,210000.0,,,,,,,,,,,,,,,
2019-03-25,,,,,,,,,,,,,2.26,2.43,2.87,0.17,,,2.28,,,16.33,,,,114.4171
2019-03-26,,,,,,,,,,,,,2.24,2.41,2.86,0.17,,,2.3,,,14.68,,,,114.6414
2019-03-27,,,,,,,,,,,,,2.22,2.39,2.83,0.17,,,2.28,,,15.15,,,,115.1243
2019-03-28,,,,,,,,,,,,,2.23,2.39,2.81,0.16,,,2.27,,,14.43,,,,115.2581
2019-03-29,,,,,,,,,,,,,2.27,2.41,2.81,0.14,,,2.26,-0.602,,13.71,,,,115.1371
2019-03-30,,,,,,,,,,,203000.0,,,,,,,,,,,,,,,
2019-04-01,21397.938,20602.275,102.274,499343.0,255.233,261.997,103.36,103.265,3.7,150591.0,,62.8,2.33,2.49,2.89,0.16,2.42,,2.24,,97.2,13.4,1272.0,207.496,14594.0,114.9362
2019-04-02,,,,,,,,,,,,,2.3,2.48,2.88,0.18,,,2.24,,,13.36,,,,115.1173
2019-04-03,,,,,,,,,,,,,2.33,2.52,2.93,0.19,,,2.23,,,13.74,,,,114.7211
2019-04-04,,,,,,,,,,,,,2.33,2.51,2.92,0.18,,,2.22,,,13.58,,,,114.9697
2019-04-05,,,,,,,,,,,,,2.35,2.5,2.91,0.15,,,2.22,-0.606,,12.82,,,,114.9726
2019-04-06,,,,,,,,,,,196000.0,,,,,,,,,,,,,,,
2019-04-08,,,,,,,,,,,,,2.36,2.52,2.93,0.16,,,2.21,,,13.18,,,,114.6893
2019-04-09,,,,,,,,,,,,,2.35,2.51,2.92,0.16,,,2.19,,,14.28,,,,114.5321
2019-04-10,,,,,,,,,,,,,2.31,2.48,2.9,0.17,,,2.21,,,13.3,,,,114.4269
2019-04-11,,,,,,,,,,,,,2.35,2.51,2.94,0.16,,,2.2,,,13.02,,,,114.6303
2019-04-12,,,,,,,,,,,,,2.4,2.56,2.97,0.16,,,2.15,-0.61,,12.01,,,,114.3531
2019-04-13,,,,,,,,,,,197000.0,,,,,,,,,,,,,,,
2019-04-15,,,,,,,,,,,,,2.4,2.55,2.96,0.15,,,2.15,,,12.32,,,,114.495
2019-04-16,,,,,,,,,,,,,2.41,2.6,2.99,0.19,,,2.12,,,12.18,,,,114.6756
2019-04-17,,,,,,,,,,,,,2.4,2.59,2.99,0.19,,,2.13,,,12.6,,,,114.5141
2019-04-18,,,,,,,,,,,,,2.38,2.57,2.96,0.19,,,2.12,,,12.09,,,,114.7073
2019-04-19,,,,,,,,,,,,,,,,,,,,-0.611,,,,,,114.6977
2019-04-20,,,,,,,,,,,222000.0,,,,,,,,,,,,,,,
2019-04-22,,,,,,,,,,,,,2.38,2.59,2.99,0.21,,,2.14,,,12.42,,,,114.7694
2019-04-23,,,,,,,,,,,,,2.36,2.57,2.98,0.21,,,2.14,,,12.28,,,,115.1578
2019-04-24,,,,,,,,,,,,,2.32,2.53,2.94,0.21,,,2.14,,,13.14,,,,115.4187
2019-04-25,,,,,,,,,,,,,2.33,2.54,2.94,0.21,,,2.14,,,13.25,,,,115.7709
2019-04-26,,,,,,,,,,,,,2.28,2.51,2.92,0.23,,,2.13,-0.611,,12.73,,,,115.4767
2019-04-27,,,,,,,,,,,224000.0,,,,,,,,,,,,,,,
2019-04-29,,,,,,,,,,,,,2.3,2.54,2.96,0.24,,,2.13,,,13.11,,,,115.5227
2019-04-30,,,,,,,,,,,,,2.27,2.51,2.93,0.24,,,2.14,,,13.12,,,,115.3281
2019-05-01,,,102.392,504741.0,255.296,262.217,103.435,103.371,3.6,150618.0,,62.9,2.31,2.52,2.92,0.21,2.39,,2.11,,100.0,14.8,1293.0,208.104,14703.2,115.0022
2019-05-02,,,,,,,,,,,,,2.35,2.55,2.94,0.2,,,2.12,,,14.42,,,,115.5617
2019-05-03,,,,,,,,,,,,,2.33,2.54,2.93,0.21,,,2.11,-0.607,,12.87,,,,115.2646
2019-05-04,,,,,,,,,,,225000.0,,,,,,,,,,,,,,,
2019-05-06,,,,,,,,,,,,,2.31,2.51,2.91,0.2,,,2.14,,,15.44,,,,115.3811
2019-05-07,,,,,,,,,,,,,2.28,2.45,2.86,0.17,,,2.17,,,19.32,,,,115.6116
2019-05-08,,,,,,,,,,,,,2.3,2.49,2.89,0.19,,,2.17,,,19.4,,,,115.5171
2019-05-09,,,,,,,,,,,,,2.26,2.45,2.87,0.19,,,2.21,,,19.1,,,,115.8421
2019-05-10,,,,,,,,,,,,,2.26,2.47,2.89,0.21,,,2.2,-0.6,,16.04,,,,115.5334
2019-05-11,,,,,,,,,,,212000.0,,,,,,,,,,,,,,,
2019-05-13,,,,,,,,,,,,,2.18,2.4,2.83,0.22,,,2.25,,,20.55,,,,115.915
2019-05-14,,,,,,,,,,,,,2.2,2.42,2.86,0.22,,,2.24,,,18.06,,,,115.9425
2019-05-15,,,,,,,,,,,,,2.16,2.37,2.82,0.21,,,2.26,,,16.44,,,,115.8565
2019-05-16,,,,,,,,,,,,,2.2,2.4,2.84,0.2,,,2.24,,,15.29,,,,116.0346
2019-05-17,,,,,,,,,,,,,2.2,2.39,2.82,0.19,,,2.24,-0.592,,15.96,,,,116.448
2019-05-18,,,,,,,,,,,215000.0,,,,,,,,,,,,,,,
2019-05-20,,,,,,,,,,,,,2.21,2.41,2.83,0.2,,,2.24,,,16.31,,,,116.3119
2019-05-21,,,,,,,,,,,,,2.26,2.43,2.84,0.17,,,2.23,,,14.95,,,,116.2844
2019-05-22,,,,,,,,,,,,,2.23,2.39,2.82,0.16,,,2.26,,,14.75,,,,116.2412
2019-05-23,,,,,,,,,,,,,2.12,2.31,2.75,0.19,,,2.28,,,16.92,,,,116.2368
2019-05-24,,,,,,,,,,,,,2.16,2.32,2.75,0.16,,,2.31,-0.584,,15.85,,,,116.0806
2019-05-25,,,,,,,,,,,222000.0,,,,,,,,,,,,,,,
2019-05-27,,,,,,,,,,,,,,,,,,,,,,,,,,
2019-05-28,,,,,,,,,,,,,2.12,2.26,2.7,0.14,,,2.32,,,17.5,,,,116.3174
2019-05-29,,,,,,,,,,,,,2.09,2.25,2.69,0.16,,,2.33,,,17.9,,,,116.5535
2019-05-30,,,,,,,,,,,,,2.06,2.22,2.65,0.16,,,2.33,,,17.3,,,,116.3989
2019-05-31,,,,,,,,,,,,,1.95,2.14,2.58,0.19,,,2.37,-0.577,,18.71,,,,116.7273
2019-06-01,,,102.4375,505251.0,255.213,262.739,103.484,103.56,3.6,150838.0,223000.0,63.0,,,,,2.38,,,,98.2,,1243.0,208.552,14798.8,
2019-06-03,,,,,,,,,,,,,1.82,2.07,2.53,0.25,,,2.42,,,18.86,,,,116.4764
2019-06-04,,,,,,,,,,,,,1.88,2.12,2.6,0.24,,,2.42,,,16.97,,,,116.091
2019-06-05,,,,,,,,,,,,,1.83,2.12,2.63,0.29,,,2.45,,,16.09,,,,116.03
2019-06-06,,,,,,,,,,,,,1.88,2.12,2.62,0.24,,,2.44,,,15.93,,,,115.9771
2019-06-07,,,,,,,,,,,,,1.85,2.09,2.57,0.24,,,2.42,-0.571,,16.3,,,,115.7368
2019-06-08,,,,,,,,,,,226000.0,,,,,,,,,,,,,,,
2019-06-10,,,,,,,,,,,,,1.9,2.15,2.62,0.25,,,2.39,,,15.94,,,,115.5001
2019-06-11,,,,,,,,,,,,,1.93,2.15,2.62,0.22,,,2.38,,,15.99,,,,115.3794
2019-06-12,,,,,,,,,,,,,1.88,2.13,2.62,0.25,,,2.41,,,15.91,,,,115.438
2019-06-13,,,,,,,,,,,,,1.83,2.1,2.61,0.27,,,2.42,,,15.82,,,,115.6275
2019-06-14,,,,,,,,,,,,,1.84,2.09,2.59,0.25,,,2.42,-0.569,,15.28,,,,115.9057
2019-06-15,,,,,,,,,,,217000.0,,,,,,,,,,,,,,,
2019-06-17,,,,,,,,,,,,,1.86,2.09,2.58,0.23,,,2.41,,,15.35,,,,115.9684
2019-06-18,,,,,,,,,,,,,1.86,2.06,2.55,0.2,,,2.4,,,15.15,,,,115.8797
2019-06-19,,,,,,,,,,,,,1.74,2.03,2.54,0.29,,,2.41,,,14.33,,,,115.7889
2019-06-20,,,,,,,,,,,,,1.72,2.01,2.53,0.29,,,2.38,,,14.75,,,,114.8046
2019-06-21,,,,,,,,,,,,,1.77,2.07,2.59,0.3,,,2.35,-0.569,,15.4,,,,114.8377
2019-06-22,,,,,,,,,,,234000.0,,,,,,,,,,,,,,,
2019-06-24,,,,,,,,,,,,,1.72,2.02,2.55,0.3,,,2.33,,,15.26,,,,114.6559
2019-06-25,,,,,,,,,,,,,1.71,2.0,2.53,0.29,,,2.34,,,16.28,,,,114.6363
2019-06-26,,,,,,,,,,,,,1.77,2.05,2.57,0.28,,,2.32,,,16.21,,,,114.5608
2019-06-27,,,,,,,,,,,,,1.74,2.01,2.52,0.27,,,2.31,,,15.82,,,,114.665
2019-06-28,,,,,,,,,,,,,1.75,2.0,2.52,0.25,,,2.31,-0.571,,15.08,,,,114.5821
2019-06-29,,,,,,,,,,,226000.0,,,,,,,,,,,,,,,
2019-07-01,21717.171,20843.322,101.9408,509091.0,255.802,263.28,103.622,103.678,3.7,150937.0,,63.1,1.78,2.03,2.55,0.25,2.4,,2.29,,98.4,14.06,1240.0,209.213,14882.7,114.7239
2019-07-02,,,,,,,,,,,,,1.77,1.98,2.51,0.21,,,2.29,,,12.93,,,,114.8258
2019-07-03,,,,,,,,,,,,,1.77,1.96,2.47,0.19,,,2.26,,,12.57,,,,114.8135
2019-07-04,,,,,,,,,,,,,,,,,,,,,,,,,,
2019-07-05,,,,,,,,,,,,,1.87,2.04,2.54,0.17,,,2.26,-0.575,,13.28,,,,115.1132
2019-07-06,,,,,,,,,,,215000.0,,,,,,,,,,,,,,,
2019-07-08,,,,,,,,,,,,,1.88,2.05,2.53,0.17,,,2.23,,,13.96,,,,115.0254
2019-07-09,,,,,,,,,,,,,1.92,2.07,2.54,0.15,,,2.22,,,14.09,,,,115.1017
2019-07-10,,,,,,,,,,,,,1.82,2.07,2.57,0.25,,,2.25,,,13.03,,,,115.0879
2019-07-11,,,,,,,,,,,,,1.85,2.13,2.65,0.28,,,2.25,,,12.93,,,,114.8361
2019-07-12,,,,,,,,,,,,,1.84,2.12,2.64,0.28,,,2.25,-0.577,,12.39,,,,114.7685
2019-07-13,,,,,,,,,,,211000.0,,,,,,,,,,,,,,,
2019-07-15,,,,,,,,,,,,,1.83,2.09,2.61,0.26,,,2.25,,,12.68,,,,114.6819
2019-07-16,,,,,,,,,,,,,1.87,2.13,2.63,0.26,,,2.23,,,12.86,,,,115.0111
2019-07-17,,,,,,,,,,,,,1.83,2.06,2.57,0.23,,,2.24,,,13.97,,,,114.8819
2019-07-18,,,,,,,,,,,,,1.77,2.04,2.56,0.27,,,2.27,,,13.53,,,,114.8744
2019-07-19,,,,,,,,,,,,,1.8,2.05,2.57,0.25,,,2.26,-0.576,,14.45,,,,114.8695
2019-07-20,,,,,,,,,,,202000.0,,,,,,,,,,,,,,,
2019-07-22,,,,,,,,,,,,,1.8,2.05,2.58,0.25,,,2.24,,,13.53,,,,115.0018
2019-07-23,,,,,,,,,,,,,1.83,2.08,2.61,0.25,,,2.23,,,12.61,,,,115.2995
2019-07-24,,,,,,,,,,,,,1.83,2.05,2.58,0.22,,,2.15,,,12.07,,,,115.2436
2019-07-25,,,,,,,,,,,,,1.86,2.08,2.6,0.22,,,2.14,,,12.74,,,,115.2982
2019-07-26,,,,,,,,,,,,,1.86,2.08,2.59,0.22,,,2.13,-0.573,,12.16,,,,115.5449
2019-07-27,,,,,,,,,,,206000.0,,,,,,,,,,,,,,,
2019-07-29,,,,,,,,,,,,,1.85,2.06,2.59,0.21,,,2.13,,,12.83,,,,115.5885
2019-07-30,,,,,,,,,,,,,1.85,2.06,2.58,0.21,,,2.14,,,13.94,,,,115.6211
2019-07-31,,,,,,,,,,,,,1.89,2.02,2.53,0.13,,,2.13,,,16.12,,,,115.4946
2019-08-01,,,102.639,512561.0,256.036,263.877,103.67,103.797,3.6,151169.0,,63.1,1.73,1.9,2.44,0.17,2.13,,2.17,,89.8,17.87,1375.0,210.009,14974.4,116.0499
2019-08-02,,,,,,,,,,,,,1.72,1.86,2.39,0.14,,,2.18,-0.565,,17.61,,,,116.1864
2019-08-03,,,,,,,,,,,208000.0,,,,,,,,,,,,,,,
2019-08-05,,,,,,,,,,,,,1.59,1.75,2.3,0.16,,,2.24,,,24.59,,,,116.5851
2019-08-06,,,,,,,,,,,,,1.6,1.73,2.25,0.13,,,2.25,,,20.17,,,,116.6904
2019-08-07,,,,,,,,,,,,,1.59,1.71,2.22,0.12,,,2.23,,,19.49,,,,116.7987
2019-08-08,,,,,,,,,,,,,1.62,1.72,2.25,0.1,,,2.25,,,16.91,,,,116.474
2019-08-09,,,,,,,,,,,,,1.63,1.74,2.26,0.11,,,2.23,-0.554,,17.97,,,,116.4419
2019-08-10,,,,,,,,,,,212000.0,,,,,,,,,,,,,,,
2019-08-12,,,,,,,,,,,,,1.58,1.65,2.14,0.07,,,2.23,,,21.09,,,,116.7548
2019-08-13,,,,,,,,,,,,,1.66,1.68,2.15,0.02,,,2.22,,,17.52,,,,116.7267
2019-08-14,,,,,,,,,,,,,1.58,1.59,2.03,0.01,,,2.23,,,22.1,,,,117.0913
2019-08-15,,,,,,,,,,,,,1.48,1.52,1.98,0.04,,,2.27,,,21.18,,,,117.2239
2019-08-16,,,,,,,,,,,,,1.48,1.55,2.01,0.07,,,2.26,-0.543,,18.47,,,,117.0786
2019-08-17,,,,,,,,,,,207000.0,,,,,,,,,,,,,,,
2019-08-19,,,,,,,,,,,,,1.53,1.6,2.08,0.07,,,2.29,,,16.88,,,,117.3886
2019-08-20,,,,,,,,,,,,,1.5,1.55,2.04,0.05,,,2.3,,,17.5,,,,117.3726
2019-08-21,,,,,,,,,,,,,1.56,1.59,2.07,0.03,,,2.25,,,15.8,,,,117.1764
2019-08-22,,,,,,,,,,,,,1.61,1.62,2.11,0.01,,,2.25,,,16.68,,,,117.3558
2019-08-23,,,,,,,,,,,,,1.51,1.52,2.02,0.01,,,2.27,-0.532,,19.87,,,,117.3009
2019-08-24,,,,,,,,,,,213000.0,,,,,,,,,,,,,,,
2019-08-26,,,,,,,,,,,,,1.54,1.54,2.04,0.0,,,2.27,,,19.32,,,,117.6658
2019-08-27,,,,,,,,,,,,,1.53,1.49,1.97,-0.04,,,2.26,,,20.31,,,,117.75
2019-08-28,,,,,,,,,,,,,1.5,1.47,1.94,-0.03,,,2.26,,,19.35,,,,117.8767
2019-08-29,,,,,,,,,,,,,1.53,1.5,1.97,-0.03,,,2.27,,,17.88,,,,118.0625
2019-08-30,,,,,,,,,,,,,1.5,1.5,1.96,0.0,,,2.26,-0.523,,18.98,,,,118.1575
2019-08-31,,,,,,,,,,,215000.0,,,,,,,,,,,,,,,
2019-09-01,,,102.2917,509282.0,256.43,264.388,103.733,103.873,3.5,151365.0,,63.2,,,,,2.04,,,,93.2,,1311.0,210.817,15047.2,
2019-09-02,,,,,,,,,,,,,,,,,,,,,,,,,,
2019-09-03,,,,,,,,,,,,,1.47,1.47,1.95,0.0,,,2.28,,,19.66,,,,118.3113
2019-09-04,,,,,,,,,,,,,1.43,1.47,1.97,0.04,,,2.29,,,17.33,,,,117.6729
2019-09-05,,,,,,,,,,,,,1.55,1.57,2.06,0.02,,,2.28,,,16.27,,,,117.4776
2019-09-06,,,,,,,,,,,,,1.53,1.55,2.02,0.02,,,2.26,-0.516,,15.0,,,,117.1292
2019-09-07,,,,,,,,,,,207000.0,,,,,,,,,,,,,,,
2019-09-09,,,,,,,,,,,,,1.58,1.63,2.11,0.05,,,2.23,,,15.27,,,,117.0601
2019-09-10,,,,,,,,,,,,,1.67,1.72,2.19,0.05,,,2.22,,,15.2,,,,117.0887
2019-09-11,,,,,,,,,,,,,1.68,1.75,2.22,0.07,,,2.22,,,14.61,,,,117.3125
2019-09-12,,,,,,,,,,,,,1.72,1.79,2.22,0.07,,,2.22,,,14.22,,,,116.8375
2019-09-13,,,,,,,,,,,,,1.79,1.9,2.37,0.11,,,2.21,-0.511,,13.74,,,,116.7677
2019-09-14,,,,,,,,,,,205000.0,,,,,,,,,,,,,,,
2019-09-16,,,,,,,,,,,,,1.74,1.84,2.31,0.1,,,2.2,,,14.67,,,,117.0251
2019-09-17,,,,,,,,,,,,,1.72,1.81,2.27,0.09,,,2.21,,,14.44,,,,116.9826
2019-09-18,,,,,,,,,,,,,1.77,1.8,2.25,0.03,,,2.18,,,13.95,,,,116.9766
2019-09-19,,,,,,,,,,,,,1.74,1.79,2.22,0.05,,,2.17,,,14.05,,,,117.0861
2019-09-20,,,,,,,,,,,,,1.69,1.74,2.17,0.05,,,2.19,-0.507,,15.32,,,,117.1819
2019-09-21,,,,,,,,,,,211000.0,,,,,,,,,,,,,,,
2019-09-23,,,,,,,,,,,,,1.68,1.72,2.16,0.04,,,2.17,,,14.91,,,,117.2986
2019-09-24,,,,,,,,,,,,,1.6,1.64,2.09,0.04,,,2.2,,,17.05,,,,117.2227
2019-09-25,,,,,,,,,,,,,1.68,1.73,2.18,0.05,,,2.2,,,15.96,,,,117.6527
2019-09-26,,,,,,,,,,,,,1.66,1.7,2.15,0.04,,,2.18,,,16.07,,,,117.7267
2019-09-27,,,,,,,,,,,,,1.63,1.69,2.13,0.06,,,2.19,-0.507,,17.22,,,,117.7218
2019-09-28,,,,,,,,,,,215000.0,,,,,,,,,,,,,,,
2019-09-30,,,,,,,,,,,,,1.63,1.68,2.12,0.05,,,2.2,,,16.24,,,,117.9461
2019-10-01,21933.217,20985.448,101.4281,510648.0,257.155,264.97,103.917,104.028,3.6,151460.0,,63.3,1.56,1.65,2.11,0.09,1.83,,2.22,,95.5,18.56,1325.0,211.716,15185.6,117.9595
2019-10-02,,,,,,,,,,,,,1.48,1.6,2.09,0.12,,,2.26,,,20.56,,,,117.9671
2019-10-03,,,,,,,,,,,,,1.39,1.54,2.04,0.15,,,2.29,,,19.12,,,,117.6608
2019-10-04,,,,,,,,,,,,,1.4,1.52,2.01,0.12,,,2.29,-0.511,,17.04,,,,117.5288
2019-10-05,,,,,,,,,,,209000.0,,,,,,,,,,,,,,,
2019-10-07,,,,,,,,,,,,,1.46,1.56,2.05,0.1,,,2.28,,,17.86,,,,117.5533
2019-10-08,,,,,,,,,,,,,1.42,1.54,2.04,0.12,,,2.3,,,20.28,,,,117.7407
2019-10-09,,,,,,,,,,,,,1.47,1.59,2.08,0.12,,,2.29,,,18.64,,,,117.6835
2019-10-10,,,,,,,,,,,,,1.53,1.67,2.16,0.14,,,2.27,,,17.57,,,,117.2801
2019-10-11,,,,,,,,,,,,,1.63,1.76,2.22,0.13,,,2.22,-0.52,,15.58,,,,116.8239
2019-10-12,,,,,,,,,,,215000.0,,,,,,,,,,,,,,,
2019-10-14,,,,,,,,,,,,,,,,,,,,,,14.57,,,,
2019-10-15,,,,,,,,,,,,,1.61,1.77,2.23,0.16,,,2.21,,,13.54,,,,116.8111
2019-10-16,,,,,,,,,,,,,1.58,1.75,2.23,0.17,,,2.22,,,13.68,,,,116.6425
2019-10-17,,,,,,,,,,,,,1.6,1.76,2.24,0.16,,,2.21,,,13.79,,,,116.2615
2019-10-18,,,,,,,,,,,,,1.58,1.76,2.25,0.18,,,2.21,-0.532,,14.25,,,,116.1344
2019-10-19,,,,,,,,,,,210000.0,,,,,,,,,,,,,,,
2019-10-21,,,,,,,,,,,,,1.62,1.8,2.28,0.18,,,2.19,,,14.0,,,,116.0436
2019-10-22,,,,,,,,,,,,,1.6,1.78,2.26,0.18,,,2.17,,,14.46,,,,115.9851
2019-10-23,,,,,,,,,,,,,1.58,1.77,2.25,0.19,,,2.18,,,14.01,,,,116.0586
2019-10-24,,,,,,,,,,,,,1.58,1.77,2.26,0.19,,,2.17,,,13.71,,,,116.1278
2019-10-25,,,,,,,,,,,,,1.63,1.8,2.29,0.17,,,2.16,-0.546,,12.65,,,,116.0774
2019-10-26,,,,,,,,,,,215000.0,,,,,,,,,,,,,,,
2019-10-28,,,,,,,,,,,,,1.64,1.85,2.34,0.21,,,2.16,,,13.11,,,,116.0222
2019-10-29,,,,,,,,,,,,,1.64,1.84,2.33,0.2,,,2.15,,,13.2,,,,115.9797
2019-10-30,,,,,,,,,,,,,1.61,1.78,2.26,0.17,,,2.17,,,12.33,,,,116.1636
2019-10-31,,,,,,,,,,,,,1.52,1.69,2.17,0.17,,,2.18,,,13.22,,,,115.9125
2019-11-01,,,101.9372,514215.0,257.879,265.548,104.024,104.092,3.6,151667.0,,63.3,1.56,1.73,2.21,0.17,1.55,,2.16,-0.558,96.8,12.3,1353.0,212.755,15301.3,115.7312
2019-11-02,,,,,,,,,,,214000.0,,,,,,,,,,,,,,,
2019-11-04,,,,,,,,,,,,,1.6,1.79,2.27,0.19,,,2.16,,,12.83,,,,115.8624
2019-11-05,,,,,,,,,,,,,1.63,1.86,2.34,0.23,,,2.15,,,13.1,,,,116.1138
2019-11-06,,,,,,,,,,,,,1.61,1.81,2.3,0.2,,,2.14,,,12.62,,,,116.1004
2019-11-07,,,,,,,,,,,,,1.68,1.92,2.4,0.24,,,2.13,,,12.73,,,,116.1172
2019-11-08,,,,,,,,,,,,,1.68,1.94,2.43,0.26,,,2.11,-0.567,,12.07,,,,116.3436
2019-11-09,,,,,,,,,,,227000.0,,,,,,,,,,,,,,,
2019-11-11,,,,,,,,,,,,,,,,,,,,,,12.69,,,,
2019-11-12,,,,,,,,,,,,,1.66,1.92,2.39,0.26,,,2.1,,,12.68,,,,116.5837
2019-11-13,,,,,,,,,,,,,1.63,1.88,2.36,0.25,,,2.11,,,13.0,,,,116.8397
2019-11-14,,,,,,,,,,,,,1.58,1.82,2.31,0.24,,,2.13,,,13.05,,,,116.8022
2019-11-15,,,,,,,,,,,,,1.61,1.84,2.31,0.23,,,2.13,-0.572,,12.05,,,,116.4401
2019-11-16,,,,,,,,,,,229000.0,,,,,,,,,,,,,,,
2019-11-18,,,,,,,,,,,,,1.6,1.81,2.3,0.21,,,2.14,,,12.46,,,,116.3625
2019-11-19,,,,,,,,,,,,,1.6,1.79,2.26,0.19,,,2.13,,,12.86,,,,116.5391
2019-11-20,,,,,,,,,,,,,1.56,1.73,2.2,0.17,,,2.16,,,12.78,,,,116.828
2019-11-21,,,,,,,,,,,,,1.6,1.77,2.24,0.17,,,2.15,,,13.13,,,,116.7435
2019-11-22,,,,,,,,,,,,,1.61,1.77,2.22,0.16,,,2.14,-0.571,,12.34,,,,116.9137
2019-11-23,,,,,,,,,,,221000.0,,,,,,,,,,,,,,,
2019-11-25,,,,,,,,,,,,,1.61,1.76,2.21,0.15,,,2.13,,,11.87,,,,117.0098
2019-11-26,,,,,,,,,,,,,1.58,1.74,2.18,0.16,,,2.11,,,11.54,,,,117.0513
2019-11-27,,,,,,,,,,,,,1.63,1.77,2.19,0.14,,,2.09,,,11.75,,,,117.1273
2019-11-28,,,,,,,,,,,,,,,,,,,,,,,,,,
2019-11-29,,,,,,,,,,,,,1.61,1.78,2.21,0.17,,,2.08,-0.566,,12.62,,,,117.1204
2019-11-30,,,,,,,,,,,231000.0,,,,,,,,,,,,,,,
2019-12-01,,,101.7003,515866.0,258.63,266.02,104.307,104.322,3.6,151794.0,,63.3,,,,,1.55,,,,99.3,,1548.0,213.917,15351.5,
2019-12-02,,,,,,,,,,,,,1.61,1.83,2.28,0.22,,,2.11,,,14.91,,,,116.9647
2019-12-03,,,,,,,,,,,,,1.53,1.72,2.17,0.19,,,2.11,,,15.96,,,,116.8898
2019-12-04,,,,,,,,,,,,,1.58,1.77,2.22,0.19,,,2.11,,,14.8,,,,116.692
2019-12-05,,,,,,,,,,,,,1.58,1.8,2.24,0.22,,,2.09,,,14.52,,,,116.3838
2019-12-06,,,,,,,,,,,,,1.61,1.84,2.29,0.23,,,2.07,-0.557,,13.62,,,,116.5381
2019-12-07,,,,,,,,,,,247000.0,,,,,,,,,,,,,,,
2019-12-09,,,,,,,,,,,,,1.63,1.83,2.27,0.2,,,2.05,,,15.86,,,,116.3283
2019-12-10,,,,,,,,,,,,,1.65,1.85,2.26,0.2,,,2.01,,,15.68,,,,116.2542
2019-12-11,,,,,,,,,,,,,1.61,1.79,2.23,0.18,,,2.04,,,14.99,,,,116.1478
2019-12-12,,,,,,,,,,,,,1.66,1.9,2.32,0.24,,,2.02,,,13.94,,,,115.8741
2019-12-13,,,,,,,,,,,,,1.61,1.82,2.26,0.21,,,2.02,-0.55,,12.63,,,,115.6967
2019-12-14,,,,,,,,,,,236000.0,,,,,,,,,,,,,,,
2019-12-16,,,,,,,,,,,,,1.65,1.89,2.3,0.24,,,2.0,,,12.14,,,,115.555
2019-12-17,,,,,,,,,,,,,1.63,1.89,2.31,0.26,,,1.99,,,12.29,,,,115.5553
2019-12-18,,,,,,,,,,,,,1.63,1.92,2.35,0.29,,,1.98,,,12.58,,,,115.6618
2019-12-19,,,,,,,,,,,,,1.62,1.92,2.35,0.3,,,1.96,,,12.5,,,,115.5988
2019-12-20,,,,,,,,,,,,,1.63,1.92,2.34,0.29,,,1.96,-0.546,,12.51,,,,115.7598
2019-12-21,,,,,,,,,,,230000.0,,,,,,,,,,,,,,,
2019-12-23,,,,,,,,,,,,,1.64,1.93,2.35,0.29,,,1.96,,,12.61,,,,115.8059
2019-12-24,,,,,,,,,,,,,1.62,1.9,2.33,0.28,,,1.97,,,12.67,,,,
2019-12-25,,,,,,,,,,,,,,,,,,,,,,,,,,
2019-12-26,,,,,,,,,,,,,1.64,1.9,2.33,0.26,,,1.97,,,12.65,,,,115.634
2019-12-27,,,,,,,,,,,,,1.59,1.88,2.32,0.29,,,1.96,-0.551,,13.43,,,,115.22
2019-12-28,,,,,,,,,,,231000.0,,,,,,,,,,,,,,,
2019-12-30,,,,,,,,,,,,,1.58,1.9,2.34,0.32,,,1.97,,,14.82,,,,114.9631
2019-12-31,,,,,,,,,,,,,1.58,1.92,2.39,0.34,,,1.98,,,13.78,,,,114.669
2020-01-01,21751.238,20709.212,101.0338,515119.0,259.127,266.716,104.49,104.507,3.6,152031.0,,63.3,,,,,1.55,,,,99.8,,1581.0,214.996,15425.0,
2020-01-02,,,,,,,,,,,,,1.58,1.88,2.33,0.3,,,1.98,,,12.47,,,,114.9745
2020-01-03,,,,,,,,,,,,,1.53,1.8,2.26,0.27,,,1.99,-0.564,,14.02,,,,114.9867
2020-01-04,,,,,,,,,,,224000.0,,,,,,,,,,,,,,,
2020-01-06,,,,,,,,,,,,,1.54,1.81,2.28,0.27,,,2.02,,,13.85,,,,114.9557
2020-01-07,,,,,,,,,,,,,1.54,1.83,2.31,0.29,,,2.03,,,13.79,,,,115.1477
2020-01-08,,,,,,,,,,,,,1.58,1.87,2.35,0.29,,,2.05,,,13.45,,,,115.1328
2020-01-09,,,,,,,,,,,,,1.58,1.85,2.38,0.27,,,2.03,,,12.54,,,,115.2331
2020-01-10,,,,,,,,,,,,,1.56,1.83,2.28,0.27,,,1.99,-0.584,,12.56,,,,115.0677
2020-01-11,,,,,,,,,,,207000.0,,,,,,,,,,,,,,,
2020-01-13,,,,,,,,,,,,,1.58,1.85,2.3,0.27,,,1.99,,,12.32,,,,115.0342
2020-01-14,,,,,,,,,,,,,1.58,1.82,2.27,0.24,,,1.99,,,12.39,,,,115.0239
2020-01-15,,,,,,,,,,,,,1.56,1.79,2.23,0.23,,,2.01,,,12.42,,,,114.9528
2020-01-16,,,,,,,,,,,,,1.58,1.81,2.26,0.23,,,2.0,,,12.32,,,,115.0006
2020-01-17,,,,,,,,,,,,,1.58,1.84,2.29,0.26,,,1.98,-0.606,,12.1,,,,115.0656
2020-01-18,,,,,,,,,,,221000.0,,,,,,,,,,,,,,,
2020-01-20,,,,,,,,,,,,,,,,,,,,,,,,,,
2020-01-21,,,,,,,,,,,,,1.53,1.78,2.23,0.25,,,1.97,,,12.85,,,,115.1876
2020-01-22,,,,,,,,,,,,,1.53,1.77,2.22,0.24,,,1.97,,,12.91,,,,115.2273
2020-01-23,,,,,,,,,,,,,1.51,1.74,2.18,0.23,,,1.98,,,12.98,,,,115.5545
2020-01-24,,,,,,,,,,,,,1.49,1.7,2.14,0.21,,,1.98,-0.619,,14.56,,,,115.5556
2020-01-25,,,,,,,,,,,210000.0,,,,,,,,,,,,,,,
2020-01-27,,,,,,,,,,,,,1.44,1.61,2.05,0.17,,,2.04,,,18.23,,,,115.8004
2020-01-28,,,,,,,,,,,,,1.45,1.65,2.1,0.2,,,2.04,,,16.28,,,,115.7239
2020-01-29,,,,,,,,,,,,,1.42,1.6,2.05,0.18,,,2.05,,,16.39,,,,115.7003
2020-01-30,,,,,,,,,,,,,1.41,1.57,2.04,0.16,,,2.08,,,15.49,,,,115.8077
2020-01-31,,,,,,,,,,,,,1.33,1.51,1.99,0.18,,,2.13,-0.617,,18.84,,,,115.7345
2020-02-01,,,101.3735,515330.0,259.25,267.37,104.573,104.711,3.5,152293.0,207000.0,63.3,,,,,1.58,,,,101.0,,1549.0,215.841,15492.8,
2020-02-03,,,,,,,,,,,,,1.36,1.54,2.01,0.18,,,2.1,,,17.97,,,,116.1172
2020-02-04,,,,,,,,,,,,,1.41,1.61,2.08,0.2,,,2.09,,,16.05,,,,115.9291
2020-02-05,,,,,,,,,,,,,1.44,1.66,2.14,0.22,,,2.07,,,15.15,,,,116.009
2020-02-06,,,,,,,,,,,,,1.44,1.65,2.11,0.21,,,2.05,,,14.96,,,,116.1518
2020-02-07,,,,,,,,,,,,,1.41,1.59,2.05,0.18,,,2.05,-0.591,,15.47,,,,116.5086
2020-02-08,,,,,,,,,,,202000.0,,,,,,,,,,,,,,,
2020-02-10,,,,,,,,,,,,,1.37,1.56,2.03,0.19,,,2.06,,,15.04,,,,116.5711
2020-02-11,,,,,,,,,,,,,1.41,1.59,2.05,0.18,,,2.05,,,15.18,,,,116.3585
2020-02-12,,,,,,,,,,,,,1.44,1.62,2.09,0.18,,,2.06,,,13.74,,,,116.2794
2020-02-13,,,,,,,,,,,,,1.44,1.61,2.07,0.17,,,2.05,,,14.15,,,,116.3999
2020-02-14,,,,,,,,,,,,,1.42,1.59,2.04,0.17,,,2.04,-0.531,,13.68,,,,116.4223
2020-02-15,,,,,,,,,,,209000.0,,,,,,,,,,,,,,,
2020-02-17,,,,,,,,,,,,,,,,,,,,,,,,,,
2020-02-18,,,,,,,,,,,,,1.41,1.55,2.0,0.14,,,2.05,,,14.83,,,,116.6039
2020-02-19,,,,,,,,,,,,,1.42,1.56,2.01,0.14,,,2.05,,,14.38,,,,116.7829
2020-02-20,,,,,,,,,,,,,1.39,1.52,1.97,0.13,,,2.05,,,15.56,,,,117.2454
2020-02-21,,,,,,,,,,,,,1.34,1.46,1.9,0.12,,,2.09,-0.431,,17.08,,,,117.0473
2020-02-22,,,,,,,,,,,218000.0,,,,,,,,,,,,,,,
2020-02-24,,,,,,,,,,,,,1.26,1.38,1.84,0.12,,,2.13,,,25.03,,,,117.4018
2020-02-25,,,,,,,,,,,,,1.2,1.33,1.8,0.13,,,2.19,,,27.85,,,,117.2425
2020-02-26,,,,,,,,,,,,,1.16,1.33,1.81,0.17,,,2.2,,,27.56,,,,117.405
2020-02-27,,,,,,,,,,,,,1.11,1.3,1.79,0.19,,,2.27,,,39.16,,,,117.3678
2020-02-28,,,,,,,,,,,,,0.86,1.13,1.65,0.27,,,2.38,-0.293,,40.11,,,,117.6568
2020-02-29,,,,,,,,,,,215000.0,,,,,,,,,,,,,,,
2020-03-01,,,97.4078,468324.0,258.076,267.054,104.271,104.632,4.4,150895.0,,62.6,,,,,0.65,,,,89.1,,1266.0,216.388,16034.4,
2020-03-02,,,,,,,,,,,,,0.84,1.1,1.66,0.26,,,2.44,,,33.42,,,,116.8144
2020-03-03,,,,,,,,,,,,,0.71,1.02,1.64,0.31,,,2.48,,,36.82,,,,116.4958
2020-03-04,,,,,,,,,,,,,0.67,1.02,1.67,0.35,,,2.47,,,31.99,,,,116.7802
2020-03-05,,,,,,,,,,,,,0.59,0.92,1.56,0.33,,,2.52,,,39.62,,,,116.7901
2020-03-06,,,,,,,,,,,,,0.49,0.74,1.25,0.25,,,2.55,-0.132,,41.94,,,,116.7106
2020-03-07,,,,,,,,,,,208000.0,,,,,,,,,,,,,,,
2020-03-09,,,,,,,,,,,,,0.38,0.54,0.99,0.16,,,2.93,,,54.46,,,,117.1871
2020-03-10,,,,,,,,,,,,,0.5,0.76,1.28,0.26,,,2.93,,,47.3,,,,117.9027
2020-03-11,,,,,,,,,,,,,0.5,0.82,1.3,0.32,,,2.99,,,53.9,,,,118.2505
2020-03-12,,,,,,,,,,,,,0.5,0.88,1.49,0.38,,,3.2,,,75.47,,,,120.4883
2020-03-13,,,,,,,,,,,,,0.49,0.94,1.56,0.45,,,3.3,0.033,,57.83,,,,120.4388
2020-03-14,,,,,,,,,,,273000.0,,,,,,,,,,,,,,,
2020-03-16,,,,,,,,,,,,,0.36,0.73,1.34,0.37,,,3.38,,,82.69,,,,120.9352
2020-03-17,,,,,,,,,,,,,0.47,1.02,1.63,0.55,,,3.49,,,75.91,,,,122.4816
2020-03-18,,,,,,,,,,,,,0.54,1.18,1.77,0.64,,,3.81,,,76.45,,,,124.1623
2020-03-19,,,,,,,,,,,,,0.44,1.12,1.78,0.68,,,4.01,,,72.0,,,,125.0587
2020-03-20,,,,,,,,,,,,,0.37,0.92,1.55,0.55,,,4.23,0.177,,66.04,,,,124.9362
2020-03-21,,,,,,,,,,,2914000.0,,,,,,,,,,,,,,,
2020-03-23,,,,,,,,,,,,,0.28,0.76,1.33,0.48,,,4.31,,,61.59,,,,126.1262
2020-03-24,,,,,,,,,,,,,0.38,0.84,1.39,0.46,,,4.19,,,61.67,,,,125.5001
2020-03-25,,,,,,,,,,,,,0.34,0.88,1.45,0.54,,,4.13,,,63.95,,,,124.7916
2020-03-26,,,,,,,,,,,,,0.3,0.83,1.42,0.53,,,4.04,,,61.0,,,,122.4308
2020-03-27,,,,,,,,,,,,,0.25,0.72,1.29,0.47,,,3.98,0.269,,65.54,,,,122.4007
2020-03-28,,,,,,,,,,,5946000.0,,,,,,,,,,,,,,,
2020-03-30,,,,,,,,,,,,,0.23,0.7,1.31,0.47,,,3.89,,,57.08,,,,123.2883
2020-03-31,,,,,,,,,,,,,0.23,0.7,1.35,0.47,,,3.93,,,53.54,,,,122.5301
2020-04-01,19958.291,19077.992,84.5619,401028.0,256.032,265.746,103.838,104.293,14.8,130426.0,,60.1,0.23,0.62,1.27,0.39,0.05,,3.97,,71.8,57.06,936.0,216.791,17064.0,123.7933
2020-04-02,,,,,,,,,,,,,0.23,0.63,1.26,0.4,,,3.92,,,50.91,,,,123.5916
2020-04-03,,,,,,,,,,,,,0.23,0.62,1.24,0.39,,,3.92,0.306,,46.8,,,,124.4152
2020-04-04,,,,,,,,,,,6137000.0,,,,,,,,,,,,,,,
2020-04-06,,,,,,,,,,,,,0.27,0.67,1.27,0.4,,,3.91,,,45.24,,,,124.16
2020-04-07,,,,,,,,,,,,,0.28,0.75,1.32,0.47,,,3.79,,,46.7,,,,123.0956
2020-04-08,,,,,,,,,,,,,0.27,0.77,1.37,0.5,,,3.75,,,43.35,,,,123.2216
2020-04-09,,,,,,,,,,,,,0.23,0.73,1.35,0.5,,,3.61,,,41.67,,,,122.476
2020-04-10,,,,,,,,,,,,,,,,,,,,0.292,,,,,,122.1592
2020-04-11,,,,,,,,,,,4869000.0,,,,,,,,,,,,,,,
2020-04-13,,,,,,,,,,,,,0.25,0.76,1.39,0.51,,,3.41,,,41.17,,,,122.5203
2020-04-14,,,,,,,,,,,,,0.23,0.76,1.41,0.53,,,3.36,,,37.76,,,,122.1121
2020-04-15,,,,,,,,,,,,,0.2,0.63,1.27,0.43,,,3.33,,,40.84,,,,123.0752
2020-04-16,,,,,,,,,,,,,0.2,0.61,1.21,0.41,,,3.28,,,40.11,,,,123.4615
2020-04-17,,,,,,,,,,,,,0.2,0.65,1.27,0.45,,,3.27,0.236,,38.15,,,,122.871
2020-04-18,,,,,,,,,,,4201000.0,,,,,,,,,,,,,,,
2020-04-20,,,,,,,,,,,,,0.2,0.63,1.23,0.43,,,3.28,,,43.83,,,,123.1033
2020-04-21,,,,,,,,,,,,,0.2,0.58,1.17,0.38,,,3.29,,,45.41,,,,123.9116
2020-04-22,,,,,,,,,,,,,0.22,0.63,1.22,0.41,,,3.3,,,41.98,,,,123.9256
2020-04-23,,,,,,,,,,,,,0.22,0.61,1.18,0.39,,,3.26,,,41.38,,,,123.7542
2020-04-24,,,,,,,,,,,,,0.22,0.6,1.17,0.38,,,3.25,0.158,,35.93,,,,124.1615
2020-04-25,,,,,,,,,,,3446000.0,,,,,,,,,,,,,,,
2020-04-27,,,,,,,,,,,,,0.24,0.67,1.25,0.43,,,3.24,,,33.29,,,,123.8843
2020-04-28,,,,,,,,,,,,,0.2,0.62,1.2,0.42,,,3.25,,,33.57,,,,123.3693
2020-04-29,,,,,,,,,,,,,0.2,0.63,1.24,0.43,,,3.24,,,31.23,,,,122.7782
2020-04-30,,,,,,,,,,,,,0.2,0.64,1.28,0.44,,,3.23,,,34.15,,,,122.327
2020-05-01,,,85.9604,478449.0,255.802,265.412,103.942,104.402,13.2,133040.0,,60.8,0.2,0.64,1.27,0.44,0.05,,3.25,0.061,72.3,37.19,1039.0,216.917,17931.9,123.1492
2020-05-02,,,,,,,,,,,2796000.0,,,,,,,,,,,,,,,
2020-05-04,,,,,,,,,,,,,0.19,0.64,1.29,0.45,,,3.28,,,35.97,,,,123.2117
2020-05-05,,,,,,,,,,,,,0.19,0.66,1.32,0.47,,,3.28,,,33.61,,,,122.803
2020-05-06,,,,,,,,,,,,,0.17,0.72,1.41,0.55,,,3.31,,,34.12,,,,123.609
2020-05-07,,,,,,,,,,,,,0.13,0.63,1.31,0.5,,,3.34,,,31.44,,,,123.1249
2020-05-08,,,,,,,,,,,,,0.16,0.69,1.39,0.53,,,3.37,-0.038,,27.98,,,,122.5379
2020-05-09,,,,,,,,,,,2335000.0,,,,,,,,,,,,,,,
2020-05-11,,,,,,,,,,,,,0.17,0.73,1.43,0.56,,,3.41,,,27.57,,,,123.2333
2020-05-12,,,,,,,,,,,,,0.17,0.69,1.38,0.52,,,3.4,,,33.04,,,,123.0592
2020-05-13,,,,,,,,,,,,,0.16,0.64,1.35,0.48,,,3.43,,,35.28,,,,123.5408
2020-05-14,,,,,,,,,,,,,0.16,0.63,1.3,0.47,,,3.41,,,32.61,,,,123.6429
2020-05-15,,,,,,,,,,,,,0.16,0.64,1.32,0.48,,,3.41,-0.127,,31.89,,,,123.5991
2020-05-16,,,,,,,,,,,2176000.0,,,,,,,,,,,,,,,
2020-05-18,,,,,,,,,,,,,0.18,0.73,1.44,0.55,,,3.38,,,29.3,,,,122.7968
2020-05-19,,,,,,,,,,,,,0.17,0.7,1.43,0.53,,,3.3,,,30.53,,,,122.5655
2020-05-20,,,,,,,,,,,,,0.16,0.68,1.4,0.52,,,3.24,,,27.99,,,,122.1007
2020-05-21,,,,,,,,,,,,,0.17,0.68,1.4,0.51,,,3.18,,,29.53,,,,122.0914
2020-05-22,,,,,,,,,,,,,0.17,0.66,1.37,0.49,,,3.18,-0.206,,28.16,,,,122.3211
2020-05-23,,,,,,,,,,,1921000.0,,,,,,,,,,,,,,,
2020-05-25,,,,,,,,,,,,,,,,,,,,,,,,,,
2020-05-26,,,,,,,,,,,,,0.18,0.69,1.43,0.51,,,3.14,,,28.01,,,,121.3864
2020-05-27,,,,,,,,,,,,,0.19,0.68,1.44,0.49,,,3.11,,,27.62,,,,121.5677
2020-05-28,,,,,,,,,,,,,0.17,0.7,1.47,0.53,,,3.1,,,28.59,,,,121.0138
2020-05-29,,,,,,,,,,,,,0.16,0.65,1.41,0.49,,,3.08,-0.269,,27.51,,,,120.9458
2020-05-30,,,,,,,,,,,1639000.0,,,,,,,,,,,,,,,
2020-06-01,,,91.5934,518038.0,257.042,265.849,104.27,104.565,11.0,137671.0,,61.5,0.14,0.66,1.46,0.52,0.08,,3.1,,78.1,28.23,1266.0,217.468,18180.0,120.2686
2020-06-02,,,,,,,,,,,,,0.17,0.68,1.48,0.51,,,3.08,,,26.84,,,,119.6854
2020-06-03,,,,,,,,,,,,,0.19,0.77,1.56,0.58,,,3.02,,,25.66,,,,119.2556
2020-06-04,,,,,,,,,,,,,0.19,0.82,1.61,0.63,,,2.99,,,25.81,,,,119.3014
2020-06-05,,,,,,,,,,,,,0.22,0.91,1.68,0.69,,,2.86,-0.314,,24.52,,,,118.8138
2020-06-06,,,,,,,,,,,1575000.0,,,,,,,,,,,,,,,
2020-06-08,,,,,,,,,,,,,0.22,0.88,1.65,0.66,,,2.81,,,25.81,,,,118.6621
2020-06-09,,,,,,,,,,,,,0.2,0.84,1.59,0.64,,,2.8,,,27.57,,,,118.5893
2020-06-10,,,,,,,,,,,,,0.17,0.75,1.53,0.58,,,2.86,,,27.57,,,,118.5231
2020-06-11,,,,,,,,,,,,,0.19,0.66,1.41,0.47,,,2.91,,,40.79,,,,119.2347
2020-06-12,,,,,,,,,,,,,0.19,0.71,1.45,0.52,,,2.91,-0.344,,36.09,,,,119.6645
2020-06-13,,,,,,,,,,,1473000.0,,,,,,,,,,,,,,,
2020-06-15,,,,,,,,,,,,,0.19,0.71,1.45,0.52,,,2.93,,,34.4,,,,119.9539
2020-06-16,,,,,,,,,,,,,0.21,0.75,1.54,0.54,,,2.89,,,33.67,,,,119.567
2020-06-17,,,,,,,,,,,,,0.19,0.74,1.52,0.55,,,2.87,,,33.47,,,,119.9105
2020-06-18,,,,,,,,,,,,,0.19,0.71,1.47,0.52,,,2.86,,,32.94,,,,120.2173
2020-06-19,,,,,,,,,,,,,0.19,0.7,1.47,0.51,,,2.87,-0.366,,35.12,,,,120.2186
2020-06-20,,,,,,,,,,,1467000.0,,,,,,,,,,,,,,,
2020-06-22,,,,,,,,,,,,,0.19,0.71,1.46,0.52,,,2.86,,,31.77,,,,119.7532
2020-06-23,,,,,,,,,,,,,0.18,0.72,1.49,0.54,,,2.87,,,31.37,,,,119.3285
2020-06-24,,,,,,,,,,,,,0.19,0.69,1.44,0.5,,,2.89,,,33.84,,,,119.9744
2020-06-25,,,,,,,,,,,,,0.17,0.68,1.43,0.51,,,2.92,,,32.22,,,,120.2997
2020-06-26,,,,,,,,,,,,,0.17,0.64,1.37,0.47,,,2.92,-0.384,,34.73,,,,120.533
2020-06-27,,,,,,,,,,,1446000.0,,,,,,,,,,,,,,,
2020-06-29,,,,,,,,,,,,,0.16,0.64,1.39,0.48,,,2.94,,,31.78,,,,120.6658
2020-06-30,,,,,,,,,,,,,0.16,0.66,1.41,0.5,,,2.93,,,30.43,,,,120.4649
2020-07-01,21704.437,20558.879,95.0256,526304.0,258.352,267.389,104.578,104.937,10.2,139255.0,,61.5,0.17,0.69,1.43,0.52,0.09,,2.89,,72.5,28.62,1526.0,219.25,18331.4,120.0808
2020-07-02,,,,,,,,,,,,,0.16,0.68,1.43,0.52,,,2.87,,,27.68,,,,119.8555
2020-07-03,,,,,,,,,,,,,,,,,,,,-0.401,,,,,,
2020-07-04,,,,,,,,,,,1413000.0,,,,,,,,,,,,,,,
2020-07-06,,,,,,,,,,,,,0.16,0.69,1.45,0.53,,,2.83,,,27.94,,,,119.2852
2020-07-07,,,,,,,,,,,,,0.16,0.65,1.38,0.49,,,2.81,,,29.43,,,,119.5717
2020-07-08,,,,,,,,,,,,,0.16,0.67,1.39,0.51,,,2.77,,,28.08,,,,119.5525
2020-07-09,,,,,,,,,,,,,0.16,0.62,1.32,0.46,,,2.73,,,29.26,,,,119.5129
2020-07-10,,,,,,,,,,,,,0.16,0.65,1.33,0.49,,,2.74,-0.419,,27.29,,,,119.3509
2020-07-11,,,,,,,,,,,1468000.0,,,,,,,,,,,,,,,
2020-07-13,,,,,,,,,,,,,0.16,0.64,1.33,0.48,,,2.74,,,32.19,,,,119.1891
2020-07-14,,,,,,,,,,,,,0.14,0.63,1.3,0.49,,,2.71,,,29.52,,,,119.3901
2020-07-15,,,,,,,,,,,,,0.16,0.64,1.33,0.48,,,2.71,,,27.76,,,,119.0331
2020-07-16,,,,,,,,,,,,,0.16,0.62,1.31,0.46,,,2.69,,,28.0,,,,118.9275
2020-07-17,,,,,,,,,,,,,0.14,0.64,1.33,0.5,,,2.68,-0.438,,25.68,,,,119.124
2020-07-18,,,,,,,,,,,1393000.0,,,,,,,,,,,,,,,
2020-07-20,,,,,,,,,,,,,0.16,0.62,1.32,0.46,,,2.66,,,24.46,,,,119.0483
2020-07-21,,,,,,,,,,,,,0.14,0.61,1.31,0.47,,,2.63,,,24.84,,,,118.4042
2020-07-22,,,,,,,,,,,,,0.14,0.6,1.29,0.46,,,2.61,,,24.32,,,,118.1337
2020-07-23,,,,,,,,,,,,,0.16,0.59,1.24,0.43,,,2.58,,,26.08,,,,118.0613
2020-07-24,,,,,,,,,,,,,0.14,0.59,1.23,0.45,,,2.58,-0.457,,25.84,,,,118.1329
2020-07-25,,,,,,,,,,,1260000.0,,,,,,,,,,,,,,,
2020-07-27,,,,,,,,,,,,,0.15,0.62,1.25,0.47,,,2.56,,,24.74,,,,117.3869
2020-07-28,,,,,,,,,,,,,0.14,0.59,1.22,0.45,,,2.57,,,25.44,,,,117.3189
2020-07-29,,,,,,,,,,,,,0.12,0.58,1.24,0.46,,,2.61,,,24.1,,,,117.2126
2020-07-30,,,,,,,,,,,,,0.11,0.55,1.2,0.44,,,2.6,,,24.76,,,,117.4008
2020-07-31,,,,,,,,,,,,,0.11,0.55,1.2,0.44,,,2.6,-0.474,,24.46,,,,117.2082
2020-08-01,,,95.9549,530735.0,259.316,268.422,104.87,105.243,8.4,140821.0,1044000.0,61.7,,,,,0.1,,,,74.1,,1396.0,222.27,18413.3,
2020-08-03,,,,,,,,,,,,,0.11,0.56,1.23,0.45,,,2.63,,,24.28,,,,117.8074
2020-08-04,,,,,,,,,,,,,0.11,0.52,1.19,0.41,,,2.62,,,23.76,,,,117.7833
2020-08-05,,,,,,,,,,,,,0.11,0.55,1.22,0.44,,,2.59,,,22.99,,,,116.8736
2020-08-06,,,,,,,,,,,,,0.11,0.55,1.2,0.44,,,2.57,,,22.65,,,,117.0422
2020-08-07,,,,,,,,,,,,,0.13,0.57,1.23,0.44,,,2.57,-0.488,,22.21,,,,117.6239
2020-08-08,,,,,,,,,,,884000.0,,,,,,,,,,,,,,,
2020-08-10,,,,,,,,,,,,,0.14,0.59,1.25,0.45,,,2.56,,,22.13,,,,117.5821
2020-08-11,,,,,,,,,,,,,0.16,0.64,1.32,0.48,,,2.59,,,24.03,,,,117.3781
2020-08-12,,,,,,,,,,,,,0.16,0.69,1.37,0.53,,,2.55,,,22.28,,,,117.2559
2020-08-13,,,,,,,,,,,,,0.16,0.71,1.42,0.55,,,2.59,,,22.13,,,,117.1193
2020-08-14,,,,,,,,,,,,,0.14,0.71,1.45,0.57,,,2.61,-0.498,,22.05,,,,116.9395
2020-08-15,,,,,,,,,,,927000.0,,,,,,,,,,,,,,,
2020-08-17,,,,,,,,,,,,,0.14,0.69,1.43,0.55,,,2.64,,,21.35,,,,116.749
2020-08-18,,,,,,,,,,,,,0.14,0.67,1.4,0.53,,,2.64,,,21.51,,,,116.5593
2020-08-19,,,,,,,,,,,,,0.14,0.68,1.42,0.54,,,2.65,,,22.54,,,,116.567
2020-08-20,,,,,,,,,,,,,0.13,0.65,1.38,0.52,,,2.65,,,22.72,,,,116.8126
2020-08-21,,,,,,,,,,,,,0.16,0.64,1.35,0.48,,,2.64,-0.504,,22.54,,,,117.0572
2020-08-22,,,,,,,,,,,876000.0,,,,,,,,,,,,,,,
2020-08-24,,,,,,,,,,,,,0.14,0.65,1.35,0.51,,,2.63,,,22.37,,,,116.912
2020-08-25,,,,,,,,,,,,,0.15,0.69,1.39,0.54,,,2.63,,,22.03,,,,116.8206
2020-08-26,,,,,,,,,,,,,0.16,0.69,1.41,0.53,,,2.66,,,23.27,,,,116.6243
2020-08-27,,,,,,,,,,,,,0.16,0.74,1.5,0.58,,,2.71,,,24.47,,,,116.649
2020-08-28,,,,,,,,,,,,,0.14,0.74,1.52,0.6,,,2.71,-0.506,,22.96,,,,115.9374
2020-08-29,,,,,,,,,,,881000.0,,,,,,,,,,,,,,,
2020-08-31,,,,,,,,,,,,,0.14,0.72,1.49,0.58,,,2.67,,,26.41,,,,115.7586
2020-09-01,,,95.9669,541302.0,259.997,268.933,105.057,105.41,7.8,141770.0,,61.4,0.13,0.68,1.43,0.55,0.09,,2.67,,80.4,26.12,1473.0,225.722,18605.0,115.5687
2020-09-02,,,,,,,,,,,,,0.14,0.66,1.38,0.52,,,2.64,,,26.57,,,,116.0304
2020-09-03,,,,,,,,,,,,,0.13,0.63,1.34,0.5,,,2.64,,,33.6,,,,116.0685
2020-09-04,,,,,,,,,,,,,0.14,0.72,1.46,0.58,,,2.68,-0.504,,30.75,,,,116.0347
2020-09-05,,,,,,,,,,,892000.0,,,,,,,,,,,,,,,
2020-09-07,,,,,,,,,,,,,,,,,,,,,,,,,,
2020-09-08,,,,,,,,,,,,,0.14,0.69,1.43,0.55,,,2.67,,,31.46,,,,116.4618
2020-09-09,,,,,,,,,,,,,0.14,0.71,1.45,0.57,,,2.69,,,28.81,,,,116.1291
2020-09-10,,,,,,,,,,,,,0.14,0.68,1.43,0.54,,,2.69,,,29.71,,,,115.8806
2020-09-11,,,,,,,,,,,,,0.13,0.67,1.42,0.54,,,2.69,-0.5,,26.87,,,,116.0866
2020-09-12,,,,,,,,,,,861000.0,,,,,,,,,,,,,,,
2020-09-14,,,,,,,,,,,,,0.14,0.68,1.42,0.54,,,2.66,,,25.85,,,,115.6428
2020-09-15,,,,,,,,,,,,,0.14,0.68,1.43,0.54,,,2.68,,,25.59,,,,115.5908
2020-09-16,,,,,,,,,,,,,0.14,0.69,1.45,0.55,,,2.67,,,26.04,,,,115.3537
2020-09-17,,,,,,,,,,,,,0.13,0.69,1.43,0.56,,,2.65,,,26.46,,,,115.4392
2020-09-18,,,,,,,,,,,,,0.14,0.7,1.45,0.56,,,2.66,-0.497,,25.83,,,,115.2395
2020-09-19,,,,,,,,,,,859000.0,,,,,,,,,,,,,,,
2020-09-21,,,,,,,,,,,,,0.14,0.68,1.43,0.54,,,2.66,,,27.78,,,,116.378
2020-09-22,,,,,,,,,,,,,0.13,0.68,1.42,0.55,,,2.66,,,26.86,,,,116.5438
2020-09-23,,,,,,,,,,,,,0.14,0.68,1.42,0.54,,,2.68,,,28.58,,,,117.2526
2020-09-24,,,,,,,,,,,,,0.14,0.67,1.4,0.53,,,2.7,,,28.51,,,,117.5473
2020-09-25,,,,,,,,,,,,,0.12,0.66,1.4,0.54,,,2.74,-0.491,,26.38,,,,117.8679
2020-09-26,,,,,,,,,,,795000.0,,,,,,,,,,,,,,,
2020-09-28,,,,,,,,,,,,,0.14,0.67,1.42,0.53,,,2.76,,,26.19,,,,117.6178
2020-09-29,,,,,,,,,,,,,0.11,0.66,1.41,0.55,,,2.74,,,26.27,,,,117.526
2020-09-30,,,,,,,,,,,,,0.13,0.69,1.46,0.56,,,2.75,,,26.37,,,,116.946
2020-10-01,22087.16,20791.917,96.7394,539114.0,260.319,269.306,105.151,105.507,6.9,142460.0,,61.7,0.14,0.68,1.45,0.54,0.09,,2.75,,81.8,26.7,1543.0,229.655,18759.9,116.7227
2020-10-02,,,,,,,,,,,,,0.13,0.7,1.48,0.57,,,2.76,-0.488,,27.63,,,,116.7321
2020-10-03,,,,,,,,,,,785000.0,,,,,,,,,,,,,,,
2020-10-05,,,,,,,,,,,,,0.14,0.78,1.57,0.64,,,2.74,,,27.96,,,,116.1767
2020-10-06,,,,,,,,,,,,,0.14,0.76,1.56,0.62,,,2.7,,,29.48,,,,116.2681
2020-10-07,,,,,,,,,,,,,0.16,0.81,1.6,0.65,,,2.69,,,28.06,,,,116.3447
2020-10-08,,,,,,,,,,,,,0.13,0.78,1.57,0.65,,,2.68,,,26.36,,,,116.1657
2020-10-09,,,,,,,,,,,,,0.16,0.79,1.58,0.63,,,2.67,-0.488,,25.0,,,,115.2757
2020-10-10,,,,,,,,,,,839000.0,,,,,,,,,,,,,,,
2020-10-12,,,,,,,,,,,,,,,,,,,,,,25.07,,,,
2020-10-13,,,,,,,,,,,,,0.16,0.74,1.52,0.58,,,2.65,,,26.07,,,,115.9107
2020-10-14,,,,,,,,,,,,,0.14,0.73,1.5,0.59,,,2.64,,,26.4,,,,115.6872
2020-10-15,,,,,,,,,,,,,0.14,0.74,1.52,0.6,,,2.65,,,26.97,,,,116.0964
2020-10-16,,,,,,,,,,,,,0.14,0.76,1.52,0.62,,,2.64,-0.491,,27.41,,,,115.7679
2020-10-17,,,,,,,,,,,804000.0,,,,,,,,,,,,,,,
2020-10-19,,,,,,,,,,,,,0.16,0.78,1.55,0.62,,,2.61,,,29.18,,,,115.4031
2020-10-20,,,,,,,,,,,,,0.14,0.81,1.6,0.67,,,2.64,,,29.35,,,,115.2485
2020-10-21,,,,,,,,,,,,,0.14,0.83,1.62,0.69,,,2.63,,,28.65,,,,114.9108
2020-10-22,,,,,,,,,,,,,0.16,0.87,1.67,0.71,,,2.61,,,28.11,,,,115.1158
2020-10-23,,,,,,,,,,,,,0.18,0.85,1.64,0.67,,,2.6,-0.497,,27.55,,,,115.0126
2020-10-24,,,,,,,,,,,776000.0,,,,,,,,,,,,,,,
2020-10-26,,,,,,,,,,,,,0.16,0.81,1.59,0.65,,,2.6,,,32.46,,,,115.2797
2020-10-27,,,,,,,,,,,,,0.16,0.79,1.57,0.63,,,2.6,,,33.35,,,,115.0131
2020-10-28,,,,,,,,,,,,,0.16,0.79,1.56,0.63,,,2.62,,,40.28,,,,115.8023
2020-10-29,,,,,,,,,,,,,0.16,0.85,1.62,0.69,,,2.61,,,37.59,,,,116.3069
2020-10-30,,,,,,,,,,,,,0.14,0.88,1.65,0.74,,,2.61,-0.506,,38.02,,,,116.1354
2020-10-31,,,,,,,,,,,773000.0,,,,,,,,,,,,,,,
2020-11-01,,,97.0816,533941.0,260.911,269.981,105.258,105.605,6.7,142733.0,,61.5,,,,,0.09,,,,76.9,,1543.0,233.208,19002.4,
2020-11-02,,,,,,,,,,,,,0.16,0.87,1.63,0.71,,,2.6,,,37.13,,,,116.2361
2020-11-03,,,,,,,,,,,,,0.17,0.9,1.66,0.73,,,2.58,,,35.55,,,,115.4802
2020-11-04,,,,,,,,,,,,,0.14,0.78,1.55,0.64,,,2.58,,,29.57,,,,115.1677
2020-11-05,,,,,,,,,,,,,0.14,0.79,1.54,0.65,,,2.52,,,27.58,,,,114.4556
2020-11-06,,,,,,,,,,,,,0.16,0.83,1.6,0.67,,,2.51,-0.519,,24.86,,,,113.9919
2020-11-07,,,,,,,,,,,737000.0,,,,,,,,,,,,,,,
2020-11-09,,,,,,,,,,,,,0.17,0.96,1.73,0.79,,,2.47,,,25.75,,,,114.0895
2020-11-10,,,,,,,,,,,,,0.19,0.98,1.75,0.79,,,2.44,,,24.8,,,,114.0757
2020-11-11,,,,,,,,,,,,,,,,,,,,,,23.45,,,,
2020-11-12,,,,,,,,,,,,,0.17,0.88,1.64,0.71,,,2.45,,,25.35,,,,114.2843
2020-11-13,,,,,,,,,,,,,0.17,0.89,1.65,0.72,,,2.44,-0.536,,23.1,,,,114.2397
2020-11-14,,,,,,,,,,,738000.0,,,,,,,,,,,,,,,
2020-11-16,,,,,,,,,,,,,0.19,0.91,1.66,0.72,,,2.42,,,22.45,,,,113.8312
2020-11-17,,,,,,,,,,,,,0.18,0.87,1.62,0.69,,,2.42,,,22.71,,,,113.682
2020-11-18,,,,,,,,,,,,,0.16,0.88,1.62,0.72,,,2.39,,,23.84,,,,113.46
2020-11-19,,,,,,,,,,,,,0.18,0.86,1.58,0.68,,,2.35,,,23.11,,,,113.694
2020-11-20,,,,,,,,,,,,,0.16,0.83,1.53,0.67,,,2.35,-0.552,,23.7,,,,113.489
2020-11-21,,,,,,,,,,,793000.0,,,,,,,,,,,,,,,
2020-11-23,,,,,,,,,,,,,0.16,0.86,1.56,0.7,,,2.33,,,22.66,,,,113.7548
2020-11-24,,,,,,,,,,,,,0.16,0.88,1.6,0.72,,,2.31,,,21.64,,,,113.4316
2020-11-25,,,,,,,,,,,,,0.17,0.88,1.62,0.71,,,2.32,,,21.25,,,,113.1823
2020-11-26,,,,,,,,,,,,,,,,,,,,,,,,,,
2020-11-27,,,,,,,,,,,,,0.16,0.84,1.57,0.68,,,2.32,-0.566,,20.84,,,,
2020-11-28,,,,,,,,,,,737000.0,,,,,,,,,,,,,,,
2020-11-30,,,,,,,,,,,,,0.16,0.84,1.58,0.68,,,2.29,,,20.57,,,,113.2256
2020-12-01,,,98.363,538548.0,262.045,270.341,105.699,105.896,6.7,142548.0,,61.5,0.17,0.92,1.66,0.75,0.09,,2.28,,80.7,20.77,1614.0,236.525,19119.4,112.8063
2020-12-02,,,,,,,,,,,,,0.16,0.95,1.7,0.79,,,2.24,,,21.17,,,,112.6115
2020-12-03,,,,,,,,,,,,,0.16,0.92,1.67,0.76,,,2.23,,,21.28,,,,112.0236
2020-12-04,,,,,,,,,,,,,0.16,0.97,1.73,0.81,,,2.23,-0.579,,20.79,,,,111.7778
2020-12-05,,,,,,,,,,,873000.0,,,,,,,,,,,,,,,
2020-12-07,,,,,,,,,,,,,0.14,0.94,1.69,0.8,,,2.22,,,21.3,,,,111.8385
2020-12-08,,,,,,,,,,,,,0.14,0.92,1.67,0.78,,,2.22,,,20.68,,,,111.8639
2020-12-09,,,,,,,,,,,,,0.16,0.95,1.69,0.79,,,2.24,,,22.27,,,,112.0305
2020-12-10,,,,,,,,,,,,,0.14,0.92,1.65,0.78,,,2.22,,,22.52,,,,111.9788
2020-12-11,,,,,,,,,,,,,0.11,0.9,1.63,0.79,,,2.23,-0.589,,23.31,,,,112.1417
2020-12-12,,,,,,,,,,,886000.0,,,,,,,,,,,,,,,
2020-12-14,,,,,,,,,,,,,0.13,0.9,1.63,0.77,,,2.24,,,24.72,,,,112.1708
2020-12-15,,,,,,,,,,,,,0.11,0.92,1.65,0.81,,,2.26,,,22.89,,,,111.8601
2020-12-16,,,,,,,,,,,,,0.13,0.92,1.66,0.79,,,2.25,,,22.5,,,,111.7157
2020-12-17,,,,,,,,,,,,,0.13,0.94,1.68,0.81,,,2.23,,,21.93,,,,111.2226
2020-12-18,,,,,,,,,,,,,0.13,0.95,1.7,0.82,,,2.24,-0.597,,21.57,,,,111.6071
2020-12-19,,,,,,,,,,,815000.0,,,,,,,,,,,,,,,
2020-12-21,,,,,,,,,,,,,0.13,0.95,1.68,0.82,,,2.23,,,25.16,,,,111.9415
2020-12-22,,,,,,,,,,,,,0.13,0.93,1.65,0.8,,,2.22,,,24.23,,,,112.1947
2020-12-23,,,,,,,,,,,,,0.13,0.96,1.7,0.83,,,2.24,,,23.31,,,,111.9807
2020-12-24,,,,,,,,,,,,,0.13,0.94,1.66,0.81,,,2.23,,,21.53,,,,
2020-12-25,,,,,,,,,,,,,,,,,,,,-0.603,,,,,,
2020-12-26,,,,,,,,,,,773000.0,,,,,,,,,,,,,,,
2020-12-28,,,,,,,,,,,,,0.13,0.94,1.67,0.81,,,2.22,,,21.7,,,,111.9752
2020-12-29,,,,,,,,,,,,,0.12,0.94,1.67,0.82,,,2.22,,,23.08,,,,111.5172
2020-12-30,,,,,,,,,,,,,0.12,0.93,1.66,0.81,,,2.2,,,22.77,,,,111.3084
2020-12-31,,,,,,,,,,,,,0.13,0.93,1.65,0.8,,,2.18,,,22.75,,,,111.3169
2021-01-01,22680.693,21082.134,98.8822,559230.0,262.687,270.387,106.147,106.281,6.4,142863.0,,61.4,,,,,0.09,,,-0.608,79.0,,1624.0,239.619,19375.3,
2021-01-02,,,,,,,,,,,803000.0,,,,,,,,,,,,,,,
2021-01-04,,,,,,,,,,,,,0.11,0.93,1.66,0.82,,,2.19,,,26.97,,,,111.2075
2021-01-05,,,,,,,,,,,,,0.13,0.96,1.7,0.83,,,2.23,,,25.34,,,,110.9574
2021-01-06,,,,,,,,,,,,,0.14,1.04,1.81,0.9,,,2.27,,,25.07,,,,110.8502
2021-01-07,,,,,,,,,,,,,0.14,1.08,1.85,0.94,,,2.23,,,22.37,,,,111.3042
2021-01-08,,,,,,,,,,,,,0.14,1.13,1.87,0.99,,,2.19,-0.613,,21.56,,,,111.2847
2021-01-09,,,,,,,,,,,890000.0,,,,,,,,,,,,,,,
2021-01-11,,,,,,,,,,,,,0.14,1.15,1.88,1.01,,,2.15,,,24.08,,,,111.8257
2021-01-12,,,,,,,,,,,,,0.14,1.15,1.88,1.01,,,2.16,,,23.33,,,,111.5501
2021-01-13,,,,,,,,,,,,,0.14,1.1,1.82,0.96,,,2.13,,,22.21,,,,111.3622
2021-01-14,,,,,,,,,,,,,0.16,1.15,1.88,0.99,,,2.12,,,23.25,,,,111.1567
2021-01-15,,,,,,,,,,,,,0.13,1.11,1.85,0.98,,,2.13,-0.615,,24.34,,,,111.5106
2021-01-16,,,,,,,,,,,844000.0,,,,,,,,,,,,,,,
2021-01-18,,,,,,,,,,,,,,,,,,,,,,,,,,
2021-01-19,,,,,,,,,,,,,0.14,1.1,1.84,0.96,,,2.11,,,23.24,,,,111.4527
2021-01-20,,,,,,,,,,,,,0.13,1.1,1.84,0.97,,,2.11,,,21.58,,,,
2021-01-21,,,,,,,,,,,,,0.13,1.12,1.87,0.99,,,2.12,,,21.32,,,,111.1973
2021-01-22,,,,,,,,,,,,,0.13,1.1,1.85,0.97,,,2.14,-0.617,,21.91,,,,111.5516
2021-01-23,,,,,,,,,,,799000.0,,,,,,,,,,,,,,,
2021-01-25,,,,,,,,,,,,,0.13,1.05,1.8,0.92,,,2.15,,,23.19,,,,111.8676
2021-01-26,,,,,,,,,,,,,0.11,1.05,1.8,0.94,,,2.16,,,23.02,,,,111.6572
2021-01-27,,,,,,,,,,,,,0.12,1.04,1.79,0.92,,,2.16,,,37.21,,,,112.0782
2021-01-28,,,,,,,,,,,,,0.12,1.07,1.81,0.95,,,2.17,,,30.21,,,,112.0059
2021-01-29,,,,,,,,,,,,,0.11,1.11,1.87,1.0,,,2.17,-0.618,,33.09,,,,111.9511
2021-01-30,,,,,,,,,,,803000.0,,,,,,,,,,,,,,,
2021-02-01,,,95.6149,544891.0,263.579,270.793,106.5,106.501,6.2,143380.0,,61.4,0.11,1.09,1.84,0.98,0.08,,2.19,,76.8,30.24,1398.0,242.328,19641.4,112.4189
2021-02-02,,,,,,,,,,,,,0.11,1.12,1.87,1.01,,,2.18,,,25.56,,,,112.2862
2021-02-03,,,,,,,,,,,,,0.11,1.15,1.92,1.04,,,2.17,,,22.91,,,,112.2567
2021-02-04,,,,,,,,,,,,,0.11,1.15,1.93,1.04,,,2.19,,,21.77,,,,112.7469
2021-02-05,,,,,,,,,,,,,0.09,1.19,1.97,1.1,,,2.18,-0.62,,20.87,,,,112.2379
2021-02-06,,,,,,,,,,,812000.0,,,,,,,,,,,,,,,
2021-02-08,,,,,,,,,,,,,0.11,1.19,1.96,1.08,,,2.14,,,21.24,,,,112.0428
2021-02-09,,,,,,,,,,,,,0.11,1.18,1.95,1.07,,,2.15,,,21.63,,,,111.7675
2021-02-10,,,,,,,,,,,,,0.11,1.15,1.92,1.04,,,2.16,,,21.99,,,,111.5834
2021-02-11,,,,,,,,,,,,,0.11,1.16,1.94,1.05,,,2.18,,,21.25,,,,111.5272
2021-02-12,,,,,,,,,,,,,0.11,1.2,2.01,1.09,,,2.19,-0.622,,19.97,,,,111.4889
2021-02-13,,,,,,,,,,,802000.0,,,,,,,,,,,,,,,
2021-02-15,,,,,,,,,,,,,,,,,,,,,,,,,,
2021-02-16,,,,,,,,,,,,,0.13,1.3,2.08,1.17,,,2.15,,,21.46,,,,111.7879
2021-02-17,,,,,,,,,,,,,0.11,1.29,2.06,1.18,,,2.13,,,21.5,,,,112.0204
2021-02-18,,,,,,,,,,,,,0.11,1.29,2.08,1.18,,,2.13,,,22.49,,,,112.1603
2021-02-19,,,,,,,,,,,,,0.11,1.34,2.14,1.23,,,2.14,-0.623,,22.05,,,,111.7058
2021-02-20,,,,,,,,,,,702000.0,,,,,,,,,,,,,,,
2021-02-22,,,,,,,,,,,,,0.11,1.37,2.19,1.26,,,2.16,,,23.45,,,,111.918
2021-02-23,,,,,,,,,,,,,0.11,1.37,2.21,1.26,,,2.2,,,23.11,,,,111.8981
2021-02-24,,,,,,,,,,,,,0.12,1.38,2.24,1.26,,,2.22,,,21.34,,,,111.7212
2021-02-25,,,,,,,,,,,,,0.17,1.54,2.33,1.37,,,2.12,,,28.89,,,,111.9253
2021-02-26,,,,,,,,,,,,,0.14,1.44,2.17,1.3,,,2.12,-0.626,,27.95,,,,112.8306
2021-02-27,,,,,,,,,,,704000.0,,,,,,,,,,,,,,,
2021-03-01,,,98.3856,603581.0,264.961,271.459,107.054,106.933,6.1,144232.0,,61.5,0.13,1.45,2.23,1.32,0.07,,2.13,,84.9,23.35,1688.0,245.417,19874.5,112.5263
2021-03-02,,,,,,,,,,,,,0.13,1.42,2.21,1.29,,,2.15,,,24.1,,,,112.5342
2021-03-03,,,,,,,,,,,,,0.14,1.47,2.25,1.33,,,2.14,,,26.67,,,,112.7617
2021-03-04,,,,,,,,,,,,,0.14,1.54,2.3,1.4,,,2.13,,,28.57,,,,112.7037
2021-03-05,,,,,,,,,,,,,0.14,1.56,2.28,1.42,,,2.13,-0.63,,24.66,,,,113.7487
2021-03-06,,,,,,,,,,,693000.0,,,,,,,,,,,,,,,
2021-03-08,,,,,,,,,,,,,0.17,1.59,2.31,1.42,,,2.14,,,25.47,,,,114.2678
2021-03-09,,,,,,,,,,,,,0.17,1.55,2.26,1.38,,,2.16,,,24.03,,,,113.928
2021-03-10,,,,,,,,,,,,,0.16,1.53,2.24,1.37,,,2.17,,,22.56,,,,113.5881
2021-03-11,,,,,,,,,,,,,0.14,1.54,2.29,1.4,,,2.18,,,21.91,,,,112.9214
2021-03-12,,,,,,,,,,,,,0.14,1.64,2.4,1.5,,,2.19,-0.635,,20.69,,,,113.0269
2021-03-13,,,,,,,,,,,699000.0,,,,,,,,,,,,,,,
2021-03-15,,,,,,,,,,,,,0.14,1.62,2.37,1.48,,,2.18,,,20.03,,,,113.1928
2021-03-16,,,,,,,,,,,,,0.15,1.62,2.38,1.47,,,2.19,,,19.79,,,,112.9839
2021-03-17,,,,,,,,,,,,,0.13,1.63,2.42,1.5,,,2.23,,,19.23,,,,113.1589
2021-03-18,,,,,,,,,,,,,0.16,1.71,2.45,1.55,,,2.17,,,21.58,,,,112.7744
2021-03-19,,,,,,,,,,,,,0.16,1.74,2.45,1.58,,,2.1,-0.641,,20.95,,,,112.9756
2021-03-20,,,,,,,,,,,627000.0,,,,,,,,,,,,,,,
2021-03-22,,,,,,,,,,,,,0.15,1.69,2.38,1.54,,,2.08,,,18.88,,,,113.0023
2021-03-23,,,,,,,,,,,,,0.15,1.63,2.34,1.48,,,2.11,,,20.3,,,,113.2916
2021-03-24,,,,,,,,,,,,,0.14,1.62,2.31,1.48,,,2.1,,,21.2,,,,113.6565
2021-03-25,,,,,,,,,,,,,0.14,1.63,2.34,1.49,,,2.11,,,19.81,,,,114.0016
2021-03-26,,,,,,,,,,,,,0.14,1.67,2.37,1.53,,,2.09,-0.648,,18.86,,,,113.7406
2021-03-27,,,,,,,,,,,658000.0,,,,,,,,,,,,,,,
2021-03-29,,,,,,,,,,,,,0.14,1.73,2.43,1.59,,,2.08,,,20.74,,,,113.9314
2021-03-30,,,,,,,,,,,,,0.16,1.73,2.38,1.57,,,2.04,,,19.61,,,,114.203
2021-03-31,,,,,,,,,,,,,0.16,1.74,2.41,1.58,,,2.03,,,19.4,,,,113.8234
2021-04-01,23425.91,21440.929,98.5587,608961.0,266.614,273.66,107.618,107.558,6.1,144587.0,,61.6,0.17,1.69,2.34,1.52,0.07,,1.98,,88.3,17.33,1489.0,248.997,20174.1,113.7389
2021-04-02,,,,,,,,,,,,,0.19,1.72,2.35,1.53,,,,-0.655,,,,,,113.7315
2021-04-03,,,,,,,,,,,645000.0,,,,,,,,,,,,,,,
2021-04-05,,,,,,,,,,,,,0.17,1.73,2.36,1.56,,,1.93,,,17.91,,,,113.394
2021-04-06,,,,,,,,,,,,,0.16,1.67,2.32,1.51,,,1.95,,,18.12,,,,113.1464
2021-04-07,,,,,,,,,,,,,0.16,1.68,2.35,1.52,,,1.96,,,17.16,,,,113.2436
2021-04-08,,,,,,,,,,,,,0.14,1.64,2.32,1.5,,,1.98,,,16.95,,,,113.0917
2021-04-09,,,,,,,,,,,,,0.16,1.67,2.34,1.51,,,1.96,-0.663,,16.69,,,,113.2028
2021-04-10,,,,,,,,,,,571000.0,,,,,,,,,,,,,,,
2021-04-12,,,,,,,,,,,,,0.18,1.69,2.34,1.51,,,1.95,,,16.91,,,,113.1815
2021-04-13,,,,,,,,,,,,,0.16,1.64,2.32,1.48,,,1.97,,,16.65,,,,113.0391
2021-04-14,,,,,,,,,,,,,0.16,1.64,2.32,1.48,,,1.98,,,16.99,,,,112.7849
2021-04-15,,,,,,,,,,,,,0.16,1.56,2.23,1.4,,,1.95,,,16.57,,,,112.6181
2021-04-16,,,,,,,,,,,,,0.16,1.59,2.26,1.43,,,1.97,-0.67,,16.25,,,,112.4814
2021-04-17,,,,,,,,,,,566000.0,,,,,,,,,,,,,,,
2021-04-19,,,,,,,,,,,,,0.16,1.61,2.29,1.45,,,1.99,,,17.29,,,,112.1835
2021-04-20,,,,,,,,,,,,,0.15,1.58,2.27,1.43,,,2.0,,,18.68,,,,112.2354
2021-04-21,,,,,,,,,,,,,0.15,1.57,2.26,1.42,,,2.01,,,17.5,,,,112.1771
2021-04-22,,,,,,,,,,,,,0.16,1.57,2.24,1.41,,,1.99,,,18.71,,,,112.2297
2021-04-23,,,,,,,,,,,,,0.16,1.58,2.25,1.42,,,1.99,-0.676,,17.33,,,,112.0889
2021-04-24,,,,,,,,,,,574000.0,,,,,,,,,,,,,,,
2021-04-26,,,,,,,,,,,,,0.18,1.58,2.24,1.4,,,1.98,,,17.64,,,,111.8109
2021-04-27,,,,,,,,,,,,,0.17,1.63,2.29,1.46,,,1.97,,,17.56,,,,111.9097
2021-04-28,,,,,,,,,,,,,0.17,1.63,2.29,1.46,,,1.98,,,17.28,,,,111.7909
2021-04-29,,,,,,,,,,,,,0.16,1.65,2.31,1.49,,,1.97,,,17.61,,,,111.7464
2021-04-30,,,,,,,,,,,,,0.16,1.65,2.3,1.49,,,1.96,-0.681,,18.61,,,,112.0839
2021-05-01,,,99.4333,605282.0,268.383,275.465,108.175,108.099,5.8,145065.0,517000.0,61.6,,,,,0.06,,,,82.9,,1600.0,253.245,20457.2,
2021-05-03,,,,,,,,,,,,,0.16,1.63,2.3,1.47,,,1.96,,,18.31,,,,112.005
2021-05-04,,,,,,,,,,,,,0.16,1.61,2.27,1.45,,,1.97,,,19.48,,,,112.2896
2021-05-05,,,,,,,,,,,,,0.16,1.59,2.25,1.43,,,1.98,,,19.15,,,,112.1514
2021-05-06,,,,,,,,,,,,,0.16,1.58,2.24,1.42,,,1.96,,,18.39,,,,111.8401
2021-05-07,,,,,,,,,,,,,0.14,1.6,2.28,1.46,,,1.97,-0.686,,16.69,,,,111.0249
2021-05-08,,,,,,,,,,,494000.0,,,,,,,,,,,,,,,
2021-05-10,,,,,,,,,,,,,0.16,1.63,2.32,1.47,,,1.98,,,19.66,,,,110.7905
2021-05-11,,,,,,,,,,,,,0.16,1.64,2.35,1.48,,,2.01,,,21.84,,,,110.8921
2021-05-12,,,,,,,,,,,,,0.16,1.69,2.4,1.53,,,2.02,,,27.59,,,,111.5636
2021-05-13,,,,,,,,,,,,,0.16,1.66,2.39,1.5,,,2.04,,,23.13,,,,111.5955
2021-05-14,,,,,,,,,,,,,0.16,1.63,2.35,1.47,,,2.03,-0.688,,18.81,,,,111.1353
2021-05-15,,,,,,,,,,,467000.0,,,,,,,,,,,,,,,
2021-05-17,,,,,,,,,,,,,0.16,1.64,2.36,1.48,,,2.02,,,19.72,,,,111.079
2021-05-18,,,,,,,,,,,,,0.16,1.64,2.37,1.48,,,2.03,,,21.34,,,,110.8317
2021-05-19,,,,,,,,,,,,,0.16,1.68,2.38,1.52,,,2.02,,,22.18,,,,110.8807
2021-05-20,,,,,,,,,,,,,0.15,1.63,2.34,1.48,,,2.02,,,20.67,,,,110.8605
2021-05-21,,,,,,,,,,,,,0.17,1.63,2.33,1.46,,,2.01,-0.691,,20.15,,,,111.0576
2021-05-22,,,,,,,,,,,441000.0,,,,,,,,,,,,,,,
2021-05-24,,,,,,,,,,,,,0.15,1.61,2.31,1.46,,,2.0,,,18.4,,,,110.9118
2021-05-25,,,,,,,,,,,,,0.15,1.56,2.26,1.41,,,2.01,,,18.84,,,,110.842
2021-05-26,,,,,,,,,,,,,0.14,1.58,2.27,1.44,,,1.98,,,17.36,,,,110.8677
2021-05-27,,,,,,,,,,,,,0.14,1.61,2.29,1.47,,,1.98,,,16.74,,,,110.8688
2021-05-28,,,,,,,,,,,,,0.14,1.58,2.26,1.44,,,1.99,-0.693,,16.76,,,,110.7576
2021-05-29,,,,,,,,,,,427000.0,,,,,,,,,,,,,,,
2021-05-31,,,,,,,,,,,,,,,,,,,,,,,,,,
2021-06-01,,,99.7987,611950.0,270.654,277.651,108.76,108.603,5.9,145820.0,,61.7,0.16,1.62,2.3,1.46,0.08,,1.97,,85.5,17.9,1664.0,258.074,20472.1,110.5046
2021-06-02,,,,,,,,,,,,,0.13,1.59,2.28,1.46,,,1.98,,,17.48,,,,110.5799
2021-06-03,,,,,,,,,,,,,0.16,1.63,2.3,1.47,,,1.96,,,18.04,,,,111.1782
2021-06-04,,,,,,,,,,,,,0.14,1.56,2.24,1.42,,,1.98,-0.694,,16.42,,,,110.7521
2021-06-05,,,,,,,,,,,420000.0,,,,,,,,,,,,,,,
2021-06-07,,,,,,,,,,,,,0.16,1.57,2.25,1.41,,,1.98,,,16.42,,,,110.5155
2021-06-08,,,,,,,,,,,,,0.14,1.53,2.21,1.39,,,1.98,,,17.07,,,,110.649
2021-06-09,,,,,,,,,,,,,0.16,1.5,2.17,1.34,,,1.96,,,17.89,,,,110.5707
2021-06-10,,,,,,,,,,,,,0.14,1.45,2.15,1.31,,,2.0,,,16.1,,,,110.5456
2021-06-11,,,,,,,,,,,,,0.16,1.47,2.15,1.31,,,1.97,-0.693,,15.65,,,,111.0933
2021-06-12,,,,,,,,,,,428000.0,,,,,,,,,,,,,,,
2021-06-14,,,,,,,,,,,,,0.16,1.51,2.19,1.35,,,1.96,,,16.39,,,,110.9659
2021-06-15,,,,,,,,,,,,,0.16,1.51,2.2,1.35,,,1.96,,,17.02,,,,111.3507
2021-06-16,,,,,,,,,,,,,0.21,1.57,2.2,1.36,,,1.91,,,18.15,,,,111.1165
2021-06-17,,,,,,,,,,,,,0.23,1.52,2.11,1.29,,,1.84,,,17.75,,,,112.5772
2021-06-18,,,,,,,,,,,,,0.26,1.45,2.01,1.19,,,1.85,-0.69,,20.7,,,,113.0408
2021-06-19,,,,,,,,,,,422000.0,,,,,,,,,,,,,,,
2021-06-21,,,,,,,,,,,,,0.27,1.5,2.11,1.23,,,1.88,,,17.89,,,,112.8391
2021-06-22,,,,,,,,,,,,,0.25,1.48,2.1,1.23,,,1.9,,,16.66,,,,112.9174
2021-06-23,,,,,,,,,,,,,0.26,1.5,2.11,1.24,,,1.89,,,16.32,,,,112.3819
2021-06-24,,,,,,,,,,,,,0.26,1.49,2.1,1.23,,,1.88,,,15.97,,,,112.326
2021-06-25,,,,,,,,,,,,,0.28,1.54,2.16,1.26,,,1.9,-0.686,,15.62,,,,111.9655
2021-06-26,,,,,,,,,,,368000.0,,,,,,,,,,,,,,,
2021-06-28,,,,,,,,,,,,,0.25,1.49,2.1,1.24,,,1.88,,,15.76,,,,112.0248
2021-06-29,,,,,,,,,,,,,0.27,1.49,2.1,1.22,,,1.87,,,16.02,,,,112.2613
2021-06-30,,,,,,,,,,,,,0.25,1.45,2.06,1.2,,,1.87,,,15.83,,,,112.5533
2021-07-01,23982.379,21617.828,100.2519,601817.0,271.903,278.648,109.256,109.058,5.4,146762.0,,61.8,0.25,1.48,2.07,1.23,0.1,,1.86,,81.2,15.48,1600.0,262.556,20629.1,112.74
2021-07-02,,,,,,,,,,,,,0.24,1.44,2.05,1.2,,,1.87,-0.68,,15.07,,,,112.5425
2021-07-03,,,,,,,,,,,371000.0,,,,,,,,,,,,,,,
2021-07-05,,,,,,,,,,,,,,,,,,,,,,,,,,
2021-07-06,,,,,,,,,,,,,0.22,1.37,2.0,1.15,,,1.9,,,16.44,,,,112.9516
2021-07-07,,,,,,,,,,,,,0.22,1.33,1.94,1.11,,,1.89,,,16.2,,,,113.1048
2021-07-08,,,,,,,,,,,,,0.19,1.3,1.91,1.11,,,1.91,,,19.0,,,,113.0776
2021-07-09,,,,,,,,,,,,,0.23,1.37,1.99,1.14,,,1.91,-0.673,,16.18,,,,112.8375
2021-07-10,,,,,,,,,,,333000.0,,,,,,,,,,,,,,,
2021-07-12,,,,,,,,,,,,,0.23,1.38,2.0,1.15,,,1.91,,,16.17,,,,112.7611
2021-07-13,,,,,,,,,,,,,0.26,1.42,2.04,1.16,,,1.91,,,17.12,,,,113.0063
2021-07-14,,,,,,,,,,,,,0.23,1.37,1.98,1.14,,,1.91,,,16.33,,,,112.8801
2021-07-15,,,,,,,,,,,,,0.23,1.31,1.92,1.08,,,1.92,,,17.01,,,,113.0041
2021-07-16,,,,,,,,,,,,,0.25,1.31,1.93,1.06,,,1.93,-0.666,,18.45,,,,113.0428
2021-07-17,,,,,,,,,,,387000.0,,,,,,,,,,,,,,,
2021-07-19,,,,,,,,,,,,,0.21,1.19,1.81,0.98,,,1.97,,,22.5,,,,113.5472
2021-07-20,,,,,,,,,,,,,0.2,1.23,1.88,1.03,,,1.98,,,19.73,,,,113.7502
2021-07-21,,,,,,,,,,,,,0.22,1.3,1.94,1.08,,,1.96,,,17.91,,,,113.3926
2021-07-22,,,,,,,,,,,,,0.2,1.27,1.9,1.07,,,1.95,,,17.69,,,,113.4695
2021-07-23,,,,,,,,,,,,,0.22,1.3,1.92,1.08,,,1.93,-0.66,,17.2,,,,113.4398
2021-07-24,,,,,,,,,,,380000.0,,,,,,,,,,,,,,,
2021-07-26,,,,,,,,,,,,,0.22,1.29,1.93,1.07,,,1.94,,,17.58,,,,113.2238
2021-07-27,,,,,,,,,,,,,0.2,1.25,1.89,1.05,,,1.95,,,19.36,,,,113.2227
2021-07-28,,,,,,,,,,,,,0.2,1.26,1.9,1.06,,,1.96,,,18.31,,,,113.1807
2021-07-29,,,,,,,,,,,,,0.2,1.28,1.91,1.08,,,1.94,,,17.7,,,,112.4834
2021-07-30,,,,,,,,,,,,,0.19,1.24,1.89,1.05,,,1.95,-0.654,,18.24,,,,112.6714
2021-07-31,,,,,,,,,,,379000.0,,,,,,,,,,,,,,,
2021-08-01,,,100.0437,605533.0,272.676,278.997,109.674,109.409,5.1,147314.0,,61.7,,,,,0.09,,,,70.3,,1596.0,266.624,20843.2,
2021-08-02,,,,,,,,,,,,,0.17,1.2,1.86,1.03,,,1.95,,,19.46,,,,112.6691
2021-08-03,,,,,,,,,,,,,0.17,1.19,1.85,1.02,,,1.97,,,18.04,,,,112.8228
2021-08-04,,,,,,,,,,,,,0.17,1.19,1.83,1.02,,,1.96,,,17.97,,,,112.8953
2021-08-05,,,,,,,,,,,,,0.21,1.23,1.86,1.02,,,1.95,,,17.28,,,,112.7674
2021-08-06,,,,,,,,,,,,,0.21,1.31,1.94,1.1,,,1.94,-0.65,,16.15,,,,113.3088
2021-08-07,,,,,,,,,,,361000.0,,,,,,,,,,,,,,,
2021-08-09,,,,,,,,,,,,,0.23,1.33,1.96,1.1,,,1.95,,,16.72,,,,113.4521
2021-08-10,,,,,,,,,,,,,0.24,1.36,1.99,1.12,,,1.95,,,16.79,,,,113.4973
2021-08-11,,,,,,,,,,,,,0.23,1.35,1.99,1.12,,,1.99,,,16.06,,,,113.282
2021-08-12,,,,,,,,,,,,,0.23,1.36,2.03,1.13,,,1.99,,,15.59,,,,113.2691
2021-08-13,,,,,,,,,,,,,0.23,1.29,1.94,1.06,,,1.98,-0.647,,15.45,,,,113.0615
2021-08-14,,,,,,,,,,,367000.0,,,,,,,,,,,,,,,
2021-08-16,,,,,,,,,,,,,0.21,1.26,1.92,1.05,,,1.97,,,16.12,,,,113.1698
2021-08-17,,,,,,,,,,,,,0.23,1.26,1.92,1.03,,,1.98,,,17.91,,,,113.6174
2021-08-18,,,,,,,,,,,,,0.23,1.27,1.91,1.04,,,1.97,,,21.57,,,,113.6959
2021-08-19,,,,,,,,,,,,,0.22,1.24,1.88,1.02,,,1.98,,,21.67,,,,114.1106
2021-08-20,,,,,,,,,,,,,0.23,1.26,1.87,1.03,,,1.96,-0.645,,18.56,,,,114.5009
2021-08-21,,,,,,,,,,,358000.0,,,,,,,,,,,,,,,
2021-08-23,,,,,,,,,,,,,0.23,1.25,1.87,1.02,,,1.97,,,17.15,,,,113.9418
2021-08-24,,,,,,,,,,,,,0.24,1.29,1.91,1.05,,,1.95,,,17.22,,,,113.6795
2021-08-25,,,,,,,,,,,,,0.23,1.35,1.96,1.12,,,1.93,,,16.79,,,,113.6322
2021-08-26,,,,,,,,,,,,,0.25,1.34,1.94,1.09,,,1.92,,,18.84,,,,113.7883
2021-08-27,,,,,,,,,,,,,0.22,1.31,1.91,1.09,,,1.92,-0.646,,16.39,,,,113.3404
2021-08-28,,,,,,,,,,,353000.0,,,,,,,,,,,,,,,
2021-08-30,,,,,,,,,,,,,0.2,1.29,1.9,1.09,,,1.92,,,16.19,,,,113.246
2021-08-31,,,,,,,,,,,,,0.2,1.3,1.92,1.1,,,1.94,,,16.48,,,,113.1076
2021-09-01,,,98.8579,609671.0,273.91,279.698,110.034,109.641,4.7,147771.0,,61.7,0.2,1.31,1.92,1.11,0.08,,1.92,,72.8,16.11,1576.0,270.196,20984.5,112.8732
2021-09-02,,,,,,,,,,,,,0.2,1.29,1.9,1.09,,,1.92,,,16.41,,,,112.7863
2021-09-03,,,,,,,,,,,,,0.21,1.33,1.94,1.12,,,1.91,-0.647,,16.41,,,,112.5476
2021-09-04,,,,,,,,,,,335000.0,,,,,,,,,,,,,,,
2021-09-06,,,,,,,,,,,,,,,,,,,,,,,,,,
2021-09-07,,,,,,,,,,,,,0.22,1.38,1.99,1.16,,,1.91,,,18.14,,,,112.9795
2021-09-08,,,,,,,,,,,,,0.22,1.35,1.95,1.13,,,1.91,,,17.96,,,,113.2319
2021-09-09,,,,,,,,,,,,,0.23,1.3,1.9,1.07,,,1.9,,,18.8,,,,113.043
2021-09-10,,,,,,,,,,,,,0.23,1.35,1.94,1.12,,,1.88,-0.649,,20.95,,,,112.9425
2021-09-11,,,,,,,,,,,342000.0,,,,,,,,,,,,,,,
2021-09-13,,,,,,,,,,,,,0.21,1.33,1.91,1.12,,,1.87,,,19.37,,,,113.0341
2021-09-14,,,,,,,,,,,,,0.21,1.28,1.85,1.07,,,1.87,,,19.46,,,,113.0061
2021-09-15,,,,,,,,,,,,,0.21,1.31,1.87,1.1,,,1.85,,,18.18,,,,112.9773
2021-09-16,,,,,,,,,,,,,0.23,1.34,1.88,1.11,,,1.84,,,18.69,,,,113.3036
2021-09-17,,,,,,,,,,,,,0.23,1.37,1.91,1.14,,,1.83,-0.651,,20.81,,,,113.5989
2021-09-18,,,,,,,,,,,367000.0,,,,,,,,,,,,,,,
2021-09-20,,,,,,,,,,,,,0.23,1.31,1.85,1.08,,,1.84,,,25.71,,,,113.9422
2021-09-21,,,,,,,,,,,,,0.22,1.33,1.86,1.11,,,1.83,,,24.36,,,,113.8179
2021-09-22,,,,,,,,,,,,,0.25,1.32,1.84,1.07,,,1.83,,,20.87,,,,113.6223
2021-09-23,,,,,,,,,,,,,0.27,1.41,1.92,1.14,,,1.81,,,18.63,,,,113.513
2021-09-24,,,,,,,,,,,,,0.29,1.47,1.99,1.18,,,1.8,-0.652,,17.75,,,,113.7597
2021-09-25,,,,,,,,,,,375000.0,,,,,,,,,,,,,,,
2021-09-27,,,,,,,,,,,,,0.31,1.48,1.99,1.17,,,1.78,,,18.76,,,,113.7432
2021-09-28,,,,,,,,,,,,,0.31,1.54,2.07,1.23,,,1.8,,,23.25,,,,114.2469
2021-09-29,,,,,,,,,,,,,0.3,1.55,2.09,1.25,,,1.81,,,22.56,,,,114.7092
2021-09-30,,,,,,,,,,,,,0.28,1.52,2.08,1.24,,,1.85,,,23.14,,,,114.6403
2021-10-01,24813.6,21988.737,100.1861,618573.0,276.55,281.668,110.762,110.188,4.5,148572.0,,61.8,0.27,1.48,2.04,1.21,0.08,,1.85,-0.652,71.7,21.15,1587.0,273.617,21163.3,114.3798
2021-10-02,,,,,,,,,,,312000.0,,,,,,,,,,,,,,,
2021-10-04,,,,,,,,,,,,,0.27,1.49,2.05,1.22,,,1.85,,,22.96,,,,114.2739
2021-10-05,,,,,,,,,,,,,0.28,1.54,2.1,1.26,,,1.84,,,21.3,,,,114.3654
2021-10-06,,,,,,,,,,,,,0.3,1.53,2.08,1.23,,,1.84,,,21.0,,,,114.7185
2021-10-07,,,,,,,,,,,,,0.32,1.58,2.13,1.26,,,1.85,,,19.54,,,,114.5044
2021-10-08,,,,,,,,,,,,,0.32,1.61,2.16,1.29,,,1.84,-0.651,,18.77,,,,114.5986
2021-10-09,,,,,,,,,,,291000.0,,,,,,,,,,,,,,,
2021-10-11,,,,,,,,,,,,,,,,,,,,,,20.0,,,,
2021-10-12,,,,,,,,,,,,,0.35,1.59,2.1,1.24,,,1.82,,,19.85,,,,114.7542
2021-10-13,,,,,,,,,,,,,0.37,1.56,2.05,1.19,,,1.79,,,18.64,,,,114.4705
2021-10-14,,,,,,,,,,,,,0.36,1.52,2.02,1.16,,,1.81,,,16.86,,,,114.2053
2021-10-15,,,,,,,,,,,,,0.41,1.59,2.05,1.18,,,1.76,-0.645,,16.3,,,,114.0905
2021-10-16,,,,,,,,,,,289000.0,,,,,,,,,,,,,,,
2021-10-18,,,,,,,,,,,,,0.44,1.59,2.01,1.15,,,1.72,,,16.31,,,,113.9899
2021-10-19,,,,,,,,,,,,,0.41,1.65,2.09,1.24,,,1.72,,,15.7,,,,113.647
2021-10-20,,,,,,,,,,,,,0.4,1.65,2.12,1.25,,,1.75,,,15.49,,,,113.5083
2021-10-21,,,,,,,,,,,,,0.45,1.68,2.13,1.23,,,1.74,,,15.01,,,,113.6188
2021-10-22,,,,,,,,,,,,,0.48,1.66,2.08,1.18,,,1.72,-0.635,,15.43,,,,113.67
2021-10-23,,,,,,,,,,,269000.0,,,,,,,,,,,,,,,
2021-10-25,,,,,,,,,,,,,0.47,1.64,2.09,1.17,,,1.73,,,15.24,,,,113.605
2021-10-26,,,,,,,,,,,,,0.47,1.63,2.05,1.16,,,1.71,,,15.98,,,,113.674
2021-10-27,,,,,,,,,,,,,0.5,1.54,1.95,1.04,,,1.69,,,16.98,,,,113.6218
2021-10-28,,,,,,,,,,,,,0.5,1.57,1.96,1.07,,,1.69,,,16.53,,,,113.4389
2021-10-29,,,,,,,,,,,,,0.48,1.55,1.93,1.07,,,1.69,-0.62,,16.26,,,,114.1349
2021-10-30,,,,,,,,,,,261000.0,,,,,,,,,,,,,,,
2021-11-01,,,100.8654,624874.0,278.919,283.406,111.5,110.77,4.1,149230.0,,61.9,0.5,1.58,1.98,1.08,0.08,,1.69,,67.4,16.41,1707.0,277.311,21340.1,114.2067
2021-11-02,,,,,,,,,,,,,0.46,1.56,1.96,1.1,,,1.71,,,16.03,,,,114.2847
2021-11-03,,,,,,,,,,,,,0.47,1.6,2.0,1.13,,,1.7,,,15.1,,,,114.3593
2021-11-04,,,,,,,,,,,,,0.41,1.53,1.96,1.12,,,1.73,,,15.44,,,,114.3558
2021-11-05,,,,,,,,,,,,,0.39,1.45,1.87,1.06,,,1.73,-0.603,,16.48,,,,114.0732
2021-11-06,,,,,,,,,,,251000.0,,,,,,,,,,,,,,,
2021-11-08,,,,,,,,,,,,,0.45,1.51,1.89,1.06,,,1.67,,,17.22,,,,113.8256
2021-11-09,,,,,,,,,,,,,0.41,1.46,1.83,1.05,,,1.67,,,17.78,,,,113.762
2021-11-10,,,,,,,,,,,,,0.51,1.56,1.92,1.05,,,1.66,,,18.73,,,,114.1484
2021-11-11,,,,,,,,,,,,,,,,,,,,,,17.66,,,,
2021-11-12,,,,,,,,,,,,,0.53,1.58,1.95,1.05,,,1.69,-0.584,,16.29,,,,114.5144
2021-11-13,,,,,,,,,,,250000.0,,,,,,,,,,,,,,,
2021-11-15,,,,,,,,,,,,,0.53,1.63,2.01,1.1,,,1.7,,,16.49,,,,114.5876
2021-11-16,,,,,,,,,,,,,0.54,1.63,2.02,1.09,,,1.72,,,16.37,,,,115.136
2021-11-17,,,,,,,,,,,,,0.52,1.6,2.0,1.08,,,1.74,,,17.11,,,,115.0263
2021-11-18,,,,,,,,,,,,,0.52,1.59,1.97,1.07,,,1.73,,,17.59,,,,115.0678
2021-11-19,,,,,,,,,,,,,0.52,1.54,1.91,1.02,,,1.73,-0.566,,17.91,,,,115.2187
2021-11-20,,,,,,,,,,,224000.0,,,,,,,,,,,,,,,
2021-11-22,,,,,,,,,,,,,0.63,1.63,1.98,1.0,,,1.71,,,19.17,,,,115.6481
2021-11-23,,,,,,,,,,,,,0.6,1.67,2.02,1.07,,,1.73,,,19.38,,,,116.0118
2021-11-24,,,,,,,,,,,,,0.64,1.64,1.96,1.0,,,1.72,,,18.58,,,,116.2711
2021-11-25,,,,,,,,,,,,,,,,,,,,,,,,,,
2021-11-26,,,,,,,,,,,,,0.5,1.48,1.83,0.98,,,1.82,-0.55,,28.62,,,,116.5103
2021-11-27,,,,,,,,,,,221000.0,,,,,,,,,,,,,,,
2021-11-29,,,,,,,,,,,,,0.51,1.52,1.87,1.01,,,1.81,,,22.96,,,,116.581
2021-11-30,,,,,,,,,,,,,0.52,1.43,1.78,0.91,,,1.81,,,27.19,,,,116.2071
2021-12-01,,,100.5726,619938.0,280.845,285.18,112.191,111.418,3.9,149816.0,,62.0,0.56,1.43,1.77,0.87,0.08,,1.81,,70.6,31.12,1711.0,281.522,21502.0,115.889
2021-12-02,,,,,,,,,,,,,0.63,1.44,1.76,0.81,,,1.8,,,27.95,,,,116.018
2021-12-03,,,,,,,,,,,,,0.6,1.35,1.69,0.75,,,1.81,-0.539,,30.67,,,,116.2377
2021-12-04,,,,,,,,,,,206000.0,,,,,,,,,,,,,,,
2021-12-06,,,,,,,,,,,,,0.65,1.43,1.75,0.78,,,1.79,,,27.18,,,,116.1538
2021-12-07,,,,,,,,,,,,,0.7,1.48,1.8,0.78,,,1.75,,,21.89,,,,115.8555
2021-12-08,,,,,,,,,,,,,0.68,1.52,1.87,0.84,,,1.79,,,19.9,,,,115.4418
2021-12-09,,,,,,,,,,,,,0.7,1.49,1.87,0.79,,,1.81,,,21.58,,,,115.7784
2021-12-10,,,,,,,,,,,,,0.67,1.48,1.88,0.81,,,1.83,-0.537,,18.69,,,,115.5732
2021-12-11,,,,,,,,,,,227000.0,,,,,,,,,,,,,,,
2021-12-13,,,,,,,,,,,,,0.66,1.42,1.81,0.76,,,1.82,,,20.31,,,,115.842
2021-12-14,,,,,,,,,,,,,0.67,1.44,1.82,0.77,,,1.82,,,21.89,,,,116.2397
2021-12-15,,,,,,,,,,,,,0.69,1.47,1.86,0.78,,,1.83,,,19.29,,,,116.4219
2021-12-16,,,,,,,,,,,,,0.64,1.44,1.87,0.8,,,1.87,,,20.57,,,,115.7146
2021-12-17,,,,,,,,,,,,,0.66,1.41,1.82,0.75,,,1.87,-0.54,,21.57,,,,115.791
2021-12-18,,,,,,,,,,,215000.0,,,,,,,,,,,,,,,
2021-12-20,,,,,,,,,,,,,0.65,1.43,1.85,0.78,,,1.89,,,22.87,,,,116.0092
2021-12-21,,,,,,,,,,,,,0.7,1.48,1.89,0.78,,,1.88,,,21.01,,,,116.1089
2021-12-22,,,,,,,,,,,,,0.68,1.46,1.86,0.78,,,1.86,,,18.63,,,,115.7485
2021-12-23,,,,,,,,,,,,,0.71,1.5,1.91,0.79,,,1.86,,,17.96,,,,115.5337
2021-12-24,,,,,,,,,,,,,,,,,,,,-0.547,,,,,,
2021-12-25,,,,,,,,,,,217000.0,,,,,,,,,,,,,,,
2021-12-27,,,,,,,,,,,,,0.76,1.48,1.88,0.72,,,1.86,,,17.68,,,,115.4684
2021-12-28,,,,,,,,,,,,,0.74,1.49,1.9,0.75,,,1.86,,,17.54,,,,115.4192
2021-12-29,,,,,,,,,,,,,0.75,1.55,1.96,0.8,,,1.85,,,16.95,,,,115.3678
2021-12-30,,,,,,,,,,,,,0.73,1.52,1.93,0.79,,,1.85,,,17.33,,,,115.283
2021-12-31,,,,,,,,,,,,,0.73,1.52,1.9,0.79,,,,-0.555,,17.22,,,,
2022-01-01,25250.347,21932.71,100.1856,631509.0,282.543,286.757,112.805,111.976,4.0,150006.0,229000.0,62.2,,,,,0.08,,,,67.2,,1693.0,286.08,21646.4,
2022-01-03,,,,,,,,,,,,,0.78,1.63,2.01,0.85,,,1.82,,,16.6,,,,115.4101
2022-01-04,,,,,,,,,,,,,0.77,1.66,2.07,0.89,,,1.84,,,16.91,,,,115.3103
2022-01-05,,,,,,,,,,,,,0.83,1.71,2.09,0.88,,,1.8,,,19.73,,,,115.137
2022-01-06,,,,,,,,,,,,,0.88,1.73,2.09,0.85,,,1.78,,,19.61,,,,115.4046
2022-01-07,,,,,,,,,,,,,0.87,1.76,2.11,0.89,,,1.78,-0.561,,18.76,,,,115.0451
2022-01-08,,,,,,,,,,,250000.0,,,,,,,,,,,,,,,
2022-01-10,,,,,,,,,,,,,0.92,1.78,2.11,0.86,,,1.76,,,19.4,,,,115.2216
2022-01-11,,,,,,,,,,,,,0.9,1.75,2.08,0.85,,,1.76,,,18.41,,,,114.8332
2022-01-12,,,,,,,,,,,,,0.92,1.74,2.08,0.82,,,1.77,,,17.62,,,,114.355
2022-01-13,,,,,,,,,,,,,0.91,1.7,2.05,0.79,,,1.8,,,20.31,,,,114.177
2022-01-14,,,,,,,,,,,,,0.99,1.78,2.12,0.79,,,1.79,-0.56,,19.19,,,,114.3825
2022-01-15,,,,,,,,,,,246000.0,,,,,,,,,,,,,,,
2022-01-17,,,,,,,,,,,,,,,,,,,,,,,,,,
2022-01-18,,,,,,,,,,,,,1.06,1.87,2.18,0.81,,,1.78,,,22.79,,,,114.7373
2022-01-19,,,,,,,,,,,,,1.04,1.83,2.14,0.79,,,1.77,,,23.85,,,,114.6109
2022-01-20,,,,,,,,,,,,,1.08,1.83,2.14,0.75,,,1.79,,,25.59,,,,114.4642
2022-01-21,,,,,,,,,,,,,1.01,1.75,2.07,0.74,,,1.84,-0.554,,28.85,,,,114.6125
2022-01-22,,,,,,,,,,,240000.0,,,,,,,,,,,,,,,
2022-01-24,,,,,,,,,,,,,0.99,1.75,2.1,0.76,,,1.89,,,29.9,,,,115.2034
2022-01-25,,,,,,,,,,,,,1.02,1.78,2.12,0.76,,,1.91,,,31.16,,,,115.1654
2022-01-26,,,,,,,,,,,,,1.13,1.85,2.16,0.72,,,1.84,,,31.96,,,,115.0922
2022-01-27,,,,,,,,,,,,,1.18,1.81,2.09,0.63,,,1.86,,,30.49,,,,115.978
2022-01-28,,,,,,,,,,,,,1.15,1.78,2.07,0.63,,,1.91,-0.54,,27.66,,,,116.0393
2022-01-29,,,,,,,,,,,231000.0,,,,,,,,,,,,,,,
2022-01-31,,,,,,,,,,,,,1.18,1.79,2.11,0.61,,,1.93,,,24.83,,,,115.566
2022-02-01,,,100.8064,638101.0,284.5,288.273,113.471,112.468,3.9,150825.0,,62.3,1.18,1.81,2.12,0.63,0.08,,1.92,,62.8,21.96,1730.0,291.047,21724.7,115.3685
2022-02-02,,,,,,,,,,,,,1.16,1.78,2.11,0.62,,,1.91,,,22.09,,,,115.1538
2022-02-03,,,,,,,,,,,,,1.19,1.82,2.14,0.63,,,1.92,,,24.35,,,,114.9065
2022-02-04,,,,,,,,,,,,,1.31,1.93,2.23,0.62,,,1.92,-0.521,,23.22,,,,115.1362
2022-02-05,,,,,,,,,,,210000.0,,,,,,,,,,,,,,,
2022-02-07,,,,,,,,,,,,,1.3,1.92,2.22,0.62,,,1.93,,,22.86,,,,115.0098
2022-02-08,,,,,,,,,,,,,1.35,1.96,2.25,0.61,,,1.91,,,21.44,,,,115.0892
2022-02-09,,,,,,,,,,,,,1.36,1.94,2.25,0.58,,,1.92,,,19.96,,,,114.8232
2022-02-10,,,,,,,,,,,,,1.61,2.03,2.3,0.42,,,1.91,,,23.91,,,,114.5527
2022-02-11,,,,,,,,,,,,,1.5,1.92,2.24,0.42,,,2.0,-0.495,,27.36,,,,114.8413
2022-02-12,,,,,,,,,,,234000.0,,,,,,,,,,,,,,,
2022-02-14,,,,,,,,,,,,,1.58,1.98,2.29,0.4,,,2.0,,,28.33,,,,115.1946
2022-02-15,,,,,,,,,,,,,1.58,2.05,2.37,0.47,,,1.99,,,25.7,,,,114.93
2022-02-16,,,,,,,,,,,,,1.52,2.03,2.34,0.51,,,2.05,,,24.29,,,,114.6886
2022-02-17,,,,,,,,,,,,,1.49,1.97,2.31,0.48,,,2.12,,,28.11,,,,114.6755
2022-02-18,,,,,,,,,,,,,1.47,1.92,2.24,0.45,,,2.13,-0.466,,27.75,,,,114.7982
2022-02-19,,,,,,,,,,,224000.0,,,,,,,,,,,,,,,
2022-02-21,,,,,,,,,,,,,,,,,,,,,,,,,,
2022-02-22,,,,,,,,,,,,,1.56,1.94,2.24,0.38,,,2.13,,,28.81,,,,114.7002
2022-02-23,,,,,,,,,,,,,1.58,1.99,2.29,0.41,,,2.1,,,31.02,,,,114.6668
2022-02-24,,,,,,,,,,,,,1.54,1.96,2.28,0.42,,,2.24,,,30.32,,,,115.9419
2022-02-25,,,,,,,,,,,,,1.55,1.97,2.29,0.42,,,2.2,-0.437,,27.59,,,,115.2577
2022-02-26,,,,,,,,,,,208000.0,,,,,,,,,,,,,,,
2022-02-28,,,,,,,,,,,,,1.44,1.83,2.17,0.39,,,2.34,,,30.15,,,,115.2224
2022-03-01,,,101.3907,651027.0,287.674,289.056,114.469,112.914,3.7,151315.0,,62.4,1.31,1.72,2.11,0.41,0.2,,2.25,,59.4,33.32,1700.0,296.249,21787.2,115.7962
2022-03-02,,,,,,,,,,,,,1.5,1.86,2.24,0.36,,,2.24,,,30.74,,,,115.7623
2022-03-03,,,,,,,,,,,,,1.53,1.86,2.24,0.33,,,2.24,,,30.48,,,,115.9495
2022-03-04,,,,,,,,,,,,,1.5,1.74,2.16,0.24,,,2.31,-0.41,,31.98,,,,116.6503
2022-03-05,,,,,,,,,,,222000.0,,,,,,,,,,,,,,,
2022-03-07,,,,,,,,,,,,,1.55,1.78,2.19,0.23,,,2.32,,,36.45,,,,117.3278
2022-03-08,,,,,,,,,,,,,1.63,1.86,2.24,0.23,,,2.35,,,35.13,,,,117.6176
2022-03-09,,,,,,,,,,,,,1.68,1.94,2.29,0.26,,,2.32,,,32.45,,,,116.5961
2022-03-10,,,,,,,,,,,,,1.72,1.98,2.38,0.26,,,2.38,,,30.23,,,,116.7401
2022-03-11,,,,,,,,,,,,,1.75,2.0,2.36,0.25,,,2.35,-0.39,,30.75,,,,117.0192
2022-03-12,,,,,,,,,,,217000.0,,,,,,,,,,,,,,,
2022-03-14,,,,,,,,,,,,,1.87,2.14,2.47,0.27,,,2.33,,,31.77,,,,117.1506
2022-03-15,,,,,,,,,,,,,1.85,2.15,2.49,0.3,,,2.36,,,29.83,,,,117.246
2022-03-16,,,,,,,,,,,,,1.95,2.19,2.46,0.24,,,2.23,,,26.67,,,,116.8073
2022-03-17,,,,,,,,,,,,,1.94,2.2,2.5,0.26,,,2.17,,,25.67,,,,116.0467
2022-03-18,,,,,,,,,,,,,1.97,2.14,2.42,0.17,,,2.14,-0.378,,23.87,,,,116.1378
2022-03-19,,,,,,,,,,,207000.0,,,,,,,,,,,,,,,
2022-03-21,,,,,,,,,,,,,2.14,2.32,2.55,0.18,,,2.07,,,23.53,,,,115.9398
2022-03-22,,,,,,,,,,,,,2.18,2.38,2.6,0.2,,,2.05,,,22.94,,,,116.0824
2022-03-23,,,,,,,,,,,,,2.13,2.32,2.52,0.19,,,2.03,,,23.57,,,,116.005
2022-03-24,,,,,,,,,,,,,2.13,2.34,2.51,0.21,,,2.01,,,21.67,,,,115.9599
2022-03-25,,,,,,,,,,,,,2.3,2.48,2.6,0.18,,,1.96,-0.372,,20.81,,,,115.7921
2022-03-26,,,,,,,,,,,214000.0,,,,,,,,,,,,,,,
2022-03-28,,,,,,,,,,,,,2.35,2.46,2.57,0.11,,,1.94,,,19.63,,,,116.1911
2022-03-29,,,,,,,,,,,,,2.35,2.41,2.53,0.06,,,1.91,,,18.9,,,,115.5679
2022-03-30,,,,,,,,,,,,,2.31,2.35,2.48,0.04,,,1.93,,,19.33,,,,115.0818
2022-03-31,,,,,,,,,,,,,2.28,2.32,2.44,0.04,,,1.93,,,20.56,,,,115.2218
2022-04-01,25861.292,21967.045,101.44,660194.0,288.561,290.514,114.812,113.307,3.7,151623.0,,62.2,2.44,2.39,2.44,-0.05,0.33,,1.81,-0.37,65.2,19.63,1807.0,300.27,21767.6,115.4814
2022-04-02,,,,,,,,,,,214000.0,,,,,,,,,,,,,,,
2022-04-04,,,,,,,,,,,,,2.43,2.42,2.48,-0.01,,,1.81,,,18.57,,,,115.4112
2022-04-05,,,,,,,,,,,,,2.51,2.54,2.57,0.03,,,1.77,,,21.03,,,,115.73
2022-04-06,,,,,,,,,,,,,2.5,2.61,2.63,0.11,,,1.77,,,22.1,,,,115.9995
2022-04-07,,,,,,,,,,,,,2.47,2.66,2.69,0.19,,,1.78,,,21.55,,,,116.3512
2022-04-08,,,,,,,,,,,,,2.53,2.72,2.76,0.19,,,1.78,-0.367,,21.16,,,,116.4176
2022-04-09,,,,,,,,,,,214000.0,,,,,,,,,,,,,,,
2022-04-11,,,,,,,,,,,,,2.5,2.79,2.84,0.29,,,1.82,,,24.37,,,,116.5401
2022-04-12,,,,,,,,,,,,,2.39,2.72,2.82,0.33,,,1.92,,,24.26,,,,116.3866
2022-04-13,,,,,,,,,,,,,2.37,2.7,2.81,0.33,,,1.94,,,21.82,,,,116.2796
2022-04-14,,,,,,,,,,,,,2.47,2.83,2.92,0.36,,,1.93,,,22.7,,,,116.7558
2022-04-15,,,,,,,,,,,,,,,,,,,,-0.36,,,,,,116.7017
2022-04-16,,,,,,,,,,,210000.0,,,,,,,,,,,,,,,
2022-04-18,,,,,,,,,,,,,2.46,2.85,2.95,0.39,,,1.94,,,22.17,,,,116.8441
2022-04-19,,,,,,,,,,,,,2.61,2.93,3.01,0.32,,,1.91,,,21.37,,,,117.1324
2022-04-20,,,,,,,,,,,,,2.6,2.85,2.9,0.25,,,1.91,,,20.32,,,,116.7306
2022-04-21,,,,,,,,,,,,,2.68,2.9,2.94,0.22,,,1.93,,,22.68,,,,117.1432
2022-04-22,,,,,,,,,,,,,2.72,2.9,2.95,0.18,,,1.96,-0.35,,28.21,,,,118.0186
2022-04-23,,,,,,,,,,,209000.0,,,,,,,,,,,,,,,
2022-04-25,,,,,,,,,,,,,2.63,2.81,2.88,0.18,,,2.03,,,27.02,,,,118.6271
2022-04-26,,,,,,,,,,,,,2.54,2.77,2.86,0.23,,,2.06,,,33.52,,,,118.9624
2022-04-27,,,,,,,,,,,,,2.58,2.82,2.91,0.24,,,2.05,,,31.6,,,,119.4708
2022-04-28,,,,,,,,,,,,,2.63,2.85,2.92,0.22,,,2.06,,,29.99,,,,120.0675
2022-04-29,,,,,,,,,,,,,2.7,2.89,2.96,0.19,,,2.05,-0.335,,33.4,,,,119.4933
2022-04-30,,,,,,,,,,,218000.0,,,,,,,,,,,,,,,
2022-05-01,,,101.3335,659847.0,291.298,292.063,115.525,113.703,3.6,151924.0,,62.3,,,,,0.77,,,,58.4,,1546.0,303.269,21717.4,
2022-05-02,,,,,,,,,,,,,2.73,2.99,3.07,0.26,,,2.08,,,32.34,,,,119.8825
2022-05-03,,,,,,,,,,,,,2.78,2.97,3.03,0.19,,,2.05,,,29.25,,,,119.7043
2022-05-04,,,,,,,,,,,,,2.66,2.93,3.01,0.27,,,2.08,,,25.42,,,,119.5592
2022-05-05,,,,,,,,,,,,,2.71,3.05,3.15,0.34,,,2.1,,,31.2,,,,120.0068
2022-05-06,,,,,,,,,,,,,2.72,3.12,3.23,0.4,,,2.09,-0.317,,30.19,,,,119.8577
2022-05-07,,,,,,,,,,,204000.0,,,,,,,,,,,,,,,
2022-05-09,,,,,,,,,,,,,2.61,3.05,3.19,0.44,,,2.17,,,34.75,,,,120.4972
2022-05-10,,,,,,,,,,,,,2.62,2.99,3.12,0.37,,,2.16,,,32.99,,,,120.7742
2022-05-11,,,,,,,,,,,,,2.66,2.91,3.05,0.25,,,2.17,,,32.56,,,,120.3925
2022-05-12,,,,,,,,,,,,,2.56,2.84,3.0,0.28,,,2.2,,,31.77,,,,121.2796
2022-05-13,,,,,,,,,,,,,2.61,2.93,3.1,0.32,,,2.24,-0.298,,28.87,,,,120.8442
2022-05-14,,,,,,,,,,,225000.0,,,,,,,,,,,,,,,
2022-05-16,,,,,,,,,,,,,2.58,2.88,3.09,0.3,,,2.29,,,27.47,,,,120.6881
2022-05-17,,,,,,,,,,,,,2.71,2.98,3.17,0.27,,,2.27,,,26.1,,,,119.8871
2022-05-18,,,,,,,,,,,,,2.68,2.89,3.07,0.21,,,2.31,,,30.96,,,,120.0274
2022-05-19,,,,,,,,,,,,,2.63,2.84,3.05,0.21,,,2.37,,,29.35,,,,119.4278
2022-05-20,,,,,,,,,,,,,2.6,2.78,2.99,0.18,,,2.36,-0.279,,29.43,,,,119.3677
2022-05-21,,,,,,,,,,,211000.0,,,,,,,,,,,,,,,
2022-05-23,,,,,,,,,,,,,2.65,2.86,3.08,0.21,,,2.33,,,28.48,,,,118.7169
2022-05-24,,,,,,,,,,,,,2.5,2.76,2.98,0.26,,,2.34,,,29.45,,,,118.6245
2022-05-25,,,,,,,,,,,,,2.48,2.75,2.97,0.27,,,2.29,,,28.37,,,,118.9598
2022-05-26,,,,,,,,,,,,,2.46,2.75,2.99,0.29,,,2.25,,,27.5,,,,118.7687
2022-05-27,,,,,,,,,,,,,2.47,2.74,2.97,0.27,,,2.26,-0.257,,25.72,,,,118.2834
2022-05-28,,,,,,,,,,,199000.0,,,,,,,,,,,,,,,
2022-05-30,,,,,,,,,,,,,,,,,,,,,,26.54,,,,
2022-05-31,,,,,,,,,,,,,2.53,2.85,3.07,0.32,,,2.18,,,26.19,,,,118.0704
2022-06-01,,,101.018,666113.0,294.957,294.05,116.638,114.376,3.6,152358.0,,62.2,2.66,2.94,3.09,0.28,1.21,,2.08,,50.0,25.69,1556.0,304.146,21646.7,118.6954
2022-06-02,,,,,,,,,,,,,2.65,2.92,3.09,0.27,,,2.1,,,24.72,,,,118.0658
2022-06-03,,,,,,,,,,,,,2.66,2.96,3.11,0.3,,,2.09,-0.234,,24.79,,,,118.2153
2022-06-04,,,,,,,,,,,213000.0,,,,,,,,,,,,,,,
2022-06-06,,,,,,,,,,,,,2.73,3.04,3.19,0.31,,,2.08,,,25.07,,,,118.3081
2022-06-07,,,,,,,,,,,,,2.75,2.98,3.13,0.23,,,2.07,,,24.02,,,,118.4414
2022-06-08,,,,,,,,,,,,,2.78,3.03,3.18,0.25,,,2.07,,,23.96,,,,118.3951
2022-06-09,,,,,,,,,,,,,2.83,3.04,3.18,0.21,,,2.07,,,26.09,,,,118.9226
2022-06-10,,,,,,,,,,,,,3.06,3.15,3.2,0.09,,,2.04,-0.209,,27.75,,,,119.9981
2022-06-11,,,,,,,,,,,211000.0,,,,,,,,,,,,,,,
2022-06-13,,,,,,,,,,,,,3.4,3.43,3.42,0.03,,,1.98,,,34.02,,,,121.1523
2022-06-14,,,,,,,,,,,,,3.45,3.49,3.45,0.04,,,1.99,,,32.69,,,,121.6669
2022-06-15,,,,,,,,,,,,,3.2,3.33,3.39,0.13,,,2.1,,,29.62,,,,121.6403
2022-06-16,,,,,,,,,,,,,3.14,3.28,3.35,0.14,,,2.13,,,32.95,,,,120.6714
2022-06-17,,,,,,,,,,,,,3.17,3.25,3.3,0.08,,,2.13,-0.186,,31.13,,,,121.2369
2022-06-18,,,,,,,,,,,214000.0,,,,,,,,,,,,,,,
2022-06-20,,,,,,,,,,,,,,,,,,,,,,31.03,,,,
2022-06-21,,,,,,,,,,,,,3.21,3.31,3.39,0.1,,,2.13,,,30.19,,,,120.6427
2022-06-22,,,,,,,,,,,,,3.06,3.16,3.25,0.1,,,2.17,,,28.95,,,,120.5197
2022-06-23,,,,,,,,,,,,,3.01,3.09,3.21,0.08,,,2.2,,,29.05,,,,120.7622
2022-06-24,,,,,,,,,,,,,3.04,3.13,3.26,0.09,,,2.22,-0.17,,27.23,,,,120.4853
2022-06-25,,,,,,,,,,,212000.0,,,,,,,,,,,,,,,
2022-06-27,,,,,,,,,,,,,3.08,3.2,3.31,0.12,,,2.19,,,26.95,,,,120.1736
2022-06-28,,,,,,,,,,,,,3.1,3.2,3.3,0.1,,,2.22,,,28.36,,,,120.62
2022-06-29,,,,,,,,,,,,,3.06,3.1,3.22,0.04,,,2.24,,,28.16,,,,120.9616
2022-06-30,,,,,,,,,,,,,2.92,2.98,3.14,0.06,,,2.31,,,28.71,,,,120.9652
2022-07-01,26336.304,22125.625,101.223,659550.0,294.913,295.088,116.631,114.628,3.5,153072.0,,62.1,2.84,2.88,3.11,0.04,1.68,,2.42,-0.164,51.5,26.7,1382.0,303.376,21649.2,121.5058
2022-07-02,,,,,,,,,,,214000.0,,,,,,,,,,,,,,,
2022-07-04,,,,,,,,,,,,,,,,,,,,,,27.53,,,,
2022-07-05,,,,,,,,,,,,,2.82,2.82,3.05,0.0,,,2.41,,,27.54,,,,122.6203
2022-07-06,,,,,,,,,,,,,2.97,2.93,3.14,-0.04,,,2.39,,,26.73,,,,123.0073
2022-07-07,,,,,,,,,,,,,3.03,3.01,3.2,-0.02,,,2.33,,,26.08,,,,122.7257
2022-07-08,,,,,,,,,,,,,3.12,3.09,3.27,-0.03,,,2.31,-0.167,,24.64,,,,122.4662
2022-07-09,,,,,,,,,,,212000.0,,,,,,,,,,,,,,,
2022-07-11,,,,,,,,,,,,,3.07,2.99,3.18,-0.08,,,2.32,,,26.17,,,,123.2974
2022-07-12,,,,,,,,,,,,,3.03,2.96,3.13,-0.07,,,2.31,,,27.29,,,,123.4524
2022-07-13,,,,,,,,,,,,,3.13,2.91,3.08,-0.22,,,2.32,,,26.82,,,,123.2834
2022-07-14,,,,,,,,,,,,,3.15,2.96,3.11,-0.19,,,2.31,,,26.4,,,,124.0622
2022-07-15,,,,,,,,,,,,,3.13,2.93,3.1,-0.2,,,2.3,-0.18,,24.23,,,,123.4765
2022-07-16,,,,,,,,,,,216000.0,,,,,,,,,,,,,,,
2022-07-18,,,,,,,,,,,,,3.15,2.96,3.14,-0.19,,,2.28,,,25.3,,,,122.7727
2022-07-19,,,,,,,,,,,,,3.23,3.01,3.17,-0.22,,,2.26,,,24.5,,,,122.4819
2022-07-20,,,,,,,,,,,,,3.25,3.04,3.17,-0.21,,,2.2,,,23.88,,,,122.5997
2022-07-21,,,,,,,,,,,,,3.1,2.91,3.08,-0.19,,,2.23,,,23.11,,,,122.9032
2022-07-22,,,,,,,,,,,,,2.98,2.77,3.0,-0.21,,,2.28,-0.199,,23.03,,,,122.451
2022-07-23,,,,,,,,,,,221000.0,,,,,,,,,,,,,,,
2022-07-25,,,,,,,,,,,,,3.0,2.81,3.04,-0.19,,,2.31,,,23.36,,,,122.4594
2022-07-26,,,,,,,,,,,,,3.02,2.81,3.03,-0.21,,,2.29,,,24.69,,,,122.7581
2022-07-27,,,,,,,,,,,,,2.96,2.78,3.03,-0.18,,,2.3,,,23.24,,,,122.8169
2022-07-28,,,,,,,,,,,,,2.85,2.68,3.02,-0.17,,,2.42,,,22.33,,,,122.1161
2022-07-29,,,,,,,,,,,,,2.89,2.67,3.0,-0.22,,,2.36,-0.217,,21.33,,,,121.7678
2022-07-30,,,,,,,,,,,228000.0,,,,,,,,,,,,,,,
2022-08-01,,,101.0963,663566.0,295.097,296.535,116.956,115.276,3.6,153362.0,,62.3,2.9,2.6,2.92,-0.3,2.33,,2.38,,58.2,22.84,1532.0,301.102,21641.9,121.4109
2022-08-02,,,,,,,,,,,,,3.06,2.75,3.0,-0.31,,,2.29,,,23.93,,,,121.9486
2022-08-03,,,,,,,,,,,,,3.1,2.73,2.96,-0.37,,,2.29,,,21.95,,,,122.3888
2022-08-04,,,,,,,,,,,,,3.03,2.68,2.97,-0.35,,,2.32,,,21.44,,,,121.8333
2022-08-05,,,,,,,,,,,,,3.24,2.83,3.06,-0.41,,,2.29,-0.23,,21.15,,,,122.321
2022-08-06,,,,,,,,,,,221000.0,,,,,,,,,,,,,,,
2022-08-08,,,,,,,,,,,,,3.21,2.77,3.0,-0.44,,,2.26,,,21.29,,,,121.8783
2022-08-09,,,,,,,,,,,,,3.28,2.8,3.01,-0.48,,,2.26,,,21.77,,,,121.8614
2022-08-10,,,,,,,,,,,,,3.23,2.78,3.04,-0.45,,,2.29,,,19.74,,,,120.7543
2022-08-11,,,,,,,,,,,,,3.23,2.87,3.15,-0.36,,,2.29,,,20.2,,,,120.7163
2022-08-12,,,,,,,,,,,,,3.25,2.84,3.12,-0.41,,,2.27,-0.238,,19.53,,,,121.018
2022-08-13,,,,,,,,,,,220000.0,,,,,,,,,,,,,,,
2022-08-15,,,,,,,,,,,,,3.2,2.79,3.1,-0.41,,,2.27,,,19.95,,,,121.4315
2022-08-16,,,,,,,,,,,,,3.25,2.82,3.11,-0.43,,,2.27,,,19.69,,,,121.6807
2022-08-17,,,,,,,,,,,,,3.28,2.89,3.15,-0.39,,,2.24,,,19.9,,,,122.0711
2022-08-18,,,,,,,,,,,,,3.22,2.88,3.14,-0.34,,,2.24,,,19.56,,,,122.3627
2022-08-19,,,,,,,,,,,,,3.25,2.98,3.22,-0.27,,,2.25,-0.236,,20.6,,,,123.0501
2022-08-20,,,,,,,,,,,215000.0,,,,,,,,,,,,,,,
2022-08-22,,,,,,,,,,,,,3.32,3.03,3.24,-0.29,,,2.24,,,23.8,,,,123.605
2022-08-23,,,,,,,,,,,,,3.29,3.05,3.26,-0.24,,,2.24,,,24.11,,,,123.0547
2022-08-24,,,,,,,,,,,,,3.36,3.11,3.32,-0.25,,,2.23,,,22.82,,,,123.109
2022-08-25,,,,,,,,,,,,,3.35,3.03,3.25,-0.32,,,2.21,,,21.78,,,,123.0586
2022-08-26,,,,,,,,,,,,,3.37,3.04,3.21,-0.33,,,2.19,-0.223,,25.56,,,,123.0656
2022-08-27,,,,,,,,,,,210000.0,,,,,,,,,,,,,,,
2022-08-29,,,,,,,,,,,,,3.42,3.12,3.25,-0.3,,,2.19,,,26.21,,,,123.4686
2022-08-30,,,,,,,,,,,,,3.46,3.11,3.23,-0.35,,,2.17,,,26.21,,,,123.6848
2022-08-31,,,,,,,,,,,,,3.45,3.15,3.27,-0.3,,,2.18,,,25.87,,,,123.535
2022-09-01,,,101.2918,661854.0,296.349,298.226,117.371,115.788,3.5,153582.0,,62.2,3.51,3.26,3.37,-0.25,2.56,,2.22,,58.6,25.56,1481.0,299.104,21541.3,124.4006
2022-09-02,,,,,,,,,,,,,3.4,3.2,3.35,-0.2,,,2.24,-0.202,,25.47,,,,123.7743
2022-09-03,,,,,,,,,,,203000.0,,,,,,,,,,,,,,,
2022-09-05,,,,,,,,,,,,,,,,,,,,,,25.99,,,,
2022-09-06,,,,,,,,,,,,,3.5,3.33,3.49,-0.17,,,2.27,,,26.91,,,,124.767
2022-09-07,,,,,,,,,,,,,3.45,3.27,3.42,-0.18,,,2.24,,,24.64,,,,124.8408
2022-09-08,,,,,,,,,,,,,3.48,3.29,3.45,-0.19,,,2.25,,,23.61,,,,124.578
2022-09-09,,,,,,,,,,,,,3.56,3.33,3.47,-0.23,,,2.2,-0.177,,22.79,,,,123.7874
2022-09-10,,,,,,,,,,,195000.0,,,,,,,,,,,,,,,
2022-09-12,,,,,,,,,,,,,3.58,3.37,3.53,-0.21,,,2.2,,,23.87,,,,123.3332
2022-09-13,,,,,,,,,,,,,3.75,3.42,3.51,-0.33,,,2.18,,,27.27,,,,124.4242
2022-09-14,,,,,,,,,,,,,3.78,3.41,3.47,-0.37,,,2.15,,,26.16,,,,124.4509
2022-09-15,,,,,,,,,,,,,3.87,3.45,3.48,-0.42,,,2.12,,,26.27,,,,124.8843
2022-09-16,,,,,,,,,,,,,3.85,3.45,3.52,-0.4,,,2.18,-0.149,,26.3,,,,124.8794
2022-09-17,,,,,,,,,,,202000.0,,,,,,,,,,,,,,,
2022-09-19,,,,,,,,,,,,,3.95,3.49,3.52,-0.46,,,2.15,,,25.76,,,,125.0104
2022-09-20,,,,,,,,,,,,,3.96,3.57,3.59,-0.39,,,2.13,,,27.16,,,,125.1248
2022-09-21,,,,,,,,,,,,,4.02,3.51,3.5,-0.51,,,2.12,,,27.99,,,,125.7399
2022-09-22,,,,,,,,,,,,,4.11,3.7,3.65,-0.41,,,2.08,,,27.35,,,,126.1667
2022-09-23,,,,,,,,,,,,,4.2,3.69,3.61,-0.51,,,2.09,-0.124,,29.92,,,,127.2853
2022-09-24,,,,,,,,,,,190000.0,,,,,,,,,,,,,,,
2022-09-26,,,,,,,,,,,,,4.27,3.88,3.72,-0.39,,,2.01,,,32.26,,,,128.4539
2022-09-27,,,,,,,,,,,,,4.3,3.97,3.87,-0.33,,,2.08,,,32.6,,,,128.4386
2022-09-28,,,,,,,,,,,,,4.07,3.72,3.7,-0.35,,,2.25,,,30.18,,,,128.0884
2022-09-29,,,,,,,,,,,,,4.16,3.76,3.71,-0.4,,,2.27,,,31.84,,,,127.5437
2022-09-30,,,,,,,,,,,,,4.22,3.83,3.79,-0.39,,,2.24,-0.105,,31.62,,,,127.5148
2022-10-01,26770.514,22278.345,101.2529,668671.0,298.007,299.399,117.919,116.204,3.6,153939.0,203000.0,62.2,,,,,3.08,,,,59.9,,1446.0,298.759,21464.1,
2022-10-03,,,,,,,,,,,,,4.12,3.67,3.73,-0.45,,,2.29,,,30.1,,,,127.0813
2022-10-04,,,,,,,,,,,,,4.1,3.62,3.7,-0.48,,,2.27,,,29.07,,,,126.1819
2022-10-05,,,,,,,,,,,,,4.15,3.76,3.78,-0.39,,,2.22,,,28.55,,,,126.8616
2022-10-06,,,,,,,,,,,,,4.23,3.83,3.81,-0.4,,,2.16,,,30.52,,,,127.2493
2022-10-07,,,,,,,,,,,,,4.3,3.89,3.86,-0.41,,,2.17,-0.097,,31.36,,,,127.3111
2022-10-08,,,,,,,,,,,207000.0,,,,,,,,,,,,,,,
2022-10-10,,,,,,,,,,,,,,,,,,,,,,32.45,,,,
2022-10-11,,,,,,,,,,,,,4.3,3.93,3.92,-0.37,,,2.23,,,33.63,,,,127.6641
2022-10-12,,,,,,,,,,,,,4.28,3.91,3.9,-0.37,,,2.27,,,33.57,,,,128.1481
2022-10-13,,,,,,,,,,,,,4.47,3.97,3.97,-0.5,,,2.28,,,31.94,,,,127.7286
2022-10-14,,,,,,,,,,,,,4.48,4.0,3.99,-0.48,,,2.28,-0.099,,32.02,,,,128.3325
2022-10-15,,,,,,,,,,,199000.0,,,,,,,,,,,,,,,
2022-10-17,,,,,,,,,,,,,4.45,4.02,4.04,-0.43,,,2.28,,,31.37,,,,127.6448
2022-10-18,,,,,,,,,,,,,4.43,4.01,4.04,-0.42,,,2.28,,,30.5,,,,127.9153
2022-10-19,,,,,,,,,,,,,4.55,4.14,4.15,-0.41,,,2.25,,,30.76,,,,128.3968
2022-10-20,,,,,,,,,,,,,4.62,4.24,4.24,-0.38,,,2.24,,,29.98,,,,128.0052
2022-10-21,,,,,,,,,,,,,4.49,4.21,4.33,-0.28,,,2.36,-0.109,,29.69,,,,127.6735
2022-10-22,,,,,,,,,,,202000.0,,,,,,,,,,,,,,,
2022-10-24,,,,,,,,,,,,,4.5,4.25,4.4,-0.25,,,2.34,,,29.85,,,,128.0304
2022-10-25,,,,,,,,,,,,,4.42,4.1,4.26,-0.32,,,2.37,,,28.46,,,,127.3771
2022-10-26,,,,,,,,,,,,,4.39,4.04,4.19,-0.35,,,2.33,,,27.28,,,,126.4723
2022-10-27,,,,,,,,,,,,,4.3,3.96,4.12,-0.34,,,2.34,,,27.39,,,,126.7028
2022-10-28,,,,,,,,,,,,,4.41,4.02,4.15,-0.39,,,2.3,-0.124,,25.75,,,,127.2135
2022-10-29,,,,,,,,,,,202000.0,,,,,,,,,,,,,,,
2022-10-31,,,,,,,,,,,,,4.51,4.1,4.22,-0.41,,,2.28,,,25.88,,,,127.6219
2022-11-01,,,100.9552,659458.0,298.786,300.325,118.224,116.539,3.6,154242.0,,62.1,4.54,4.07,4.14,-0.47,3.78,,2.22,,56.7,25.81,1434.0,298.436,21409.4,127.3987
2022-11-02,,,,,,,,,,,,,4.61,4.1,4.15,-0.51,,,2.18,,,25.86,,,,127.3115
2022-11-03,,,,,,,,,,,,,4.71,4.14,4.18,-0.57,,,2.19,,,25.3,,,,128.1743
2022-11-04,,,,,,,,,,,,,4.66,4.17,4.27,-0.49,,,2.22,-0.141,,24.55,,,,127.1468
2022-11-05,,,,,,,,,,,204000.0,,,,,,,,,,,,,,,
2022-11-07,,,,,,,,,,,,,4.72,4.22,4.34,-0.5,,,2.22,,,24.35,,,,126.3062
2022-11-08,,,,,,,,,,,,,4.67,4.14,4.28,-0.53,,,2.23,,,25.54,,,,125.633
2022-11-09,,,,,,,,,,,,,4.61,4.12,4.31,-0.49,,,2.33,,,26.09,,,,125.9861
2022-11-10,,,,,,,,,,,,,4.34,3.82,4.03,-0.52,,,2.36,,,23.53,,,,124.7044
2022-11-11,,,,,,,,,,,,,,,,,,,,-0.158,,22.52,,,,
2022-11-12,,,,,,,,,,,210000.0,,,,,,,,,,,,,,,
2022-11-14,,,,,,,,,,,,,4.4,3.88,4.07,-0.52,,,2.27,,,23.73,,,,123.4277
2022-11-15,,,,,,,,,,,,,4.37,3.8,3.98,-0.57,,,2.23,,,24.54,,,,123.039
2022-11-16,,,,,,,,,,,,,4.35,3.67,3.85,-0.68,,,2.24,,,24.11,,,,123.2817
2022-11-17,,,,,,,,,,,,,4.43,3.77,3.89,-0.66,,,2.18,,,23.93,,,,123.977
2022-11-18,,,,,,,,,,,,,4.51,3.82,3.92,-0.69,,,2.13,-0.171,,23.12,,,,123.8524
2022-11-19,,,,,,,,,,,220000.0,,,,,,,,,,,,,,,
2022-11-21,,,,,,,,,,,,,4.48,3.83,3.91,-0.65,,,2.08,,,22.36,,,,124.7009
2022-11-22,,,,,,,,,,,,,4.47,3.76,3.83,-0.71,,,2.07,,,21.29,,,,124.2365
2022-11-23,,,,,,,,,,,,,4.46,3.71,3.74,-0.75,,,2.02,,,20.35,,,,123.7574
2022-11-24,,,,,,,,,,,,,,,,,,,,,,20.42,,,,
2022-11-25,,,,,,,,,,,,,4.42,3.68,3.74,-0.74,,,2.06,-0.179,,20.5,,,,123.3386
2022-11-26,,,,,,,,,,,209000.0,,,,,,,,,,,,,,,
2022-11-28,,,,,,,,,,,,,4.46,3.69,3.74,-0.77,,,2.05,,,22.21,,,,123.6032
2022-11-29,,,,,,,,,,,,,4.48,3.75,3.81,-0.73,,,2.06,,,21.89,,,,123.6615
2022-11-30,,,,,,,,,,,,,4.38,3.68,3.8,-0.7,,,2.15,,,20.58,,,,123.5175
2022-12-01,,,99.7664,651763.0,298.832,301.394,118.384,116.952,3.5,154342.0,,62.3,4.25,3.53,3.64,-0.72,4.1,,2.09,,59.8,19.84,1296.0,297.718,21293.1,122.0045
2022-12-02,,,,,,,,,,,,,4.28,3.51,3.56,-0.77,,,2.03,-0.184,,19.06,,,,122.0102
2022-12-03,,,,,,,,,,,209000.0,,,,,,,,,,,,,,,
2022-12-05,,,,,,,,,,,,,4.41,3.6,3.62,-0.81,,,1.99,,,20.75,,,,122.6384
2022-12-06,,,,,,,,,,,,,4.34,3.51,3.52,-0.83,,,1.97,,,22.17,,,,123.0191
2022-12-07,,,,,,,,,,,,,4.26,3.42,3.42,-0.84,,,1.95,,,22.68,,,,122.7608
2022-12-08,,,,,,,,,,,,,4.31,3.48,3.44,-0.83,,,1.91,,,22.29,,,,122.4152
2022-12-09,,,,,,,,,,,,,4.33,3.57,3.56,-0.76,,,1.9,-0.187,,22.83,,,,122.4201
2022-12-10,,,,,,,,,,,209000.0,,,,,,,,,,,,,,,
2022-12-12,,,,,,,,,,,,,4.39,3.61,3.57,-0.78,,,1.88,,,25.0,,,,122.7714
2022-12-13,,,,,,,,,,,,,4.22,3.51,3.53,-0.71,,,1.91,,,22.55,,,,121.8493
2022-12-14,,,,,,,,,,,,,4.23,3.49,3.52,-0.74,,,1.95,,,21.14,,,,121.8226
2022-12-15,,,,,,,,,,,,,4.23,3.44,3.48,-0.79,,,1.97,,,22.83,,,,122.5519
2022-12-16,,,,,,,,,,,,,4.17,3.48,3.53,-0.69,,,1.98,-0.194,,22.62,,,,122.6505
2022-12-17,,,,,,,,,,,213000.0,,,,,,,,,,,,,,,
2022-12-19,,,,,,,,,,,,,4.25,3.57,3.62,-0.68,,,1.98,,,22.42,,,,122.5275
2022-12-20,,,,,,,,,,,,,4.25,3.69,3.74,-0.56,,,1.99,,,21.48,,,,122.1357
2022-12-21,,,,,,,,,,,,,4.21,3.68,3.74,-0.53,,,2.01,,,20.07,,,,122.2828
2022-12-22,,,,,,,,,,,,,4.24,3.67,3.73,-0.57,,,1.99,,,21.97,,,,122.2419
2022-12-23,,,,,,,,,,,,,4.31,3.75,3.82,-0.56,,,2.0,-0.204,,20.87,,,,121.9743
2022-12-24,,,,,,,,,,,205000.0,,,,,,,,,,,,,,,
2022-12-26,,,,,,,,,,,,,,,,,,,,,,,,,,
2022-12-27,,,,,,,,,,,,,4.32,3.84,3.93,-0.48,,,2.02,,,21.65,,,,121.7539
2022-12-28,,,,,,,,,,,,,4.31,3.88,3.98,-0.43,,,2.01,,,22.14,,,,122.0075
2022-12-29,,,,,,,,,,,,,4.34,3.83,3.92,-0.51,,,2.01,,,21.44,,,,121.6577
2022-12-30,,,,,,,,,,,,,4.41,3.88,3.97,-0.53,,,1.99,-0.221,,21.67,,,,121.4256
2022-12-31,,,,,,,,,,,205000.0,,,,,,,,,,,,,,,
2023-01-01,27216.445,22439.607,100.505,680253.0,300.42,302.642,119.018,117.505,3.5,154776.0,,62.4,,,,,4.33,,,,64.9,,1358.0,297.314,21274.0,
2023-01-02,,,,,,,,,,,,,,,,,,,,,,,,,,
2023-01-03,,,,,,,,,,,,,4.4,3.79,3.88,-0.61,,,2.03,,,22.9,,,,122.0905
2023-01-04,,,,,,,,,,,,,4.36,3.69,3.81,-0.67,,,2.07,,,22.01,,,,121.5008
2023-01-05,,,,,,,,,,,,,4.45,3.71,3.78,-0.74,,,2.03,,,22.46,,,,122.1017
2023-01-06,,,,,,,,,,,,,4.24,3.55,3.67,-0.69,,,2.07,-0.244,,21.13,,,,121.0852
2023-01-07,,,,,,,,,,,210000.0,,,,,,,,,,,,,,,
2023-01-09,,,,,,,,,,,,,4.19,3.53,3.66,-0.66,,,2.02,,,21.97,,,,120.1508
2023-01-10,,,,,,,,,,,,,4.24,3.61,3.74,-0.63,,,2.02,,,20.58,,,,120.2483
2023-01-11,,,,,,,,,,,,,4.2,3.54,3.67,-0.66,,,1.99,,,21.09,,,,120.1614
2023-01-12,,,,,,,,,,,,,4.12,3.43,3.56,-0.69,,,1.97,,,18.83,,,,119.4218
2023-01-13,,,,,,,,,,,,,4.22,3.49,3.61,-0.73,,,1.95,-0.268,,18.35,,,,119.1673
2023-01-14,,,,,,,,,,,204000.0,,,,,,,,,,,,,,,
2023-01-16,,,,,,,,,,,,,,,,,,,,,,19.49,,,,
2023-01-17,,,,,,,,,,,,,4.18,3.53,3.64,-0.65,,,1.91,,,19.36,,,,119.2121
2023-01-18,,,,,,,,,,,,,4.06,3.37,3.54,-0.69,,,1.96,,,20.34,,,,119.0755
2023-01-19,,,,,,,,,,,,,4.09,3.39,3.57,-0.7,,,1.99,,,20.52,,,,119.6107
2023-01-20,,,,,,,,,,,,,4.14,3.48,3.66,-0.66,,,1.98,-0.288,,19.85,,,,119.3486
2023-01-21,,,,,,,,,,,204000.0,,,,,,,,,,,,,,,
2023-01-23,,,,,,,,,,,,,4.21,3.52,3.69,-0.69,,,1.96,,,19.81,,,,119.1434
2023-01-24,,,,,,,,,,,,,4.12,3.46,3.62,-0.66,,,1.94,,,19.2,,,,119.0958
2023-01-25,,,,,,,,,,,,,4.11,3.46,3.62,-0.65,,,1.96,,,19.08,,,,118.9686
2023-01-26,,,,,,,,,,,,,4.17,3.49,3.62,-0.68,,,1.91,,,18.73,,,,119.021
2023-01-27,,,,,,,,,,,,,4.19,3.52,3.64,-0.67,,,1.88,-0.305,,18.51,,,,118.9223
2023-01-28,,,,,,,,,,,200000.0,,,,,,,,,,,,,,,
2023-01-30,,,,,,,,,,,,,4.25,3.55,3.66,-0.7,,,1.87,,,19.94,,,,118.8953
2023-01-31,,,,,,,,,,,,,4.21,3.52,3.65,-0.69,,,1.9,,,19.4,,,,118.9802
2023-02-01,,,100.6416,672152.0,301.45,304.123,119.369,117.929,3.6,155066.0,,62.5,4.09,3.39,3.55,-0.7,4.57,,1.91,,66.9,17.87,1395.0,297.583,21240.2,118.6259
2023-02-02,,,,,,,,,,,,,4.09,3.4,3.55,-0.69,,,1.88,,,18.73,,,,118.3421
2023-02-03,,,,,,,,,,,,,4.3,3.53,3.63,-0.77,,,1.83,-0.312,,18.33,,,,119.5095
2023-02-04,,,,,,,,,,,215000.0,,,,,,,,,,,,,,,
2023-02-06,,,,,,,,,,,,,4.44,3.63,3.67,-0.81,,,1.77,,,19.43,,,,120.541
2023-02-07,,,,,,,,,,,,,4.47,3.67,3.72,-0.8,,,1.78,,,18.66,,,,120.3475
2023-02-08,,,,,,,,,,,,,4.45,3.63,3.7,-0.82,,,1.83,,,19.63,,,,120.1436
2023-02-09,,,,,,,,,,,,,4.48,3.67,3.75,-0.81,,,1.84,,,20.71,,,,119.9781
2023-02-10,,,,,,,,,,,,,4.5,3.74,3.83,-0.76,,,1.85,-0.308,,20.53,,,,120.1419
2023-02-11,,,,,,,,,,,220000.0,,,,,,,,,,,,,,,
2023-02-13,,,,,,,,,,,,,4.52,3.72,3.79,-0.8,,,1.84,,,20.34,,,,119.9828
2023-02-14,,,,,,,,,,,,,4.6,3.77,3.81,-0.83,,,1.81,,,18.91,,,,119.9229
2023-02-15,,,,,,,,,,,,,4.62,3.81,3.85,-0.81,,,1.82,,,18.23,,,,120.4557
2023-02-16,,,,,,,,,,,,,4.62,3.86,3.92,-0.76,,,1.84,,,20.17,,,,120.4651
2023-02-17,,,,,,,,,,,,,4.6,3.82,3.88,-0.78,,,1.89,-0.294,,20.02,,,,120.5526
2023-02-18,,,,,,,,,,,217000.0,,,,,,,,,,,,,,,
2023-02-20,,,,,,,,,,,,,,,,,,,,,,21.23,,,,
2023-02-21,,,,,,,,,,,,,4.67,3.95,3.98,-0.72,,,1.87,,,22.87,,,,120.6256
2023-02-22,,,,,,,,,,,,,4.66,3.93,3.94,-0.73,,,1.85,,,22.29,,,,120.8389
2023-02-23,,,,,,,,,,,,,4.66,3.88,3.88,-0.78,,,1.86,,,21.14,,,,121.0896
2023-02-24,,,,,,,,,,,,,4.78,3.95,3.93,-0.83,,,1.86,-0.268,,21.67,,,,121.5681
2023-02-25,,,,,,,,,,,207000.0,,,,,,,,,,,,,,,
2023-02-27,,,,,,,,,,,,,4.78,3.92,3.93,-0.86,,,1.87,,,20.95,,,,121.3941
2023-02-28,,,,,,,,,,,,,4.81,3.92,3.93,-0.89,,,1.9,,,20.7,,,,121.3341
2023-03-01,,,101.0205,665071.0,301.821,305.147,119.538,118.315,3.5,155134.0,,62.6,4.89,4.01,3.97,-0.88,4.65,,1.84,,62.0,20.58,1366.0,298.651,20942.3,120.6347
2023-03-02,,,,,,,,,,,,,4.89,4.08,4.03,-0.81,,,1.82,,,19.59,,,,121.1302
2023-03-03,,,,,,,,,,,,,4.86,3.97,3.9,-0.89,,,1.79,-0.237,,18.49,,,,120.7742
2023-03-04,,,,,,,,,,,230000.0,,,,,,,,,,,,,,,
2023-03-06,,,,,,,,,,,,,4.89,3.98,3.92,-0.91,,,1.79,,,18.61,,,,120.485
2023-03-07,,,,,,,,,,,,,5.0,3.97,3.88,-1.03,,,1.79,,,19.59,,,,121.4623
2023-03-08,,,,,,,,,,,,,5.05,3.98,3.88,-1.07,,,1.79,,,19.11,,,,121.4511
2023-03-09,,,,,,,,,,,,,4.9,3.93,3.88,-0.97,,,1.85,,,22.61,,,,121.4458
2023-03-10,,,,,,,,,,,,,4.6,3.7,3.7,-0.9,,,1.96,-0.205,,24.8,,,,121.2421
2023-03-11,,,,,,,,,,,222000.0,,,,,,,,,,,,,,,
2023-03-13,,,,,,,,,,,,,4.03,3.55,3.7,-0.48,,,2.14,,,26.52,,,,120.8897
2023-03-14,,,,,,,,,,,,,4.2,3.64,3.77,-0.56,,,2.11,,,23.73,,,,121.0141
2023-03-15,,,,,,,,,,,,,3.93,3.51,3.7,-0.42,,,2.22,,,26.14,,,,122.1079
2023-03-16,,,,,,,,,,,,,4.14,3.56,3.71,-0.58,,,2.16,,,22.99,,,,121.7221
2023-03-17,,,,,,,,,,,,,3.81,3.39,3.6,-0.42,,,2.21,-0.174,,25.51,,,,121.5643
2023-03-18,,,,,,,,,,,230000.0,,,,,,,,,,,,,,,
2023-03-20,,,,,,,,,,,,,3.92,3.47,3.65,-0.45,,,2.19,,,24.15,,,,121.0141
2023-03-21,,,,,,,,,,,,,4.17,3.59,3.73,-0.58,,,2.11,,,21.38,,,,120.8958
2023-03-22,,,,,,,,,,,,,3.96,3.48,3.68,-0.48,,,2.16,,,22.26,,,,120.6217
2023-03-23,,,,,,,,,,,,,3.76,3.38,3.66,-0.38,,,2.26,,,22.61,,,,119.7587
2023-03-24,,,,,,,,,,,,,3.76,3.38,3.64,-0.38,,,2.24,-0.155,,21.74,,,,120.4598
2023-03-25,,,,,,,,,,,234000.0,,,,,,,,,,,,,,,
2023-03-27,,,,,,,,,,,,,3.94,3.53,3.77,-0.41,,,2.19,,,20.6,,,,120.2541
2023-03-28,,,,,,,,,,,,,4.02,3.55,3.77,-0.47,,,2.19,,,19.97,,,,119.7138
2023-03-29,,,,,,,,,,,,,4.08,3.57,3.78,-0.51,,,2.15,,,19.12,,,,119.7258
2023-03-30,,,,,,,,,,,,,4.1,3.55,3.74,-0.55,,,2.11,,,19.02,,,,119.4078
2023-03-31,,,,,,,,,,,,,4.06,3.48,3.67,-0.58,,,2.11,-0.151,,18.7,,,,119.3602
2023-04-01,27530.055,22580.499,101.253,670494.0,302.845,306.534,119.951,118.734,3.4,155375.0,217000.0,62.6,,,,,4.83,,,,63.7,,1343.0,300.051,20758.3,
2023-04-03,,,,,,,,,,,,,3.97,3.43,3.64,-0.54,,,2.11,,,18.55,,,,119.3204
2023-04-04,,,,,,,,,,,,,3.84,3.35,3.6,-0.49,,,2.1,,,19.0,,,,119.142
2023-04-05,,,,,,,,,,,,,3.79,3.3,3.56,-0.49,,,2.14,,,19.08,,,,119.2953
2023-04-06,,,,,,,,,,,,,3.82,3.3,3.54,-0.52,,,2.11,,,18.4,,,,119.3072
2023-04-07,,,,,,,,,,,,,3.97,3.39,3.61,-0.58,,,,-0.154,,,,,,119.3547
2023-04-08,,,,,,,,,,,220000.0,,,,,,,,,,,,,,,
2023-04-10,,,,,,,,,,,,,4.0,3.41,3.62,-0.59,,,2.09,,,18.97,,,,119.7948
2023-04-11,,,,,,,,,,,,,4.03,3.43,3.62,-0.6,,,2.05,,,19.1,,,,119.5248
2023-04-12,,,,,,,,,,,,,3.95,3.41,3.64,-0.54,,,2.08,,,19.09,,,,119.003
2023-04-13,,,,,,,,,,,,,3.96,3.45,3.69,-0.51,,,2.07,,,17.8,,,,118.3915
2023-04-14,,,,,,,,,,,,,4.08,3.52,3.74,-0.56,,,2.05,-0.165,,17.07,,,,118.8567
2023-04-15,,,,,,,,,,,223000.0,,,,,,,,,,,,,,,
2023-04-17,,,,,,,,,,,,,4.18,3.6,3.81,-0.58,,,2.02,,,16.95,,,,119.2787
2023-04-18,,,,,,,,,,,,,4.19,3.58,3.79,-0.61,,,2.01,,,16.83,,,,119.1049
2023-04-19,,,,,,,,,,,,,4.24,3.6,3.79,-0.64,,,2.01,,,16.46,,,,119.303
2023-04-20,,,,,,,,,,,,,4.14,3.54,3.75,-0.6,,,2.05,,,17.17,,,,119.1199
2023-04-21,,,,,,,,,,,,,4.17,3.57,3.78,-0.6,,,2.04,-0.178,,16.77,,,,119.3117
2023-04-22,,,,,,,,,,,209000.0,,,,,,,,,,,,,,,
2023-04-24,,,,,,,,,,,,,4.12,3.52,3.73,-0.6,,,2.04,,,16.89,,,,119.2039
2023-04-25,,,,,,,,,,,,,3.86,3.4,3.65,-0.46,,,2.09,,,18.76,,,,119.613
2023-04-26,,,,,,,,,,,,,3.9,3.43,3.7,-0.47,,,2.11,,,18.84,,,,119.3228
2023-04-27,,,,,,,,,,,,,4.07,3.53,3.76,-0.54,,,2.07,,,17.03,,,,119.4298
2023-04-28,,,,,,,,,,,,,4.04,3.44,3.67,-0.6,,,2.08,-0.189,,15.78,,,,119.2248
2023-04-29,,,,,,,,,,,213000.0,,,,,,,,,,,,,,,
2023-05-01,,,100.9286,673902.0,303.334,307.652,120.15,119.083,3.6,155655.0,,62.6,4.14,3.59,3.84,-0.55,5.06,,2.06,,59.0,16.08,1609.0,302.035,20829.6,119.4435
2023-05-02,,,,,,,,,,,,,3.97,3.44,3.72,-0.53,,,2.16,,,17.78,,,,119.6105
2023-05-03,,,,,,,,,,,,,3.89,3.38,3.7,-0.51,,,2.2,,,18.34,,,,119.1233
2023-05-04,,,,,,,,,,,,,3.75,3.37,3.73,-0.38,,,2.24,,,20.09,,,,119.0465
2023-05-05,,,,,,,,,,,,,3.92,3.44,3.76,-0.48,,,2.2,-0.198,,17.19,,,,118.5548
2023-05-06,,,,,,,,,,,223000.0,,,,,,,,,,,,,,,
2023-05-08,,,,,,,,,,,,,4.0,3.52,3.84,-0.48,,,2.2,,,16.98,,,,118.5759
2023-05-09,,,,,,,,,,,,,4.01,3.53,3.85,-0.48,,,2.21,,,17.71,,,,118.8239
2023-05-10,,,,,,,,,,,,,3.9,3.43,3.8,-0.47,,,2.26,,,16.94,,,,118.5864
2023-05-11,,,,,,,,,,,,,3.89,3.39,3.73,-0.5,,,2.25,,,16.93,,,,119.0303
2023-05-12,,,,,,,,,,,,,3.98,3.46,3.78,-0.52,,,2.21,-0.205,,17.03,,,,119.3671
2023-05-13,,,,,,,,,,,225000.0,,,,,,,,,,,,,,,
2023-05-15,,,,,,,,,,,,,3.99,3.5,3.84,-0.49,,,2.27,,,17.12,,,,119.1608
2023-05-16,,,,,,,,,,,,,4.06,3.54,3.87,-0.52,,,2.28,,,17.99,,,,119.1743
2023-05-17,,,,,,,,,,,,,4.12,3.57,3.88,-0.55,,,2.26,,,16.87,,,,119.607
2023-05-18,,,,,,,,,,,,,4.24,3.65,3.91,-0.59,,,2.2,,,16.05,,,,120.0886
2023-05-19,,,,,,,,,,,,,4.28,3.7,3.95,-0.58,,,2.18,-0.209,,16.81,,,,119.7751
2023-05-20,,,,,,,,,,,227000.0,,,,,,,,,,,,,,,
2023-05-22,,,,,,,,,,,,,4.29,3.72,3.97,-0.57,,,2.19,,,17.21,,,,120.0875
2023-05-23,,,,,,,,,,,,,4.26,3.7,3.96,-0.56,,,2.19,,,18.53,,,,120.3204
2023-05-24,,,,,,,,,,,,,4.31,3.73,3.97,-0.58,,,2.18,,,20.03,,,,120.4752
2023-05-25,,,,,,,,,,,,,4.5,3.83,4.01,-0.67,,,2.1,,,19.14,,,,120.8413
2023-05-26,,,,,,,,,,,,,4.54,3.8,3.96,-0.74,,,2.1,-0.211,,17.95,,,,120.6304
2023-05-27,,,,,,,,,,,229000.0,,,,,,,,,,,,,,,
2023-05-29,,,,,,,,,,,,,,,,,,,,,,17.46,,,,
2023-05-30,,,,,,,,,,,,,4.46,3.69,3.9,-0.77,,,2.14,,,17.46,,,,120.5546
2023-05-31,,,,,,,,,,,,,4.4,3.64,3.85,-0.76,,,2.16,,,17.94,,,,120.9662
2023-06-01,,,100.1196,677117.0,304.014,308.322,120.469,119.39,3.6,155880.0,,62.6,4.33,3.61,3.84,-0.72,5.08,,2.15,,64.2,15.65,1420.0,304.168,20798.9,120.0491
2023-06-02,,,,,,,,,,,,,4.5,3.69,3.88,-0.81,,,2.11,-0.213,,14.6,,,,120.0049
2023-06-03,,,,,,,,,,,252000.0,,,,,,,,,,,,,,,
2023-06-05,,,,,,,,,,,,,4.46,3.69,3.89,-0.77,,,2.1,,,14.73,,,,120.0048
2023-06-06,,,,,,,,,,,,,4.51,3.7,3.87,-0.81,,,2.08,,,13.96,,,,119.9718
2023-06-07,,,,,,,,,,,,,4.56,3.79,3.95,-0.77,,,2.06,,,13.94,,,,119.859
2023-06-08,,,,,,,,,,,,,4.52,3.73,3.89,-0.79,,,2.07,,,13.65,,,,119.5712
2023-06-09,,,,,,,,,,,,,4.59,3.75,3.89,-0.84,,,2.05,-0.214,,13.83,,,,119.4322
2023-06-10,,,,,,,,,,,256000.0,,,,,,,,,,,,,,,
2023-06-12,,,,,,,,,,,,,4.55,3.73,3.87,-0.82,,,2.1,,,15.01,,,,119.6376
2023-06-13,,,,,,,,,,,,,4.67,3.84,3.94,-0.83,,,2.0,,,14.61,,,,119.1899
2023-06-14,,,,,,,,,,,,,4.74,3.83,3.9,-0.91,,,1.94,,,13.88,,,,118.776
2023-06-15,,,,,,,,,,,,,4.62,3.72,3.85,-0.9,,,2.02,,,14.5,,,,118.5521
2023-06-16,,,,,,,,,,,,,4.7,3.77,3.86,-0.93,,,1.96,-0.216,,13.54,,,,118.4184
2023-06-17,,,,,,,,,,,259000.0,,,,,,,,,,,,,,,
2023-06-19,,,,,,,,,,,,,,,,,,,,,,14.19,,,,
2023-06-20,,,,,,,,,,,,,4.68,3.74,3.83,-0.94,,,1.95,,,13.88,,,,118.938
2023-06-21,,,,,,,,,,,,,4.68,3.72,3.81,-0.96,,,1.96,,,13.2,,,,118.727
2023-06-22,,,,,,,,,,,,,4.77,3.8,3.88,-0.97,,,1.94,,,12.91,,,,118.7552
2023-06-23,,,,,,,,,,,,,4.71,3.74,3.82,-0.97,,,1.96,-0.22,,13.44,,,,119.152
2023-06-24,,,,,,,,,,,236000.0,,,,,,,,,,,,,,,
2023-06-26,,,,,,,,,,,,,4.65,3.72,3.83,-0.93,,,1.98,,,14.25,,,,119.0761
2023-06-27,,,,,,,,,,,,,4.74,3.77,3.84,-0.97,,,1.94,,,13.74,,,,118.8949
2023-06-28,,,,,,,,,,,,,4.71,3.71,3.81,-1.0,,,1.96,,,13.43,,,,119.3382
2023-06-29,,,,,,,,,,,,,4.87,3.85,3.92,-1.02,,,1.92,,,13.54,,,,119.527
2023-06-30,,,,,,,,,,,,,4.87,3.81,3.85,-1.06,,,1.88,-0.226,,13.59,,,,119.3606
2023-07-01,28074.846,22840.989,100.9067,678424.0,304.609,308.96,120.607,119.556,3.5,156043.0,248000.0,62.6,,,,,5.12,,,,71.5,,1464.0,306.553,20792.2,
2023-07-03,,,,,,,,,,,,,4.94,3.86,3.87,-1.08,,,1.85,,,13.57,,,,119.2119
2023-07-04,,,,,,,,,,,,,,,,,,,,,,13.7,,,,
2023-07-05,,,,,,,,,,,,,4.94,3.95,3.95,-0.99,,,1.83,,,14.18,,,,119.3483
2023-07-06,,,,,,,,,,,,,4.99,4.05,4.01,-0.94,,,1.8,,,15.44,,,,119.8193
2023-07-07,,,,,,,,,,,,,4.94,4.06,4.05,-0.88,,,1.81,-0.235,,14.83,,,,119.0761
2023-07-08,,,,,,,,,,,230000.0,,,,,,,,,,,,,,,
2023-07-10,,,,,,,,,,,,,4.85,4.01,4.05,-0.84,,,1.86,,,15.07,,,,118.9548
2023-07-11,,,,,,,,,,,,,4.88,3.99,4.03,-0.89,,,1.84,,,14.84,,,,118.7344
2023-07-12,,,,,,,,,,,,,4.72,3.86,3.96,-0.86,,,1.88,,,13.54,,,,117.6385
2023-07-13,,,,,,,,,,,,,4.59,3.76,3.9,-0.83,,,1.91,,,13.61,,,,117.1831
2023-07-14,,,,,,,,,,,,,4.74,3.83,3.93,-0.91,,,1.87,-0.248,,13.34,,,,117.0463
2023-07-15,,,,,,,,,,,229000.0,,,,,,,,,,,,,,,
2023-07-17,,,,,,,,,,,,,4.74,3.81,3.94,-0.93,,,1.9,,,13.48,,,,117.1267
2023-07-18,,,,,,,,,,,,,4.74,3.8,3.91,-0.94,,,1.89,,,13.3,,,,117.0264
2023-07-19,,,,,,,,,,,,,4.74,3.75,3.84,-0.99,,,1.87,,,13.76,,,,117.3462
2023-07-20,,,,,,,,,,,,,4.8,3.85,3.91,-0.95,,,1.85,,,13.99,,,,117.5947
2023-07-21,,,,,,,,,,,,,4.82,3.84,3.91,-0.98,,,1.85,-0.262,,13.6,,,,117.9418
2023-07-22,,,,,,,,,,,231000.0,,,,,,,,,,,,,,,
2023-07-24,,,,,,,,,,,,,4.81,3.86,3.92,-0.95,,,1.84,,,13.91,,,,117.8124
2023-07-25,,,,,,,,,,,,,4.85,3.91,3.95,-0.94,,,1.81,,,13.86,,,,117.8565
2023-07-26,,,,,,,,,,,,,4.82,3.86,3.94,-0.96,,,1.83,,,13.19,,,,117.76
2023-07-27,,,,,,,,,,,,,4.91,4.01,4.06,-0.9,,,1.78,,,14.41,,,,117.8938
2023-07-28,,,,,,,,,,,,,4.87,3.96,4.03,-0.91,,,1.8,-0.278,,13.33,,,,117.788
2023-07-29,,,,,,,,,,,238000.0,,,,,,,,,,,,,,,
2023-07-31,,,,,,,,,,,,,4.88,3.97,4.02,-0.91,,,1.77,,,13.63,,,,117.8241
2023-08-01,,,100.8393,684755.0,306.082,309.58,120.97,119.689,3.7,156261.0,,62.8,4.92,4.05,4.11,-0.87,5.33,,1.77,,69.4,13.93,1321.0,309.18,20782.0,118.5738
2023-08-02,,,,,,,,,,,,,4.88,4.08,4.17,-0.8,,,1.82,,,16.09,,,,119.1268
2023-08-03,,,,,,,,,,,,,4.9,4.2,4.32,-0.7,,,1.84,,,15.92,,,,119.3963
2023-08-04,,,,,,,,,,,,,4.78,4.05,4.21,-0.73,,,1.9,-0.295,,17.1,,,,118.821
2023-08-05,,,,,,,,,,,258000.0,,,,,,,,,,,,,,,
2023-08-07,,,,,,,,,,,,,4.76,4.09,4.27,-0.67,,3.97,1.9,,,15.77,,,,119.0809
2023-08-08,,,,,,,,,,,,,4.74,4.02,4.2,-0.72,,4.0,1.93,,,15.99,,,,119.6407
2023-08-09,,,,,,,,,,,,,4.79,4.0,4.18,-0.79,,3.94,1.92,,,15.96,,,,119.476
2023-08-10,,,,,,,,,,,,,4.82,4.09,4.24,-0.73,,3.83,1.89,,,15.85,,,,119.1581
2023-08-11,,,,,,,,,,,,,4.89,4.16,4.27,-0.73,,3.83,1.87,-0.311,,14.84,,,,119.6268
2023-08-12,,,,,,,,,,,248000.0,,,,,,,,,,,,,,,
2023-08-14,,,,,,,,,,,,,4.96,4.19,4.29,-0.77,,3.79,1.84,,,14.82,,,,120.0725
2023-08-15,,,,,,,,,,,,,4.92,4.21,4.32,-0.71,,3.85,1.86,,,16.46,,,,120.2127
2023-08-16,,,,,,,,,,,,,4.97,4.28,4.38,-0.69,,3.81,1.84,,,16.78,,,,120.3551
2023-08-17,,,,,,,,,,,,,4.94,4.3,4.41,-0.64,,3.95,1.87,,,17.89,,,,120.5242
2023-08-18,,,,,,,,,,,,,4.92,4.26,4.38,-0.66,,4.02,1.89,-0.323,,17.3,,,,120.4321
2023-08-19,,,,,,,,,,,240000.0,,,,,,,,,,,,,,,
2023-08-21,,,,,,,,,,,,,4.97,4.34,4.45,-0.63,,3.97,1.88,,,17.13,,,,120.4627
2023-08-22,,,,,,,,,,,,,5.02,4.34,4.42,-0.68,,3.93,1.82,,,16.97,,,,120.3554
2023-08-23,,,,,,,,,,,,,4.95,4.19,4.27,-0.76,,3.92,1.83,,,15.98,,,,120.0307
2023-08-24,,,,,,,,,,,,,4.98,4.23,4.3,-0.75,,3.91,1.8,,,17.2,,,,120.2354
2023-08-25,,,,,,,,,,,,,5.03,4.25,4.3,-0.78,,3.9,1.76,-0.332,,15.68,,,,120.5137
2023-08-26,,,,,,,,,,,234000.0,,,,,,,,,,,,,,,
2023-08-28,,,,,,,,,,,,,4.98,4.2,4.29,-0.78,,3.86,1.82,,,15.08,,,,120.3155
2023-08-29,,,,,,,,,,,,,4.87,4.12,4.23,-0.75,,3.87,1.84,,,14.45,,,,120.2669
2023-08-30,,,,,,,,,,,,,4.9,4.12,4.23,-0.78,,3.8,1.82,,,13.88,,,,119.7937
2023-08-31,,,,,,,,,,,,,4.85,4.09,4.2,-0.76,,3.85,1.83,,,13.57,,,,120.225
2023-09-01,,,101.0211,689403.0,307.276,310.539,121.419,120.058,3.7,156417.0,,62.7,4.87,4.18,4.29,-0.69,5.33,3.81,1.82,-0.337,67.8,13.09,1369.0,311.298,20753.6,120.759
2023-09-02,,,,,,,,,,,225000.0,,,,,,,,,,,,,,,
2023-09-04,,,,,,,,,,,,,,,,,,3.81,,,,13.82,,,,
2023-09-05,,,,,,,,,,,,,4.94,4.27,4.38,-0.67,,3.83,1.84,,,14.01,,,,121.4345
2023-09-06,,,,,,,,,,,,,5.01,4.3,4.37,-0.71,,3.86,1.79,,,14.45,,,,121.8671
2023-09-07,,,,,,,,,,,,,4.94,4.27,4.36,-0.67,,3.9,1.81,,,14.4,,,,121.9528
2023-09-08,,,,,,,,,,,,,4.98,4.26,4.33,-0.72,,3.85,1.79,-0.336,,13.84,,,,121.9475
2023-09-09,,,,,,,,,,,225000.0,,,,,,,,,,,,,,,
2023-09-11,,,,,,,,,,,,,4.97,4.29,4.37,-0.68,,3.82,1.8,,,13.8,,,,121.3386
2023-09-12,,,,,,,,,,,,,4.98,4.27,4.35,-0.71,,3.84,1.79,,,14.23,,,,121.2913
2023-09-13,,,,,,,,,,,,,4.96,4.25,4.34,-0.71,,3.85,1.81,,,13.48,,,,121.0549
2023-09-14,,,,,,,,,,,,,5.0,4.29,4.39,-0.71,,3.78,1.8,,,12.82,,,,121.2395
2023-09-15,,,,,,,,,,,,,5.02,4.33,4.42,-0.69,,3.79,1.78,-0.332,,13.79,,,,121.199
2023-09-16,,,,,,,,,,,211000.0,,,,,,,,,,,,,,,
2023-09-18,,,,,,,,,,,,,5.05,4.32,4.4,-0.73,,3.82,1.77,,,14.0,,,,121.1938
2023-09-19,,,,,,,,,,,,,5.08,4.37,4.43,-0.71,,3.82,1.75,,,14.11,,,,121.1645
2023-09-20,,,,,,,,,,,,,5.12,4.35,4.4,-0.77,,3.77,1.73,,,15.14,,,,120.9648
2023-09-21,,,,,,,,,,,,,5.12,4.49,4.56,-0.63,,3.89,1.66,,,17.54,,,,121.5528
2023-09-22,,,,,,,,,,,,,5.1,4.44,4.53,-0.66,,3.93,1.73,-0.323,,17.2,,,,121.5306
2023-09-23,,,,,,,,,,,216000.0,,,,,,,,,,,,,,,
2023-09-25,,,,,,,,,,,,,5.09,4.55,4.67,-0.54,,3.97,1.75,,,16.9,,,,122.1143
2023-09-26,,,,,,,,,,,,,5.04,4.56,4.7,-0.48,,4.04,1.77,,,18.94,,,,122.4742
2023-09-27,,,,,,,,,,,,,5.1,4.61,4.73,-0.49,,4.03,1.77,,,18.22,,,,122.9895
2023-09-28,,,,,,,,,,,,,5.04,4.59,4.71,-0.45,,4.09,1.8,,,17.34,,,,122.5342
2023-09-29,,,,,,,,,,,,,5.03,4.59,4.73,-0.44,,4.03,1.78,-0.31,,17.52,,,,122.3077
2023-09-30,,,,,,,,,,,216000.0,,,,,,,4.03,,,,,,,,
2023-10-01,28424.722,23033.78,100.4689,686148.0,307.696,311.457,121.484,120.241,3.9,156576.0,,62.6,,,,,5.33,,,,63.8,,1380.0,313.231,20737.5,
2023-10-02,,,,,,,,,,,,,5.12,4.69,4.81,-0.43,,4.11,1.78,,,17.61,,,,123.0545
2023-10-03,,,,,,,,,,,,,5.15,4.81,4.95,-0.34,,4.26,1.82,,,19.78,,,,123.7848
2023-10-04,,,,,,,,,,,,,5.05,4.73,4.87,-0.32,,4.37,1.83,,,18.58,,,,123.5946
2023-10-05,,,,,,,,,,,,,5.03,4.72,4.89,-0.31,,4.38,1.85,,,18.49,,,,123.8993
2023-10-06,,,,,,,,,,,,,5.08,4.78,4.95,-0.3,,4.33,1.84,-0.299,,17.45,,,,123.3563
2023-10-07,,,,,,,,,,,210000.0,,,,,,,,,,,,,,,
2023-10-09,,,,,,,,,,,,,,,,,,4.34,,,,17.7,,,,
2023-10-10,,,,,,,,,,,,,4.96,4.66,4.85,-0.3,,4.26,1.83,,,17.03,,,,122.9282
2023-10-11,,,,,,,,,,,,,4.99,4.58,4.73,-0.41,,4.25,1.82,,,16.09,,,,122.7697
2023-10-12,,,,,,,,,,,,,5.06,4.7,4.86,-0.36,,4.25,1.83,,,16.69,,,,123.2101
2023-10-13,,,,,,,,,,,,,5.04,4.63,4.78,-0.41,,4.3,1.82,-0.29,,19.32,,,,123.5954
2023-10-14,,,,,,,,,,,200000.0,,,,,,,,,,,,,,,
2023-10-16,,,,,,,,,,,,,5.09,4.71,4.87,-0.38,,4.27,1.83,,,17.21,,,,123.3185
2023-10-17,,,,,,,,,,,,,5.19,4.83,4.94,-0.36,,4.25,1.8,,,17.88,,,,123.1202
2023-10-18,,,,,,,,,,,,,5.19,4.91,5.0,-0.28,,4.32,1.78,,,19.22,,,,123.8148
2023-10-19,,,,,,,,,,,,,5.14,4.98,5.11,-0.16,,4.37,1.82,,,21.4,,,,123.798
2023-10-20,,,,,,,,,,,,,5.07,4.93,5.09,-0.14,,4.52,1.88,-0.284,,21.71,,,,123.612
2023-10-21,,,,,,,,,,,214000.0,,,,,,,,,,,,,,,
2023-10-23,,,,,,,,,,,,,5.05,4.86,5.01,-0.19,,4.51,1.85,,,20.37,,,,123.2846
2023-10-24,,,,,,,,,,,,,5.02,4.83,4.96,-0.19,,4.41,1.84,,,18.97,,,,123.6416
2023-10-25,,,,,,,,,,,,,5.08,4.95,5.09,-0.13,,4.37,1.83,,,20.19,,,,123.7871
2023-10-26,,,,,,,,,,,,,5.02,4.86,5.01,-0.16,,4.5,1.82,,,20.68,,,,124.0064
2023-10-27,,,,,,,,,,,,,4.99,4.84,5.03,-0.15,,4.53,1.88,-0.283,,21.27,,,,123.62
2023-10-28,,,,,,,,,,,217000.0,,,,,,,,,,,,,,,
2023-10-30,,,,,,,,,,,,,5.03,4.88,5.04,-0.15,,4.5,1.86,,,19.75,,,,123.4076
2023-10-31,,,,,,,,,,,,,5.07,4.88,5.04,-0.19,,4.42,1.85,,,18.14,,,,123.8364
2023-11-01,,,100.8639,685328.0,308.148,312.392,121.493,120.374,3.7,156703.0,,62.8,4.95,4.77,4.96,-0.18,5.33,4.47,1.91,,61.3,16.87,1522.0,314.064,20749.7,123.7922
2023-11-02,,,,,,,,,,,,,4.98,4.67,4.82,-0.31,,4.15,1.84,,,15.66,,,,122.8818
2023-11-03,,,,,,,,,,,,,4.83,4.57,4.77,-0.26,,4.04,1.86,-0.288,,14.91,,,,121.7564
2023-11-04,,,,,,,,,,,216000.0,,,,,,,,,,,,,,,
2023-11-06,,,,,,,,,,,,,4.93,4.67,4.84,-0.26,,4.0,1.84,,,14.89,,,,121.6484
2023-11-07,,,,,,,,,,,,,4.91,4.58,4.75,-0.33,,4.08,1.83,,,14.81,,,,122.0777
2023-11-08,,,,,,,,,,,,,4.93,4.49,4.64,-0.44,,4.08,1.84,,,14.45,,,,122.0926
2023-11-09,,,,,,,,,,,,,5.03,4.62,4.77,-0.41,,4.04,1.83,,,15.29,,,,122.1281
2023-11-10,,,,,,,,,,,,,5.04,4.61,4.73,-0.43,,4.03,1.8,-0.297,,14.17,,,,
2023-11-11,,,,,,,,,,,230000.0,,,,,,,,,,,,,,,
2023-11-13,,,,,,,,,,,,,5.02,4.63,4.75,-0.39,,4.03,1.79,,,14.76,,,,122.4264
2023-11-14,,,,,,,,,,,,,4.8,4.44,4.61,-0.36,,3.92,1.83,,,14.16,,,,121.35
2023-11-15,,,,,,,,,,,,,4.9,4.53,4.68,-0.37,,3.89,1.8,,,14.18,,,,121.0749
2023-11-16,,,,,,,,,,,,,4.83,4.45,4.63,-0.38,,4.02,1.81,,,14.32,,,,121.1754
2023-11-17,,,,,,,,,,,,,4.88,4.44,4.59,-0.44,,3.99,1.78,-0.308,,13.8,,,,120.8477
2023-11-18,,,,,,,,,,,213000.0,,,,,,,,,,,,,,,
2023-11-20,,,,,,,,,,,,,4.89,4.42,4.57,-0.47,,3.92,1.76,,,13.41,,,,120.2533
2023-11-21,,,,,,,,,,,,,4.86,4.41,4.57,-0.45,,3.95,1.77,,,13.35,,,,120.2241
2023-11-22,,,,,,,,,,,,,4.89,4.42,4.55,-0.47,,3.9,1.71,,,12.85,,,,120.6802
2023-11-23,,,,,,,,,,,,,,,,,,3.9,,,,12.8,,,,
2023-11-24,,,,,,,,,,,,,4.92,4.47,4.6,-0.45,,3.85,1.72,-0.319,,12.46,,,,120.2105
2023-11-25,,,,,,,,,,,213000.0,,,,,,,,,,,,,,,
2023-11-27,,,,,,,,,,,,,4.84,4.39,4.53,-0.45,,3.89,1.71,,,12.69,,,,120.173
2023-11-28,,,,,,,,,,,,,4.73,4.34,4.52,-0.39,,3.9,1.75,,,12.69,,,,119.5904
2023-11-29,,,,,,,,,,,,,4.64,4.27,4.44,-0.37,,3.8,1.72,,,12.98,,,,119.8159
2023-11-30,,,,,,,,,,,,,4.73,4.37,4.54,-0.36,,3.84,1.67,,,12.92,,,,120.2434
2023-12-01,,,100.6031,686277.0,308.741,313.195,121.66,120.592,3.8,156857.0,,62.5,4.56,4.22,4.4,-0.34,5.33,3.87,1.71,-0.329,69.7,12.63,1504.0,314.831,20779.9,119.9424
2023-12-02,,,,,,,,,,,215000.0,,,,,,,,,,,,,,,
2023-12-04,,,,,,,,,,,,,4.64,4.28,4.43,-0.36,,3.8,1.67,,,13.08,,,,120.4727
2023-12-05,,,,,,,,,,,,,4.57,4.18,4.3,-0.39,,3.8,1.65,,,12.85,,,,120.7913
2023-12-06,,,,,,,,,,,,,4.6,4.12,4.22,-0.48,,3.79,1.63,,,12.97,,,,120.5334
2023-12-07,,,,,,,,,,,,,4.58,4.14,4.25,-0.44,,3.77,1.63,,,13.06,,,,120.6013
2023-12-08,,,,,,,,,,,,,4.71,4.23,4.31,-0.48,,3.75,1.61,-0.338,,12.35,,,,120.7607
2023-12-09,,,,,,,,,,,203000.0,,,,,,,,,,,,,,,
2023-12-11,,,,,,,,,,,,,4.71,4.23,4.32,-0.48,,3.79,1.61,,,12.63,,,,120.9279
2023-12-12,,,,,,,,,,,,,4.73,4.2,4.3,-0.53,,3.76,1.6,,,12.07,,,,120.6817
2023-12-13,,,,,,,,,,,,,4.46,4.04,4.19,-0.42,,3.79,1.61,,,12.19,,,,121.1571
2023-12-14,,,,,,,,,,,,,4.37,3.92,4.03,-0.45,,3.47,1.57,,,12.48,,,,119.5683
2023-12-15,,,,,,,,,,,,,4.44,3.91,4.0,-0.53,,3.51,1.57,-0.347,,12.28,,,,119.7382
2023-12-16,,,,,,,,,,,209000.0,,,,,,,,,,,,,,,
2023-12-18,,,,,,,,,,,,,4.43,3.95,4.05,-0.48,,3.51,1.58,,,12.56,,,,119.9102
2023-12-19,,,,,,,,,,,,,4.41,3.93,4.03,-0.48,,3.46,1.57,,,12.53,,,,119.4632
2023-12-20,,,,,,,,,,,,,4.34,3.86,3.98,-0.48,,3.43,1.63,,,13.67,,,,119.5435
2023-12-21,,,,,,,,,,,,,4.33,3.89,4.03,-0.44,,3.41,1.64,,,13.65,,,,119.3168
2023-12-22,,,,,,,,,,,,,4.31,3.9,4.05,-0.41,,3.39,1.65,-0.356,,13.03,,,,119.0625
2023-12-23,,,,,,,,,,,212000.0,,,,,,,,,,,,,,,
2023-12-25,,,,,,,,,,,,,,,,,,,,,,,,,,
2023-12-26,,,,,,,,,,,,,4.26,3.89,4.04,-0.37,,3.37,1.64,,,12.99,,,,118.8875
2023-12-27,,,,,,,,,,,,,4.2,3.79,3.95,-0.41,,3.34,1.64,,,12.43,,,,118.4729
2023-12-28,,,,,,,,,,,,,4.26,3.84,3.98,-0.42,,3.32,1.62,,,12.47,,,,118.4104
2023-12-29,,,,,,,,,,,,,4.23,3.88,4.03,-0.35,,3.34,1.61,-0.364,,12.45,,,,118.4208
2023-12-30,,,,,,,,,,,200000.0,,,,,,,,,,,,,,,
2023-12-31,,,,,,,,,,,,,,,,,,3.39,,,,,,,,
2024-01-01,28708.161,23082.119,99.2223,680456.0,309.698,314.319,122.23,121.217,3.7,157032.0,,62.5,,,,,5.33,,,,79.0,,1378.0,315.801,20835.5,
2024-01-02,,,,,,,,,,,,,4.33,3.95,4.08,-0.38,,3.54,1.62,,,13.2,,,,119.2686
2024-01-03,,,,,,,,,,,,,4.33,3.91,4.05,-0.42,,3.71,1.66,,,14.04,,,,119.6958
2024-01-04,,,,,,,,,,,,,4.38,3.99,4.13,-0.39,,3.69,1.65,,,14.13,,,,119.6208
2024-01-05,,,,,,,,,,,,,4.4,4.05,4.21,-0.35,,3.68,1.65,-0.373,,13.35,,,,119.388
2024-01-06,,,,,,,,,,,201000.0,,,,,,,,,,,,,,,
2024-01-08,,,,,,,,,,,,,4.36,4.01,4.17,-0.35,,3.63,1.65,,,13.08,,,,119.2506
2024-01-09,,,,,,,,,,,,,4.36,4.02,4.18,-0.34,,3.59,1.63,,,12.76,,,,119.6666
2024-01-10,,,,,,,,,,,,,4.37,4.04,4.2,-0.33,,3.5,1.59,,,12.69,,,,119.7614
2024-01-11,,,,,,,,,,,,,4.26,3.98,4.18,-0.28,,3.55,1.63,,,12.44,,,,119.8916
2024-01-12,,,,,,,,,,,,,4.14,3.96,4.2,-0.18,,3.56,1.64,-0.381,,12.7,,,,119.534
2024-01-13,,,,,,,,,,,195000.0,,,,,,,,,,,,,,,
2024-01-15,,,,,,,,,,,,,,,,,,3.54,,,,13.25,,,,
2024-01-16,,,,,,,,,,,,,4.22,4.07,4.3,-0.15,,3.58,1.65,,,13.84,,,,120.5759
2024-01-17,,,,,,,,,,,,,4.34,4.1,4.31,-0.24,,3.62,1.63,,,14.79,,,,121.0402
2024-01-18,,,,,,,,,,,,,4.34,4.14,4.37,-0.2,,3.58,1.62,,,14.13,,,,120.8895
2024-01-19,,,,,,,,,,,,,4.39,4.15,4.36,-0.24,,3.54,1.59,-0.388,,13.3,,,,120.6442
2024-01-20,,,,,,,,,,,224000.0,,,,,,,,,,,,,,,
2024-01-22,,,,,,,,,,,,,4.37,4.11,4.32,-0.26,,3.49,1.59,,,13.19,,,,120.6178
2024-01-23,,,,,,,,,,,,,4.31,4.14,4.38,-0.17,,3.51,1.62,,,12.55,,,,121.1001
2024-01-24,,,,,,,,,,,,,4.34,4.18,4.41,-0.16,,3.44,1.61,,,13.14,,,,120.4916
2024-01-25,,,,,,,,,,,,,4.28,4.14,4.38,-0.14,,3.45,1.6,,,13.45,,,,120.8311
2024-01-26,,,,,,,,,,,,,4.34,4.15,4.38,-0.19,,3.39,1.58,-0.394,,13.26,,,,120.6173
2024-01-27,,,,,,,,,,,226000.0,,,,,,,,,,,,,,,
2024-01-29,,,,,,,,,,,,,4.29,4.08,4.31,-0.21,,3.41,1.6,,,13.6,,,,120.8538
2024-01-30,,,,,,,,,,,,,4.36,4.06,4.28,-0.3,,3.42,1.58,,,13.31,,,,120.6025
2024-01-31,,,,,,,,,,,,,4.27,3.99,4.22,-0.28,,3.59,1.61,,,14.35,,,,120.4331
2024-02-01,,,100.285,685280.0,310.967,315.564,122.598,121.537,3.9,157238.0,,62.6,4.2,3.87,4.1,-0.33,5.33,3.56,1.63,,76.9,13.88,1555.0,317.005,20921.7,120.3335
2024-02-02,,,,,,,,,,,,,4.36,4.03,4.22,-0.33,,3.47,1.59,-0.401,,13.85,,,,120.902
2024-02-03,,,,,,,,,,,213000.0,,,,,,,,,,,,,,,
2024-02-05,,,,,,,,,,,,,4.46,4.17,4.35,-0.29,,3.5,1.56,,,13.67,,,,121.349
2024-02-06,,,,,,,,,,,,,4.39,4.09,4.29,-0.3,,3.52,1.58,,,13.06,,,,120.9588
2024-02-07,,,,,,,,,,,,,4.41,4.09,4.31,-0.32,,3.43,1.6,,,12.83,,,,120.9049
2024-02-08,,,,,,,,,,,,,4.46,4.15,4.36,-0.31,,3.38,1.6,,,12.79,,,,121.0798
2024-02-09,,,,,,,,,,,,,4.48,4.17,4.37,-0.31,,3.33,1.59,-0.408,,12.93,,,,121.039
2024-02-10,,,,,,,,,,,213000.0,,,,,,,,,,,,,,,
2024-02-12,,,,,,,,,,,,,4.46,4.17,4.37,-0.29,,3.35,1.58,,,13.93,,,,120.9378
2024-02-13,,,,,,,,,,,,,4.64,4.31,4.46,-0.33,,3.36,1.54,,,15.85,,,,121.5202
2024-02-14,,,,,,,,,,,,,4.56,4.27,4.45,-0.29,,3.38,1.56,,,14.38,,,,121.4002
2024-02-15,,,,,,,,,,,,,4.56,4.24,4.42,-0.32,,3.35,1.57,,,14.01,,,,121.2121
2024-02-16,,,,,,,,,,,,,4.64,4.3,4.45,-0.34,,3.34,1.53,-0.416,,14.24,,,,121.1505
2024-02-17,,,,,,,,,,,202000.0,,,,,,,,,,,,,,,
2024-02-19,,,,,,,,,,,,,,,,,,3.34,,,,14.71,,,,
2024-02-20,,,,,,,,,,,,,4.59,4.27,4.44,-0.32,,3.37,1.56,,,15.42,,,,121.0199
2024-02-21,,,,,,,,,,,,,4.64,4.32,4.49,-0.32,,3.34,1.54,,,15.34,,,,121.0379
2024-02-22,,,,,,,,,,,,,4.69,4.33,4.47,-0.36,,3.22,1.49,,,14.54,,,,121.102
2024-02-23,,,,,,,,,,,,,4.67,4.26,4.37,-0.41,,3.23,1.49,-0.424,,13.75,,,,121.0369
2024-02-24,,,,,,,,,,,212000.0,,,,,,,,,,,,,,,
2024-02-26,,,,,,,,,,,,,4.69,4.28,4.4,-0.41,,3.23,1.53,,,13.74,,,,121.0592
2024-02-27,,,,,,,,,,,,,4.7,4.31,4.44,-0.39,,3.26,1.53,,,13.43,,,,120.9647
2024-02-28,,,,,,,,,,,,,4.64,4.27,4.4,-0.37,,3.31,1.55,,,13.84,,,,121.128
2024-02-29,,,,,,,,,,,,,4.64,4.25,4.38,-0.39,,3.29,1.55,,,13.4,,,,121.1824
2024-03-01,,,100.4575,687641.0,312.345,316.792,123.038,122.009,3.9,157466.0,,62.7,4.54,4.19,4.33,-0.35,5.33,3.32,1.57,-0.431,79.4,13.11,1297.0,318.094,20965.9,121.0111
2024-03-02,,,,,,,,,,,213000.0,,,,,,,,,,,,,,,
2024-03-04,,,,,,,,,,,,,4.61,4.22,4.36,-0.39,,3.26,1.57,,,13.49,,,,120.872
2024-03-05,,,,,,,,,,,,,4.54,4.13,4.27,-0.41,,3.31,1.59,,,14.46,,,,120.8846
2024-03-06,,,,,,,,,,,,,4.55,4.11,4.24,-0.44,,3.27,1.57,,,14.5,,,,120.4649
2024-03-07,,,,,,,,,,,,,4.5,4.09,4.25,-0.41,,3.27,1.59,,,14.44,,,,120.1909
2024-03-08,,,,,,,,,,,,,4.48,4.09,4.26,-0.39,,3.26,1.59,-0.434,,14.74,,,,119.975
2024-03-09,,,,,,,,,,,213000.0,,,,,,,,,,,,,,,
2024-03-11,,,,,,,,,,,,,4.51,4.1,4.26,-0.41,,3.26,1.59,,,15.22,,,,120.0394
2024-03-12,,,,,,,,,,,,,4.58,4.16,4.31,-0.42,,3.2,1.55,,,13.84,,,,120.1668
2024-03-13,,,,,,,,,,,,,4.61,4.19,4.35,-0.42,,3.15,1.55,,,13.75,,,,119.9642
2024-03-14,,,,,,,,,,,,,4.68,4.29,4.44,-0.39,,3.15,1.53,,,14.4,,,,120.241
2024-03-15,,,,,,,,,,,,,4.72,4.31,4.43,-0.41,,3.16,1.49,-0.436,,14.41,,,,120.4003
2024-03-16,,,,,,,,,,,213000.0,,,,,,,,,,,,,,,
2024-03-18,,,,,,,,,,,,,4.73,4.34,4.46,-0.39,,3.13,1.49,,,14.33,,,,120.5752
2024-03-19,,,,,,,,,,,,,4.68,4.3,4.44,-0.38,,3.1,1.5,,,13.82,,,,120.9332
2024-03-20,,,,,,,,,,,,,4.59,4.27,4.45,-0.32,,3.14,1.56,,,13.04,,,,120.9289
2024-03-21,,,,,,,,,,,,,4.62,4.27,4.44,-0.35,,3.05,1.53,,,12.92,,,,120.8086
2024-03-22,,,,,,,,,,,,,4.59,4.22,4.39,-0.37,,3.08,1.53,-0.434,,13.06,,,,121.1842
2024-03-23,,,,,,,,,,,214000.0,,,,,,,,,,,,,,,
2024-03-25,,,,,,,,,,,,,4.54,4.25,4.42,-0.29,,3.11,1.53,,,13.19,,,,121.0295
2024-03-26,,,,,,,,,,,,,4.56,4.24,4.4,-0.32,,3.15,1.53,,,13.24,,,,121.0742
2024-03-27,,,,,,,,,,,,,4.54,4.2,4.36,-0.34,,3.15,1.54,,,12.78,,,,121.0089
2024-03-28,,,,,,,,,,,,,4.59,4.2,4.34,-0.39,,3.12,1.5,,,13.01,,,,121.0635
2024-03-29,,,,,,,,,,,,,,,,,,,,-0.43,,,,,,121.0191
2024-03-30,,,,,,,,,,,223000.0,,,,,,,,,,,,,,,
2024-03-31,,,,,,,,,,,,,,,,,,3.15,,,,,,,,
2024-04-01,29147.044,23286.508,100.2434,687602.0,313.023,317.649,123.341,122.304,3.9,157530.0,,62.6,4.72,4.33,4.47,-0.39,5.33,3.12,1.49,,77.2,13.65,1379.0,319.1,20955.5,121.5151
2024-04-02,,,,,,,,,,,,,4.7,4.36,4.51,-0.34,,3.23,1.51,,,14.61,,,,121.3035
2024-04-03,,,,,,,,,,,,,4.68,4.36,4.51,-0.32,,3.23,1.49,,,14.33,,,,121.0198
2024-04-04,,,,,,,,,,,,,4.65,4.31,4.47,-0.34,,3.24,1.51,,,16.35,,,,120.7613
2024-04-05,,,,,,,,,,,,,4.73,4.39,4.54,-0.34,,3.18,1.49,-0.424,,16.03,,,,120.9646
2024-04-06,,,,,,,,,,,213000.0,,,,,,,,,,,,,,,
2024-04-08,,,,,,,,,,,,,4.78,4.42,4.55,-0.36,,3.15,1.46,,,15.19,,,,120.7359
2024-04-09,,,,,,,,,,,,,4.74,4.36,4.5,-0.38,,3.14,1.44,,,14.98,,,,120.7048
2024-04-10,,,,,,,,,,,,,4.97,4.55,4.64,-0.42,,3.1,1.4,,,15.8,,,,121.5727
2024-04-11,,,,,,,,,,,,,4.93,4.56,4.65,-0.37,,3.16,1.41,,,14.91,,,,121.6081
2024-04-12,,,,,,,,,,,,,4.88,4.5,4.61,-0.38,,3.25,1.45,-0.418,,17.31,,,,122.2885
2024-04-13,,,,,,,,,,,212000.0,,,,,,,,,,,,,,,
2024-04-15,,,,,,,,,,,,,4.93,4.63,4.74,-0.3,,3.28,1.46,,,19.23,,,,122.425
2024-04-16,,,,,,,,,,,,,4.97,4.67,4.77,-0.3,,3.36,1.46,,,18.4,,,,123.1234
2024-04-17,,,,,,,,,,,,,4.93,4.59,4.71,-0.34,,3.42,1.48,,,18.21,,,,123.0207
2024-04-18,,,,,,,,,,,,,4.98,4.64,4.74,-0.34,,3.39,1.47,,,18.0,,,,123.0017
2024-04-19,,,,,,,,,,,,,4.97,4.62,4.72,-0.35,,3.37,1.46,-0.413,,18.71,,,,123.1075
2024-04-20,,,,,,,,,,,209000.0,,,,,,,,,,,,,,,
2024-04-22,,,,,,,,,,,,,4.97,4.62,4.72,-0.35,,3.29,1.46,,,16.94,,,,123.0609
2024-04-23,,,,,,,,,,,,,4.86,4.61,4.73,-0.25,,3.2,1.46,,,15.69,,,,122.7227
2024-04-24,,,,,,,,,,,,,4.89,4.65,4.78,-0.24,,3.19,1.48,,,15.97,,,,122.89
2024-04-25,,,,,,,,,,,,,4.96,4.7,4.82,-0.26,,3.24,1.47,,,15.37,,,,122.8384
2024-04-26,,,,,,,,,,,,,4.96,4.67,4.78,-0.29,,3.16,1.45,-0.411,,15.03,,,,122.9471
2024-04-27,,,,,,,,,,,207000.0,,,,,,,,,,,,,,,
2024-04-29,,,,,,,,,,,,,4.97,4.63,4.75,-0.34,,3.12,1.45,,,14.67,,,,122.5449
2024-04-30,,,,,,,,,,,,,5.04,4.69,4.79,-0.35,,3.18,1.44,,,15.65,,,,122.9853
2024-05-01,,,100.863,692774.0,313.175,318.095,123.348,122.383,3.9,157608.0,,62.6,4.96,4.63,4.74,-0.33,5.33,3.21,1.43,,69.1,15.39,1329.0,319.936,21021.7,123.0168
2024-05-02,,,,,,,,,,,,,4.87,4.58,4.72,-0.29,,3.16,1.47,,,14.68,,,,122.4384
2024-05-03,,,,,,,,,,,,,4.81,4.5,4.66,-0.31,,3.08,1.49,-0.41,,13.49,,,,122.1375
2024-05-04,,,,,,,,,,,230000.0,,,,,,,,,,,,,,,
2024-05-06,,,,,,,,,,,,,4.82,4.49,4.64,-0.33,,3.03,1.47,,,13.49,,,,121.8913
2024-05-07,,,,,,,,,,,,,4.82,4.47,4.61,-0.35,,3.06,1.45,,,13.23,,,,122.093
2024-05-08,,,,,,,,,,,,,4.84,4.48,4.64,-0.36,,3.1,1.47,,,13.0,,,,122.1926
2024-05-09,,,,,,,,,,,,,4.8,4.45,4.6,-0.35,,3.14,1.48,,,12.69,,,,122.1634
2024-05-10,,,,,,,,,,,,,4.87,4.5,4.64,-0.37,,3.12,1.48,-0.411,,12.55,,,,122.014
2024-05-11,,,,,,,,,,,222000.0,,,,,,,,,,,,,,,
2024-05-13,,,,,,,,,,,,,4.85,4.48,4.63,-0.37,,3.14,1.48,,,13.6,,,,122.0261
2024-05-14,,,,,,,,,,,,,4.81,4.45,4.59,-0.36,,3.14,1.48,,,13.42,,,,121.9256
2024-05-15,,,,,,,,,,,,,4.73,4.36,4.52,-0.37,,3.13,1.49,,,12.45,,,,121.3543
2024-05-16,,,,,,,,,,,,,4.78,4.38,4.52,-0.4,,3.08,1.47,,,12.42,,,,121.2236
2024-05-17,,,,,,,,,,,,,4.83,4.42,4.56,-0.41,,3.09,1.48,-0.411,,11.99,,,,121.2354
2024-05-18,,,,,,,,,,,216000.0,,,,,,,,,,,,,,,
2024-05-20,,,,,,,,,,,,,4.82,4.44,4.58,-0.38,,3.07,1.47,,,12.15,,,,121.2289
2024-05-21,,,,,,,,,,,,,4.82,4.41,4.55,-0.41,,3.07,1.48,,,11.86,,,,121.3793
2024-05-22,,,,,,,,,,,,,4.86,4.43,4.55,-0.43,,3.11,1.46,,,12.29,,,,121.5462
2024-05-23,,,,,,,,,,,,,4.91,4.47,4.58,-0.44,,3.1,1.45,,,12.77,,,,121.7477
2024-05-24,,,,,,,,,,,,,4.93,4.46,4.57,-0.47,,3.11,1.46,-0.41,,11.93,,,,121.6172
2024-05-25,,,,,,,,,,,220000.0,,,,,,,,,,,,,,,
2024-05-27,,,,,,,,,,,,,,,,,,3.12,,,,12.36,,,,
2024-05-28,,,,,,,,,,,,,4.94,4.54,4.66,-0.4,,3.09,1.45,,,12.92,,,,121.43
2024-05-29,,,,,,,,,,,,,4.96,4.61,4.74,-0.35,,3.15,1.47,,,14.28,,,,122.1641
2024-05-30,,,,,,,,,,,,,4.92,4.55,4.69,-0.37,,3.19,1.46,,,14.47,,,,121.9601
2024-05-31,,,,,,,,,,,,,4.89,4.51,4.65,-0.38,,3.2,1.46,-0.406,,12.92,,,,122.098
2024-06-01,,,100.894,692449.0,313.044,318.39,123.539,122.677,4.1,157695.0,227000.0,62.6,,,,,5.33,,,,68.2,,1318.0,320.771,21070.7,
2024-06-03,,,,,,,,,,,,,4.82,4.41,4.55,-0.41,,3.17,1.47,,,13.11,,,,122.3509
2024-06-04,,,,,,,,,,,,,4.77,4.33,4.48,-0.44,,3.22,1.49,,,13.16,,,,122.7256
2024-06-05,,,,,,,,,,,,,4.72,4.29,4.44,-0.43,,3.2,1.53,,,12.63,,,,122.5339
2024-06-06,,,,,,,,,,,,,4.72,4.28,4.43,-0.44,,3.2,1.5,,,12.58,,,,122.3713
2024-06-07,,,,,,,,,,,,,4.87,4.43,4.55,-0.44,,3.15,1.46,-0.4,,12.22,,,,123.549
2024-06-08,,,,,,,,,,,240000.0,,,,,,,,,,,,,,,
2024-06-10,,,,,,,,,,,,,4.87,4.47,4.59,-0.4,,3.15,1.46,,,12.74,,,,123.9125
2024-06-11,,,,,,,,,,,,,4.81,4.39,4.53,-0.42,,3.19,1.48,,,12.85,,,,124.0349
2024-06-12,,,,,,,,,,,,,4.75,4.31,4.47,-0.44,,3.09,1.48,,,12.04,,,,123.8295
2024-06-13,,,,,,,,,,,,,4.68,4.24,4.4,-0.44,,3.2,1.51,,,11.94,,,,124.0235
2024-06-14,,,,,,,,,,,,,4.67,4.2,4.34,-0.47,,3.29,1.53,-0.393,,12.66,,,,124.1694
2024-06-15,,,,,,,,,,,236000.0,,,,,,,,,,,,,,,
2024-06-17,,,,,,,,,,,,,4.75,4.28,4.4,-0.47,,3.26,1.52,,,12.75,,,,124.239
2024-06-18,,,,,,,,,,,,,4.69,4.22,4.36,-0.47,,3.24,1.52,,,12.3,,,,123.9776
2024-06-19,,,,,,,,,,,,,,,,,,3.24,,,,12.48,,,,
2024-06-20,,,,,,,,,,,,,4.7,4.25,4.39,-0.45,,3.23,1.54,,,13.28,,,,124.192
2024-06-21,,,,,,,,,,,,,4.7,4.25,4.39,-0.45,,3.21,1.55,-0.385,,13.2,,,,124.1086
2024-06-22,,,,,,,,,,,233000.0,,,,,,,,,,,,,,,
2024-06-24,,,,,,,,,,,,,4.71,4.25,4.38,-0.46,,3.19,1.53,,,13.33,,,,123.7125
2024-06-25,,,,,,,,,,,,,4.65,4.23,4.36,-0.42,,3.19,1.55,,,12.84,,,,123.9417
2024-06-26,,,,,,,,,,,,,4.71,4.32,4.45,-0.39,,3.18,1.55,,,12.55,,,,124.26
2024-06-27,,,,,,,,,,,,,4.7,4.29,4.43,-0.41,,3.21,1.55,,,12.24,,,,124.3379
2024-06-28,,,,,,,,,,,,,4.71,4.36,4.51,-0.35,,3.18,1.55,-0.378,,12.44,,,,124.2103
2024-06-29,,,,,,,,,,,238000.0,,,,,,,,,,,,,,,
2024-06-30,,,,,,,,,,,,,,,,,,3.21,,,,,,,,
2024-07-01,29511.664,23478.57,99.9757,698835.0,313.569,318.94,123.736,122.911,4.2,157748.0,,62.7,4.77,4.48,4.64,-0.29,5.33,3.21,1.55,,66.4,12.22,1269.0,321.659,21098.8,124.4667
2024-07-02,,,,,,,,,,,,,4.74,4.43,4.6,-0.31,,3.23,1.56,,,12.03,,,,124.2917
2024-07-03,,,,,,,,,,,,,4.71,4.36,4.53,-0.35,,3.25,1.53,,,12.09,,,,123.7768
2024-07-04,,,,,,,,,,,,,,,,,,3.25,,,,12.26,,,,
2024-07-05,,,,,,,,,,,,,4.6,4.28,4.47,-0.32,,3.27,1.56,-0.373,,12.48,,,,123.4762
2024-07-06,,,,,,,,,,,223000.0,,,,,,,,,,,,,,,
2024-07-08,,,,,,,,,,,,,4.62,4.28,4.46,-0.34,,3.2,1.54,,,12.37,,,,123.3576
2024-07-09,,,,,,,,,,,,,4.62,4.3,4.49,-0.32,,3.21,1.56,,,12.51,,,,123.4071
2024-07-10,,,,,,,,,,,,,4.62,4.28,4.47,-0.34,,3.17,1.56,,,12.85,,,,123.1895
2024-07-11,,,,,,,,,,,,,4.5,4.2,4.41,-0.3,,3.18,1.58,,,12.92,,,,122.769
2024-07-12,,,,,,,,,,,,,4.45,4.18,4.39,-0.27,,3.19,1.58,-0.367,,12.46,,,,122.4404
2024-07-13,,,,,,,,,,,241000.0,,,,,,,,,,,,,,,
2024-07-15,,,,,,,,,,,,,4.44,4.23,4.46,-0.21,,3.13,1.58,,,13.12,,,,122.6347
2024-07-16,,,,,,,,,,,,,4.43,4.17,4.38,-0.26,,3.08,1.56,,,13.19,,,,122.7264
2024-07-17,,,,,,,,,,,,,4.42,4.16,4.37,-0.26,,3.09,1.56,,,14.48,,,,122.518
2024-07-18,,,,,,,,,,,,,4.46,4.2,4.41,-0.26,,3.09,1.57,,,15.93,,,,122.7909
2024-07-19,,,,,,,,,,,,,4.49,4.25,4.45,-0.24,,3.09,1.57,-0.362,,16.52,,,,123.147
2024-07-20,,,,,,,,,,,237000.0,,,,,,,,,,,,,,,
2024-07-22,,,,,,,,,,,,,4.5,4.26,4.48,-0.24,,3.05,1.58,,,14.91,,,,123.2172
2024-07-23,,,,,,,,,,,,,4.4,4.25,4.48,-0.15,,3.02,1.59,,,14.72,,,,123.3843
2024-07-24,,,,,,,,,,,,,4.37,4.28,4.54,-0.09,,3.1,1.65,,,18.04,,,,123.5575
2024-07-25,,,,,,,,,,,,,4.41,4.27,4.5,-0.14,,3.08,1.62,,,18.46,,,,123.5286
2024-07-26,,,,,,,,,,,,,4.36,4.2,4.45,-0.16,,3.1,1.65,-0.359,,16.39,,,,123.672
2024-07-27,,,,,,,,,,,248000.0,,,,,,,,,,,,,,,
2024-07-29,,,,,,,,,,,,,4.36,4.17,4.42,-0.19,,3.13,1.66,,,16.6,,,,124.1392
2024-07-30,,,,,,,,,,,,,4.35,4.15,4.4,-0.2,,3.2,1.65,,,17.69,,,,124.2855
2024-07-31,,,,,,,,,,,,,4.29,4.09,4.35,-0.2,,3.25,1.68,,,16.36,,,,123.6373
2024-08-01,,,100.4309,697039.0,314.062,319.75,123.889,123.128,4.2,157757.0,,62.7,4.16,3.99,4.27,-0.17,5.33,3.35,1.71,,67.9,18.59,1394.0,322.508,21191.9,123.8693
2024-08-02,,,,,,,,,,,,,3.88,3.8,4.11,-0.08,,3.72,1.8,-0.357,,23.39,,,,123.4681
2024-08-03,,,,,,,,,,,234000.0,,,,,,,,,,,,,,,
2024-08-05,,,,,,,,,,,,,3.89,3.78,4.06,-0.11,,3.93,1.85,,,38.57,,,,123.5787
2024-08-06,,,,,,,,,,,,,3.99,3.9,4.18,-0.09,,3.67,1.78,,,27.71,,,,123.6532
2024-08-07,,,,,,,,,,,,,4.0,3.96,4.26,-0.04,,3.57,1.8,,,27.85,,,,123.5698
2024-08-08,,,,,,,,,,,,,4.04,3.99,4.28,-0.05,,3.48,1.78,,,23.79,,,,123.4466
2024-08-09,,,,,,,,,,,,,4.05,3.94,4.23,-0.11,,3.49,1.77,-0.358,,20.37,,,,122.9276
2024-08-10,,,,,,,,,,,228000.0,,,,,,,,,,,,,,,
2024-08-12,,,,,,,,,,,,,4.01,3.9,4.19,-0.11,,3.52,1.78,,,20.71,,,,123.2204
2024-08-13,,,,,,,,,,,,,3.93,3.85,4.16,-0.08,,3.54,1.8,,,18.12,,,,123.0146
2024-08-14,,,,,,,,,,,,,3.94,3.83,4.12,-0.11,,3.46,1.74,,,16.19,,,,122.4297
2024-08-15,,,,,,,,,,,,,4.08,3.92,4.18,-0.16,,3.31,1.68,,,15.23,,,,122.5844
2024-08-16,,,,,,,,,,,,,4.06,3.89,4.15,-0.17,,3.29,1.69,-0.367,,14.8,,,,122.3972
2024-08-17,,,,,,,,,,,232000.0,,,,,,,,,,,,,,,
2024-08-19,,,,,,,,,,,,,4.06,3.86,4.11,-0.2,,3.21,1.68,,,14.65,,,,121.8788
2024-08-20,,,,,,,,,,,,,3.99,3.82,4.07,-0.17,,3.25,1.69,,,15.88,,,,121.7728
2024-08-21,,,,,,,,,,,,,3.92,3.79,4.06,-0.13,,3.27,1.69,,,16.27,,,,121.8535
2024-08-22,,,,,,,,,,,,,3.99,3.86,4.13,-0.13,,3.21,1.7,,,17.55,,,,122.3626
2024-08-23,,,,,,,,,,,,,3.9,3.81,4.1,-0.09,,3.19,1.7,-0.377,,15.86,,,,121.4597
2024-08-24,,,,,,,,,,,232000.0,,,,,,,,,,,,,,,
2024-08-26,,,,,,,,,,,,,3.91,3.82,4.11,-0.09,,3.15,1.7,,,16.15,,,,121.6943
2024-08-27,,,,,,,,,,,,,3.83,3.83,4.13,0.0,,3.17,1.71,,,15.43,,,,121.8672
2024-08-28,,,,,,,,,,,,,3.83,3.84,4.13,0.01,,3.19,1.71,,,17.11,,,,121.8943
2024-08-29,,,,,,,,,,,,,3.87,3.87,4.15,0.0,,3.15,1.69,,,15.65,,,,122.2333
2024-08-30,,,,,,,,,,,,,3.91,3.91,4.2,0.0,,3.13,1.69,-0.389,,15.0,,,,122.3262
2024-08-31,,,,,,,,,,,227000.0,,,,,,,3.17,,,,,,,,
2024-09-01,,,99.8084,703055.0,314.732,320.732,124.164,123.466,4.1,157912.0,,62.7,,,,,5.13,,,,70.1,,1357.0,323.515,21275.5,
2024-09-02,,,,,,,,,,,,,,,,,,3.17,,,,15.55,,,,
2024-09-03,,,,,,,,,,,,,3.88,3.84,4.13,-0.04,,3.31,1.73,,,20.72,,,,122.7811
2024-09-04,,,,,,,,,,,,,3.76,3.77,4.06,0.01,,3.35,1.73,,,21.32,,,,122.5144
2024-09-05,,,,,,,,,,,,,3.75,3.73,4.02,-0.02,,3.29,1.73,,,19.9,,,,122.4533
2024-09-06,,,,,,,,,,,,,3.66,3.72,4.03,0.06,,3.39,1.73,-0.4,,22.38,,,,122.4991
2024-09-07,,,,,,,,,,,227000.0,,,,,,,,,,,,,,,
2024-09-09,,,,,,,,,,,,,3.68,3.7,4.0,0.02,,3.36,1.73,,,19.45,,,,122.7156
2024-09-10,,,,,,,,,,,,,3.59,3.65,3.97,0.06,,3.46,1.74,,,19.08,,,,123.0071
2024-09-11,,,,,,,,,,,,,3.62,3.65,3.96,0.03,,3.44,1.75,,,17.69,,,,122.7754
2024-09-12,,,,,,,,,,,,,3.64,3.68,4.0,0.04,,3.39,1.74,,,17.07,,,,122.4423
2024-09-13,,,,,,,,,,,,,3.57,3.66,3.98,0.09,,3.37,1.72,-0.41,,16.56,,,,121.6551
2024-09-14,,,,,,,,,,,223000.0,,,,,,,,,,,,,,,
2024-09-16,,,,,,,,,,,,,3.56,3.63,3.94,0.07,,3.32,1.7,,,17.14,,,,121.4976
2024-09-17,,,,,,,,,,,,,3.59,3.65,3.96,0.06,,3.25,1.68,,,17.61,,,,121.6031
2024-09-18,,,,,,,,,,,,,3.61,3.7,4.03,0.09,,3.21,1.67,,,18.23,,,,121.5618
2024-09-19,,,,,,,,,,,,,3.59,3.73,4.06,0.14,,3.1,1.67,,,16.33,,,,121.3059
2024-09-20,,,,,,,,,,,,,3.55,3.73,4.07,0.18,,3.15,1.67,-0.418,,16.15,,,,121.4052
2024-09-21,,,,,,,,,,,221000.0,,,,,,,,,,,,,,,
2024-09-23,,,,,,,,,,,,,3.57,3.75,4.09,0.18,,3.15,1.65,,,15.89,,,,121.4303
2024-09-24,,,,,,,,,,,,,3.49,3.74,4.09,0.25,,3.21,1.66,,,15.39,,,,121.1291
2024-09-25,,,,,,,,,,,,,3.53,3.79,4.14,0.26,,3.19,1.65,,,15.41,,,,121.4447
2024-09-26,,,,,,,,,,,,,3.6,3.79,4.12,0.19,,3.14,1.65,,,15.37,,,,121.0785
2024-09-27,,,,,,,,,,,,,3.55,3.75,4.1,0.2,,3.14,1.66,-0.425,,16.96,,,,121.1111
2024-09-28,,,,,,,,,,,227000.0,,,,,,,,,,,,,,,
2024-09-30,,,,,,,,,,,,,3.66,3.81,4.14,0.15,,3.03,1.63,,,16.73,,,,121.2864
2024-10-01,29825.182,23586.542,99.4695,708290.0,315.631,321.731,124.494,123.832,4.1,157945.0,,62.5,3.61,3.74,4.08,0.13,4.83,3.07,1.65,,70.5,19.26,1370.0,324.506,21336.7,121.6881
2024-10-02,,,,,,,,,,,,,3.63,3.79,4.14,0.16,,3.06,1.64,,,18.9,,,,121.5724
2024-10-03,,,,,,,,,,,,,3.7,3.85,4.18,0.15,,3.04,1.62,,,20.49,,,,122.1197
2024-10-04,,,,,,,,,,,,,3.93,3.98,4.26,0.05,,2.89,1.57,-0.429,,19.21,,,,122.2197
2024-10-05,,,,,,,,,,,258000.0,,,,,,,,,,,,,,,
2024-10-07,,,,,,,,,,,,,3.99,4.03,4.3,0.04,,2.95,1.54,,,22.64,,,,122.4241
2024-10-08,,,,,,,,,,,,,3.98,4.04,4.32,0.06,,2.99,1.55,,,21.42,,,,122.6625
2024-10-09,,,,,,,,,,,,,3.99,4.06,4.34,0.07,,2.94,1.54,,,20.86,,,,122.8821
2024-10-10,,,,,,,,,,,,,3.98,4.09,4.38,0.11,,2.99,1.54,,,20.93,,,,123.0951
2024-10-11,,,,,,,,,,,,,3.95,4.08,4.39,0.13,,2.98,1.54,-0.433,,20.46,,,,122.9805
2024-10-12,,,,,,,,,,,241000.0,,,,,,,,,,,,,,,
2024-10-14,,,,,,,,,,,,,,,,,,2.97,,,,19.7,,,,
2024-10-15,,,,,,,,,,,,,3.95,4.03,4.32,0.08,,2.93,1.53,,,20.64,,,,123.5124
2024-10-16,,,,,,,,,,,,,3.93,4.02,4.3,0.09,,2.9,1.51,,,19.58,,,,123.9235
2024-10-17,,,,,,,,,,,,,3.96,4.09,4.39,0.13,,2.89,1.53,,,19.11,,,,124.1122
2024-10-18,,,,,,,,,,,,,3.95,4.08,4.38,0.13,,2.88,1.53,-0.437,,18.03,,,,123.9185
2024-10-19,,,,,,,,,,,227000.0,,,,,,,,,,,,,,,
2024-10-21,,,,,,,,,,,,,4.02,4.19,4.49,0.17,,2.88,1.54,,,18.37,,,,124.4757
2024-10-22,,,,,,,,,,,,,4.03,4.2,4.49,0.17,,2.92,1.55,,,18.2,,,,124.4107
2024-10-23,,,,,,,,,,,,,4.07,4.24,4.51,0.17,,2.95,1.54,,,19.24,,,,124.6931
2024-10-24,,,,,,,,,,,,,4.07,4.21,4.47,0.14,,2.93,1.52,,,19.08,,,,124.5127
2024-10-25,,,,,,,,,,,,,4.11,4.25,4.51,0.14,,2.89,1.51,-0.442,,20.33,,,,124.6105
2024-10-26,,,,,,,,,,,219000.0,,,,,,,,,,,,,,,
2024-10-28,,,,,,,,,,,,,4.12,4.28,4.53,0.16,,2.82,1.51,,,19.8,,,,124.8076
2024-10-29,,,,,,,,,,,,,4.11,4.28,4.52,0.17,,2.85,1.49,,,19.34,,,,124.8612
2024-10-30,,,,,,,,,,,,,4.15,4.29,4.49,0.14,,2.8,1.44,,,20.35,,,,124.8153
2024-10-31,,,,,,,,,,,,,4.16,4.28,4.47,0.12,,2.88,1.46,,,23.16,,,,124.7988
2024-11-01,,,99.2925,711853.0,316.528,322.657,124.637,123.962,4.2,158079.0,,62.4,4.21,4.37,4.57,0.16,4.64,2.83,1.46,-0.448,71.8,21.88,1300.0,325.903,21454.8,124.8076
2024-11-02,,,,,,,,,,,221000.0,,,,,,,,,,,,,,,
2024-11-04,,,,,,,,,,,,,4.17,4.31,4.5,0.14,,2.87,1.46,,,21.98,,,,124.5903
2024-11-05,,,,,,,,,,,,,4.19,4.26,4.44,0.07,,2.86,1.45,,,20.49,,,,124.5532
2024-11-06,,,,,,,,,,,,,4.27,4.42,4.6,0.15,,2.74,1.4,,,16.27,,,,125.7035
2024-11-07,,,,,,,,,,,,,4.21,4.31,4.52,0.1,,2.73,1.44,,,15.2,,,,124.775
2024-11-08,,,,,,,,,,,,,4.26,4.3,4.47,0.04,,2.63,1.38,-0.456,,14.94,,,,125.5811
2024-11-09,,,,,,,,,,,218000.0,,,,,,,,,,,,,,,
2024-11-11,,,,,,,,,,,,,,,,,,2.63,,,,14.97,,,,
2024-11-12,,,,,,,,,,,,,4.34,4.43,4.58,0.09,,2.61,1.36,,,14.71,,,,126.7762
2024-11-13,,,,,,,,,,,,,4.27,4.44,4.63,0.17,,2.64,1.41,,,14.02,,,,126.9572
2024-11-14,,,,,,,,,,,,,4.34,4.43,4.58,0.09,,2.6,1.39,,,14.31,,,,127.0015
2024-11-15,,,,,,,,,,,,,4.31,4.43,4.6,0.12,,2.72,1.41,-0.464,,16.14,,,,126.8848
2024-11-16,,,,,,,,,,,216000.0,,,,,,,,,,,,,,,
2024-11-18,,,,,,,,,,,,,4.29,4.42,4.61,0.13,,2.72,1.42,,,15.58,,,,126.6045
2024-11-19,,,,,,,,,,,,,4.27,4.39,4.57,0.12,,2.69,1.42,,,16.35,,,,126.3994
2024-11-20,,,,,,,,,,,,,4.31,4.41,4.59,0.1,,2.67,1.43,,,17.16,,,,126.88
2024-11-21,,,,,,,,,,,,,4.34,4.43,4.61,0.09,,2.61,1.43,,,16.87,,,,127.1047
2024-11-22,,,,,,,,,,,,,4.37,4.41,4.6,0.04,,2.61,1.43,-0.469,,15.24,,,,127.4712
2024-11-23,,,,,,,,,,,219000.0,,,,,,,,,,,,,,,
2024-11-25,,,,,,,,,,,,,4.21,4.27,4.45,0.06,,2.64,1.42,,,14.6,,,,126.9948
2024-11-26,,,,,,,,,,,,,4.21,4.3,4.48,0.09,,2.68,1.43,,,14.1,,,,127.4301
2024-11-27,,,,,,,,,,,,,4.19,4.25,4.44,0.06,,2.69,1.43,,,14.1,,,,126.8205
2024-11-28,,,,,,,,,,,,,,,,,,2.69,,,,13.9,,,,
2024-11-29,,,,,,,,,,,,,4.13,4.18,4.36,0.05,,2.72,1.44,-0.472,,13.51,,,,126.5798
2024-11-30,,,,,,,,,,,222000.0,,,,,,,2.74,,,,,,,,
2024-12-01,,,100.3273,717265.0,317.604,323.259,124.979,124.196,4.1,158316.0,,62.5,,,,,4.48,,,,74.0,,1494.0,327.561,21487.6,
2024-12-02,,,,,,,,,,,,,4.17,4.19,4.36,0.02,,2.68,1.41,,,13.34,,,,127.1272
2024-12-03,,,,,,,,,,,,,4.17,4.23,4.4,0.06,,2.66,1.4,,,13.3,,,,126.9565
2024-12-04,,,,,,,,,,,,,4.13,4.19,4.35,0.06,,2.66,1.39,,,13.45,,,,126.7574
2024-12-05,,,,,,,,,,,,,4.15,4.17,4.33,0.02,,2.66,1.4,,,13.54,,,,126.4286
2024-12-06,,,,,,,,,,,,,4.1,4.15,4.34,0.05,,2.67,1.42,-0.475,,12.77,,,,126.688
2024-12-07,,,,,,,,,,,238000.0,,,,,,,,,,,,,,,
2024-12-09,,,,,,,,,,,,,4.13,4.2,4.39,0.07,,2.67,1.42,,,14.19,,,,126.5981
2024-12-10,,,,,,,,,,,,,4.15,4.22,4.41,0.07,,2.67,1.41,,,14.18,,,,126.957
2024-12-11,,,,,,,,,,,,,4.15,4.26,4.48,0.11,,2.64,1.42,,,13.58,,,,126.8483
2024-12-12,,,,,,,,,,,,,4.18,4.32,4.55,0.14,,2.66,1.44,,,13.92,,,,126.9556
2024-12-13,,,,,,,,,,,,,4.25,4.4,4.61,0.15,,2.68,1.42,-0.476,,13.81,,,,127.3096
2024-12-14,,,,,,,,,,,222000.0,,,,,,,,,,,,,,,
2024-12-16,,,,,,,,,,,,,4.25,4.39,4.6,0.14,,2.69,1.42,,,14.69,,,,127.2687
2024-12-17,,,,,,,,,,,,,4.25,4.4,4.59,0.15,,2.75,1.39,,,15.87,,,,127.5043
2024-12-18,,,,,,,,,,,,,4.35,4.5,4.65,0.15,,2.73,1.37,,,27.62,,,,127.6418
2024-12-19,,,,,,,,,,,,,4.32,4.57,4.74,0.25,,2.91,1.4,,,24.09,,,,128.6366
2024-12-20,,,,,,,,,,,,,4.3,4.52,4.72,0.22,,2.86,1.43,-0.478,,18.36,,,,127.893
2024-12-21,,,,,,,,,,,219000.0,,,,,,,,,,,,,,,
2024-12-23,,,,,,,,,,,,,4.3,4.59,4.78,0.29,,2.85,1.42,,,16.78,,,,128.3021
2024-12-24,,,,,,,,,,,,,4.29,4.59,4.76,0.3,,2.86,1.39,,,14.27,,,,128.3377
2024-12-25,,,,,,,,,,,,,,,,,,,,,,,,,,
2024-12-26,,,,,,,,,,,,,4.3,4.58,4.76,0.28,,2.86,1.4,,,14.73,,,,128.3329
2024-12-27,,,,,,,,,,,,,4.31,4.62,4.82,0.31,,2.84,1.4,-0.481,,15.95,,,,128.45
2024-12-28,,,,,,,,,,,212000.0,,,,,,,,,,,,,,,
2024-12-30,,,,,,,,,,,,,4.24,4.55,4.77,0.31,,2.94,1.43,,,17.4,,,,128.8205
2024-12-31,,,,,,,,,,,,,4.25,4.58,4.78,0.33,,2.92,1.42,,,17.35,,,,129.2775
2025-01-01,30042.113,23548.21,100.0647,711260.0,318.961,324.638,125.417,124.587,4.0,158268.0,,62.6,,,,,4.33,,,,71.7,,1353.0,328.991,21539.2,
2025-01-02,,,,,,,,,,,,,4.25,4.57,4.79,0.32,,2.88,1.45,,,17.93,,,,129.4598
2025-01-03,,,,,,,,,,,,,4.28,4.6,4.82,0.32,,2.81,1.44,-0.486,,16.13,,,,129.4535
2025-01-04,,,,,,,,,,,206000.0,,,,,,,,,,,,,,,
2025-01-06,,,,,,,,,,,,,4.28,4.62,4.85,0.34,,2.76,1.44,,,16.04,,,,128.538
2025-01-07,,,,,,,,,,,,,4.3,4.67,4.91,0.37,,2.79,1.47,,,17.82,,,,128.613
2025-01-08,,,,,,,,,,,,,4.28,4.67,4.91,0.39,,2.84,1.48,,,17.7,,,,129.0785
2025-01-09,,,,,,,,,,,,,4.27,4.68,4.92,0.41,,2.82,1.46,,,18.07,,,,129.2827
2025-01-10,,,,,,,,,,,,,4.4,4.77,4.96,0.37,,2.81,1.42,-0.492,,19.54,,,,129.8664
2025-01-11,,,,,,,,,,,219000.0,,,,,,,,,,,,,,,
2025-01-13,,,,,,,,,,,,,4.4,4.79,4.97,0.39,,2.85,1.44,,,19.19,,,,130.0413
2025-01-14,,,,,,,,,,,,,4.37,4.78,4.98,0.41,,2.8,1.44,,,18.71,,,,129.3812
2025-01-15,,,,,,,,,,,,,4.27,4.66,4.88,0.39,,2.72,1.44,,,16.12,,,,129.2092
2025-01-16,,,,,,,,,,,,,4.23,4.61,4.84,0.38,,2.73,1.46,,,16.6,,,,129.436
2025-01-17,,,,,,,,,,,,,4.27,4.61,4.84,0.34,,2.64,1.46,-0.497,,15.97,,,,129.4859
2025-01-18,,,,,,,,,,,223000.0,,,,,,,,,,,,,,,
2025-01-20,,,,,,,,,,,,,,,,,,2.64,,,,15.81,,,,
2025-01-21,,,,,,,,,,,,,4.29,4.57,4.8,0.28,,2.61,1.46,,,15.06,,,,128.4151
2025-01-22,,,,,,,,,,,,,4.29,4.6,4.82,0.31,,2.59,1.43,,,15.1,,,,128.3402
2025-01-23,,,,,,,,,,,,,4.29,4.65,4.87,0.36,,2.61,1.43,,,15.02,,,,128.2162
2025-01-24,,,,,,,,,,,,,4.27,4.63,4.85,0.36,,2.6,1.43,-0.502,,14.85,,,,127.4611
2025-01-25,,,,,,,,,,,212000.0,,,,,,,,,,,,,,,
2025-01-27,,,,,,,,,,,,,4.17,4.53,4.76,0.36,,2.66,1.45,,,17.9,,,,128.0912
2025-01-28,,,,,,,,,,,,,4.19,4.55,4.78,0.36,,2.66,1.45,,,16.41,,,,128.2817
2025-01-29,,,,,,,,,,,,,4.21,4.55,4.79,0.34,,2.68,1.45,,,16.56,,,,128.3418
2025-01-30,,,,,,,,,,,,,4.18,4.52,4.76,0.34,,2.67,1.45,,,15.84,,,,128.1004
2025-01-31,,,,,,,,,,,,,4.22,4.58,4.83,0.36,,2.68,1.45,-0.505,,16.43,,,,128.4828
2025-02-01,,,101.0993,711575.0,319.679,325.465,125.921,125.145,4.2,158310.0,220000.0,62.5,,,,,4.33,,,,64.7,,1491.0,329.576,21607.2,
2025-02-03,,,,,,,,,,,,,4.26,4.54,4.77,0.28,,2.73,1.46,,,18.62,,,,129.109
2025-02-04,,,,,,,,,,,,,4.21,4.52,4.75,0.31,,2.71,1.46,,,17.21,,,,128.1083
2025-02-05,,,,,,,,,,,,,4.17,4.43,4.64,0.26,,2.69,1.45,,,15.77,,,,127.9751
2025-02-06,,,,,,,,,,,,,4.21,4.45,4.65,0.24,,2.66,1.44,,,15.5,,,,128.2017
2025-02-07,,,,,,,,,,,,,4.29,4.49,4.69,0.2,,2.67,1.45,-0.504,,16.54,,,,128.4292
2025-02-08,,,,,,,,,,,216000.0,,,,,,,,,,,,,,,
2025-02-10,,,,,,,,,,,,,4.28,4.51,4.71,0.23,,2.66,1.45,,,15.81,,,,128.6382
2025-02-11,,,,,,,,,,,,,4.29,4.54,4.75,0.25,,2.66,1.46,,,16.02,,,,128.4322
2025-02-12,,,,,,,,,,,,,4.36,4.62,4.83,0.26,,2.65,1.45,,,15.89,,,,128.3288
2025-02-13,,,,,,,,,,,,,4.31,4.52,4.72,0.21,,2.65,1.44,,,15.1,,,,127.8931
2025-02-14,,,,,,,,,,,,,4.26,4.47,4.69,0.21,,2.62,1.46,-0.5,,14.77,,,,127.1491
2025-02-15,,,,,,,,,,,223000.0,,,,,,,,,,,,,,,
2025-02-17,,,,,,,,,,,,,,,,,,2.62,,,,15.37,,,,
2025-02-18,,,,,,,,,,,,,4.29,4.55,4.77,0.26,,2.62,1.44,,,15.35,,,,127.2906
2025-02-19,,,,,,,,,,,,,4.28,4.53,4.76,0.25,,2.68,1.46,,,15.27,,,,127.7317
2025-02-20,,,,,,,,,,,,,4.28,4.5,4.74,0.22,,2.66,1.47,,,15.66,,,,127.1126
2025-02-21,,,,,,,,,,,,,4.19,4.42,4.67,0.23,,2.78,1.49,-0.49,,18.21,,,,127.1408
2025-02-22,,,,,,,,,,,241000.0,,,,,,,,,,,,,,,
2025-02-24,,,,,,,,,,,,,4.13,4.4,4.66,0.27,,2.78,1.48,,,18.98,,,,127.1921
2025-02-25,,,,,,,,,,,,,4.07,4.3,4.55,0.23,,2.84,1.5,,,19.43,,,,127.3752
2025-02-26,,,,,,,,,,,,,4.05,4.25,4.51,0.2,,2.81,1.51,,,19.1,,,,127.2822
2025-02-27,,,,,,,,,,,,,4.07,4.29,4.56,0.22,,2.81,1.52,,,21.13,,,,127.9704
2025-02-28,,,,,,,,,,,,,3.99,4.24,4.51,0.25,,2.87,1.57,-0.477,,19.63,,,,128.2805
2025-03-01,,,101.0404,723339.0,319.785,325.69,125.941,125.267,4.2,158377.0,224000.0,62.5,,,,,4.33,,,,57.0,,1346.0,328.994,21684.1,
2025-03-03,,,,,,,,,,,,,3.96,4.16,4.45,0.2,,2.94,1.61,,,22.78,,,,127.75
2025-03-04,,,,,,,,,,,,,3.96,4.22,4.53,0.26,,2.99,1.61,,,23.51,,,,127.9966
2025-03-05,,,,,,,,,,,,,3.99,4.28,4.57,0.29,,2.88,1.57,,,21.93,,,,126.504
2025-03-06,,,,,,,,,,,,,3.96,4.29,4.58,0.33,,2.99,1.59,,,24.87,,,,126.1099
2025-03-07,,,,,,,,,,,,,3.99,4.32,4.62,0.33,,2.97,1.61,-0.46,,23.37,,,,125.9814
2025-03-08,,,,,,,,,,,222000.0,,,,,,,,,,,,,,,
2025-03-10,,,,,,,,,,,,,3.89,4.22,4.54,0.33,,3.16,1.64,,,27.86,,,,126.268
2025-03-11,,,,,,,,,,,,,3.94,4.28,4.59,0.34,,3.22,1.68,,,26.92,,,,126.0457
2025-03-12,,,,,,,,,,,,,4.01,4.32,4.63,0.31,,3.2,1.65,,,24.23,,,,125.8664
2025-03-13,,,,,,,,,,,,,3.94,4.27,4.59,0.33,,3.4,1.7,,,24.66,,,,126.0031
2025-03-14,,,,,,,,,,,,,4.02,4.31,4.62,0.29,,3.25,1.65,-0.442,,21.77,,,,125.6942
2025-03-15,,,,,,,,,,,225000.0,,,,,,,,,,,,,,,
2025-03-17,,,,,,,,,,,,,4.06,4.31,4.6,0.25,,3.18,1.63,,,20.51,,,,125.3688
2025-03-18,,,,,,,,,,,,,4.04,4.29,4.58,0.25,,3.23,1.63,,,21.7,,,,125.488
2025-03-19,,,,,,,,,,,,,3.99,4.25,4.56,0.26,,3.19,1.64,,,19.9,,,,125.8006
2025-03-20,,,,,,,,,,,,,3.95,4.24,4.55,0.29,,3.17,1.64,,,19.8,,,,125.985
2025-03-21,,,,,,,,,,,,,3.94,4.25,4.59,0.31,,3.21,1.68,-0.424,,19.28,,,,126.2679
2025-03-22,,,,,,,,,,,224000.0,,,,,,,,,,,,,,,
2025-03-24,,,,,,,,,,,,,4.04,4.34,4.66,0.3,,3.05,1.64,,,17.48,,,,126.1956
2025-03-25,,,,,,,,,,,,,3.96,4.31,4.65,0.35,,3.09,1.66,,,17.15,,,,126.0535
2025-03-26,,,,,,,,,,,,,3.98,4.35,4.69,0.37,,3.19,1.66,,,18.33,,,,126.2364
2025-03-27,,,,,,,,,,,,,3.97,4.38,4.73,0.41,,3.27,1.68,,,18.69,,,,126.3626
2025-03-28,,,,,,,,,,,,,3.89,4.27,4.64,0.38,,3.47,1.73,-0.407,,21.65,,,,126.4187
2025-03-29,,,,,,,,,,,220000.0,,,,,,,,,,,,,,,
2025-03-31,,,,,,,,,,,,,3.89,4.23,4.59,0.34,,3.55,1.76,,,22.28,,,,126.7075
2025-04-01,30485.729,23770.976,101.1279,722442.0,320.302,326.467,126.15,125.502,4.2,158485.0,,62.6,3.87,4.17,4.52,0.3,4.33,3.5,1.73,,52.2,21.77,1400.0,328.104,21770.9,126.4338
2025-04-02,,,,,,,,,,,,,3.91,4.2,4.54,0.29,,3.42,1.73,,,21.51,,,,126.3811
2025-04-03,,,,,,,,,,,,,3.71,4.06,4.49,0.35,,4.01,1.89,,,30.02,,,,124.7316
2025-04-04,,,,,,,,,,,,,3.68,4.01,4.41,0.33,,4.45,1.94,-0.392,,45.31,,,,125.8129
2025-04-05,,,,,,,,,,,223000.0,,,,,,,,,,,,,,,
2025-04-07,,,,,,,,,,,,,3.73,4.15,4.58,0.42,,4.61,2.02,,,46.98,,,,126.8282
2025-04-08,,,,,,,,,,,,,3.71,4.26,4.71,0.55,,4.57,2.0,,,52.33,,,,126.8668
2025-04-09,,,,,,,,,,,,,3.91,4.34,4.72,0.43,,4.37,2.02,,,33.62,,,,126.628
2025-04-10,,,,,,,,,,,,,3.84,4.4,4.86,0.56,,4.42,1.97,,,40.72,,,,125.089
2025-04-11,,,,,,,,,,,,,3.96,4.48,4.85,0.52,,4.26,1.9,-0.381,,37.56,,,,124.0163
2025-04-12,,,,,,,,,,,217000.0,,,,,,,,,,,,,,,
2025-04-14,,,,,,,,,,,,,3.84,4.38,4.8,0.54,,4.14,1.9,,,30.89,,,,123.6598
2025-04-15,,,,,,,,,,,,,3.84,4.35,4.79,0.51,,4.09,1.9,,,30.12,,,,123.776
2025-04-16,,,,,,,,,,,,,3.77,4.29,4.74,0.52,,4.16,1.92,,,32.64,,,,123.2724
2025-04-17,,,,,,,,,,,,,3.81,4.34,4.8,0.53,,4.02,1.92,,,29.65,,,,123.1298
2025-04-18,,,,,,,,,,,,,,,,,,,,-0.381,,,,,,122.9865
2025-04-19,,,,,,,,,,,224000.0,,,,,,,,,,,,,,,
2025-04-21,,,,,,,,,,,,,3.75,4.42,4.91,0.67,,4.16,1.96,,,33.82,,,,122.3145
2025-04-22,,,,,,,,,,,,,3.76,4.41,4.88,0.65,,3.99,1.93,,,30.57,,,,122.4175
2025-04-23,,,,,,,,,,,,,3.81,4.4,4.83,0.59,,3.75,1.86,,,28.45,,,,123.0252
2025-04-24,,,,,,,,,,,,,3.77,4.32,4.77,0.55,,3.73,1.86,,,26.47,,,,122.9251
2025-04-25,,,,,,,,,,,,,3.74,4.29,4.74,0.55,,3.67,1.84,-0.388,,24.84,,,,122.8858
2025-04-26,,,,,,,,,,,239000.0,,,,,,,,,,,,,,,
2025-04-28,,,,,,,,,,,,,3.67,4.23,4.69,0.56,,3.73,1.87,,,25.15,,,,122.7176
2025-04-29,,,,,,,,,,,,,3.65,4.19,4.64,0.54,,3.74,1.88,,,24.17,,,,122.5944
2025-04-30,,,,,,,,,,,,,3.6,4.17,4.66,0.57,,3.94,1.96,,,24.7,,,,122.5921
2025-05-01,,,100.9655,714513.0,320.62,326.893,126.38,125.79,4.3,158498.0,,62.4,3.7,4.25,4.74,0.55,4.33,3.78,1.95,,52.2,24.6,1289.0,327.406,21836.2,123.1405
2025-05-02,,,,,,,,,,,,,3.83,4.33,4.79,0.5,,3.6,1.9,-0.402,,22.68,,,,122.4962
2025-05-03,,,,,,,,,,,228000.0,,,,,,,,,,,,,,,
2025-05-05,,,,,,,,,,,,,3.83,4.36,4.83,0.53,,3.6,1.91,,,23.64,,,,122.2613
2025-05-06,,,,,,,,,,,,,3.78,4.3,4.81,0.52,,3.66,1.95,,,24.76,,,,122.0417
2025-05-07,,,,,,,,,,,,,3.78,4.26,4.77,0.48,,3.67,1.95,,,23.55,,,,122.117
2025-05-08,,,,,,,,,,,,,3.9,4.37,4.83,0.47,,3.51,1.89,,,22.48,,,,122.7568
2025-05-09,,,,,,,,,,,,,3.88,4.37,4.83,0.49,,3.53,1.89,-0.419,,21.9,,,,122.5191
2025-05-10,,,,,,,,,,,226000.0,,,,,,,,,,,,,,,
2025-05-12,,,,,,,,,,,,,3.98,4.45,4.89,0.47,,3.15,1.82,,,18.39,,,,123.4863
2025-05-13,,,,,,,,,,,,,4.02,4.49,4.94,0.47,,3.09,1.82,,,18.22,,,,122.9583
2025-05-14,,,,,,,,,,,,,4.05,4.53,4.97,0.48,,3.1,1.8,,,18.62,,,,122.6746
2025-05-15,,,,,,,,,,,,,3.96,4.45,4.91,0.49,,3.2,1.83,,,17.83,,,,122.8174
2025-05-16,,,,,,,,,,,,,3.98,4.43,4.89,0.45,,3.16,1.82,-0.437,,17.24,,,,123.0737
2025-05-17,,,,,,,,,,,225000.0,,,,,,,,,,,,,,,
2025-05-19,,,,,,,,,,,,,3.97,4.46,4.92,0.49,,3.21,1.84,,,18.14,,,,122.4186
2025-05-20,,,,,,,,,,,,,3.97,4.48,4.96,0.51,,3.2,1.82,,,18.09,,,,122.3199
2025-05-21,,,,,,,,,,,,,4.0,4.58,5.08,0.58,,3.25,1.85,,,20.87,,,,121.7496
2025-05-22,,,,,,,,,,,,,4.0,4.54,5.05,0.54,,3.32,1.87,,,20.28,,,,122.0429
2025-05-23,,,,,,,,,,,,,4.0,4.51,5.04,0.51,,3.4,1.88,-0.451,,22.29,,,,121.3837
2025-05-24,,,,,,,,,,,236000.0,,,,,,,,,,,,,,,
2025-05-26,,,,,,,,,,,,,,,,,,3.4,,,,20.57,,,,
2025-05-27,,,,,,,,,,,,,3.92,4.43,4.94,0.51,,3.24,1.84,,,18.96,,,,121.6099
2025-05-28,,,,,,,,,,,,,3.96,4.47,4.97,0.51,,3.23,1.83,,,19.31,,,,121.9888
2025-05-29,,,,,,,,,,,,,3.92,4.43,4.92,0.51,,3.22,1.81,,,19.18,,,,121.5617
2025-05-30,,,,,,,,,,,,,3.89,4.41,4.92,0.52,,3.31,1.84,-0.463,,18.57,,,,121.7674
2025-05-31,,,,,,,,,,,244000.0,,,,,,,3.32,,,,,,,,
2025-06-01,,,101.4785,720164.0,321.435,327.658,126.743,126.121,4.1,158478.0,,62.3,,,,,4.33,,,,60.7,,1379.0,326.978,21942.7,
2025-06-02,,,,,,,,,,,,,3.94,4.46,4.99,0.52,,3.27,1.84,,,18.36,,,,121.1881
2025-06-03,,,,,,,,,,,,,3.96,4.46,4.98,0.5,,3.19,1.81,,,17.69,,,,121.4592
2025-06-04,,,,,,,,,,,,,3.87,4.37,4.89,0.5,,3.23,1.8,,,17.61,,,,121.0539
2025-06-05,,,,,,,,,,,,,3.92,4.4,4.88,0.48,,3.18,1.77,,,18.48,,,,120.9596
2025-06-06,,,,,,,,,,,,,4.04,4.51,4.97,0.47,,3.09,1.73,-0.473,,16.77,,,,121.161
2025-06-07,,,,,,,,,,,246000.0,,,,,,,,,,,,,,,
2025-06-09,,,,,,,,,,,,,4.01,4.49,4.95,0.48,,3.12,1.72,,,17.16,,,,120.9103
2025-06-10,,,,,,,,,,,,,4.01,4.47,4.93,0.46,,3.12,1.71,,,16.95,,,,121.0485
2025-06-11,,,,,,,,,,,,,3.94,4.41,4.91,0.47,,3.12,1.74,,,17.26,,,,120.587
2025-06-12,,,,,,,,,,,,,3.9,4.36,4.84,0.46,,3.17,1.73,,,18.02,,,,120.1723
2025-06-13,,,,,,,,,,,,,3.96,4.41,4.9,0.45,,3.18,1.75,-0.48,,20.82,,,,120.3245
2025-06-14,,,,,,,,,,,243000.0,,,,,,,,,,,,,,,
2025-06-16,,,,,,,,,,,,,3.97,4.46,4.96,0.49,,3.1,1.74,,,19.11,,,,120.1565
2025-06-17,,,,,,,,,,,,,3.94,4.39,4.88,0.45,,3.17,1.74,,,21.6,,,,120.5048
2025-06-18,,,,,,,,,,,,,3.94,4.38,4.88,0.44,,3.16,1.77,,,20.14,,,,120.7305
2025-06-19,,,,,,,,,,,,,,,,,,3.16,,,,22.17,,,,
2025-06-20,,,,,,,,,,,,,3.9,4.38,4.89,0.48,,3.13,1.76,-0.486,,20.62,,,,121.0408
2025-06-21,,,,,,,,,,,236000.0,,,,,,,,,,,,,,,
2025-06-23,,,,,,,,,,,,,3.84,4.34,4.87,0.5,,3.12,1.77,,,19.83,,,,121.1694
2025-06-24,,,,,,,,,,,,,3.75,4.3,4.83,0.55,,3.06,1.78,,,17.48,,,,120.3645
2025-06-25,,,,,,,,,,,,,3.74,4.29,4.83,0.55,,3.04,1.79,,,16.76,,,,120.3336
2025-06-26,,,,,,,,,,,,,3.7,4.26,4.81,0.56,,3.04,1.8,,,16.59,,,,119.6451
2025-06-27,,,,,,,,,,,,,3.73,4.29,4.85,0.56,,3.02,1.79,-0.493,,16.32,,,,119.659
2025-06-28,,,,,,,,,,,231000.0,,,,,,,,,,,,,,,
2025-06-30,,,,,,,,,,,,,3.72,4.24,4.78,0.52,,2.96,1.75,,,16.73,,,,119.4088
2025-07-01,31098.027,24026.834,101.894,727727.0,322.169,328.682,126.96,126.43,4.3,158542.0,,62.2,3.78,4.26,4.78,0.48,4.33,2.91,1.72,,61.7,16.83,1432.0,326.961,22025.5,119.3436
2025-07-02,,,,,,,,,,,,,3.78,4.3,4.82,0.52,,2.88,1.7,,,16.64,,,,119.3037
2025-07-03,,,,,,,,,,,,,3.88,4.35,4.86,0.47,,2.8,1.67,,,16.38,,,,119.2382
2025-07-04,,,,,,,,,,,,,,,,,,2.8,,-0.5,,17.48,,,,
2025-07-05,,,,,,,,,,,228000.0,,,,,,,,,,,,,,,
2025-07-07,,,,,,,,,,,,,3.9,4.4,4.92,0.5,,2.86,1.71,,,17.79,,,,119.6201
2025-07-08,,,,,,,,,,,,,3.9,4.42,4.94,0.52,,2.92,1.71,,,16.81,,,,119.8371
2025-07-09,,,,,,,,,,,,,3.86,4.34,4.87,0.48,,2.94,1.73,,,15.94,,,,119.7311
2025-07-10,,,,,,,,,,,,,3.86,4.35,4.86,0.49,,2.92,1.7,,,15.78,,,,119.8343
2025-07-11,,,,,,,,,,,,,3.9,4.43,4.96,0.53,,2.97,1.72,-0.506,,16.4,,,,119.9214
2025-07-12,,,,,,,,,,,221000.0,,,,,,,,,,,,,,,
2025-07-14,,,,,,,,,,,,,3.9,4.43,4.97,0.53,,2.95,1.73,,,17.2,,,,120.2209
2025-07-15,,,,,,,,,,,,,3.95,4.5,5.01,0.55,,2.95,1.7,,,17.38,,,,120.5105
2025-07-16,,,,,,,,,,,,,3.88,4.46,5.01,0.58,,3.0,1.73,,,17.16,,,,120.4175
2025-07-17,,,,,,,,,,,,,3.91,4.47,5.01,0.56,,2.91,1.71,,,16.52,,,,120.6384
2025-07-18,,,,,,,,,,,,,3.88,4.44,5.0,0.56,,2.93,1.73,-0.511,,16.41,,,,120.356
2025-07-19,,,,,,,,,,,218000.0,,,,,,,,,,,,,,,
2025-07-21,,,,,,,,,,,,,3.85,4.38,4.94,0.53,,2.89,1.73,,,16.65,,,,119.9961
2025-07-22,,,,,,,,,,,,,3.83,4.35,4.9,0.52,,2.9,1.73,,,16.5,,,,119.681
2025-07-23,,,,,,,,,,,,,3.88,4.4,4.95,0.52,,2.83,1.71,,,15.37,,,,119.5697
2025-07-24,,,,,,,,,,,,,3.91,4.43,4.96,0.52,,2.82,1.68,,,15.39,,,,119.5664
2025-07-25,,,,,,,,,,,,,3.91,4.4,4.92,0.49,,2.84,1.69,-0.515,,14.93,,,,119.9857
2025-07-26,,,,,,,,,,,219000.0,,,,,,,,,,,,,,,
2025-07-28,,,,,,,,,,,,,3.91,4.42,4.96,0.51,,2.82,1.69,,,15.03,,,,120.6149
2025-07-29,,,,,,,,,,,,,3.86,4.34,4.86,0.48,,2.86,1.7,,,15.98,,,,120.9674
2025-07-30,,,,,,,,,,,,,3.94,4.38,4.89,0.44,,2.89,1.69,,,15.48,,,,121.4042
2025-07-31,,,,,,,,,,,,,3.94,4.37,4.89,0.43,,2.86,1.67,,,16.72,,,,121.721
2025-08-01,,,101.6247,731700.0,323.291,329.7,127.293,126.714,4.3,158472.0,,62.3,3.69,4.23,4.81,0.54,4.33,3.13,1.75,-0.518,58.2,20.38,1291.0,327.322,22092.5,121.2122
2025-08-02,,,,,,,,,,,226000.0,,,,,,,,,,,,,,,
2025-08-04,,,,,,,,,,,,,3.69,4.22,4.8,0.53,,3.02,1.74,,,17.52,,,,120.9859
2025-08-05,,,,,,,,,,,,,3.72,4.22,4.78,0.5,,2.98,1.72,,,17.85,,,,120.9082
2025-08-06,,,,,,,,,,,,,3.69,4.22,4.81,0.53,,2.98,1.75,,,16.77,,,,120.5082
2025-08-07,,,,,,,,,,,,,3.72,4.23,4.81,0.51,,2.95,1.74,,,16.57,,,,120.5043
2025-08-08,,,,,,,,,,,,,3.76,4.27,4.85,0.51,,2.94,1.74,-0.519,,15.15,,,,120.3329
2025-08-09,,,,,,,,,,,224000.0,,,,,,,,,,,,,,,
2025-08-11,,,,,,,,,,,,,3.76,4.27,4.84,0.51,,2.94,1.72,,,16.25,,,,120.6892
2025-08-12,,,,,,,,,,,,,3.72,4.29,4.88,0.57,,2.93,1.73,,,14.73,,,,120.2736
2025-08-13,,,,,,,,,,,,,3.67,4.24,4.83,0.57,,2.9,1.71,,,14.49,,,,120.13
2025-08-14,,,,,,,,,,,,,3.74,4.29,4.88,0.55,,2.89,1.71,,,14.83,,,,120.6446
2025-08-15,,,,,,,,,,,,,3.75,4.33,4.92,0.58,,2.88,1.69,-0.522,,15.09,,,,120.3377
2025-08-16,,,,,,,,,,,233000.0,,,,,,,,,,,,,,,
2025-08-18,,,,,,,,,,,,,3.77,4.34,4.94,0.57,,2.88,1.7,,,14.99,,,,120.5622
2025-08-19,,,,,,,,,,,,,3.75,4.3,4.9,0.55,,2.9,1.71,,,15.57,,,,120.7224
2025-08-20,,,,,,,,,,,,,3.74,4.29,4.89,0.55,,2.94,1.73,,,15.69,,,,120.7757
2025-08-21,,,,,,,,,,,,,3.79,4.33,4.92,0.54,,2.95,1.72,,,16.6,,,,121.0843
2025-08-22,,,,,,,,,,,,,3.68,4.26,4.88,0.58,,2.88,1.73,-0.523,,14.22,,,,120.2774
2025-08-23,,,,,,,,,,,229000.0,,,,,,,,,,,,,,,
2025-08-25,,,,,,,,,,,,,3.73,4.28,4.89,0.55,,2.8,1.7,,,14.79,,,,120.4214
2025-08-26,,,,,,,,,,,,,3.61,4.26,4.9,0.65,,2.78,1.75,,,14.62,,,,120.5274
2025-08-27,,,,,,,,,,,,,3.59,4.24,4.91,0.65,,2.78,1.77,,,14.85,,,,120.7274
2025-08-28,,,,,,,,,,,,,3.62,4.22,4.88,0.6,,2.75,1.75,,,14.43,,,,120.2595
2025-08-29,,,,,,,,,,,,,3.59,4.23,4.92,0.64,,2.82,1.8,-0.524,,15.36,,,,120.2082
2025-08-30,,,,,,,,,,,236000.0,,,,,,,,,,,,,,,
2025-08-31,,,,,,,,,,,,,,,,,,2.84,,,,,,,,
2025-09-01,,,101.668,732192.0,324.245,330.418,127.625,126.954,4.4,158548.0,,62.5,,,,,4.22,2.84,,,55.1,16.12,1319.0,327.779,22176.1,
2025-09-02,,,,,,,,,,,,,3.66,4.28,4.97,0.62,,2.92,1.81,,,17.17,,,,120.6837
2025-09-03,,,,,,,,,,,,,3.61,4.22,4.9,0.61,,2.88,1.78,,,16.35,,,,120.5052
2025-09-04,,,,,,,,,,,,,3.59,4.17,4.86,0.58,,2.84,1.8,,,15.3,,,,120.7629
2025-09-05,,,,,,,,,,,,,3.51,4.1,4.78,0.59,,2.83,1.78,-0.524,,15.18,,,,120.1282
2025-09-06,,,,,,,,,,,259000.0,,,,,,,,,,,,,,,
2025-09-08,,,,,,,,,,,,,3.49,4.05,4.69,0.56,,2.84,1.76,,,15.11,,,,120.0971
2025-09-09,,,,,,,,,,,,,3.54,4.08,4.72,0.54,,2.87,1.75,,,15.04,,,,120.1569
2025-09-10,,,,,,,,,,,,,3.54,4.04,4.69,0.5,,2.84,1.75,,,15.35,,,,120.1223
2025-09-11,,,,,,,,,,,,,3.52,4.01,4.65,0.49,,2.78,1.74,,,14.71,,,,119.9534
2025-09-12,,,,,,,,,,,,,3.56,4.06,4.68,0.5,,2.79,1.7,-0.524,,14.76,,,,120.0611
2025-09-13,,,,,,,,,,,233000.0,,,,,,,,,,,,,,,
2025-09-15,,,,,,,,,,,,,3.54,4.05,4.66,0.51,,2.75,1.68,,,15.69,,,,119.5644
2025-09-16,,,,,,,,,,,,,3.51,4.04,4.65,0.53,,2.79,1.69,,,16.36,,,,119.1348
2025-09-17,,,,,,,,,,,,,3.52,4.06,4.66,0.54,,2.79,1.7,,,15.72,,,,119.1582
2025-09-18,,,,,,,,,,,,,3.57,4.11,4.72,0.54,,2.71,1.68,,,15.7,,,,119.6616
2025-09-19,,,,,,,,,,,,,3.57,4.14,4.75,0.57,,2.72,1.68,-0.523,,15.45,,,,119.7858
2025-09-20,,,,,,,,,,,219000.0,,,,,,,,,,,,,,,
2025-09-22,,,,,,,,,,,,,3.61,4.15,4.77,0.54,,2.69,1.67,,,16.1,,,,119.8152
2025-09-23,,,,,,,,,,,,,3.53,4.12,4.73,0.59,,2.71,1.69,,,16.64,,,,119.6202
2025-09-24,,,,,,,,,,,,,3.57,4.16,4.76,0.59,,2.7,1.68,,,16.18,,,,120.1707
2025-09-25,,,,,,,,,,,,,3.64,4.18,4.75,0.54,,2.76,1.67,,,16.74,,,,120.5419
2025-09-26,,,,,,,,,,,,,3.63,4.2,4.77,0.57,,2.75,1.65,-0.522,,15.29,,,,120.4349
2025-09-27,,,,,,,,,,,225000.0,,,,,,,,,,,,,,,
2025-09-29,,,,,,,,,,,,,3.63,4.15,4.71,0.52,,2.74,1.64,,,16.12,,,,120.115
2025-09-30,,,,,,,,,,,,,3.6,4.16,4.73,0.56,,2.8,1.67,,,16.28,,,,120.1368
2025-10-01,31422.526,24055.749,101.2195,731051.0,,,127.871,127.243,,158408.0,,,3.55,4.12,4.72,0.57,4.09,2.81,1.69,,53.6,16.29,1273.0,328.825,22249.8,120.1502
2025-10-02,,,,,,,,,,,,,3.55,4.1,4.69,0.55,,2.81,1.68,,,16.63,,,,120.4296
2025-10-03,,,,,,,,,,,,,3.58,4.13,4.71,0.55,,2.8,1.66,-0.521,,16.65,,,,120.0881
2025-10-04,,,,,,,,,,,233000.0,,,,,,,,,,,,,,,
2025-10-06,,,,,,,,,,,,,3.6,4.18,4.76,0.58,,2.76,1.65,,,16.37,,,,120.2722
2025-10-07,,,,,,,,,,,,,3.57,4.14,4.73,0.57,,2.82,1.67,,,17.24,,,,120.4884
2025-10-08,,,,,,,,,,,,,3.58,4.13,4.72,0.55,,2.84,1.68,,,16.3,,,,120.7766
2025-10-09,,,,,,,,,,,,,3.6,4.14,4.72,0.54,,2.95,1.69,,,16.43,,,,121.0902
2025-10-10,,,,,,,,,,,,,3.52,4.05,4.63,0.53,,3.18,1.72,-0.519,,21.66,,,,121.1163
2025-10-11,,,,,,,,,,,222000.0,,,,,,,,,,,,,,,
2025-10-13,,,,,,,,,,,,,,,,,,3.18,,,,19.03,,,,
2025-10-14,,,,,,,,,,,,,3.48,4.03,4.62,0.55,,3.11,1.71,,,20.81,,,,121.1822
2025-10-15,,,,,,,,,,,,,3.5,4.05,4.64,0.55,,2.95,1.68,,,20.64,,,,120.8642
2025-10-16,,,,,,,,,,,,,3.41,3.99,4.58,0.58,,3.04,1.71,,,25.31,,,,120.6698
2025-10-17,,,,,,,,,,,,,3.46,4.02,4.6,0.56,,3.04,1.7,-0.516,,20.78,,,,120.7028
2025-10-18,,,,,,,,,,,231000.0,,,,,,,,,,,,,,,
2025-10-20,,,,,,,,,,,,,3.46,4.0,4.58,0.54,,2.99,1.68,,,18.23,,,,120.6209
2025-10-21,,,,,,,,,,,,,3.45,3.98,4.55,0.53,,2.97,1.67,,,17.87,,,,120.8895
2025-10-22,,,,,,,,,,,,,3.45,3.97,4.54,0.52,,3.01,1.69,,,18.6,,,,120.8958
2025-10-23,,,,,,,,,,,,,3.48,4.01,4.58,0.53,,2.96,1.66,,,17.3,,,,120.9531
2025-10-24,,,,,,,,,,,,,3.48,4.02,4.59,0.54,,2.88,1.65,-0.513,,16.37,,,,120.9345
2025-10-25,,,,,,,,,,,221000.0,,,,,,,,,,,,,,,
2025-10-27,,,,,,,,,,,,,3.48,4.01,4.57,0.53,,2.8,1.63,,,15.79,,,,120.7988
2025-10-28,,,,,,,,,,,,,3.47,3.99,4.55,0.52,,2.82,1.65,,,16.42,,,,120.6361
2025-10-29,,,,,,,,,,,,,3.59,4.08,4.61,0.49,,2.76,1.61,,,16.92,,,,120.5312
2025-10-30,,,,,,,,,,,,,3.61,4.11,4.65,0.5,,2.85,1.64,,,16.91,,,,121.2832
2025-10-31,,,,,,,,,,,,,3.6,4.11,4.67,0.51,,2.94,1.69,-0.509,,17.44,,,,121.3859
2025-11-01,,,101.0344,734718.0,325.063,331.043,128.152,127.469,4.5,158449.0,228000.0,62.5,,,,,3.88,,,,51.0,,1319.0,330.164,22279.8,
2025-11-03,,,,,,,,,,,,,3.6,4.13,4.69,0.53,,3.04,1.71,,,17.17,,,,121.4512
2025-11-04,,,,,,,,,,,,,3.58,4.1,4.67,0.52,,3.13,1.72,,,19.0,,,,121.8271
2025-11-05,,,,,,,,,,,,,3.63,4.17,4.74,0.54,,3.05,1.7,,,18.01,,,,121.8482
2025-11-06,,,,,,,,,,,,,3.57,4.11,4.69,0.54,,3.13,1.72,,,19.5,,,,121.6948
2025-11-07,,,,,,,,,,,,,3.55,4.11,4.7,0.56,,3.15,1.75,-0.506,,19.08,,,,121.388
2025-11-08,,,,,,,,,,,228000.0,,,,,,,,,,,,,,,
2025-11-10,,,,,,,,,,,,,3.58,4.13,4.71,0.55,,3.02,1.73,,,17.6,,,,121.2984
2025-11-11,,,,,,,,,,,,,,,,,,3.02,,,,17.28,,,,
2025-11-12,,,,,,,,,,,,,3.56,4.08,4.67,0.52,,3.02,1.75,,,17.51,,,,121.0458
2025-11-13,,,,,,,,,,,,,3.58,4.11,4.7,0.53,,3.09,1.77,,,20.0,,,,120.7725
2025-11-14,,,,,,,,,,,,,3.62,4.14,4.74,0.52,,3.07,1.77,-0.504,,19.83,,,,120.9666
2025-11-15,,,,,,,,,,,222000.0,,,,,,,,,,,,,,,
2025-11-17,,,,,,,,,,,,,3.6,4.13,4.73,0.53,,3.13,1.77,,,22.38,,,,121.1146
2025-11-18,,,,,,,,,,,,,3.58,4.12,4.74,0.54,,3.2,1.79,,,24.69,,,,121.2127
2025-11-19,,,,,,,,,,,,,3.58,4.13,4.75,0.55,,3.17,1.79,,,23.66,,,,121.4978
2025-11-20,,,,,,,,,,,,,3.55,4.1,4.73,0.55,,3.17,1.8,,,26.42,,,,121.6889
2025-11-21,,,,,,,,,,,,,3.51,4.06,4.71,0.55,,3.19,1.82,-0.503,,23.43,,,,121.8653
2025-11-22,,,,,,,,,,,218000.0,,,,,,,,,,,,,,,
2025-11-24,,,,,,,,,,,,,3.46,4.04,4.68,0.58,,3.15,1.8,,,20.52,,,,121.9171
2025-11-25,,,,,,,,,,,,,3.43,4.01,4.67,0.58,,3.1,1.79,,,18.56,,,,121.6335
2025-11-26,,,,,,,,,,,,,3.45,4.0,4.64,0.55,,3.0,1.78,,,17.19,,,,121.2437
2025-11-27,,,,,,,,,,,,,,,,,,3.0,,,,17.21,,,,
2025-11-28,,,,,,,,,,,,,3.47,4.02,4.67,0.55,,2.95,1.78,-0.505,,16.35,,,,121.0527
2025-11-29,,,,,,,,,,,216000.0,,,,,,,,,,,,,,,
2025-11-30,,,,,,,,,,,,,,,,,,2.92,,,,,,,,
2025-12-01,,,101.4941,734717.0,326.031,331.814,128.576,127.886,4.4,158432.0,,62.4,3.54,4.09,4.74,0.55,3.72,2.94,1.78,,52.9,17.24,1378.0,331.378,22355.3,120.9862
2025-12-02,,,,,,,,,,,,,3.51,4.09,4.74,0.58,,2.92,1.76,,,16.59,,,,121.1467
2025-12-03,,,,,,,,,,,,,3.49,4.06,4.73,0.57,,2.89,1.77,,,16.08,,,,120.7336
2025-12-04,,,,,,,,,,,,,3.52,4.11,4.76,0.59,,2.88,1.76,,,15.78,,,,120.6766
2025-12-05,,,,,,,,,,,,,3.56,4.14,4.79,0.58,,2.85,1.74,-0.508,,15.41,,,,120.6863
2025-12-06,,,,,,,,,,,235000.0,,,,,,,,,,,,,,,
2025-12-08,,,,,,,,,,,,,3.57,4.17,4.81,0.6,,2.89,1.73,,,16.66,,,,120.776
2025-12-09,,,,,,,,,,,,,3.61,4.18,4.8,0.57,,2.89,1.73,,,16.93,,,,120.6832
2025-12-10,,,,,,,,,,,,,3.54,4.13,4.78,0.59,,2.91,1.76,,,15.77,,,,120.6752
2025-12-11,,,,,,,,,,,,,3.52,4.14,4.79,0.62,,2.88,1.73,,,14.85,,,,119.98
2025-12-12,,,,,,,,,,,,,3.52,4.19,4.85,0.67,,2.91,1.76,-0.513,,15.74,,,,120.1442
2025-12-13,,,,,,,,,,,224000.0,,,,,,,,,,,,,,,
2025-12-15,,,,,,,,,,,,,3.51,4.18,4.84,0.67,,2.91,1.77,,,16.5,,,,119.9561
2025-12-16,,,,,,,,,,,,,3.48,4.15,4.82,0.67,,2.98,1.78,,,16.48,,,,119.8902
2025-12-17,,,,,,,,,,,,,3.49,4.16,4.83,0.67,,2.99,1.78,,,17.62,,,,120.155
2025-12-18,,,,,,,,,,,,,3.46,4.12,4.8,0.66,,2.95,1.78,,,16.87,,,,120.0528
2025-12-19,,,,,,,,,,,,,3.48,4.16,4.82,0.68,,2.9,1.76,-0.522,,14.91,,,,120.1652
2025-12-20,,,,,,,,,,,215000.0,,,,,,,,,,,,,,,
2025-12-22,,,,,,,,,,,,,3.44,4.17,4.84,0.73,,2.88,1.76,,,14.08,,,,119.9912
2025-12-23,,,,,,,,,,,,,3.48,4.18,4.83,0.7,,2.83,1.74,,,14.0,,,,119.7057
2025-12-24,,,,,,,,,,,,,3.47,4.15,4.79,0.68,,2.84,1.73,,,13.47,,,,119.4372
2025-12-25,,,,,,,,,,,,,,,,,,,,,,,,,,
2025-12-26,,,,,,,,,,,,,3.46,4.14,4.81,0.68,,2.86,1.75,-0.533,,13.6,,,,119.4723
2025-12-27,,,,,,,,,,,203000.0,,,,,,,,,,,,,,,
2025-12-29,,,,,,,,,,,,,3.45,4.12,4.8,0.67,,2.87,1.76,,,14.2,,,,119.5899
2025-12-30,,,,,,,,,,,,,3.45,4.14,4.81,0.69,,2.84,1.75,,,14.33,,,,119.4939
2025-12-31,,,,,,,,,,,,,3.47,4.18,4.84,0.71,,2.81,1.72,,,14.95,,,,119.7456
2026-01-01,31865.721,24180.419,101.0388,734503.0,326.588,332.793,129.023,128.455,4.3,158592.0,,62.1,,,,,3.64,,,,56.4,,1385.0,332.105,22420.1,
2026-01-02,,,,,,,,,,,,,3.47,4.19,4.86,0.72,,2.83,1.74,-0.545,,14.51,,,,119.6059
2026-01-03,,,,,,,,,,,207000.0,,,,,,,,,,,,,,,
2026-01-05,,,,,,,,,,,,,3.46,4.17,4.85,0.71,,2.81,1.75,,,14.9,,,,119.6192
2026-01-06,,,,,,,,,,,,,3.47,4.18,4.86,0.71,,2.79,1.74,,,14.75,,,,119.7807
2026-01-07,,,,,,,,,,,,,3.47,4.15,4.82,0.68,,2.79,1.73,,,15.38,,,,119.8719
2026-01-08,,,,,,,,,,,,,3.49,4.19,4.85,0.7,,2.76,1.73,,,15.45,,,,120.0904
2026-01-09,,,,,,,,,,,,,3.54,4.18,4.82,0.64,,2.74,1.7,-0.555,,14.49,,,,120.2215
2026-01-10,,,,,,,,,,,201000.0,,,,,,,,,,,,,,,
2026-01-12,,,,,,,,,,,,,3.54,4.19,4.83,0.65,,2.74,1.7,,,15.12,,,,119.9958
2026-01-13,,,,,,,,,,,,,3.53,4.18,4.83,0.65,,2.75,1.69,,,15.98,,,,120.1401
2026-01-14,,,,,,,,,,,,,3.51,4.15,4.79,0.64,,2.76,1.68,,,16.75,,,,119.9537
2026-01-15,,,,,,,,,,,,,3.56,4.17,4.79,0.61,,2.71,1.65,,,15.84,,,,119.9951
2026-01-16,,,,,,,,,,,,,3.59,4.24,4.83,0.65,,2.65,1.63,-0.562,,15.86,,,,120.0838
2026-01-17,,,,,,,,,,,210000.0,,,,,,,,,,,,,,,
2026-01-19,,,,,,,,,,,,,,,,,,2.65,,,,18.84,,,,
2026-01-20,,,,,,,,,,,,,3.6,4.3,4.91,0.7,,2.73,1.65,,,20.09,,,,119.4455
2026-01-21,,,,,,,,,,,,,3.6,4.26,4.87,0.66,,2.69,1.62,,,16.9,,,,119.3431
2026-01-22,,,,,,,,,,,,,3.61,4.26,4.84,0.65,,2.64,1.59,,,15.64,,,,119.1962
2026-01-23,,,,,,,,,,,,,3.6,4.24,4.82,0.64,,2.68,1.61,-0.564,,16.09,,,,118.8976
2026-01-24,,,,,,,,,,,211000.0,,,,,,,,,,,,,,,
2026-01-26,,,,,,,,,,,,,3.56,4.22,4.8,0.66,,2.69,1.61,,,16.15,,,,118.0525
2026-01-27,,,,,,,,,,,,,3.53,4.24,4.83,0.71,,2.71,1.61,,,16.35,,,,117.4523
2026-01-28,,,,,,,,,,,,,3.56,4.26,4.85,0.7,,2.72,1.62,,,16.35,,,,117.5117
2026-01-29,,,,,,,,,,,,,3.53,4.24,4.85,0.71,,2.77,1.63,,,16.88,,,,117.4396
2026-01-30,,,,,,,,,,,,,3.52,4.26,4.87,0.74,,2.8,1.62,-0.56,,17.44,,,,117.8996
2026-01-31,,,,,,,,,,,230000.0,,,,,,,2.88,,,,,,,,
2026-02-01,,,101.9263,741278.0,327.46,333.512,129.539,128.961,4.4,158436.0,,62.0,,,,,3.64,,,,56.6,,1346.0,332.187,22620.3,
2026-02-02,,,,,,,,,,,,,3.57,4.29,4.9,0.72,,2.81,1.61,,,16.34,,,,118.3609
2026-02-03,,,,,,,,,,,,,3.57,4.28,4.9,0.71,,2.85,1.63,,,18.0,,,,117.9764
2026-02-04,,,,,,,,,,,,,3.57,4.29,4.91,0.72,,2.86,1.64,,,18.64,,,,118.2602
2026-02-05,,,,,,,,,,,,,3.47,4.21,4.85,0.74,,2.97,1.67,,,21.77,,,,118.5034
2026-02-06,,,,,,,,,,,,,3.5,4.22,4.85,0.72,,2.87,1.65,-0.552,,17.76,,,,118.2407
2026-02-07,,,,,,,,,,,230000.0,,,,,,,,,,,,,,,
2026-02-09,,,,,,,,,,,,,3.48,4.22,4.85,0.74,,2.84,1.64,,,17.36,,,,117.6392
2026-02-10,,,,,,,,,,,,,3.45,4.16,4.78,0.71,,2.86,1.66,,,17.79,,,,117.5216
2026-02-11,,,,,,,,,,,,,3.52,4.18,4.82,0.66,,2.84,1.67,,,17.65,,,,117.4601
2026-02-12,,,,,,,,,,,,,3.47,4.09,4.72,0.62,,2.92,1.68,,,20.82,,,,117.5376
2026-02-13,,,,,,,,,,,,,3.4,4.04,4.69,0.64,,2.95,1.72,-0.539,,20.6,,,,117.5258
2026-02-14,,,,,,,,,,,208000.0,,,,,,,,,,,,,,,
2026-02-16,,,,,,,,,,,,,,,,,,2.94,,,,21.2,,,,
2026-02-17,,,,,,,,,,,,,3.43,4.05,4.68,0.62,,2.94,1.7,,,20.29,,,,117.7375
2026-02-18,,,,,,,,,,,,,3.47,4.09,4.71,0.62,,2.86,1.67,,,19.62,,,,117.8426
2026-02-19,,,,,,,,,,,,,3.47,4.08,4.7,0.61,,2.88,1.68,,,20.23,,,,118.2354
2026-02-20,,,,,,,,,,,,,3.48,4.08,4.72,0.6,,2.86,1.69,-0.522,,19.09,,,,117.9917
2026-02-21,,,,,,,,,,,211000.0,,,,,,,,,,,,,,,
2026-02-23,,,,,,,,,,,,,3.43,4.03,4.7,0.6,,2.95,1.73,,,21.01,,,,117.9395
2026-02-24,,,,,,,,,,,,,3.43,4.04,4.7,0.61,,2.97,1.73,,,19.55,,,,117.9463
2026-02-25,,,,,,,,,,,,,3.45,4.05,4.7,0.6,,2.94,1.73,,,17.93,,,,117.769
2026-02-26,,,,,,,,,,,,,3.42,4.02,4.67,0.6,,2.98,1.75,,,18.63,,,,117.9042
2026-02-27,,,,,,,,,,,,,3.38,3.97,4.64,0.59,,3.1,1.8,-0.503,,19.86,,,,117.8223
2026-02-28,,,,,,,,,,,214000.0,,,,,,,3.12,,,,,,,,
2026-03-01,,,101.6172,754013.0,330.293,334.165,130.403,129.343,4.3,158650.0,,61.9,,,,,3.64,,,,53.3,,1522.0,331.483,22676.1,
2026-03-02,,,,,,,,,,,,,3.47,4.05,4.7,0.58,,3.03,1.78,,,21.44,,,,118.667
2026-03-03,,,,,,,,,,,,,3.51,4.06,4.7,0.55,,3.08,1.78,,,23.57,,,,119.4341
2026-03-04,,,,,,,,,,,,,3.54,4.09,4.72,0.55,,2.97,1.74,,,21.15,,,,119.0705
2026-03-05,,,,,,,,,,,,,3.57,4.13,4.74,0.56,,3.0,1.76,,,23.75,,,,119.5683
2026-03-06,,,,,,,,,,,,,3.56,4.15,4.77,0.59,,3.13,1.75,-0.484,,29.49,,,,119.491
2026-03-07,,,,,,,,,,,213000.0,,,,,,,,,,,,,,,
2026-03-09,,,,,,,,,,,,,3.56,4.12,4.72,0.56,,3.19,1.78,,,25.5,,,,119.5151
2026-03-10,,,,,,,,,,,,,3.57,4.15,4.78,0.58,,3.06,1.77,,,24.93,,,,118.7255
2026-03-11,,,,,,,,,,,,,3.64,4.21,4.86,0.57,,3.09,1.84,,,24.23,,,,119.2885
2026-03-12,,,,,,,,,,,,,3.76,4.27,4.88,0.51,,3.17,1.84,,,27.29,,,,119.8227
2026-03-13,,,,,,,,,,,,,3.73,4.28,4.9,0.55,,3.28,1.83,-0.468,,27.19,,,,120.5518
2026-03-14,,,,,,,,,,,205000.0,,,,,,,,,,,,,,,
2026-03-16,,,,,,,,,,,,,3.68,4.23,4.86,0.55,,3.27,1.85,,,23.51,,,,120.097
2026-03-17,,,,,,,,,,,,,3.68,4.2,4.85,0.52,,3.22,1.85,,,22.37,,,,119.8328
2026-03-18,,,,,,,,,,,,,3.76,4.26,4.88,0.5,,3.2,1.81,,,25.09,,,,119.9276
2026-03-19,,,,,,,,,,,,,3.79,4.25,4.83,0.46,,3.27,1.81,,,24.06,,,,120.1802
2026-03-20,,,,,,,,,,,,,3.88,4.39,4.96,0.51,,3.24,1.79,-0.459,,26.78,,,,120.2757
2026-03-21,,,,,,,,,,,211000.0,,,,,,,,,,,,,,,
2026-03-23,,,,,,,,,,,,,3.83,4.34,4.91,0.51,,3.19,1.79,,,26.15,,,,119.9371
2026-03-24,,,,,,,,,,,,,3.9,4.39,4.94,0.49,,3.19,1.75,,,26.95,,,,120.1295
2026-03-25,,,,,,,,,,,,,3.84,4.33,4.89,0.49,,3.17,1.76,,,25.33,,,,120.1282
2026-03-26,,,,,,,,,,,,,3.96,4.42,4.93,0.46,,3.21,1.73,,,27.44,,,,120.389
2026-03-27,,,,,,,,,,,,,3.88,4.44,4.98,0.56,,3.42,1.78,-0.456,,31.05,,,,120.8851
2026-03-28,,,,,,,,,,,203000.0,,,,,,,,,,,,,,,
2026-03-30,,,,,,,,,,,,,3.82,4.35,4.91,0.53,,3.46,1.79,,,30.61,,,,121.2851
2026-03-31,,,,,,,,,,,,,3.79,4.3,4.88,0.51,,3.28,1.79,,,25.25,,,,121.035
2026-04-01,32475.21,24270.599,102.4196,759097.0,332.407,335.423,130.932,129.663,4.3,158798.0,,61.8,3.81,4.33,4.91,0.52,3.64,3.16,1.75,,49.8,24.54,1414.0,331.172,22799.9,120.1198
2026-04-02,,,,,,,,,,,,,3.79,4.31,4.88,0.52,,3.17,1.74,,,23.87,,,,120.503
2026-04-03,,,,,,,,,,,,,3.84,4.35,4.91,0.51,,3.13,,-0.46,,,,,,120.6565
2026-04-04,,,,,,,,,,,218000.0,,,,,,,,,,,,,,,
2026-04-06,,,,,,,,,,,,,3.84,4.34,4.89,0.5,,3.05,1.7,,,24.17,,,,120.4302
2026-04-07,,,,,,,,,,,,,3.81,4.33,4.9,0.52,,3.12,1.75,,,25.78,,,,120.32
2026-04-08,,,,,,,,,,,,,3.79,4.29,4.89,0.5,,2.94,1.73,,,21.04,,,,119.0596
2026-04-09,,,,,,,,,,,,,3.78,4.29,4.9,0.51,,2.9,1.73,,,19.49,,,,118.8998
2026-04-10,,,,,,,,,,,,,3.81,4.31,4.91,0.5,,2.94,1.72,-0.47,,19.23,,,,118.8552
2026-04-11,,,,,,,,,,,208000.0,,,,,,,,,,,,,,,
2026-04-13,,,,,,,,,,,,,3.78,4.3,4.9,0.52,,2.95,1.72,,,19.12,,,,118.9916
2026-04-14,,,,,,,,,,,,,3.76,4.26,4.87,0.5,,2.84,1.7,,,18.36,,,,118.3581
2026-04-15,,,,,,,,,,,,,3.76,4.29,4.89,0.53,,2.85,1.69,,,18.17,,,,118.3623
2026-04-16,,,,,,,,,,,,,3.78,4.32,4.93,0.54,,2.86,1.71,,,17.94,,,,118.3616
2026-04-17,,,,,,,,,,,,,3.71,4.26,4.88,0.55,,2.83,1.72,-0.481,,17.48,,,,118.0795
2026-04-18,,,,,,,,,,,215000.0,,,,,,,,,,,,,,,
2026-04-20,,,,,,,,,,,,,3.72,4.26,4.88,0.54,,2.87,1.72,,,18.87,,,,118.2374
2026-04-21,,,,,,,,,,,,,3.78,4.3,4.89,0.52,,2.85,1.7,,,19.5,,,,118.4331
2026-04-22,,,,,,,,,,,,,3.79,4.3,4.9,0.51,,2.84,1.69,,,18.92,,,,118.6004
2026-04-23,,,,,,,,,,,,,3.83,4.34,4.92,0.51,,2.86,1.68,,,19.31,,,,118.7155
2026-04-24,,,,,,,,,,,,,3.78,4.31,4.91,0.53,,2.86,1.7,-0.491,,18.71,,,,118.7294
2026-04-25,,,,,,,,,,,190000.0,,,,,,,,,,,,,,,
2026-04-27,,,,,,,,,,,,,3.78,4.35,4.94,0.57,,2.84,1.7,,,18.02,,,,118.5458
2026-04-28,,,,,,,,,,,,,3.84,4.36,4.94,0.52,,2.85,1.7,,,17.83,,,,118.7717
2026-04-29,,,,,,,,,,,,,3.92,4.42,4.98,0.5,,2.82,1.69,,,18.81,,,,119.0975
2026-04-30,,,,,,,,,,,,,3.88,4.4,4.98,0.52,,2.83,1.7,,,16.89,,,,118.671
2026-05-01,,,102.5606,766876.0,333.979,336.121,131.535,130.094,4.3,158927.0,,61.8,3.88,4.39,4.97,0.51,3.63,2.77,1.69,-0.499,44.8,16.99,1199.0,331.02,23055.6,118.3926
2026-05-02,,,,,,,,,,,199000.0,,,,,,,,,,,,,,,
2026-05-04,,,,,,,,,,,,,3.95,4.45,5.02,0.5,,2.78,1.69,,,18.29,,,,118.8264
2026-05-05,,,,,,,,,,,,,3.93,4.43,4.98,0.5,,2.77,1.65,,,17.38,,,,118.6207
2026-05-06,,,,,,,,,,,,,3.87,4.36,4.94,0.49,,2.75,1.66,,,17.39,,,,118.0982
2026-05-07,,,,,,,,,,,,,3.92,4.41,4.97,0.49,,2.79,1.65,,,17.08,,,,118.0116
2026-05-08,,,,,,,,,,,,,3.9,4.38,4.95,0.48,,2.81,1.65,-0.503,,17.19,,,,118.0392
2026-05-09,,,,,,,,,,,212000.0,,,,,,,,,,,,,,,
2026-05-11,,,,,,,,,,,,,3.95,4.42,4.98,0.47,,2.79,1.65,,,18.38,,,,118.0562
2026-05-12,,,,,,,,,,,,,4.0,4.46,5.03,0.46,,2.82,1.66,,,17.99,,,,118.5238
2026-05-13,,,,,,,,,,,,,3.98,4.46,5.03,0.48,,2.82,1.66,,,17.87,,,,118.4737
2026-05-14,,,,,,,,,,,,,4.0,4.47,5.02,0.47,,2.76,1.62,,,17.26,,,,118.6696
2026-05-15,,,,,,,,,,,,,4.09,4.59,5.12,0.5,,2.8,1.62,-0.503,,18.43,,,,119.2825
2026-05-16,,,,,,,,,,,210000.0,,,,,,,,,,,,,,,
2026-05-18,,,,,,,,,,,,,4.07,4.61,5.14,0.54,,2.83,1.59,,,17.82,,,,119.0574
2026-05-19,,,,,,,,,,,,,4.13,4.67,5.18,0.54,,2.86,1.57,,,18.06,,,,119.451
2026-05-20,,,,,,,,,,,,,4.04,4.57,5.11,0.53,,2.8,1.59,,,17.44,,,,119.1624
2026-05-21,,,,,,,,,,,,,4.08,4.57,5.1,0.49,,2.78,1.59,,,16.76,,,,119.369
2026-05-22,,,,,,,,,,,,,4.13,4.56,5.07,0.43,,2.74,1.57,-0.502,,16.7,,,,119.2868
2026-05-23,,,,,,,,,,,212000.0,,,,,,,,,,,,,,,
2026-05-25,,,,,,,,,,,,,,,,,,2.74,,,,16.59,,,,
2026-05-26,,,,,,,,,,,,,4.01,4.5,5.03,0.49,,2.72,1.56,,,17.01,,,,119.1696
2026-05-27,,,,,,,,,,,,,4.0,4.48,5.01,0.48,,2.71,1.57,,,16.29,,,,119.1829
2026-05-28,,,,,,,,,,,,,3.99,4.45,4.98,0.46,,2.72,1.57,,,15.74,,,,119.0318
2026-05-29,,,,,,,,,,,,,3.98,4.45,4.99,0.47,,2.72,1.57,-0.501,,15.32,,,,118.8783
2026-05-30,,,,,,,,,,,225000.0,,,,,,,,,,,,,,,
2026-05-31,,,,,,,,,,,,,,,,,,2.74,,,,,,,,
2026-06-01,,,102.6395,768553.0,332.568,336.065,131.392,130.266,4.2,158984.0,,61.5,4.05,4.47,4.99,0.42,3.63,2.72,1.54,,49.5,16.05,1427.0,,23155.2,119.1653
2026-06-02,,,,,,,,,,,,,4.05,4.46,4.97,0.41,,2.71,1.54,,,15.77,,,,119.0359
2026-06-03,,,,,,,,,,,,,4.08,4.49,4.99,0.41,,2.75,1.54,,,16.06,,,,119.3848
2026-06-04,,,,,,,,,,,,,4.05,4.47,4.97,0.42,,2.74,1.54,,,15.4,,,,119.3615
2026-06-05,,,,,,,,,,,,,4.17,4.55,5.01,0.38,,2.76,1.51,-0.501,,21.51,,,,120.0831
2026-06-06,,,,,,,,,,,230000.0,,,,,,,,,,,,,,,
2026-06-08,,,,,,,,,,,,,4.15,4.56,5.03,0.41,,2.75,1.52,,,18.92,,,,120.034
2026-06-09,,,,,,,,,,,,,4.13,4.53,5.01,0.4,,2.78,1.53,,,19.87,,,,119.9617
2026-06-10,,,,,,,,,,,,,4.13,4.55,5.03,0.42,,2.8,1.53,,,22.22,,,,119.9134
2026-06-11,,,,,,,,,,,,,4.05,4.45,4.95,0.4,,2.78,1.55,,,19.44,,,,120.1174
2026-06-12,,,,,,,,,,,,,4.09,4.48,4.97,0.39,,2.71,1.53,-0.502,,17.68,,,,119.5073
2026-06-13,,,,,,,,,,,227000.0,,,,,,,,,,,,,,,
2026-06-15,,,,,,,,,,,,,4.07,4.47,4.97,0.4,,2.66,1.53,,,16.2,,,,119.3158
2026-06-16,,,,,,,,,,,,,4.05,4.43,4.93,0.38,,2.71,1.55,,,16.41,,,,119.256
2026-06-17,,,,,,,,,,,,,4.2,4.49,4.93,0.29,,2.63,1.5,,,18.44,,,,119.3871
2026-06-18,,,,,,,,,,,,,4.19,4.46,4.9,0.27,,2.66,1.51,,,16.4,,,,120.3958
2026-06-19,,,,,,,,,,,,,,,,,,2.66,,-0.505,,16.78,,,,
2026-06-20,,,,,,,,,,,216000.0,,,,,,,,,,,,,,,
2026-06-22,,,,,,,,,,,,,4.24,4.51,4.95,0.27,,2.65,1.51,,,17.28,,,,120.5463
2026-06-23,,,,,,,,,,,,,4.16,4.5,4.94,0.34,,2.71,1.51,,,19.49,,,,121.0552
2026-06-24,,,,,,,,,,,,,4.11,4.41,4.86,0.3,,2.76,1.52,,,18.63,,,,121.412
2026-06-25,,,,,,,,,,,,,4.09,4.4,4.86,0.31,,2.78,1.54,,,18.89,,,,121.0559
2026-06-26,,,,,,,,,,,,,4.07,4.38,4.87,0.31,,2.83,1.56,-0.51,,18.41,,,,120.8866
2026-06-27,,,,,,,,,,,217000.0,,,,,,,,,,,,,,,
2026-06-29,,,,,,,,,,,,,4.1,4.38,4.86,0.28,,2.8,1.55,,,17.65,,,,120.9525
2026-06-30,,,,,,,,,,,,,4.14,4.44,4.91,0.3,,2.75,1.53,,,16.45,,,,120.9248
2026-07-01,,,,,,,,,,,,,4.17,4.48,4.97,0.31,3.63,2.74,1.54,,,16.59,,,,121.1455
2026-07-02,,,,,,,,,,,,,4.14,4.49,4.98,0.35,,2.75,1.54,,,16.15,,,,120.6902
2026-07-03,,,,,,,,,,,,,,,,,,2.74,,-0.517,,15.81,,,,
2026-07-04,,,,,,,,,,,217000.0,,,,,,,,,,,,,,,
2026-07-06,,,,,,,,,,,,,4.13,4.48,4.99,0.35,,2.72,1.56,,,15.57,,,,120.835
2026-07-07,,,,,,,,,,,,,4.19,4.55,5.05,0.36,,2.67,1.55,,,16.13,,,,120.8145
2026-07-08,,,,,,,,,,,,,4.21,4.56,5.06,0.35,,2.7,1.56,,,16.9,,,,121.1307
2026-07-09,,,,,,,,,,,,,4.16,4.54,5.05,0.38,,2.7,1.56,,,15.84,,,,120.753
2026-07-10,,,,,,,,,,,,,4.21,4.56,5.06,0.35,,2.69,1.58,-0.523,,15.03,,,,120.5046
2026-07-11,,,,,,,,,,,209000.0,,,,,,,,,,,,,,,
2026-07-13,,,,,,,,,,,,,4.26,4.62,5.1,0.36,,2.69,1.56,,,17.16,,,,120.7413
2026-07-14,,,,,,,,,,,,,4.18,4.58,5.08,0.4,,2.72,1.6,,,16.5,,,,120.4728
2026-07-15,,,,,,,,,,,,,4.13,4.55,5.08,0.42,,2.71,1.6,,,15.67,,,,120.3088
2026-07-16,,,,,,,,,,,,,4.16,4.57,5.09,0.41,,2.71,1.59,,,16.73,,,,120.331
2026-07-17,,,,,,,,,,,,,4.18,4.55,5.06,0.37,,2.73,1.59,-0.527,,18.77,,,,120.5315
2026-07-18,,,,,,,,,,,188000.0,,,,,,,,,,,,,,,
2026-07-20,,,,,,,,,,,,,4.21,4.6,5.11,0.39,,2.69,1.61,,,18.65,,,,120.5401
2026-07-21,,,,,,,,,,,,,4.26,4.63,5.13,0.37,,2.69,1.6,,,17.05,,,,120.5779
2026-07-22,,,,,,,,,,,,,4.31,4.67,5.15,0.36,,2.68,1.58,,,16.64,,,,120.5736
2026-07-23,,,,,,,,,,,,,4.37,4.71,5.17,0.34,,2.77,1.58,,,18.7,,,,120.9075
2026-07-24,,,,,,,,,,,,,4.33,4.69,5.16,0.36,,2.79,1.59,-0.53,,18.58,,,,120.7105
2026-07-25,,,,,,,,,,,197000.0,,,,,,,,,,,,,,,
2026-07-27,,,,,,,,,,,,,4.31,4.65,5.12,0.34,,2.81,1.61,,,18.67,,,,120.7739
2026-07-28,,,,,,,,,,,,,4.26,4.61,5.09,0.35,,2.84,1.62,,,18.21,,,,120.6247
2026-07-29,,,,,,,,,,,,,4.22,4.67,5.2,0.45,,2.87,1.6,,,20.66,,,,120.7892
2026-07-30,,,,,,,,,,,,,4.23,4.68,5.21,0.45,,2.84,1.64,,,17.09,,,,119.6753
2026-07-31,,,,,,,,,,,,,4.28,4.75,5.27,0.47,,2.85,1.63,-0.529,,15.99,,,,119.7034
2026-08-03,,,,,,,,,,,,,4.25,4.7,5.23,0.45,,2.78,1.61,,,15.86,,,,
2026-08-04,,,,,,,,,,,,,,,,0.43,,2.73,,,,16.5,,,,
