Date,AAPL,ADBE,AIG,AMD,AMZN,BAC,CRM,CVX,GOOGL,GS,JPM,MA,META,MS,MSFT,NVDA,ORCL,PYPL,V,XOM,ABBV,BA,CAT,CMS,COP,COST,DIS,DUK,HON,JNJ,KO,NEE,NFLX,PEP,PFE,PG,T,UNH,UPS,WMT
2019-01-02,148158800,2784100,4516200,87148700,159662000,71836300,4783900,6384800,31868000,3999400,15670900,4294000,28146200,10648000,35329300,508752000,14320400,10146200,8788000,16727200,6908400,3292200,4783200,3019300,5735400,2143100,9723500,2857400,2788145,7631700,11603700,10549600,116795000,4835400,26430315,9843900,52025256,4063600,3297300,24458100
2019-01-03,365248800,3663500,5058200,117277600,139512000,66599600,6365700,6496200,41960000,4060200,16286400,5070900,22717900,13034500,42579100,705552000,19868700,9650700,9428300,13866100,7653200,5705600,6165800,3091200,4727300,2877700,10594700,2959700,3221137,8654500,14714400,9260800,149696000,5975900,28503533,9820200,49787166,4623200,2705000,24831900
2019-01-04,234428400,4043400,4823100,111878600,183652000,83829100,6650600,7952500,46022000,3788300,16935200,4452900,29002100,14371600,44060600,585620000,20984000,9234800,11065800,16043600,8910600,4448800,5456600,2958900,7700100,2761600,10122800,3278100,3625397,8831700,13013700,10848800,193301000,6293900,27145348,10565700,55703858,5367600,3347300,24087300
2019-01-07,219111200,3638500,5014300,107157000,159864000,57016300,9064800,5712700,47446000,3152100,15430700,4219200,20089300,11812400,35656100,709160000,17967900,11094100,12928000,10844200,7281500,4030300,4653400,2254800,6272200,2226600,6714700,3060200,2978944,8404700,13135500,9478000,186201000,5220300,20995469,9012500,54377872,4133000,3795700,23369100
2019-01-08,164101200,3685900,3909400,121271000,177628000,67339400,9057300,5674900,35414000,2692700,13578800,5069700,26263800,11398200,31514400,786016000,16255700,8307600,9243000,11439000,7478300,4736500,4202600,2220000,5774900,2366500,8730700,2350500,2666846,9351600,15420700,10599600,153592000,6407700,19677231,9551300,57683105,3618600,3034300,21602700
2019-01-09,180396400,3594200,4272800,163944100,126976000,69707200,5445900,7097000,26998000,3321400,14230300,5471500,22205900,9223000,32280800,617260000,19100200,9578300,9987600,13473500,9971900,4213900,4865600,2587900,8350300,1862900,5931900,3264400,2016144,7403500,18032500,7047600,133432000,8521300,20107580,15015600,58660217,3425400,3678200,18816900
2019-01-10,143122800,2704600,3250200,115629400,130154000,65235800,5116900,6078300,26598000,2808700,14376100,3693600,16125000,7560800,30067600,523156000,16652700,7478100,12514900,13151100,6527700,5358100,3418500,2445200,8811100,2340700,6160100,3758000,2174773,6224400,15976600,11384800,134725000,7905000,39731162,11102300,42388654,3374100,2432200,28188900
2019-01-11,108092800,3179500,4806800,85110800,93724000,63476000,5185200,4491700,30864000,3182700,15439900,2500100,12908000,8191900,28314200,874764000,16397400,7398200,5860100,9790100,5318100,3158900,2908600,1910400,6018300,1861100,4819100,3082400,1912449,5300400,11088600,8860000,195004000,5939000,21064506,7166600,38308086,3967100,5282800,16183800
2019-01-14,129756800,2606800,4711900,71350200,120118000,76715400,5815500,6121700,28490000,3361700,21258500,3336500,20520300,12336300,28437100,730168000,14869400,6084700,8666700,11012400,6368500,2476400,4482300,2568700,4972000,1523100,6980600,3931000,3136764,7374400,11514300,15355600,104996000,5804600,17605173,7952000,32395897,4955500,4731000,21255300
2019-01-15,114843600,3656500,5341400,62785800,119970000,80625500,5350400,4226100,37518000,2911800,26504900,3783000,24069000,11737000,31587600,617012000,12142100,10377900,7594900,10298300,7295500,2940900,3224100,2269900,4504100,1681900,9800900,2722900,1863383,5194400,11342900,9261200,211812000,4508000,25865371,7834500,35397670,5325600,4777100,21174600
2019-01-16,122278800,2885200,5299000,70849300,127338000,163131700,3936800,5624100,38280000,15194200,18533000,3546300,18025700,30530400,29853900,470104000,14114000,8475000,7258000,12595600,4927000,2731100,3636900,2326600,5402300,1455000,5899900,2279100,2273511,6264200,16907800,7059200,153855000,4953500,30169380,7964500,32430586,6069400,4463400,16230000
2019-01-17,119284800,2836200,4980800,85018400,84178000,107428800,3743200,4442700,24896000,8177000,14247600,2764100,15787900,47037200,28393000,493436000,12711200,10254500,5864900,10141700,6438700,4270400,6878500,2009700,5997400,1517100,6392000,1895700,2607462,7632000,12044600,8200800,188712000,4612200,24177284,8044500,34777508,3583600,4004300,16843500
2019-01-18,135004000,3711300,5152800,88131000,120410000,97928200,6151200,9382000,44892000,5650900,16428700,4866600,31029600,20614400,37427600,651336000,15930600,11958400,10263500,15759200,6190000,4256500,6122400,2254300,6073800,2115400,8554700,2842600,5484835,10593000,12760700,7414400,266210000,5142700,38618455,9100300,57261808,4844800,4249100,18361800
2019-01-22,121576000,4155500,5775500,78513700,128336000,84861400,5203300,7242000,39632000,4648500,17083700,4457700,22378700,20202400,32371300,661552000,13318700,7890300,8102300,15035600,5664600,4336500,5188700,1900200,6915500,3310800,6986700,2693600,3233782,10568100,11700400,8654400,179414000,5298200,29444122,13518500,49859854,4052700,5593900,24189600
2019-01-23,92522400,2031400,4165000,77811300,104504000,79425900,3335400,6082300,25194000,3410700,12146700,3086100,20098400,15583900,25874300,591020000,15551200,5595700,5465800,13187200,4969300,2924900,3123600,2626200,5938700,2220200,6845600,2629400,3000897,9267800,12058300,9089200,134801000,5197400,24462813,22869000,36879490,2971100,4573100,25037400
2019-01-24,101766000,3643000,3709000,97433400,81798000,59492300,6734700,8470700,29114000,2631800,11296800,2792000,20955500,13421600,23164800,708972000,11442200,9749100,4924800,11272500,8372600,2801300,3943600,2204000,5789900,1994400,6716800,2504400,2738775,9917000,10272000,9812800,111316000,4478000,34394023,12146400,32297391,2927300,2807000,22829100
2019-01-25,134142000,3822300,4762700,110239500,98918000,72182100,4600800,6261800,23260000,3275000,14369400,4677500,22237200,13422700,31225600,1154572000,16656600,11664300,9756300,8996200,21308600,3185600,6417400,2031000,4504500,2252300,5706900,2472900,3243697,7585100,12066500,15254400,111529000,5074800,35862455,10618000,40353402,2809100,3445500,21654600
2019-01-28,104768400,2110400,4146700,135164100,96754000,59963800,4054700,6886600,29334000,2369600,12283100,3277200,15508500,10396600,29476700,2511528000,11799100,7361100,9857200,13678400,14718800,3128900,17421400,1730600,5942800,1999400,6178800,2079100,3518869,6927700,9966900,11976800,86521000,4055900,39329694,9765600,41081866,2837300,3126200,17627400
2019-01-29,166348800,1937100,3545500,131202500,92656000,51451900,3915100,5359900,19704000,2694100,9743300,3661900,17632100,9916400,31490500,1153932000,10838600,6399900,7457700,10513200,13909000,3202700,8550800,1702600,5308800,1636500,5253700,3625500,2452778,6669300,11998600,7924400,76552000,4301500,51376808,9769800,41497735,2173000,2209000,15760200
2019-01-30,244439200,2482900,4519900,211421200,115676000,66475800,4653400,7941700,29452000,2773300,12526300,4079500,44613200,12347900,49471900,974228000,13483800,11622800,8078100,11524700,9277200,12705300,7181600,1898400,8087400,1589800,7853800,2215100,3149106,7299300,12952500,8345600,92345000,5023800,36067880,7750200,123070434,3659000,4013000,35547900
2019-01-31,162958400,5007200,6456600,182575600,218206000,100201200,8615900,11225600,40232000,5604500,17520600,11316200,77233600,11163400,55636400,842852000,20403600,23729900,20095700,19876700,11563900,6878500,6643300,3523800,9927700,4341100,8351600,6869400,3514114,17298100,32181500,12519600,85355000,6183400,40927452,16044400,69082348,4055100,7327400,44169000
2019-02-01,130672400,3033300,3383400,105356200,230124000,64244100,5959200,10934300,33116000,3174200,13000800,6470100,30806500,13322100,35535700,625048000,14849600,10514600,13248300,22968700,6759500,5625700,5646700,2814200,7486400,3453700,6557700,3207100,5601075,9575200,19130100,8934000,98278000,5010500,27239681,12720800,54384889,3946800,3526100,37775700
2019-02-04,125982000,3705100,8672900,70843800,98582000,55195900,5264700,7987900,78408000,2400200,9871500,4397500,20036000,8715300,31315100,528592000,12221200,7084500,11882700,15483800,10205600,4256600,4541700,2690400,5593100,1630300,7037000,3301800,4747534,7759000,15105700,11302000,90514000,3665000,19426485,11887500,51681413,3398900,3184700,21805800
2019-02-05,144406400,3042000,10111900,122226000,89062000,46622600,4575600,6887400,82296000,2601000,12763000,3091500,22557000,9971500,27325400,542424000,13345500,5591300,8455700,12786700,7965500,7230400,3614500,2081900,4483900,2074500,13619800,3464300,2997255,6449800,12651900,7956800,90466000,4593400,21127641,9772300,38762616,3597000,3690400,18299700
2019-02-06,112958400,2539100,4817400,78684300,78798000,35606900,4205100,4990400,48256000,2063100,8745000,2698000,13281200,9744000,20609800,702464000,9220900,5939400,6146900,10866900,4907200,5356000,3098200,1674400,4071300,1618800,14229000,2467400,3183907,5066100,8689100,6647200,67177000,4209400,16450410,8693900,30356937,2570000,4490600,12794700
2019-02-07,126966800,2099300,6976900,86723900,92532000,62289200,4545500,7281900,38298000,2948800,13177500,2742900,17517600,12745400,29760700,637120000,14905000,7283800,10675300,14418900,5877500,5211400,3682100,1852900,6230300,2526600,8658100,2844600,2996244,6085300,10047800,8516800,78645000,4227700,24248008,8732500,50163315,2458200,3395700,21030300
2019-02-08,95280000,2756800,4922200,78129300,113150000,50031300,3018700,5671000,21766000,2757500,12892600,3248400,12561400,13993900,21461100,461604000,11535600,7642100,5950700,11959500,4598900,4570900,3135000,2096700,6554900,2013700,6395500,3716600,3998195,4436700,9813300,7322400,75614000,3868300,27500125,7483200,32148838,4547000,2951000,18507600
2019-02-11,83973600,3538100,5160300,60578700,66346000,47724400,7125500,4859600,18498000,2056500,10978500,2974400,12811200,17058300,18914100,495180000,9714500,6455900,7600100,10434800,4803500,3046900,2648100,1733000,5200400,2376600,11086400,2428100,3012430,4962200,9369300,7404400,54549000,4851100,27102134,8494100,38471865,4856200,2765300,16628400
2019-02-12,89134000,2518400,3964400,67595400,97172000,49178100,5631700,5400700,35036000,2392900,12852300,3411400,16292300,12400800,25056600,591060000,14188500,7497000,6090000,12599200,6620100,3263300,4505600,1982800,3958000,2091200,7610200,2676900,2685865,6262300,10983300,7004800,104294000,6765300,30540177,11238800,39705568,4327900,2881600,17643900
2019-02-13,89960800,1899700,5290400,57544200,71206000,48951200,5296000,5935900,28042000,2757300,10754100,2996600,14205100,9528300,18394900,605372000,11342600,8577900,6885600,13214600,4237200,3078700,3189600,1853600,5839800,1703000,6919700,5281400,2791888,7902200,12748800,5726400,105591000,5528000,24757195,11587200,39773092,3066400,2731500,16375500
2019-02-14,87342800,1885000,22229200,64441200,82410000,47756600,5061100,5406500,21106000,2865000,11518500,2875600,12755200,10414200,21784700,827264000,11155300,6579200,6314000,12772900,3436300,2724300,2877500,2277800,5442800,1411100,6324300,3987400,2135318,3910400,58905400,6408000,92953000,6359200,19864949,7930100,34220369,3015300,2359400,21602400
2019-02-15,98507200,2999200,16385400,78644100,86878000,65867000,5282000,6209800,27826000,3065400,14716900,2758500,15504400,13289700,26606900,1516748000,13822200,6080200,6536000,14330300,6295400,4017300,5217500,3460500,5173500,2635500,8197300,4472900,3074850,6665000,35701600,8813200,92300000,8889500,19168993,12069100,49237839,3673700,4273400,28443000
2019-02-19,75891200,3475600,8824000,57517900,73634000,40841300,3883200,4277800,21980000,2558200,12764900,2836700,14345400,9401700,18038500,551892000,12357500,8092400,8406700,13551500,5674700,3051500,3881300,2526900,5189600,1938100,8169600,4358600,2508521,5935500,25511300,9774000,73966000,5596100,24432985,10098200,32719218,2486700,2658700,62091900
2019-02-20,104457600,2484800,5647400,57091600,66752000,42806300,7047200,5940600,24090000,2266000,10030300,3103600,11770700,10031600,21607700,540988000,13440900,8154100,5283100,12633100,5564100,3990100,6199000,4088500,5837100,1785600,7081500,3471200,2652986,6089800,27464000,10203200,81107000,6038900,27354884,8947400,32767808,2802800,3346700,52895400
2019-02-21,68998800,2607400,5419200,49608200,69668000,42754100,4463000,5139400,33272000,2785900,8400100,3528800,15607800,9603600,29063200,448548000,14759500,6410000,8573400,10266000,6360800,2880500,4051100,2502100,5984300,1615300,9480100,3167800,2737865,6665500,23121200,8274800,62279000,4825900,19611883,7444800,35192450,2554300,2260100,19239600
2019-02-22,75652800,2006000,4929500,52650700,61924000,47887800,4175000,4517600,29436000,2626600,10647300,3295300,15858500,10132100,27763200,401740000,11689700,4898000,9680800,9519300,5022700,3132300,3485000,2086000,5225500,1542500,8734700,2538500,2901957,5223900,24728400,6735200,70882000,4865400,24779329,7925400,30924933,3191100,4085000,24260700
2019-02-25,87493600,1815800,11727000,63221000,63690000,61227400,5076700,5196600,26208000,3032200,11230700,3359200,18737100,10804700,23750600,656020000,14722200,7470700,9731200,9274400,5511800,3276100,4444100,1964200,5160900,1794000,9327700,2551000,2339472,6846600,23774400,7555600,75693000,3755900,25274815,7436100,32325063,3679100,3112700,27705000
2019-02-26,68280800,2538900,7704100,48470100,53316000,53153200,4496300,5445600,35026000,2499800,15465400,2852300,13784100,10404400,21536700,488464000,12041300,5906400,7332500,10990600,4283100,2503700,7275600,2299100,4689900,1884100,8956000,3234500,2009467,5106900,20463200,7644400,49446000,4074600,16548959,7115300,39276195,3212900,2927600,25464300
2019-02-27,111341600,2266800,4748300,62649300,62976000,48128600,4278300,5289800,22092000,1804200,9968800,2119500,12697500,6916600,21487100,500256000,10674200,5565400,9731200,12398200,4175500,4603800,3441000,1651900,5355700,1482700,7249500,2112500,1771827,4378100,17827500,7288000,56299000,4175100,16475074,6013600,34886738,8952900,2620800,23706900
2019-02-28,112861600,3810300,4908300,39384900,60518000,62358100,6908100,6406500,27422000,2964300,15156900,3240400,11114200,12299900,29083900,324944000,31856900,6151800,6250200,14597900,6310800,5063100,4024000,3427300,8154300,2055600,6716700,4137300,2877070,10133200,22533900,12454000,61868000,5586300,39002427,10575400,37371224,11034300,2843600,34127700
2019-03-01,103544800,2594000,5349000,48084000,99498000,45771500,6919900,7743600,34086000,2580500,13813300,3001400,11097800,12336100,23501200,357188000,15757700,5434000,7016800,15419400,8567900,5124200,3811000,2853400,7372600,2178200,6996900,5613700,3424886,5641600,16291600,6865600,55265000,3629100,26667781,7733200,40505000,6921300,3904100,31057500
2019-03-04,109744800,2994900,9514400,48147700,123348000,56893200,17886300,7499500,35490000,2683600,12466300,2977700,18894700,12115100,26608000,409992000,14850100,7855800,6979700,18089900,5872500,5971000,3859800,2343600,6625800,2444700,6015000,3104400,4115852,8377700,15973800,8609200,74870000,4383100,22805820,6895300,65515095,8646300,2730700,23051400
2019-03-05,78949600,2101800,4588800,35462600,73630000,39932500,16042900,7345200,40094000,2338600,10856600,2779100,28187900,10449100,19538300,362924000,16291900,6321900,9678600,13745500,5933100,2844300,3122900,1981300,7635500,2160200,5225100,3513400,3421345,6568900,13062300,7666800,59378000,3785400,26529812,6274600,34463455,6924500,3150900,18357900
2019-03-06,83241600,1950500,5266500,60479400,79920000,41672000,7436300,7599900,23602000,2247500,9070800,2849300,21531700,7062700,17687000,403524000,12389300,3226500,8186400,18633600,5293200,4159400,3886000,1604500,7296300,1985300,7352800,3121400,3975231,6236900,14232100,7155600,62119000,4770700,22410359,4622300,32544317,4878700,2679500,14089800
2019-03-07,99185600,3185200,5967000,52186300,99140000,53908600,6916500,7201100,30086000,3567800,12705700,3879600,18306500,12502100,25339000,450104000,16624100,6170100,8761700,16541700,6642500,4893600,4290800,2040000,6964300,3279100,6324000,3531000,3621351,6100400,12084000,9411200,61513000,4858300,29046132,8408600,32869756,5033500,3979700,18379800
2019-03-08,95997600,2195400,4195800,49967700,93340000,40860700,4800700,7014100,23694000,3162700,10582400,2691800,13184800,11748400,22818400,422416000,15071100,4577700,5168100,16211300,6189100,3794900,4238000,1762800,8068800,6782700,6549100,2443800,2954766,7046700,15579100,6972800,68988000,5003300,31306119,5144500,29797812,4921700,2648600,16977000
2019-03-11,128044000,2711700,3056900,54420200,77528000,40709300,5699500,6088600,30032000,2669000,9763200,2670100,18884000,7191600,26491600,859728000,20027700,5387500,9361500,11060900,8078100,34742200,3914800,1836200,8703500,3748400,6952700,3720200,2825374,6150400,22126900,7135600,53873000,4821600,29161545,7544400,34448494,4539600,2963400,16035900
2019-03-12,129870400,2583500,3611600,56410600,72290000,34450000,4082100,6184300,42220000,1977400,10219100,2478700,12155300,7204400,26132700,579576000,18048500,5624500,9465100,11320000,6128800,36922600,4208800,2223700,11790200,2647100,9920300,4583700,1843251,5552900,19348500,7140400,51646000,4356400,24170539,7597500,43009610,4235800,2549600,15211500
2019-03-13,124130000,3992500,5940300,56705800,71040000,54683300,5230600,4707000,25888000,1904500,13022200,2690400,11973300,9269000,35513800,768900000,19490800,9356600,8308900,10260200,5984500,32662300,4285200,1522200,8324800,2421200,17994500,4510500,2563454,6446900,16222500,4916000,64441000,5968600,23715316,9883300,36677713,4881600,3323800,16446900
2019-03-14,94318000,5113400,4759300,42818600,58932000,45219100,3247200,5146400,27302000,1482300,10926500,2838700,18037400,8351200,30763400,519384000,24000300,5414700,9364900,9976700,6161800,13514100,3742200,1883400,7315500,2300300,17409600,3600300,2688597,8493600,18504100,5816800,52714000,8986600,32119596,8590200,29249014,3865200,2539600,14777400
2019-03-15,156171600,12110500,7435900,46519900,151018000,82346200,6743700,10449700,51886000,2985200,24811700,3894200,37135400,18992600,54681100,661484000,43340200,10960900,20162000,25316400,12751100,26697700,7049900,5486800,16733200,5075400,14932700,7614200,5348968,11922500,47254500,14402000,84445000,18194200,74768652,30802700,70650758,6466200,4874400,43800000
2019-03-18,104879200,4013400,4745200,34731800,108582000,58568600,3575500,5586900,24442000,3354900,12935500,2734100,37524200,10305900,31207600,486992000,21953600,6454000,9689400,9840600,5550100,13119200,4095400,2124000,7712200,1735400,21769800,3977000,2423845,7369600,24006400,7469200,71947000,9476000,18994345,8442800,30882432,3927400,2394600,17310300
2019-03-19,126585600,4257300,5090400,156052200,127284000,55455100,4379000,5096800,29788000,3284900,12889300,3212000,25611500,12548500,37588700,854972000,19214000,6965100,9236100,13936500,6335500,9856100,3315900,3222500,6456400,1852300,45384400,4656600,2726028,5882500,14987000,8080800,75414000,6751700,26403227,7334100,38039182,4164800,2940800,16243200
2019-03-20,124140800,3732600,4823800,151292100,125312000,81689900,4391000,6708500,41508000,5033500,14920700,3747400,20211500,15078500,28113300,719148000,24111600,6462900,6391400,13133600,5360900,8737600,3522100,2447800,7117300,1499500,35588700,3838800,2401386,5475700,13376100,8669200,109172000,5733500,23499035,7513800,32656328,4193500,4199100,18969300
2019-03-21,204136800,2359900,4711100,129610300,115356000,77444400,4277800,5050400,28150000,4031500,19751000,4441100,16223000,14576200,29854400,824312000,16686300,7216700,7027100,10117000,5159200,6951000,2635700,2142200,5580900,1617000,27438900,4461100,1974666,5765100,20043000,7499200,85440000,4305600,24262553,8221000,34878529,2699700,1819900,19653000
2019-03-22,169630800,3454000,5410600,115323300,127260000,118851600,5614300,5786800,34422000,5703100,31115200,3709400,16389200,25416800,33624500,747644000,16201500,7195000,8119800,12497700,4992500,10143900,5745800,3300200,5182100,1873600,24133800,4174400,2459253,6528800,19055900,9486000,86613000,6668100,19620105,11035900,43918934,3777900,2727900,20124300
2019-03-25,175381200,2639300,3914800,78438200,102076000,65568000,3795400,3837500,27576000,3751000,21032300,3506500,12631200,14504100,27067100,525212000,11755900,5117700,7568000,11320400,4008400,7939600,3199800,1756900,8070000,1357100,18187500,3350900,2072393,4500300,11668200,7038400,84738000,4275400,19823316,6955500,33938489,4110900,2088200,16222200
2019-03-26,199202000,3150100,2958400,75754100,97318000,59878500,6910300,4079800,30752000,2910100,15987100,3046900,15437900,9615400,26097700,703508000,11657600,4498000,15594400,9472800,4921900,6479700,2638200,1362600,7245200,1193000,16693100,3342100,2240228,4758600,11434900,6093200,76665000,4583000,20849279,6909400,32179688,4416200,2204400,14837700
2019-03-27,119393600,2521900,3075200,88585300,86496000,57621700,8218700,3727800,29428000,2343800,12753200,2640700,10620300,11251600,22733400,474372000,12636000,5450200,12253800,7258700,4006200,9600000,2378300,1694500,5015600,1351200,10794800,3592200,2796946,6764900,11543600,6116800,78524000,5318500,19455048,6037100,35408526,4819200,1911300,25413600
2019-03-28,83121600,2018000,2978300,64667500,60860000,45872300,4424800,4057700,22402000,2343400,12454100,2712100,10443000,8397000,18334800,480264000,9103100,4459900,16902200,7412300,3071000,4921300,2487200,2209900,5122100,1396700,11748900,4565800,2204617,4602100,11121100,9324000,43610000,3694700,16915541,6793700,35743234,3601500,1621000,24162900
2019-03-29,94256000,2097400,4308800,53502800,66416000,83446300,4913100,5318600,30890000,2632800,14523400,3453900,13455500,11811400,25399800,456896000,11485700,5625500,12164400,10889200,7105900,7694700,4681600,2332100,6810900,1968000,16358800,5434800,2736246,7168400,16045600,12039200,47056000,5758800,21681834,7535400,41847006,4294200,3428600,22319700
2019-04-01,111448000,2970100,3715100,63000300,84776000,91751100,4601100,5506300,27706000,3562600,17499300,3475900,10381500,25813300,22789100,483824000,15191700,6157200,6420100,10816400,4759400,7735700,5081500,3074000,5309000,1610200,10785100,4555500,2421518,5885200,11522700,9640400,70361000,5025700,20345046,6626500,50012511,4809500,3721700,25517400
2019-04-02,91062800,1877800,3424000,53358800,68962000,66694000,3158400,4362700,18288000,2247000,10295400,3386400,23946500,13101200,18142300,440920000,10812100,4177400,6215100,7646000,6355800,6401000,2529000,3251700,5833000,1574300,9231800,3386400,3371571,5517800,8495000,9960400,51587000,3242600,18625129,6088800,42296239,4057100,2456400,18822000
2019-04-03,93087200,2432800,3490300,197650500,78522000,63110600,3819100,3595400,22180000,3227900,11499200,2911700,27391100,11712100,22860700,783504000,12853400,5441900,8209300,8562900,6083500,7350300,4821800,2133500,5490800,1663600,10534900,2998800,3859699,5947000,12854500,8202800,53689000,4534400,16200402,5226500,38104720,2851400,2556500,17062500
2019-04-04,76457200,2947400,3753400,82191100,72478000,53712100,6295200,3715400,21022000,2582300,11952100,3096300,17847700,9119900,20112800,457376000,9978800,7996800,5100200,9360600,4827900,9388100,2988900,2128000,6397900,1319700,14378400,4847600,1990246,5844600,7814900,7106800,46273000,3022500,12990972,4786100,37352688,2255500,2889400,12078900
2019-04-05,74106400,1970500,4063900,65662700,72810000,46383400,4315300,5551400,20012000,2447100,9933700,2590000,9594100,8633900,15826200,481744000,10016300,8573800,4178300,10059100,3996300,6857200,2812300,1657200,8337800,1616200,10907900,5433200,1765353,4759700,7677600,6452800,39055000,3971500,15559043,4281800,52865599,3343000,2487300,13968000
2019-04-08,103526800,1796800,2147000,58002500,75056000,35272800,2848400,5483100,21750000,1891500,8056300,2714500,7297400,10898900,15116200,424192000,10126700,9261800,5604700,9108200,3499200,14482600,2497300,2022700,5705200,1244200,11054200,3115500,1875624,4329600,9421300,5772800,46538000,3140100,15410323,8468600,49321648,2195400,1854500,16267200
2019-04-09,143072800,1605900,3397000,75539800,74288000,40535300,5642900,4143400,19668000,2400900,9092200,2491300,19751000,7436200,17612000,439972000,9789000,7217100,6364100,8561600,3712700,7980100,3316500,1866300,4707300,1450200,17340300,2475300,1955040,5210300,8641800,6617200,54392000,3864400,18825072,5820300,35455396,2903800,2230000,13102500
2019-04-10,86781200,1469700,1904100,64368100,59280000,42669700,3414700,3970000,15510000,1907100,10882300,1984200,11701500,6703400,16477200,444772000,8477300,6561800,3918600,10324300,3641900,8285000,3310600,1702000,6629000,1556600,14091100,3412300,2408771,4194100,8059900,5291600,45456000,2681100,13202615,5394300,26990932,2753700,1767700,12273300
2019-04-11,83603200,2085600,4330300,44801200,53096000,50440100,2578400,3248300,16998000,2802100,11183800,1908200,8071000,7872700,14209100,374600000,8147600,7681000,5771400,9115100,9094200,6598400,2762900,2993700,9486900,2719800,12784500,2424500,1776683,4485200,7352400,5738400,65269000,3399700,20214877,5078400,33008512,8223400,2384800,16820700
2019-04-12,111042800,1681100,4937300,41048800,62288000,100192000,2844200,42693700,24312000,5096600,25834100,3452100,12329800,21641900,19745100,471708000,9014000,6997700,6745100,16638700,5011500,7334600,4383000,1935100,9913100,2187600,65253500,3520900,2143614,5756800,10690000,4768400,156462000,3501100,21338546,6707900,34451936,13979400,2853700,15486000
2019-04-15,70146400,1462300,3766200,40812500,74488000,57438800,2608400,13369100,23796000,6617200,15163800,3437500,10834800,11669000,15792600,440092000,7694900,4480100,8142800,8536100,3495500,3822100,3030200,1810500,7284800,1859700,32773700,2808900,2420708,5380900,10261300,5872800,88423000,4419800,18362788,5639200,25769939,10021800,1768300,15335700
2019-04-16,102785600,1638400,4709600,47340100,60892000,105168400,3004800,11942900,22622000,4852600,11583200,2564300,11215200,13358600,14071800,394964000,7265200,3766100,6021400,7005700,3624700,7083800,2672800,1995800,7790500,1360500,14564300,3166400,3042173,10745700,10804600,6523200,187402000,5263700,27506976,8136100,28733316,27361400,2072500,14485200
2019-04-17,115627200,2391500,3650600,48240800,57870000,94831600,4765500,11898100,30366000,4195300,17791900,2829200,9973700,19610000,19300900,351004000,7792200,5353700,4609100,8311400,6817100,4424400,3469400,1551800,7907100,1363000,14253700,4518200,3456247,9543700,11849300,8045600,180541000,7318200,42412117,6778100,29610995,22101400,2108400,11187600
2019-04-18,96783200,2028900,3729300,39880900,54998000,61796600,4391500,9546500,24750000,2874300,12501900,3016800,11655600,19906500,27991000,380988000,8233000,10220700,7859400,9493900,7784900,4703100,4504500,2178400,6033400,1365000,11890600,2822400,6451277,10485300,12167000,6670800,83532000,6331200,50579774,7248900,30872370,13927200,1859700,11183400
2019-04-22,77758000,1364700,2631000,36477300,67476000,34763400,2943300,7946200,19084000,1591400,7975900,2217700,13389900,7042100,15648700,279936000,6088100,6408500,4602600,10770600,5358600,4147700,3637500,3798500,9061600,1300000,10197500,2615800,3302778,4666500,9834700,7303600,119805000,3707000,31018904,9057200,29444568,11191800,2585500,15238200
2019-04-23,93292000,2693600,5036400,41777500,92808000,41889700,3418400,9079200,31868000,2120900,9193100,3108400,19954800,8163700,24025500,346856000,10923400,8564200,6522900,10595100,9920600,4894500,5930500,3014000,8133500,1524600,12159300,2336800,4218030,5790500,25327800,8818000,100898000,4464100,26672102,15979800,41937700,10261400,2851300,15152400
2019-04-24,70162400,1867600,4050600,51784700,73516000,40078100,3384900,22115000,23396000,4606100,9245700,3255200,37289900,9042500,31257000,318204000,8769800,9553100,7376500,11684000,7056400,9855100,8694400,2043100,7624600,1156400,11449500,1942400,3869815,5676300,15997300,6187200,65419000,3517200,21196994,10094800,95658073,6104100,3570600,14093400
2019-04-25,74172800,1747200,6002300,57329700,121982000,43243800,5498400,10636400,31344000,2075300,9311800,3152400,54148800,5585900,38033900,499296000,8226100,10959400,8862500,11135000,10442900,6615000,5094700,1869000,7305000,1278200,16382500,2506600,3379260,5218100,11444400,5898400,62555000,4433700,18130065,6085300,58284201,5954500,10116600,11883300
2019-04-26,74596400,2114000,3070600,48827900,168652000,40627500,3342900,11626700,27228000,1543100,7889300,3349300,22075000,7661100,23654900,868988000,7101600,7683200,7525400,18053500,5790000,4259600,5119200,2117100,9216800,1842900,14167600,1921400,2734830,4613600,10154300,5653600,56219000,3033800,20053193,7747400,46593943,6186200,5421700,24323100
2019-04-29,88818800,5592400,4449400,44532700,80426000,68408600,4509700,9404000,72368000,2997000,14242200,3274900,19641300,9702200,16324200,391920000,6443000,6989300,10003600,10023700,6444500,5457300,3374300,2062100,6769300,1429700,25746100,2370800,2977427,4275200,9731500,7094400,38217000,2793400,23229001,4787600,42053815,5345300,4551000,19139100
2019-04-30,186139600,3068000,5439800,73165900,70120000,47764200,3581800,21431500,133178000,1833000,11389100,7179600,23494700,8104600,24166500,362920000,10562300,6489400,6432700,13721500,9367400,3732800,3862000,2091000,9358300,1427600,15253100,3242700,3694292,6003700,17912900,10643600,38701000,4963600,34360400,8251300,46341721,7632300,5101400,18400800
2019-05-01,259309200,2056200,4274000,136066900,62340000,56161000,2707700,10097000,74340000,1981800,10412900,5146000,15996600,9056300,26821700,354280000,7792700,5442200,5248100,13909800,5231700,2765600,3652000,1892000,12032000,1350400,8906700,2323400,3806080,6656300,10551200,8541200,92573000,3810800,20703406,6733800,35810228,4823200,2615100,16011600
2019-05-02,127985200,2482300,4753400,100514800,79258000,40634100,3181100,9495600,45098000,1514700,8613300,4747300,13209500,7680500,27350200,394684000,9652200,5272400,6054900,15360400,5206300,2438800,5405700,2338100,12614200,1237600,16580400,2656600,4473171,8835600,8724600,10035600,53982000,2875900,20471210,6270300,39338026,5499200,2589800,15021000
2019-05-03,83569600,1979500,6361000,55503100,127632000,35256100,3131000,7364900,41588000,1897600,8185400,3194200,14575400,5829700,24911100,336824000,11066500,4660500,4317500,12180700,4527300,2953800,4154800,1459300,6883800,905900,8874400,2988600,4176754,5281600,7076900,6694800,51303000,2854900,18664759,4793400,37370694,4323100,3107500,15950700
2019-05-06,129772400,1994500,6001600,70344100,108356000,39882000,2520600,11035000,31774000,1927800,9387000,3022000,13994900,6310000,24239800,422176000,9305400,4722600,10442400,13367100,5413200,4747600,4866500,1316800,7402400,1194900,9955600,2659600,3036710,5818900,8657800,6730000,57931000,2883900,25973406,4890400,33340968,7180200,2704900,13841100
2019-05-07,155054800,2568000,29260800,75868800,118042000,58528400,6541900,9165200,36604000,2839500,15017700,4257500,16253000,10365100,36017700,555220000,11712400,6178700,6413600,13498800,4275300,9740300,5622900,1529000,6452200,1775200,10972700,2546200,4738531,6606700,12487500,7748400,69749000,3558900,27603838,6021700,34121069,5104700,4221600,13726800
2019-05-08,105358000,2610800,11033100,65967500,81572000,39903400,4061300,6229000,25520000,1817600,9575800,3050700,12505700,7340300,28419000,419168000,10729800,4118000,5445900,11352900,3820700,6030000,4140500,1551200,4809000,1611900,15423500,2832400,2933419,4667300,9281400,7887200,65720000,3844700,23811968,5392600,33120125,3768400,2497800,17646000
2019-05-09,139634400,1866800,6068200,73150900,106166000,44173500,5809300,16496300,29556000,2333400,12205900,3891000,12967000,8102300,27235800,660248000,10711800,4657300,6813700,13221600,3792200,6075200,5906200,2349900,7799800,1919300,15297100,3165000,2994119,5604200,11450500,6872400,58826000,3127200,19732461,6901700,35851802,4299500,3998700,18720300
2019-05-10,164834800,2097500,5779500,82930100,114360000,59649900,4462200,8787900,31650000,2089400,13189000,2816200,12578500,9749200,30915100,569500000,11200300,3750900,5192500,11056000,4731800,4574100,5240600,1676900,6411500,2036500,9858500,2965400,2369619,4771600,9653800,6420000,56571000,3720400,17391527,5815800,29145609,4374400,3071200,26228100
2019-05-13,229722400,2698300,5894900,99017900,115668000,72547000,5694600,7701200,45626000,3605600,13783700,4136900,16833300,16506200,33944900,656912000,10664700,5657900,9730000,12176100,3858400,7757800,8580700,2095600,6280300,1962800,11389900,4046600,3748011,5560000,11911500,10632800,80267000,4297200,28010788,7575500,36692409,4684400,3766300,22084500
2019-05-14,146118800,2046600,6844000,82980400,92582000,52216100,4954000,6858500,40392000,2463300,10503600,3862100,17628100,17302200,25266300,524880000,11520800,4559700,9756700,10548400,6365200,4747800,4019100,1699000,5259000,1635100,12001700,4955500,2651267,7179400,16844200,8954400,53530000,5150300,26772759,7004000,49683365,5329700,2889100,19061100
2019-05-15,106178800,2708600,6163800,55689900,93852000,51973200,7783800,6945000,59302000,2271100,10142000,4186900,16746900,10703100,24722700,502320000,8573000,5315300,7547000,8918000,4795700,4810000,2875900,1146900,6316300,1194800,9734100,3653200,1891204,6429400,11422500,7071600,63401000,3751900,33520678,5535600,31685041,5099700,3818300,20220900
2019-05-16,132125600,3413100,5450300,67330100,94156000,42791500,5048100,8543300,35308000,2008100,9672700,4911900,12953100,9305000,30112200,781088000,10013800,6031800,9745500,8105200,5404700,6036500,4316600,1530900,5312500,1800600,9689400,4151900,3068173,6857200,17771300,8465600,64415000,4812900,25508486,9284200,31292608,4456400,3337900,51366000
2019-05-17,131516400,2223500,4924400,65385400,94732000,43772500,5314000,6870900,25362000,1928300,9570100,3129800,10485400,8411700,25770500,1022068000,9057100,4512400,4582500,9279400,4756400,5282900,6122600,1819600,4906100,1672000,8964200,4428300,2119435,6915300,11257000,6821600,47254000,4011700,29187684,6370200,40897698,4486400,2587000,37113900
2019-05-20,154449200,2392000,5713500,69757400,75964000,41717600,5437600,4569700,30602000,2483400,8518200,2951500,10352000,8951600,23706900,572064000,9820200,3631600,4747400,7154300,4395500,3219900,6312500,1365300,4794800,1600500,8009000,3100200,2085747,4771100,13850500,5464000,46215000,3965600,24251591,6565300,70774685,5390800,2088500,21582300
2019-05-21,113459200,1793500,4628600,46079200,80102000,39258700,3803100,4859400,20562000,2327600,7967900,2881600,7502800,5936200,15293300,361848000,8482000,4001400,9095700,8489900,4841900,4022600,5492900,2077700,5855300,1504200,7050300,2728300,2565983,4859000,10587400,6069200,40264000,4080800,28785056,5226400,30867074,5345300,1762100,20667300
2019-05-22,118994400,1570500,4408600,40035300,58732000,29177600,3170100,5763300,18826000,2427200,7918900,2936000,9213800,10109600,15396500,325868000,8389700,3091700,5416400,7858300,4219500,3841400,4620400,1561700,5156300,1242300,5093700,2225700,2277760,5456800,16050400,6706800,62294000,3588000,25274604,4889700,26465171,4038000,2580700,22022700
2019-05-23,146118800,2706400,5085900,67809200,88486000,59772900,4508200,11000200,25214000,3184100,14558000,5072500,12768800,13128900,23603800,591844000,11213900,7183600,6138000,14657200,3299100,5305400,4964900,1499300,8896800,1822800,6743300,3862000,2747982,6951800,12199400,8216000,56304000,3901400,25495944,6175600,32657122,3934600,3111900,19363800
2019-05-24,94858800,1878300,3341000,39835800,67394000,35524400,3151700,4890800,18554000,1637200,8537300,2710800,8807700,6172300,14123400,357584000,9090700,4832500,4105600,7056400,3872700,5387500,3802500,1398900,6070700,1340200,4570100,1987700,2059241,5473300,6887600,5559200,38310000,2702700,15383341,4372100,21391471,2973900,2401700,13449600
2019-05-28,111792800,2475800,5962400,146949600,64000000,44273400,4934100,8145100,20948000,3040000,11665500,6252100,14843300,10539500,23128400,428356000,28230400,6568300,10202300,14912900,6557800,3504300,4889400,2562200,5685800,3164100,8938400,3837700,3922624,11919600,18614000,7048400,47171000,8806000,49440610,7615500,32468584,6172700,3357400,30815100
2019-05-29,113924800,1806000,3947700,99969600,85580000,49818900,4359500,7451300,36230000,2815800,9966400,4014300,12797700,9808700,22763100,559800000,12448700,8166200,6456000,13645200,4182200,4160500,5330000,2433900,6828300,2594900,7749600,2319000,2557384,23247400,12534600,7214400,56589000,5502700,26895761,7137300,35680344,3958400,3388100,19560600
2019-05-30,84873600,1601100,3288200,65289100,62938000,58649300,4418100,5807900,18088000,1919300,10367800,2817400,8581500,7797200,16829600,394300000,8569500,3871800,4750600,9362100,3533100,2183900,2878300,3115800,5817900,2030300,5274000,2319200,1974362,7360600,9087200,6462800,40080000,2710300,17344308,4729200,32077342,2646600,2518800,15058800
2019-05-31,108174400,2526600,5120800,68667800,92376000,68304200,5326900,6899800,31582000,2640100,10952800,5041400,15226500,11328600,26646800,389720000,11847100,4913500,5079000,13983300,4003200,3217600,4711500,4776600,6939500,4058100,7420700,3182500,1917608,7811000,11368600,9161600,50234000,4191200,22639288,10282300,65422282,3285700,4192400,17782500
2019-06-03,161584400,3903400,7097600,147532200,181974000,50109900,8835200,6100800,96890000,2857800,11680700,5452100,56059600,10133200,37983600,478644000,17434400,11261200,8034600,11831000,8434400,5148000,4161800,2605200,6541500,2512500,7901400,3061800,2412615,8434600,14167200,6806000,78496000,3588700,22643082,8532900,48092446,4999400,4971400,19844100
2019-06-04,123872000,3750800,6775100,107549500,113582000,58426400,12375100,5235600,60512000,2420800,12858600,4862200,46044300,11860900,29382600,641836000,17073200,7280400,6684800,10423000,6447100,3592300,4060400,3343500,7260500,1761500,8247500,2498700,2731694,6648900,12010600,7811600,78916000,4242400,18453537,6906400,41391153,4992000,5096000,17894700
2019-06-05,119093600,2650400,5480300,79481500,84796000,44874400,12072400,5105700,46988000,1967800,8340500,4742400,19758300,6421300,24926100,511616000,15855300,6220200,7769300,10617800,3804400,3188400,3598400,2323200,11839200,1825500,6842800,2819200,2738978,6860600,15837600,7546400,50201000,5084200,21418861,6481700,27050379,3194400,2766900,20708700
2019-06-06,90105200,2211800,4764200,131267800,73786000,38633600,5601200,7370100,29020000,1653500,8726700,3443500,12446400,5741500,21459000,408140000,10266900,4744000,13738500,11738900,4032800,2582300,3295700,2134800,7370600,1487800,6027300,2985500,2255200,9115800,15190400,5614400,37100000,5528000,24494222,6681600,32321091,2630100,2643200,24191100
2019-06-07,122737600,2758900,5206000,86841100,96164000,51317200,7175300,5343100,43828000,1838600,10618900,3691800,16917300,7546200,33885600,348856000,11591800,5916400,10528800,9095500,4829100,2470700,2547500,2182000,5893000,2270200,7026300,3243300,2051451,6533900,15293600,6242800,47773000,6332700,20023470,8063400,42087842,2837400,2803200,20428200
2019-06-10,104883600,2487700,4645800,97668800,107420000,48305800,29856300,5708800,28510000,2372000,11380600,4469000,14767900,8693100,26477100,402780000,12984600,6483600,7565900,7760400,3969400,2560800,3705000,2038100,5268400,1839500,8479500,3028400,3050975,4994700,9737400,7104800,78103000,2957900,15275727,4767000,40947745,2331000,3327200,18977100
2019-06-11,107731600,2969300,3587300,82834900,80854000,38691800,15214300,5625100,33508000,1632200,9847700,3119600,15266600,10654600,23913700,383872000,11288400,5038900,6082900,9415100,4210200,2702700,4516200,1429200,5280300,1613500,6352200,2841300,1746839,8230500,9915600,4606800,53967000,3553600,18813162,8074400,25967082,3043000,3229200,20241900
2019-06-12,73012800,1313700,2842400,56298700,53566000,33528900,7161300,4000100,23670000,2059400,9670500,2295300,17699800,8073800,17092500,358892000,10235400,3914400,6772000,7920800,4165700,2738300,3034600,1346300,5677400,1071700,5537000,2893800,1589121,9216500,11088100,5236000,45847000,3302800,16296843,7687800,25530560,3251800,2261700,13905300
2019-06-13,86698400,1696400,3860400,63556000,55916000,33404200,5173800,3993300,20814000,1411400,8406900,4331000,12253600,7530900,17200800,308080000,11289100,4089400,6901400,8986400,2924900,2621300,3495200,1614700,5174200,1228500,17939500,3753100,1417037,7500800,10353600,6806400,62093000,2851400,14464042,8611400,22340382,3107800,2943100,16455000
2019-06-14,75046000,2262800,3206900,70373000,57024000,37322100,6248200,3366800,24582000,1403900,9077400,3158200,16773700,7102600,17821700,394428000,12973000,4242000,4999900,8575900,4075900,2258400,2530100,2071200,3590500,1287800,11125200,3237600,1646584,6548100,8694300,5525200,50190000,3291800,13197872,6438100,26279414,2165500,1829500,13577700
2019-06-17,58676400,2254200,2711100,70865700,52686000,33410100,4491800,4219100,19770000,1155600,8128600,3332200,29459900,5658700,14517800,276040000,15207900,4621600,6410200,9355700,3083200,3746400,2607900,1884400,4575000,1191900,8542700,2448600,1665603,5562800,12322400,6233600,53582000,2725800,14094931,6020000,22262001,2270300,2317800,12441000
2019-06-18,106204000,4529300,3313800,86444500,77914000,60170700,7317800,4884300,34526000,2363000,11057300,3921300,37571400,10094500,25934500,581920000,20999700,6793300,6969300,10091500,5433500,9199200,4756100,2163800,4980000,2763200,11231400,2532600,2917334,7122700,9221100,6576400,54285000,4378200,22833434,7731200,27187148,3482500,2524200,14733600
2019-06-19,84496800,9738600,4029000,63233900,57906000,61953500,8095300,3847100,26714000,2196800,13126500,4326500,21417100,8034300,23744400,331644000,35449500,5166000,6323900,9757400,6147300,5716000,3847200,2061400,4469100,1628400,6877100,2683200,2212508,6393400,9414100,6602800,56672000,4349900,21753611,7028000,28081510,4204600,2056500,11773800
2019-06-20,86056000,5632500,5000700,72418200,64344000,60887200,10153600,7771700,24018000,2749300,13638000,4667300,14635700,9922800,33042600,350168000,54173900,5437500,11474100,16229700,5347000,3794500,3803600,1888400,9437900,1745100,8485800,2428300,4283687,7335800,10656600,8883600,58995000,3847500,23500300,7044200,35835384,3800800,2622900,15004500
2019-06-21,191202400,4015500,5462500,81861300,78672000,69444000,9706900,14287900,50774000,3365500,27089500,4285800,22751200,18450800,36727900,434428000,45169000,10651500,11728200,23108100,10516900,4923700,5742500,4012700,9147100,2964000,14150000,6867500,3858282,11272200,21264400,12560800,74484000,7696300,38141203,13799400,51925426,6323500,5283100,39535800
2019-06-24,72881600,2868900,2745200,55724800,45660000,40046400,6378200,5542600,24236000,2069800,13039600,2538100,15509000,8141400,20628800,282948000,19544200,3369800,5554900,10011800,5182700,2323200,3197700,2413000,3701800,1586100,10497400,3305700,1816543,5894700,10780000,6009200,48302000,3685800,24624075,5518100,28790910,3163800,3704600,18098400
2019-06-25,84281200,4638500,5504100,53680900,60246000,46901300,7362500,4713300,31644000,1828300,18660100,3138000,16750300,10232900,33327400,311868000,25462100,5393700,9899900,9740000,90131800,3005400,3751800,2086000,5024000,1182400,14675400,3996800,1865204,7517000,11519900,6954000,57504000,4176300,28429015,6805600,25460123,3182700,5339400,18315000
2019-06-26,104270000,2896800,3883400,65064200,48838000,42312300,5844900,5054800,34698000,1649900,10324600,3869400,12808600,7826400,23657700,584072000,15045200,4637300,7129900,11365500,42093800,4542000,3343700,1922500,9509900,1334400,8842100,3437000,1836979,7674100,12405100,7394400,36697000,6024100,41009348,7170300,37020232,3852900,4624000,12485100
2019-06-27,83598800,2596800,3878300,55623300,42834000,35575600,6832800,3551700,24078000,2239200,10906600,2186900,11159000,7459800,16557500,445440000,12605800,5139300,5873400,8147800,22129200,8980000,3594400,1705700,6004700,1122900,6466300,2726700,1832730,5233500,12374900,7529200,41386000,4750900,21994977,5613300,37316013,3366200,2613600,16443900
2019-06-28,124442400,2648300,5214800,50090900,60748000,101856900,6936600,7048300,33672000,4854900,21634700,4400300,16378900,15445600,30043000,397668000,42570500,6679800,8442700,14781300,21381500,4737100,10469400,2563100,6108800,1952500,20078800,3875700,3592721,12792400,16339900,11647600,45927000,6318500,39726209,12152000,53981201,6727600,3130400,19520100
2019-07-01,109012000,2619500,3200800,60275900,63842000,48029900,6476400,5526900,29196000,2465700,12724500,2646800,14181800,12197700,22613500,709756000,20413000,5566900,6103200,11437900,18010900,6392600,4834800,1772000,6272200,1955800,8972400,2848000,1632420,5872300,14976400,8478800,49926000,3544800,21341392,6775900,42843978,4102700,2627600,16544100
2019-07-02,67740800,1816600,3374800,37721700,52918000,32263500,4736300,5747700,20630000,1621400,10174900,2649100,9050000,8234800,15237800,400228000,17569600,4153900,5238100,10475400,12862200,3774700,3204900,2037600,8132300,1201300,7554100,2039000,1423411,4501200,8569200,6696000,36250000,3233300,16541898,6578200,35260636,3863500,2020200,12188700
2019-07-03,45448000,1585300,2948700,23462000,33806000,26642300,3885400,2725800,20154000,978800,6849400,1896800,10246100,4470800,13629300,246636000,9989100,3288900,4066600,5246100,7434100,2164900,2538600,984900,4881900,986500,4150900,1717600,1254463,3436300,7253700,5654400,37990000,2859200,10297580,6223300,26660726,2559400,1193300,9621900
2019-07-05,69062000,2872700,2514000,34011900,52568000,33092000,3940900,3458900,29794000,1511400,7929400,2561000,11164100,6276000,18141100,396552000,13838900,3801700,5840400,6880800,10854900,3208200,3071800,1307600,4584300,1081500,5596000,1744000,1222899,4652400,8916300,4196400,37322000,3356000,18295227,8694800,32447268,2965000,1572000,10738200
2019-07-08,101354400,1909200,4378600,49689400,57668000,30924400,4717400,3505200,29888000,1853900,6917200,2291700,9723900,7060200,16779700,329788000,16105600,4983600,6720300,7876100,13487400,3262300,2742100,1257400,7176000,1236000,4993900,2046900,1592257,4078100,9495100,4322400,31134000,5854500,23955312,5317800,42167017,1902500,1675300,14147100
2019-07-09,82312000,1644300,3617100,61419800,86914000,28750100,4979100,3955600,29472000,1812100,8947300,2477400,14698600,5941900,19953100,342860000,14348600,4739000,4894300,7863000,11832500,4828200,2618700,1520400,6057000,1400300,7396300,2598000,1614514,4217400,10584900,7276000,69328000,8233200,14223308,7537700,41013548,2774800,1952300,16270200
2019-07-10,71588400,1954100,3898300,60388400,98638000,40574800,4966300,4743500,30710000,1779800,9242300,2323000,20571700,5311000,24204400,452076000,16059100,5879700,5110600,8077400,9170400,2946700,3933300,1373000,5983900,1257000,9533700,2401700,1887359,4874400,7620900,5922000,58788000,6141500,15298599,5600700,33566180,2753000,1992400,13737000
2019-07-11,80767200,1951500,3389300,63081800,86356000,37376800,7083200,3548000,26004000,3691600,11595200,2583900,13678500,8799200,22327900,682560000,11150200,4999700,6986600,6404000,13001000,5059200,3164200,1404200,4194600,1985600,10471100,2379100,2454700,5817400,10376500,5830400,43363000,3944200,38383518,4625300,38215804,10268800,1820000,11689800
2019-07-12,70380800,1624800,2957700,51509700,50186000,29632900,4348000,3974400,21878000,2626000,10783400,2299700,15366300,9565700,18936800,506392000,11234300,4540300,7196700,6139000,12903000,3592800,4149800,1432600,4806300,2046400,8510000,2101400,2222827,17780100,7347400,6283200,66369000,4481200,33580967,7058600,30785251,5336100,3541300,11229900
2019-07-15,67789600,1161600,2900700,65565200,59626000,46462100,3603700,3739200,21164000,2600200,12946600,3349500,16030300,7870700,16651500,289840000,10721600,3721000,4490400,7116400,10253300,4814600,4498700,1348300,5051000,1568000,5289200,1847700,1687455,10038200,5876100,8714000,79447000,3077900,20363912,6240700,26817752,2611400,2288200,10038000
2019-07-16,67467200,1838700,2250600,66912700,52364000,54920400,6913100,4697600,25352000,5283700,16945000,2976000,12132700,10170900,22726100,341444000,9698900,4006600,6800200,10197400,10141600,2960400,4051600,1060100,6011300,1379200,5854700,1727100,2012199,10214500,7132500,4281600,58632000,4019700,19553386,7644300,23658953,3121600,2958400,10464600
2019-07-17,56430000,2298100,3679400,42557900,51176000,84958300,4160500,3874200,19538000,2583500,13120900,2318900,12083700,9131800,20211000,348204000,9090900,4627500,3994200,7419300,12205000,4010000,3750200,1344800,7055900,1716600,5296400,2102700,5539363,8862100,8264200,6556800,136395000,4105100,16341532,7861700,24888817,3995200,3672300,8065500
2019-07-18,74162400,1597200,4175600,58473900,69738000,49468800,3724000,5770700,25450000,2858100,9397200,3241000,11937900,11185800,30381800,442192000,11882300,4436900,4736300,11424500,8573300,4582800,3548200,1053300,5711600,1696100,8031700,1911700,4176147,6203100,11911800,4413200,312871000,3698600,13728877,5828700,42533500,5825800,2359000,9670800
2019-07-19,83717200,2100200,4852800,44617700,63712000,44863200,5218800,4880900,23184000,1822300,10402800,3048200,12098300,10083600,48992400,344896000,11663500,4916200,5327100,11243100,9806900,9504000,4837100,1494900,5136000,1607600,6109900,2408000,3073333,8340200,10355500,5843600,163025000,5022000,23552579,6547000,42575603,4413200,3011800,11388900
2019-07-22,89111600,1336400,2069600,37777300,58000000,31224300,2909500,3275800,28914000,1907100,9061100,2092400,13589000,7091800,25074900,315940000,8761700,5676600,4862100,8368800,9961800,4265100,3267800,1383800,3320500,1459100,7706400,2160300,1784777,12624800,12090700,6547600,177180000,4411700,12552086,4018800,47022787,4104300,2495400,13550700
2019-07-23,73420800,1826800,2160300,38532500,54070000,64030300,4865800,4295300,20648000,3330600,12752200,2275400,14583700,9859600,18034600,428176000,8141100,5016000,7193000,8551200,8025300,3354900,4122200,2117900,4431900,1117800,7514500,3141800,2105575,5803600,33417900,6337200,91711000,4145800,19586904,8194600,60340506,2889300,3362300,17262600
2019-07-24,59966400,1458800,3909800,41952300,52626000,53171900,4110500,4796900,27192000,3180000,10011000,2805200,32532500,8092200,20738300,366236000,10778700,8969800,8169300,8260200,12595300,7447900,12664900,1945500,4405000,1257100,5896600,2386500,1771726,6838600,15633400,6080000,119618000,4669700,18117838,9635900,63928943,4864000,12086000,12531900
2019-07-25,55638400,1378500,2459300,36705600,82730000,43251900,6934500,4586800,54762000,2776700,10138400,2312200,39889900,8733800,18356900,392700000,8175900,19417200,6085800,9083900,12403500,9663700,4823200,1929100,5019300,1600200,7294400,2680300,1779718,8897800,19135000,7010000,107985000,3335200,17514634,7809400,51661421,3362800,8941300,11554500
2019-07-26,70475600,1507800,2899300,43502800,98542000,46978800,4979100,6971700,121216000,2304500,12800400,2942100,24434000,8321000,19037600,274160000,6057200,7995500,5056300,7677300,12259300,4441100,4238000,1926000,6704100,1447700,8139400,2426000,1779415,4894600,11451900,4324800,108475000,4580800,21062187,5559600,45213673,3362600,8526500,14187000
2019-07-29,86693600,2778400,2565100,45922000,89864000,39176700,8880500,4377500,41382000,1372800,8500400,3677700,16530800,8667000,16605900,248160000,7439300,13820200,4621800,7091900,10117300,4116600,2715600,1960100,6597500,1257400,11674100,2442900,1537526,7832000,12283900,5274000,57828000,4533400,64559186,7768700,40963368,2005500,4171100,11239800
2019-07-30,135742800,2158000,1828900,72198900,58218000,37598300,4241600,3871700,28616000,1644600,7121100,3957900,11903600,7339100,16846500,197772000,6367200,8456000,5236600,6961200,8143700,4528000,3257200,1973800,5927800,978200,6563100,2693400,1450220,5509600,8127100,6447200,60293000,3367900,95739668,18788800,44919083,1908800,3265900,9105600
2019-07-31,277125600,3066900,3179200,119190000,89414000,60607600,7454200,7199500,39960000,1991100,13648000,5513100,14593500,8317100,38598800,359416000,11966700,10096200,7981200,13104600,11300000,5219700,4322000,2652500,8268500,1886900,9710700,2824800,2930688,8559200,16865500,8446000,62595000,5757600,56309423,12641800,53799151,3532400,4859500,18633900
2019-08-01,216071600,3210200,4706600,80878900,94266000,76913400,26124700,7928400,35426000,3070100,15664500,4988100,17777000,12963900,40557500,421212000,10215200,9436100,8417300,17132800,13106700,6465300,5530100,2080000,7924200,2634300,8911700,3055000,2783693,7870700,19527200,7507600,65632000,6199400,51624920,11308600,54361984,3613600,5106700,22365000
2019-08-02,163448400,3400900,2683600,60410900,99124000,57492300,13138900,9026200,34910000,2503000,11025500,4438000,15297000,16089900,30791600,428348000,12644400,10466900,8264600,21376700,9653900,4675400,5968600,1496400,7697700,1969200,6539100,3228900,2179831,6574900,13102300,6912800,62803000,5573300,29153640,12266100,48294621,2677600,3669300,16970100
2019-08-05,209572000,4292600,4323200,74333200,121164000,96207700,13070100,8620300,47840000,2794200,15855300,6861300,23086700,15311100,42749600,589156000,16204600,11745400,16858300,19080900,11618800,5876100,5482500,2960100,7474600,3329800,10669700,3969200,3333836,9480000,19986500,8838400,86925000,6192800,46030183,12974800,49077502,5812400,4332900,22710000
2019-08-06,143299200,2552100,4247700,60578400,101406000,65115800,6694000,6788000,36014000,2349400,10203500,4918500,18035700,10481200,32696700,361272000,13149500,7740500,10281300,12282400,10248700,3653300,3713900,2041400,6166900,2383000,18818900,3943300,3646845,7880600,19903100,7171600,61791000,6258600,31985843,9490600,41916119,3533000,4875200,21049200
2019-08-07,133457600,2196700,4302000,58577500,90538000,75388500,7635500,6853700,30686000,2454200,17320900,4476000,15833200,14108500,33414500,372560000,16344100,7622000,8292800,15231100,10532100,4187600,5048700,1938100,9289600,3037500,29084500,2630100,3115114,6771700,17937000,6892800,93224000,6149000,32017253,9507600,50243814,3205800,3529400,21835500
2019-08-08,108038000,2506000,8893700,167278800,74024000,53141900,8670300,8868100,30116000,2342200,10903300,4135500,14828900,9884400,27496500,309300000,12460700,7815000,7602800,14304100,7427400,3673000,3734800,2053200,7444800,2046700,14054800,2252100,2457128,5260500,10799000,5971200,59059000,3702100,23356429,7416600,37732014,2830700,2349100,13123200
2019-08-09,98478800,1451100,3987100,132483900,57596000,53499600,5286700,5051700,20418000,1790100,9980800,3410500,11058800,11011400,23466700,341816000,8471300,7777300,5373700,13686600,10893500,3102900,3805600,1990500,5391700,1284300,8811900,2355200,1823119,4677300,9260900,5828800,53491000,2929500,25391703,6939500,30275643,2535000,2113800,12580500
2019-08-12,89927600,1580500,3576200,106936000,58110000,55674700,4389500,3936500,22064000,1479300,9393700,3322600,10930900,8775000,20484300,279200000,6580100,7896800,7394400,9542600,5258900,2683400,4321500,1570400,4726100,1638600,7918900,2302000,1507581,6852100,6588600,3922400,65317000,2920800,44212665,4996200,31324781,2667400,1724000,17605200
2019-08-13,188874000,2326400,4522200,102009700,79880000,69919200,5205800,5806400,28434000,2115900,12124700,3899800,13577000,10896700,25154600,351956000,11014800,9788400,6667700,12403300,7082500,3689700,4331900,2034700,6461800,1724600,8145400,2400900,3259377,5013200,8581200,7496800,52894000,4088200,45549453,6722000,41333294,2763400,2804800,20025900
2019-08-14,146189600,2586000,8548900,127521500,97872000,106591700,8607800,7175600,35430000,3025100,19491800,3750300,18903700,17133400,32527300,419880000,12489200,9538800,7293500,18114400,9373300,5110400,5543100,2107100,7851800,2122100,11797700,3584600,2485961,7736200,17088900,9558000,73558000,6232700,38633421,10148300,45830657,3464300,3775700,27938400
2019-08-15,108909600,2336800,4125000,71674400,75182000,70192000,6647700,6272600,28506000,1981900,13365600,3364300,12925900,10818600,28074400,477200000,11257000,6975800,6698000,12874400,9195700,4721800,4171900,2559300,6069800,1623200,7590100,2384800,2246298,7251200,12393200,7865600,96292000,3701800,30713665,7758000,32262702,2513500,3698000,59438700
2019-08-16,110481600,1954500,4042200,70469800,60360000,70841700,5341100,6239100,24916000,1878700,11830600,2718100,12654600,9742800,24449100,1007960000,9913100,5840900,8312200,12649000,8348100,3866600,3551900,2069300,5273200,1230800,6353800,2285500,1768590,5858900,14288700,10488400,69058000,3405000,30012334,8302400,41180372,2810000,2723300,32895600
2019-08-19,97654400,1955200,3319400,67596900,56326000,44964800,4632100,6443700,24450000,1646100,8265400,2502300,9691200,7803000,24355700,815112000,8273100,5718300,5285000,10032800,9826300,2335600,2630900,1546600,9315400,1313400,11741800,2632000,1666412,4958000,10936200,5632400,49422000,3101200,21997296,5867100,34603667,2672300,2382600,21534300
2019-08-20,107537200,1491000,3551200,47924000,38590000,47665000,6259200,5150900,20206000,1545600,8374000,2583600,10083400,11350000,21170800,463188000,7577800,4358600,3793600,9743500,12037900,2039000,2402000,1433600,5297700,1390600,8628000,3611300,1746334,7302000,8176700,8316000,73499000,3160300,19932510,6744300,28856448,3201300,2599100,18336900
2019-08-21,86141600,1520200,2464800,41441500,40636000,47785400,6142400,4578400,14152000,1160800,8189300,2492200,8398200,9876100,14970300,427244000,6113100,5415900,3695900,10134200,7615700,3265600,2783000,1064600,6044600,1682300,6325000,2754400,1752404,6912800,10886500,7483600,56854000,2936900,19208728,4037400,29013606,2761900,1906900,24469200
2019-08-22,89014800,1743200,2326600,47667900,53070000,49353700,11744500,4362100,17352000,1275900,9343400,2975800,10821400,8126000,18697000,303488000,6744900,3863600,6659900,8972000,6495700,8320900,2118200,1010400,4316200,2345500,6967100,1945500,1962627,7213500,7467900,9159600,49742000,2484200,16933142,4558400,28412643,4498200,3005000,17986200
2019-08-23,187272000,2851900,3712200,83681100,105416000,81880700,26531900,7653400,36254000,2200500,14762300,4415000,17323400,12310800,38508600,568056000,11374500,7456400,7051900,15371900,8904700,11518700,6102000,1608800,7133400,1984300,10190900,3153900,4393553,15714000,14160400,10485600,63249000,4239500,27765311,7336800,44827992,4826600,4375800,18710100
2019-08-26,104174400,1792800,2212600,50612500,61600000,41499100,8975400,3966400,21166000,1441900,8209500,2184400,8773600,10408600,20312600,318208000,8582300,3666900,7754400,7343900,4841100,4661100,5200400,1127200,4989100,1426400,8093800,2037100,3130087,8889500,9226900,7455200,46957000,3954100,17468680,5661500,30713225,2918300,3215800,17807100
2019-08-27,103493200,1792300,2747800,53229200,60394000,52517000,6516500,4237100,23460000,1513300,14331800,2169400,14399600,8742900,23102100,290968000,13853100,4937400,4022100,9490900,7591200,3740300,3160700,1823700,5342100,5169000,6013600,3668000,2559711,20183800,13537000,9541200,63094000,7187800,24715351,6996300,42475509,4988100,2883900,17201100
2019-08-28,63755200,2776300,2481500,55835900,48394000,45897900,5326800,4153500,16810000,1437800,10585500,2306900,9386100,9881900,17393300,255612000,7499000,3256100,4401900,9647400,6872800,2402000,3187900,2056500,4880300,5162100,5950500,2639200,2390966,9878800,10046400,11356800,39557000,3972600,26047924,4600300,32261114,4847600,2609900,16113000
2019-08-29,83962000,2171900,2921100,44422800,60302000,55432900,5979900,4467300,19636000,1816800,10002200,2297200,10128700,12191900,20168700,357976000,6858000,3930900,4679200,9004100,6011900,2717500,3442900,1596000,6401900,2613100,6532700,2231400,3965013,6749900,9262800,8512000,43885000,3045200,19610302,5011500,30840594,4052500,2708100,15811500
2019-08-30,84573600,2373300,4565000,40307000,61174000,41326200,7591000,4881100,18064000,1529600,10170300,2600300,10774500,7427000,23940100,290616000,7920000,3957900,4061200,9180800,6415100,3147000,2912000,1254200,5131500,1801000,5622200,2157900,3193417,7371100,8746700,11786800,44464000,3742800,18873346,6007100,28610448,3384100,2209700,17115900
2019-09-03,80092000,1837000,2897700,38029300,70860000,50743100,4953800,5672500,25908000,2633600,9868800,2350800,9779400,8675300,18869300,296140000,10128000,4037700,4644000,9849700,7915700,4272200,3780600,1817400,5142300,1842900,5997400,2620200,2832152,5710200,12991400,9718400,36828000,2989800,26624989,4959300,27196284,3382300,1981800,17828100
2019-09-04,76752400,1516000,3846900,46614600,46482000,40862500,3604500,4595600,21312000,1720600,6929200,2631000,11308000,6829900,17995900,227728000,10558300,3691200,4154800,6959200,9618300,2737100,3688400,1008900,5803100,1375700,4285400,2102600,4021059,4807200,10718100,8909600,46525000,3201700,20649441,5586900,27455656,4526100,2732900,17348700
2019-09-05,95654800,2835900,3124000,57861200,66216000,63413700,5065400,5394300,26394000,2237900,13224700,3808300,13876700,8101600,26101800,695676000,10414500,5348700,6386800,9901500,5602400,3643300,5355100,1788300,6014500,1865300,5143500,2721200,4564221,4754100,13677000,17661200,89668000,4994600,22096794,7491900,28784687,4256900,2854900,17479200
2019-09-06,77449200,2273100,1901200,51673000,49938000,56054100,4722300,4578200,18972000,1438800,7836600,2783300,15226800,7012700,20824500,376976000,11636100,4675800,7990900,10418500,7502500,3022600,3315700,2363900,4635000,3018100,4090000,2578000,3366614,6758300,9093500,9130400,51666000,3051600,20873416,5306900,38748316,4183200,2116500,13039200
2019-09-09,109237600,3134500,2898500,54413200,59990000,68629300,6265500,5048000,31854000,2734500,13985100,4795900,14722400,11888800,25773900,417524000,17803800,10959000,7290500,12840200,10310900,4183300,4433300,3260500,6176800,3397200,5458700,2935100,5050022,7684700,10814900,8297600,82327000,4062100,24675616,7662400,156054584,3895600,2882300,17921100
2019-09-10,127111600,4097800,3170500,48604800,52278000,71066200,6249700,8728800,27922000,2615800,14333100,8683800,15455900,12292700,28903400,352812000,19976400,13428000,15255200,13810800,12155700,4547200,8479700,3088000,8567700,2725000,10974600,3179600,4270839,8239500,12038200,11094800,123202000,4175000,32250397,9582200,63577950,4257600,3070200,14572200
2019-09-11,177158400,2594000,3093900,50631700,48656000,53982200,6242400,5509500,23522000,1886300,9919200,6342300,11761700,9877900,24726100,361512000,16749400,7006300,9113600,10525700,8369100,8437000,7592600,2182700,7940300,4754700,7896400,2756500,4094708,6203600,9740400,8818000,74059000,5005100,16963181,7565500,72914534,3168100,2437000,15852300
2019-09-12,128906800,2955000,3263600,53618300,56470000,72943900,4993500,5818300,31644000,2913800,12283500,5497900,11419800,13254300,27010000,327840000,28184400,11585400,7748800,9100700,9560100,4495300,5594600,2120500,5712300,2942600,7333900,2339400,2809895,5250000,12357900,8671200,50109000,4146900,16692303,6194300,56491108,4713700,2224400,13422900
2019-09-13,159053200,2948600,3324700,47758800,39426000,79657000,3763500,4885400,23676000,2722400,16257200,4631100,11441100,11364500,23363100,324592000,14736700,8390200,6103200,7337200,8135600,3628900,3704900,1303200,7885300,2306300,5209100,3322200,2771553,5369800,11486100,8213200,65831000,4008200,24099605,6777400,51934430,4523200,3107300,16915800
2019-09-16,84632400,2774700,2793600,52248500,73510000,43391300,2592300,10683900,28218000,2205500,11993900,2755100,8444800,6289800,16731400,231832000,15204200,5215600,4253600,19830200,5992000,3055500,2876500,1281300,17898000,1508900,6329300,2934600,2456015,5101700,11172000,5033600,53074000,2953600,19877070,9626700,65127428,2973600,2294400,18270900
2019-09-17,73274800,4069200,4317400,35011700,39648000,48284900,3028500,7246500,20806000,2429100,10735400,2929500,9671100,9768500,17814200,223048000,11111400,4097400,5924700,14452200,9013500,3269500,2888900,1962600,13487100,1758900,4726500,2615600,2313877,4976400,11347400,7596800,47771000,4013300,22091945,6377100,46375748,2392900,2007500,13813500
2019-09-18,101360000,7449700,4292100,47027500,50112000,66640400,2951200,4801500,17440000,2474900,10665600,2975900,9681900,8283800,23982100,258152000,8911800,6624300,9542500,7292200,6252600,4186400,3005700,1186500,7412500,1666000,6857900,3066500,1853064,4373600,9700400,7681600,78111000,2647800,19679550,5684200,49625374,2960500,4116500,11868000
2019-09-19,88242400,3163500,4671800,41603000,40630000,43035700,2947000,4034500,16554000,1596200,9382600,2623800,10392700,6403500,35772100,245476000,14855000,5017100,6964500,8050200,5541200,2928800,2725700,2265200,6270700,3004700,12216100,2049900,1972946,4730100,7560300,5906800,84613000,2804500,17746409,4525800,35751178,2666700,3733700,10141800
2019-09-20,221652400,4046500,6534700,79957400,106838000,167269000,11733000,10420700,37692000,5458900,21862800,5540800,19934200,22404600,39167300,350244000,59517000,10427300,12820400,19736600,12968700,6643000,6412300,3487900,18124800,3409500,25231600,5069100,5109305,12053100,19211500,19007200,238328000,6671100,45990658,15362000,102573987,6220100,5308400,33997200
2019-09-23,76662000,1966300,2752500,44366800,58446000,52048300,3642200,4705500,20798000,1485500,9135100,3092000,13327600,7114600,17139300,249712000,13863100,3312800,8803500,7495200,8092300,2674900,2723500,1651800,6729300,2025400,6096100,2089100,2352623,5183700,6485300,6634000,134786000,3346500,17295191,6060400,28592972,3281200,2999900,15487500
2019-09-24,124763200,3288100,3592400,72963000,92320000,64806900,4120800,6232100,35804000,2837600,11696500,4120300,18546600,11246400,29773200,317268000,15354800,6367900,10039900,13307100,8223800,3533300,3370700,2070600,9370200,2483200,11904000,3166100,2668971,7102600,10093000,8674400,163382000,4798500,24186560,7633200,36647790,5006800,3160500,21819300
2019-09-25,87613600,3307300,3355300,58234800,69864000,45807700,3445000,3762500,26798000,1593400,9389400,4083600,18068300,6909400,21382000,308432000,11607200,5457300,7797300,8035200,5922700,4705500,2354100,2077600,5788200,1827800,6523000,2383600,1664186,4522900,10248400,8423600,116438000,3579500,20269685,5812600,29563331,4658000,3203000,13840800
2019-09-26,75334000,4270800,3206200,40745400,70736000,33198100,3837300,7834400,23166000,1685500,9899200,2924600,16083300,5343800,17456600,234564000,13324300,4719800,10419000,8420200,10324100,2520400,2227400,2369300,6655400,1877300,11615100,1986100,2006129,7545800,10031200,8703600,76840000,4309600,17059728,6984800,25490045,10444400,1999400,11960700
2019-09-27,101408000,3167600,3496300,54091100,78144000,41336600,5858200,6850700,34122000,1530900,10207800,3175700,14656200,8005200,22477700,362056000,12391100,7189400,9212600,8224000,7677300,2730800,2214300,2780200,4329300,1538100,8401300,1960700,2544131,6006500,7939900,7501200,73283000,3559400,17583671,5589800,32070987,4834900,2456000,10304100
2019-09-30,103909600,3992300,3424500,37295600,52894000,39191000,3671200,6108300,24470000,1794500,9755000,3128700,10740000,6213700,17280900,186184000,17445100,7390700,16464000,9768900,8315100,3183300,2795300,1867500,5923700,2151500,5532500,2501700,2103754,6552100,9808700,8937600,67272000,3705200,17205391,5206900,37524676,5286300,2639000,10204200
2019-10-01,139223200,3245800,3643000,37081800,61690000,49434400,3172900,7116600,24504000,3156200,11250300,3066400,17073000,13437200,21466600,366008000,16443200,5694500,8146200,10279100,10910800,2943800,3718200,1683200,6329000,2648900,5978500,2009200,2825778,7673000,14261500,6727600,86503000,3638900,22013001,5415700,30502974,5523600,4295800,11187900
2019-10-02,138449200,3370100,3492000,43640700,66022000,52293100,4432400,9702400,33030000,3386800,12548700,4308900,16151700,12052500,30521700,293372000,15923700,7879000,10596200,14503700,8380500,3698300,4255800,1917000,6135600,2480600,8296100,3044000,4572820,12051800,14343600,8138400,76591000,5728600,22458000,6755100,34764268,4921200,3903400,17833500
2019-10-03,114426000,3545100,3702700,56325200,69364000,53015800,3660900,5315300,28368000,2914500,12735200,3948100,16086300,12293600,24132900,450588000,11268500,4846100,7242800,10788400,6228500,2623900,3110200,1594300,4238200,3590200,8498700,3015800,3124219,6997600,13817500,8017600,89510000,8829700,22076135,5171000,26973322,3375800,2936300,15619500
2019-10-04,138478800,2566300,3298100,34446700,49438000,42641800,3259000,4757300,24282000,3021100,9453100,2671400,10430200,5631400,22897700,265524000,13659500,5458000,6027600,10534800,7007500,2008400,2442300,1272000,5148300,4513300,6732900,3129600,2773577,7233300,9295400,6552800,98904000,5278700,18065349,4377900,29014268,3700500,2321800,13881000
2019-10-07,122306000,1823500,2592200,39337200,43094000,36742400,2704700,4694000,17040000,2202200,6771600,2861900,9178300,6323600,15303700,480984000,12352100,3711300,5248300,10993000,5163500,1931800,2334500,1220000,8158600,1988700,5784100,2311700,2240228,5427200,5964900,6154000,65256000,4273300,11759373,4749700,27852194,3843200,2775800,14085000
2019-10-08,111820000,2135900,3763600,44265700,50840000,58201100,2613200,5323900,20086000,2654900,10806300,2818900,9466900,8309000,25550500,444436000,14771500,7027600,5336500,9748700,6121500,4030200,3530000,1994300,6968700,2201100,6526000,2470800,3457967,7870400,13301900,6968000,62764000,4074900,14761270,5545300,37298007,4817000,3373900,15375300
2019-10-09,74770400,1359400,2943600,35661500,40870000,37511400,2273000,4601700,15948000,2443500,7273700,2169600,7556900,8955700,19749900,292412000,12803100,4988600,6277300,8580900,5851000,2774100,2557300,1441900,5632100,2235500,5004600,2608800,1699999,7787700,7135000,6004000,67944000,3065300,13634333,3775600,32517572,4483100,2553200,11710200
2019-10-10,113013600,1562300,3962000,40660100,51504000,48239300,2687400,3555500,12842000,2108000,10994100,2194700,8605000,8207100,17654600,309124000,13789000,4281600,4762400,7100100,7329400,2723700,3242900,1516600,5426500,1637500,4512000,2382200,1631914,5119700,8942900,7465600,108091000,2191000,12198680,3943400,30928905,5252200,2209500,13024500
2019-10-11,166795600,2087600,4531400,66256900,65100000,70008600,4663900,5134200,22330000,3334300,15076500,3493000,14930500,14914600,25446000,446404000,18675200,4762900,8754400,10101900,7164900,3935400,6747800,1772300,6810600,1855500,6559000,2320000,2271083,7161400,8981700,8301600,87861000,2761400,18446054,6292200,36655734,5891600,3083300,18383700
2019-10-14,96427600,1372600,1980600,44473700,38204000,36040100,1556900,2571300,13296000,2286100,8779000,2042500,7006000,6644500,13304300,200040000,11079600,2953500,7240900,6234600,5040900,2124500,2851500,908000,4402900,1297600,3710300,2483600,1068215,5700000,7306300,4711600,55132000,2371500,8700981,7360200,27506894,4075300,1960300,13719900
2019-10-15,87360000,1964000,2215500,41600700,62234000,78656000,3942600,3742700,27584000,8241900,23379000,3006600,15039100,10112800,19695700,664124000,9150100,4579600,4400200,6645700,6028300,2836600,3289000,1470800,6226000,1580700,5914700,1904600,2847327,10008800,9564300,5672400,76856000,3369300,15178232,11113900,30063141,13397700,2616300,13550100
2019-10-16,73903200,4315200,3429200,42804400,55268000,87131700,8988600,3608900,22986000,3405800,11087700,2689400,10516900,10088900,20751600,428944000,8912300,4327000,6509000,9765800,8288300,3657100,3038300,1233500,5190700,1811100,7610800,2617100,3490037,12434200,10454800,7662000,161759000,2812000,14435795,7973100,29173148,5368600,2260600,11344800
2019-10-17,67585200,3319100,2494600,36884400,52948000,55575900,5024400,3722400,20958000,2876500,10818500,2396600,9603000,17965100,21460600,263436000,9917700,3996300,4887900,9757200,6811300,2397100,3418300,1676600,4364300,1734600,8005100,2051700,3341221,8434000,13190300,5366400,382589000,2322500,15312090,5956900,24521672,6301200,2197500,11732700
2019-10-18,97433600,4391000,2344000,39681700,67250000,48872900,6080000,5679900,31624000,2207000,10417400,4052300,16874200,10493900,32273500,307440000,12562900,7260700,6311900,13472700,9480200,13544300,4329200,1326900,5160400,1853900,8694000,3041900,4473475,25868700,18122400,8784400,234299000,3630400,14219198,9016700,49864620,4922100,2720600,16776900
2019-10-21,87247200,2868800,2069600,52182800,42608000,61087400,3358000,3926300,18094000,1934900,12714600,2921200,8122600,14244800,20078200,261868000,8256600,6694400,4898200,10199300,7839100,15493100,4225200,1075200,6734100,1322900,6257100,1550200,2563960,13823600,12778900,6488400,125992000,2829400,13237081,6731600,35278112,3029200,3251100,10230300
2019-10-22,82293600,3349100,3381800,36185200,42234000,58662100,4460500,4095000,22862000,1868000,12549100,5619500,19537600,12366600,27431000,328720000,7777100,11298100,10094700,9536000,6062000,7949700,4681600,2494000,6187300,1955600,9291600,1743700,3328474,7613700,9533400,12636800,118024000,3248100,14549416,14410500,26683631,5660800,8275700,7634100
2019-10-23,75828800,3020400,2669900,26582200,42764000,47771200,4761400,4148500,21282000,1574500,8828300,5367000,12300400,8328000,29844600,279916000,10491000,16470200,7122300,8641800,6136700,10960800,11295900,5176800,5252400,1798700,5970800,2199800,2406849,6693400,8556600,8912400,71335000,2323600,14000598,8249300,32027692,3706600,3644200,8520000
2019-10-24,69275200,3511000,1665700,27808000,88922000,39491000,5280100,3873900,20224000,1266500,8020500,3791900,11413500,7469800,37029300,232020000,6449200,23689200,7872600,9003600,5699300,5382700,3916200,2945000,4552100,2056700,5746300,1763400,2206438,12111600,11051400,6411200,48274000,2292500,19998385,6725600,53057976,2546900,2969600,8700900
2019-10-25,73477200,1822300,2084400,45368800,192528000,43702000,4991400,3369100,27104000,2602100,9055700,2760200,8061200,9576400,25959700,423092000,6307000,12070900,10130100,7607200,5497000,4058000,8319500,2240500,3046000,1686200,6696000,1818100,1972946,6947300,9782400,6072400,47478000,2520000,17497665,6093300,44063779,2815100,2704400,7692900
2019-10-28,96572800,2281900,3817200,51223600,74178000,58790300,7576700,5076300,65428000,2707800,9522200,3796600,13657900,10276000,35280100,330792000,7280200,7004200,10086500,11209600,7146400,3234500,6174000,1920500,7574600,1672600,8940300,2761600,2394810,7876300,8866100,7164400,62484000,3212600,25800339,5459500,82403244,2957100,1730400,10213800
2019-10-29,142839600,1723500,7845800,78700100,45538000,48266600,5477300,4548400,52654000,2030800,9797300,4706700,13574900,7773600,20589500,211236000,8333900,5420900,7572800,13894400,6391500,6113600,4427900,1870700,8699200,1295300,9305100,2675100,2745655,4506300,7999700,6861200,43562000,2550300,32212032,5659800,35364040,3528900,2867300,14373300
2019-10-30,124522000,2320800,3961400,78228800,48988000,45262400,4724500,4690900,29204000,1584900,8513700,3485500,28734600,7101400,18496600,205960000,6284900,4204900,5374800,12840600,7222500,3997600,3948100,2120100,7907800,1264300,10880000,1831300,1979218,9627600,8620900,4959200,93456000,2653700,22019430,4734500,45040891,3299600,2417300,8988600
2019-10-31,139162000,2845400,5172400,67881600,55624000,49430900,4578300,7177700,31904000,1876200,11589100,5356000,42286500,9414100,24605100,209732000,8260600,7200500,6830800,16169100,10009400,3868400,4037600,1923700,6346400,2277400,9628300,2454100,2168197,7686700,13982000,8228400,50900000,4492300,24539860,6399500,52278140,3960400,2954200,14643900
2019-11-01,151125200,2827200,5378700,64238600,55808000,41985300,4771100,7684700,28812000,2112300,11682600,2880000,21711800,9765900,33128400,283640000,7313600,5489800,7000200,14108700,13356300,3538200,6220200,1520100,6483600,1364500,8507600,2647200,2868268,5541800,9889500,8018000,55943000,3054900,19263220,6010200,46648095,2919600,4171900,11287800
2019-11-04,103272000,2790200,4657800,83343800,55438000,54228600,5748100,10348800,30632000,2538100,9159900,3726600,16371300,15965900,16912000,376716000,8757000,5818400,7154800,15858200,9127900,3703000,5437800,2287600,5667900,1651600,7631800,3105900,4434425,6140300,17515100,13459600,55662000,3202400,17709730,10351400,47480891,3186400,4230700,13938000
2019-11-05,79897600,6170600,4342400,84848600,37710000,68785600,4015000,6971200,25148000,2525100,13747600,4717500,9942000,13894100,18250200,300868000,10759300,9236200,7447500,14930400,7475600,5468900,4516700,3018300,7545200,2204500,7404500,2626800,5216339,6257300,19284000,9502400,40624000,4300800,21688474,9239600,39343322,5393400,3117800,12651300
2019-11-06,75864400,2762400,3733100,51675100,40596000,47524500,4207400,6104700,24626000,1863000,11231100,3742900,10973000,7872400,16575800,269012000,10572100,7332200,6992500,13996500,9303600,3815700,3736600,1799400,5464900,1675000,9132500,2186900,2774386,5450000,13288900,6976400,34383000,3645600,18757722,6756300,29127073,3668600,2820200,10843200
2019-11-07,94940400,3201600,3280800,54350200,53022000,68310700,3802300,5440700,45140000,3748600,13528900,4277800,13473000,14501500,17786700,280340000,9677700,9088400,7227200,13073800,6561500,2834500,3816700,2490200,9492200,2399400,18047600,4125000,2578528,5873700,11725500,12473200,59285000,3338700,22727297,8909700,33818138,3646300,3156200,13324200
2019-11-08,69986400,1628500,2750600,39353900,42466000,38724000,3265300,4249800,30392000,1610800,9293400,2241300,10760800,7966500,16732700,189100000,5869600,5451300,3894100,12106000,11364100,3218200,2776600,1745300,4769000,1501600,24175900,6146200,1655891,5003000,7141800,6431600,45090000,2604000,26626886,4249900,24672872,2200300,2310700,11498100
2019-11-11,81821200,1777400,2568800,43511100,38920000,27784000,3541200,3870800,17234000,2754500,8679000,2132600,8631200,7107500,14362600,243436000,5018000,5391000,3617300,8674000,8726300,11483400,2205100,1095500,3716200,1160900,10138400,4871000,1613199,4371400,8198300,6142800,39443000,2227200,12542916,3850400,17987334,1765600,1318700,13317000
2019-11-12,87388800,2084900,3162700,58664500,40752000,37282200,3710600,4503600,28852000,1891600,9099000,2217200,17615500,6400700,18641600,283504000,6184900,6715200,6118700,13918600,12165900,5769700,2843100,1310100,4939900,1540800,17284000,3843000,1838091,5228700,12656900,5798400,57728000,3246500,13338370,4759600,21912332,1892500,1555800,15189300
2019-11-13,102734400,1739900,2673600,67648300,59790000,48887800,5389700,5076400,20538000,1756000,8023300,3320600,10860700,7022000,16919200,300188000,6802300,5246600,6138300,11773700,5798800,3453700,3194400,1130600,4644200,1517900,45725400,5441900,1876838,5885400,12257900,7189200,91589000,3166600,25855252,7262800,21974296,3289800,1613600,23135400
2019-11-14,89182800,1459700,3468900,65829500,45296000,35554600,3820700,4882800,28948000,1483100,8483400,2365900,9040500,5836600,19729800,518080000,9056100,4978400,9811000,11279800,5425600,5339600,2581700,1516500,3971200,1336400,28393600,3905700,2234057,4217500,8660300,6329600,65290000,2141900,25190600,5188300,36368956,2101900,1580400,67512600
2019-11-15,100206400,2011300,3404100,62958500,78552000,36398300,3693000,5589600,39286000,1693100,10163600,2544200,11524300,6439000,23485700,1053628000,7216900,5639600,7808800,11252800,8036700,5493100,2827400,1459200,4261900,1706100,13733400,3567000,3280521,10495100,8982400,7382400,63338000,3648700,36378810,7108600,41675283,10136000,1891000,30413100
2019-11-18,86703200,1632700,2398600,66102800,56790000,31133700,5556700,4885300,27984000,1603400,8749300,2715900,16167200,6446900,21534000,574588000,6923300,4830400,7173700,10095600,5772300,3823800,2638600,1756900,5793300,1241300,15353100,4274200,2433860,9291800,13782000,7002400,86166000,3619700,18084532,7493700,34383883,6985200,1772700,19644000
2019-11-19,76167200,2142700,3394500,94373000,45416000,33183700,4952900,8723000,21864000,1817100,8824500,3013800,19056800,6980100,23935700,414564000,7199500,7954100,8549900,12605500,7504800,6670200,2085100,1982900,6588000,1761400,11504300,16085000,2704379,5192200,12679500,6522400,59180000,3019100,26475110,5989000,85473203,4002000,3642600,11146200
2019-11-20,106234400,1841300,5093400,79767900,55800000,43612200,8450300,5903100,28892000,2177700,11782800,2903900,12355400,9138700,25696800,472588000,9117000,5953500,6040500,16930700,10933000,3774800,3484700,1921600,10097500,1979500,9448400,6414900,4239578,7594400,11970300,8506000,51118000,3047700,19947582,6480000,92496494,4141600,2904600,15227700
2019-11-21,121395200,1609800,4337600,88069400,53258000,42787600,5724200,5810900,25546000,1677700,7705500,2777000,12131000,8353600,18576100,288388000,8067100,7525100,5112200,14080900,9614100,2703800,3297700,2847500,10527300,1302500,6241400,7570900,3171666,6424900,7856100,4990000,74884000,3391200,20942664,7094200,41518654,3309900,1994700,12908400
2019-11-22,65325200,1508900,4522500,56931900,49582000,38783900,3761900,4786800,27776000,1529100,8167900,2968100,9959800,6609800,15901800,224100000,6346900,6448800,6865600,12143600,7784700,3915700,2258300,1751500,6575300,1277300,9639400,5763100,1873803,9235800,9113300,5016000,59701000,3014900,25544006,4414900,26317280,2802700,2597800,11529300
2019-11-25,84020400,2205400,3072800,45769500,69724000,50238800,5509300,7390000,23590000,2181800,10068500,3760200,15272300,8461000,22420900,506476000,7977700,8336100,5457800,10670000,9522100,3324400,3085200,2039000,7721200,1613000,11316800,6254300,2688496,6111900,10963500,7456400,78739000,3612400,31592385,5134300,42985116,4082900,2460400,17644500
2019-11-26,105207600,2619000,7197500,43603300,63624000,50626600,5881400,10053100,21910000,1926300,10490700,5712800,11735500,10360600,24620100,385244000,12076900,13126400,7079000,15457000,6431400,2859000,2468100,2417900,8151100,3359100,24949900,6569900,4632306,10636500,13219800,15634000,53210000,4947400,34620633,8235200,71535058,2998600,2872800,18877500
2019-11-27,65235600,1469700,3770800,33630100,60512000,32097700,4012800,4106100,18808000,1614600,6607900,2163500,12736600,8614000,15184400,215784000,5790000,7553400,11452700,8393900,4711800,4145000,2660200,1737600,5998400,1906500,6155400,3229500,1056986,5523000,9595200,8584000,40969000,2476100,19201034,3751400,22600018,2323900,1862700,10302300
2019-11-29,46617600,1175100,2865500,17609900,38468000,19503400,2432500,3271000,12802000,770400,5712000,1754400,7985200,4138400,11977300,141556000,6479400,4439500,3139100,7980800,3042800,1390900,1652500,776700,2707100,981600,6284900,1325600,1652148,3278900,7222300,3557600,24117000,2978400,9793873,2927300,24060390,1520900,1372000,9471900
2019-12-02,94487200,2891400,4180800,35710200,78512000,47158800,5117400,5195200,26538000,2118500,8615600,3062300,11503400,8117100,27418400,372036000,14314000,7182600,6883200,11116900,6526400,4794500,2896200,1489600,7171500,2705500,10351000,4202000,3089114,4717100,13173800,7118000,62188000,3866300,15645998,6146200,32951182,2517100,2438300,17012700
2019-12-03,114430400,1608500,5785600,51556400,67618000,58745100,6216400,6135800,25270000,3207100,10361300,2528300,11595300,12217700,24066000,465232000,11963700,8947500,4543300,12245800,10054500,4683500,3839600,1344900,6110000,1921400,9273800,3954400,3819536,5741400,14498300,9249200,49928000,5000000,20869832,6396200,32927880,3239200,2037000,19784400
2019-12-04,67181600,1522800,4212900,44299400,53402000,46637900,17803300,5706700,35506000,1583600,10318200,2743300,8456300,8608400,17574700,273424000,11436800,7848700,10650400,11049700,6174600,3014200,2484600,1242300,8036700,1742000,7684800,3503600,2967614,7257300,13624000,6699200,35121000,4228200,14501248,6857300,50625656,2694200,2202200,16669800
2019-12-05,74424400,1698100,3131300,35574000,56476000,38304500,7126600,5517500,24408000,1329300,9587400,2580300,9740400,6680700,17869100,184884000,10557400,5635800,4638600,13109000,6072100,4719600,2277700,867500,5047000,1941100,7363300,3055400,2369417,5472900,14068100,6413200,46155000,3351800,13098058,7029200,28815933,3357300,4889400,13058400
2019-12-06,106075600,1733000,6731900,31101400,62348000,50908500,4751200,6735300,32968000,4229400,10170600,2425200,12270600,9487300,16403500,232236000,9088600,7018000,14526700,13710800,6044600,2856100,2271400,1138700,8311100,1462000,7084900,2964700,2142703,6640400,7843500,6196000,44578000,3216900,12868708,7150900,29930476,2828900,2762700,13022400
2019-12-09,128042400,2892500,3701100,27928100,48856000,32974500,3709000,4736100,30842000,2134600,8498200,1903000,11954800,6382300,16687400,211880000,11996700,5641300,10233100,12397700,5582700,2844600,1585100,1365900,5256500,1960000,11515000,3798500,1574654,4241000,13887200,4560000,57484000,3882900,15641571,7452800,27278637,2697100,1974100,14448000
2019-12-10,90420400,2155300,4634300,33733600,50286000,41960100,4074700,4886800,17606000,1854100,7532900,2514300,9475700,10009600,16476100,256388000,10719700,5316500,8625700,14281800,7816000,2920900,1888900,1636900,4630200,1565900,7084100,3208900,2051451,5310300,8993900,4345600,104761000,2940200,19171311,4740100,28833410,2515300,2438800,12846900
2019-12-11,78756800,2928600,4413100,31698300,41952000,43107800,4867500,7039600,20480000,1778600,9011900,2298100,8036800,6296300,18856600,233796000,12159600,5779700,7138800,13748400,7326400,7369100,2265700,1464500,3959200,1749800,8253700,4994400,2199458,6631500,8879100,6212800,55898000,3339100,15569372,4823300,24529351,2751300,3354200,10519200
2019-12-12,137310400,3104600,6080200,86878000,61918000,64942500,5353900,6462000,29114000,2974300,13717400,2746400,23734800,11553400,24612100,404348000,15413200,6379500,11192100,17068500,6260500,5970000,3714100,1407400,5162700,2742700,7748300,5842000,2304165,5012400,11233300,6970400,47666000,3502100,13414469,5897800,31237662,2996200,4320600,12447000
2019-12-13,133587600,6606700,5316800,79927800,54914000,48539600,5742300,4863400,33170000,1908200,10592100,3565400,18798000,10191200,23845400,454704000,21427700,6998800,8558100,12274500,5975200,4526300,3311700,1609500,6965000,5195600,9350100,5092800,2074113,4257200,13072200,8345200,38797000,3557900,16678496,5471600,32957538,3599300,2968100,16098900
2019-12-16,128186000,3436700,5857000,58824900,62904000,50777100,5370000,5619300,28128000,3218400,11372000,4210700,14911500,11007500,24144200,320976000,19951000,8465400,8249900,15208700,6723300,16488200,2414800,2371700,5590000,2410000,9134400,4597500,3245012,5353100,9538100,14284800,46589000,4701000,24187824,8281900,31833064,4663600,2978200,16052100
2019-12-17,114158400,2331900,3258500,44852000,72888000,50840500,4789600,6755500,32948000,3590000,11546800,3354500,10175700,10446000,25425600,321196000,19778400,8165900,10208700,14450700,8750000,13526400,2850800,1959300,6211100,2474100,8776100,2969500,3075255,10722400,9230000,10374000,104271000,5491800,29038016,8832200,45994833,4409100,2804800,13727400
2019-12-18,116028400,2332600,5090000,39083300,67028000,48757900,4144800,7496700,23330000,2280800,10381500,2902700,23274400,9513000,24129200,343548000,14123100,6477900,8968500,13652300,6490100,7029300,2629500,2057400,5598400,3309800,9467800,4003000,3656860,7849200,15132100,8585600,112074000,5370500,27339390,8607600,37645954,3621600,4957500,15309000
2019-12-19,98369200,2561400,4493900,45883000,53056000,45409500,4185400,6220300,28922000,2418100,9350400,2536900,16514600,9222000,24958900,445360000,11910100,6590000,5854200,13273200,5447000,5492600,3576800,1998600,5197100,2333600,10243900,4867400,2711865,9414700,13385900,6882800,98223000,3641700,22022276,6629100,33199697,2905900,3201000,13392300
2019-12-20,275978000,4233000,7345400,68104700,103016000,109395500,8586700,12171100,50090000,3715500,29992600,5099400,27306900,18742900,53477500,603044000,27423700,9823200,11259500,35092000,19134800,9489400,6805400,2709400,11008000,4866500,12629900,6715300,4402658,14532800,23832800,16198000,99149000,10311300,58199772,16250500,64039497,6608300,6945000,23863200
2019-12-23,98572000,2210600,4175000,55886500,42728000,33995400,4368600,5875000,19936000,1670400,9738400,3590500,13348900,6547600,17718200,355060000,10591500,4659000,5831700,14172500,5907200,9534800,2346500,1435200,7019800,1309800,9314000,5060700,2607765,6558700,9300800,9474800,57653000,2992900,17454345,6619500,38581095,2098900,2047500,13457400
2019-12-24,48478800,1066400,1138600,44432200,17626000,13805400,1238000,1640100,13468000,467700,3324300,641100,6046300,2087800,8989200,138864000,3331700,1680000,2420900,3979400,1798800,4120100,966200,314900,3188400,543600,3508500,804500,632796,4238900,3359300,2739600,20193000,1220600,5187683,2022100,11515093,714000,872000,6682200
2019-12-26,93121200,1055100,2811100,57562800,120108000,26992100,2155500,3648600,23662000,1704000,6770900,1369200,9350700,5517400,14520600,182852000,6702000,4049900,5237000,8840200,4066700,4593400,1576900,681400,4835200,1101800,4422000,2314000,1284509,3019300,6228500,5813200,35899000,2934700,9384078,4760400,26239032,1050600,1274600,12671400
2019-12-27,146266000,1229800,2374800,36581300,123732000,28111300,3409900,4138300,23212000,1343900,7868200,2042600,10284200,4116900,18412800,254644000,7262000,3379600,5448600,10516100,4087800,4124000,1544500,1309800,5414300,1439100,5495300,2596200,1319108,3432700,6895500,4319200,50361000,2554000,10117662,5192000,20430247,1547100,1419500,10632000
2019-12-30,144114400,1896700,2706300,41149700,73494000,30705100,3197100,4580200,19994000,1494500,6963000,2717600,10524300,4532800,16348400,258056000,5936100,3769200,4833600,12689400,7014800,4525500,1789200,889800,3665200,1238900,6602800,2237700,1689579,2923300,6431700,4450000,43115000,3024700,11554264,3884300,23389652,1511700,2430700,8837400
2019-12-31,100805600,1592300,2912500,31673200,50130000,29630100,3273500,4215700,19514000,1447200,7201600,2478600,8953500,5131600,18369400,231004000,7094500,4080500,5273000,13151800,4702100,4958800,1952500,1041900,3639800,1550700,5662900,2540700,1749065,4435000,7982600,6910000,37133000,3229400,15175703,4798900,26766646,2224200,2875100,14736000
2020-01-02,135480400,1990100,3104600,80331100,80580000,37614200,5189300,5205000,27278000,3736300,10803700,3272400,12077100,7808000,22622100,237536000,13899600,7418800,8733000,12456400,5639200,4544400,3311900,2420100,4122800,2103600,9502100,3921800,2890727,5777000,11867700,7884800,44858000,3784100,16514072,8130800,43165445,2543400,4158100,20294700
2020-01-03,146322800,1577600,2358800,73127400,75288000,50357900,3205400,6360900,23408000,2274500,10386800,2501300,11188400,6706000,21116200,205384000,11026700,7098300,4899700,17386900,5988500,3875900,3100600,2074800,6333200,1926000,7320200,2825400,2837918,5752400,11354500,7097200,38069000,4000100,14922848,7970500,36296666,2711400,2477800,16197600
2020-01-06,118387200,1874700,2699700,47934900,81236000,42185000,8836200,9953000,46768000,3329300,10259000,3307200,17058900,7476700,20813700,262636000,10982400,6764500,10109500,20081900,6786600,5355000,2549600,1478300,8823800,2655100,8262500,2410300,3316132,7731300,14698300,5518800,56631000,4085100,15771951,6674400,51229797,3079100,3381600,19336500
2020-01-07,108872000,2500800,4580100,58061400,80898000,34149000,8272700,7856900,34330000,5255200,10531300,3182000,14912400,4538100,21634100,314856000,12015400,6898700,4392300,17387700,7242500,9898600,2841900,1679600,5974800,1963400,6906500,3980900,3037823,7382900,9973900,6653200,47032000,5718100,20108107,7583400,37337462,2492900,1952300,20540700
2020-01-08,132079200,2248500,4832100,53767000,70160000,45311600,7225100,7295900,35314000,3564700,9695300,3224400,13475000,6185200,27746500,277108000,11856700,8293600,5712000,15137700,7696800,8239200,2153200,1703700,6470100,2492800,6984200,2583300,2575189,6605800,10676000,5936000,71045000,3681400,16403507,5385100,53645832,3379200,2016000,17627400
2020-01-09,170108400,1626300,3219800,76512800,63346000,39861600,5952900,7345300,33200000,3980700,9469000,3292600,12642800,7308000,21385000,255112000,10671000,5944700,6748000,14811800,7518000,8175600,2272500,1152400,6005100,3261200,6664200,2377200,1810372,6112700,15398000,6958000,47093000,3954700,21971895,5944000,52228887,2838200,2151500,16691100
2020-01-10,140644800,1480400,5483000,44133700,57074000,39730400,5111800,6393800,26258000,2248100,10190900,2948000,12119400,7686800,20725900,316296000,9734800,6965100,6586400,11995600,8581400,7161700,2393700,1844000,7233100,2024200,5152500,3225000,1691198,5042600,13040100,5125600,47183000,3099500,21557357,3927100,39350339,2477900,2545000,18164400
2020-01-13,121532000,2069200,6039500,34266800,55616000,37956100,6202600,6846700,30730000,3359200,12355200,3236400,14463400,8334200,21626500,319840000,10858900,9652500,11290500,9953900,9292200,5648500,3355200,1474500,3675300,1778600,9921300,2979000,2288282,4593200,14302900,5879600,62900000,5127200,15392405,8409200,43780576,6994900,1826200,18337800
2020-01-14,161954400,2274400,5277000,38563200,68818000,66719300,4342300,7189100,26076000,4302800,24906000,4951400,13288900,9602000,23477400,359088000,12627200,7182000,6236500,16261000,8876900,6945300,2742200,1789000,6119400,1459900,14839100,3009800,2216757,7037500,16345300,8252800,71994000,4159700,20919160,7829700,35129295,6056300,2598600,19757400
2020-01-15,121923600,2213300,4095000,40199900,57932000,74745500,3886600,5808800,21550000,5411200,16293400,4664200,10036500,11342500,21417900,263104000,9090800,5955200,10831100,11390300,8490100,4578300,2640500,1481800,3933300,1604000,6818200,2357300,2631134,4960300,17735400,6397200,51580000,5002600,23925800,4843700,34526213,6081300,3168400,22362600
2020-01-16,108829200,2439600,3822200,58898900,53190000,50368500,3485300,7022000,26080000,3968400,10783800,3323300,10015300,34590700,23865400,284192000,9866000,4770900,9983700,13340300,7073200,4024100,3070900,1915200,4315200,1758600,6948400,3244200,2241239,6476000,10234100,7914400,50160000,4977900,16216422,6233700,36172077,3710300,2426800,16108200
2020-01-17,137816400,2536100,5818600,57722500,79946000,54156100,4577000,7885900,52424000,3108400,14697700,4821000,15905900,15403900,34371700,253792000,11166600,9730400,12518900,18144100,10122300,11061700,3331500,2605000,4765500,2506500,10355300,3053500,2638418,9083600,14264300,9354000,60665000,6908700,23083970,11315200,44477926,4632200,3403400,30135000
2020-01-21,110843200,2121200,4215100,49095000,74156000,50811000,6302400,8470300,48930000,2492400,8474200,5998600,14275800,20833900,29517200,217916000,8773000,8746200,14861700,17982600,13552000,19318000,2476700,2539200,6974000,3585900,9250200,3429000,2214127,9543900,11968900,11486400,143503000,4440000,23115696,8553100,57931090,4962800,2960700,22061100
2020-01-22,101832400,1600300,4341500,40772200,64326000,38879700,4781800,5589900,28458000,2030900,7549100,3518500,12212800,10276800,24138800,239240000,6380500,5305300,8065000,17033100,6438900,18792600,3602400,2443300,6755800,2218900,7550000,3638500,1903647,10305300,12869600,7065600,217300000,5366100,18097812,7396700,47842475,3117600,2425300,14778300
2020-01-23,104472000,2084400,3307100,40135400,49692000,45717100,4369000,8007800,26650000,2806800,9345700,4188300,11195000,10064500,19680800,244516000,6583200,8533900,8520800,19605900,12266800,9702100,3182700,1832400,6199900,1535900,11082000,3824900,2462389,8671900,12858900,10212400,182003000,3915700,27148510,11096500,38406592,3169600,2493700,12915300
2020-01-24,146537600,1640200,3227100,80004900,75324000,47797200,4653600,6920000,29786000,2877400,15166400,3634700,11905800,9752000,24918100,373512000,6426000,7124000,7812900,18238600,13215400,17798200,2526200,1625200,5689500,1986100,13076300,2218600,2768923,9051900,8594300,10310400,179397000,2791500,34143698,9508600,45632057,3678500,2015400,13150200
2020-01-27,161940000,2652000,3634700,48878600,70570000,57096200,4239400,7609800,34132000,2506200,12860500,4367500,13810700,10649100,32078100,470536000,8259100,7002300,7198900,21231000,13832000,7468100,2920500,1627900,7321100,2265100,12831800,2481100,2520560,7587100,14359900,8678800,77095000,3895300,31964026,9338400,46633398,4399400,2903800,21055200
2020-01-28,162234000,2270800,4131900,62343800,56160000,38834600,3445300,5771900,29724000,3123000,13062800,3486200,13413800,9232900,24899900,310976000,8620300,6433000,7215700,19664700,8614400,5502200,2763800,1857900,4824700,1571700,10390000,3696500,2203808,7336600,15240200,8262800,68216000,2908300,70202408,6200200,40842487,4341000,2039600,15810600
2020-01-29,216229200,1521300,2964400,112349900,41760000,37414700,2785500,4772800,21566000,3711600,9326000,4389400,33181300,9027800,34754500,258848000,6332500,9236800,7041700,14202800,5703200,12454700,2620000,1697500,4102500,1713700,9382700,2335700,2224648,6288600,13163600,6008400,76435000,3263200,34165726,5271000,76732420,3963800,2845400,11326500
2020-01-30,126743200,1834900,2979300,70460200,126548000,50542800,3715700,8382700,27110000,3261700,9048900,3512100,48775500,8685900,51597500,290504000,7176200,13653300,8571900,18544700,10870000,6022000,3862600,2429700,6931500,1232600,11847300,3273100,3111978,6470600,20225600,6328800,53281000,4058500,32316589,5894400,67100717,4211800,9473000,13744500
2020-01-31,199588400,3692900,5736100,60322400,311346000,54845300,4193300,13699600,43822000,3482800,12785200,5586800,31359900,11286900,36142700,370420000,8884700,9467200,16699600,34282900,13870100,4999600,6785700,2939400,7673000,1837000,12379100,3175200,5564149,8651700,17685200,7536800,52300000,4753100,33894005,6612900,54495840,5532600,7234300,23327400
2020-02-03,173788400,2693800,2916600,46983500,117834000,48485500,4755200,8785500,71636000,2733000,10021100,4240100,15495600,8375100,30107000,255564000,8892500,8234700,10885900,27389300,10143700,4841800,4385300,1850300,7015300,2816800,12639900,2666200,3584020,5765200,12333600,11041200,66706000,3977800,20875735,6052300,53993382,5646800,5627100,13041300
2020-02-04,136616400,3053000,3441100,46302100,105786000,45061600,3983200,9909000,95880000,3052500,9157100,4158200,19628900,9375100,36433300,271544000,9769800,7396800,10205900,31922100,8251500,3779800,3501600,2346400,13403000,1982300,23519700,2802600,3027403,6541400,15417900,10482800,71615000,3494300,31150865,6512200,42313451,4290200,4858700,15696600
2020-02-05,118826800,2463400,4408400,42737100,87524000,54604800,6162700,6914100,36376000,3126600,10150700,3868000,12538200,8237500,39186300,208220000,9612900,7595300,8672400,32099200,10020600,6071800,4448100,2119500,12891800,1731800,27824100,2319300,2850969,5979900,11414900,8666800,64370000,3504900,29443490,6125400,32620050,5761000,4439900,17048700
2020-02-06,105425600,2224500,5286400,48670600,63660000,39511500,4102700,6274000,37822000,2225600,8992300,3422000,10567500,6976900,27751400,218284000,8832000,4020300,7001200,16055400,7769700,12845500,2283800,1677900,5901700,1917900,9504600,1611100,2455813,6201200,9347000,7874400,39204000,3571400,21047748,9102700,34705482,3044000,3861800,16058700
2020-02-07,117684000,2092700,3766300,53107600,101906000,31263000,3713100,4830100,28360000,3006500,6379800,2584200,12242500,7588000,33529100,189752000,7864800,4166300,5691100,15112500,19090300,5337800,3812300,1545500,5081800,1903500,10948900,2747900,3292459,5700300,8757800,6410000,43852000,3138500,21903596,5915100,33363079,3425900,5754400,11068800
2020-02-10,109348800,2426800,2756800,60971700,101124000,24373800,3873500,6011800,38302000,2591300,5960700,3848100,11856400,5115100,35844300,529608000,7198200,4868000,6239500,20934500,13998300,5876400,2331600,1380500,6756300,2336300,8162100,2647800,2427689,4835600,7984900,7666800,52941000,3775600,19998385,5216100,24552653,3147400,4669400,18434700
2020-02-11,94323200,2004700,4656800,74719100,114920000,32476300,4299200,6072700,34852000,2238800,6578600,3449300,25030800,7120800,53159900,638556000,8466600,4677400,10231900,14908700,10682800,5311500,2381900,1161700,6143000,2047500,10790100,2993100,2982890,3715300,7431200,7850800,47729000,3870500,16027335,6105700,42338872,2992200,2806300,17390400
2020-02-12,113730400,2355600,3984100,45994900,66686000,36656700,4535400,5725700,31042000,2119200,7958000,2451000,13813700,7130000,47062900,374644000,7541100,6482300,7355800,17862100,10591000,4421500,3222000,1337300,5906800,1384600,8168200,4377700,2985217,5166800,9179100,5836400,46248000,4217400,22944315,6031700,41453646,6701900,2493300,14206800
2020-02-13,94747600,1917100,13179800,51640000,60636000,31775100,3132100,5991900,22914000,1461300,7447500,3001000,15396600,5718400,35295800,528016000,8480100,6066300,9495300,16949400,10613000,3783100,3318800,1624100,5995600,1438000,7543100,5132500,2008860,5480200,8173200,7500400,44854000,5041400,22099745,7159000,32606942,3565500,2768300,15999600
2020-02-14,80113600,1690300,11891200,52365400,52124000,26447700,3599400,5148700,23198000,1718700,6627600,2716300,10741700,4579300,23149500,1041924000,7496800,5769900,6548800,10855300,11175800,4199800,2813400,1365700,4204500,1113400,9110500,6300400,2518030,5716300,9965500,7354800,37363000,3555600,21006747,5889100,36262904,2485600,2694600,24391800
2020-02-18,152531200,2074400,9403400,70133200,58912000,40318000,4957000,4975800,25642000,2736500,8996400,3597300,15609200,6897800,27792200,620164000,7185700,5085700,7651500,18948500,9406300,2904600,3869700,1400000,3937800,1547100,8214900,6256900,1839811,7230700,10075700,9789600,51739000,4938700,17988513,6767600,32138644,3241700,3371600,34539600
2020-02-19,93984000,2580400,5755700,58597300,51224000,29632100,3903200,5887500,22746000,2207100,7071200,3040300,12135100,6075300,29997500,694332000,6819200,4878600,5927500,12804900,6349100,4935700,2134900,1629700,5267400,1413600,7080900,2809100,2493245,6115200,6265700,21134800,48964000,2978800,17750941,4734000,29923989,3021100,2663200,21563400
2020-02-20,100566000,3789300,5507100,74203400,62626000,42604100,5451200,4466600,25962000,3183700,7422800,4316000,13109200,58533500,36862400,810052000,6114600,7212900,8531900,14817200,5446200,2807500,2678200,1390100,5755000,1427500,5981700,2711000,2364055,7464700,7597200,10731600,40794000,2805900,42953135,6094600,35981156,2885500,3171200,15068700
2020-02-21,129554000,2742800,4913600,88271100,92926000,46675500,5242100,6443900,42520000,3081600,9772800,4997100,14092300,29536400,48572600,768180000,9078600,5894500,9231500,20315700,6676000,3709900,2855600,2028300,5216300,2239000,7725800,3520000,1963032,7776800,10842400,11030800,39301000,4271800,32425256,8723900,37691897,2987100,6034600,18726300
2020-02-24,222195200,3924000,9774200,86624100,130940000,79159600,8463300,9539800,49560000,4139400,13618400,7816000,23080100,28670400,68311100,856916000,10992500,10139300,13316800,32096600,10705100,6073200,4964800,2121800,10350200,2300400,19336500,5282900,3241673,10588900,14415500,9091600,69364000,5027700,37969296,7533900,46190256,8790600,7300400,19848000
2020-02-25,230673600,4188100,8706000,88699400,124382000,91586800,11361100,12871900,51580000,5343100,20797200,12715700,21433500,25568400,68073300,1055496000,12202600,13636100,18539000,36414500,11366400,8052500,4840200,2173500,10447900,2881800,21032500,4093000,4139929,10529000,15915100,10285600,64812000,7585800,41878898,8903200,64725329,8171200,7609100,23292900
2020-02-26,198054800,3489700,7269800,86378400,104492000,80012800,13923100,11990400,49776000,4171100,24825600,9403300,16524500,22286100,56206100,747732000,16413100,10301800,14214700,29801000,9786900,6987300,3902500,2033000,11646700,2236000,31195900,3152200,3451492,10093800,15837800,9551600,89341000,6157200,47920005,6894200,53306756,6806600,7411700,20019900
2020-02-27,320605600,4737700,7159300,106416200,162880000,121148300,9927300,15783700,62290000,5848200,23005500,13814600,21682600,26815200,93174900,906416000,16161100,15461900,17536600,48141300,14184100,10982400,7369000,3190000,14676100,3625300,30827500,4784000,3997386,12566700,23754000,14604000,109677000,8605000,55444827,13298900,87815227,7604300,9143800,28476900
2020-02-28,426510000,6463400,10908300,100331800,189620000,171198800,12640800,20835100,80198000,6727100,45931400,12846000,32568900,36978800,97012700,1133252000,24426000,17213100,22659000,62446700,18450000,15364300,8300700,5533300,16558800,7091800,35389900,7908900,9669581,19820300,40890600,27468400,111686000,14164000,66057447,22784300,160070673,9961000,11498000,52369200
2020-03-02,341397200,5398100,10262100,102324700,135234000,147776300,7761000,15050800,55430000,5285500,27355400,9688100,24949000,23234100,71030800,890744000,17328500,13367000,17434500,38127600,12171100,11012300,6100200,3386700,10672800,7563800,21775900,6803600,6823569,11508200,25698600,19305600,69979000,8504500,42034469,12399800,90605027,8866300,8738800,51222600
2020-03-03,319475600,4204500,11832200,141972300,150690000,138698500,8323500,16525500,56602000,5677200,32547700,8051100,27984100,30206600,71677000,652792000,21830500,11912300,15226400,50580700,12660900,7499300,6358100,4155400,11785400,5131400,19529700,5060500,6179746,13662500,27099200,15636000,83646000,8728300,46174475,12510900,84481792,9188100,9263400,33340800
2020-03-04,219178400,4146300,8324100,93311800,95458000,111239800,5846300,14753000,47598000,3520400,25795900,6463800,23062500,21938100,49814400,597408000,14813700,8245200,10789100,24079600,16590400,6986100,5074700,2932000,8924200,4219300,13842100,4284200,4585365,10560500,20526100,14713200,54873000,7635700,38712155,9459300,55701210,14533000,6644800,24625200
2020-03-05,187572800,3199000,9251400,98302700,94964000,110878700,5797500,12814400,54380000,4151500,25025600,6621300,19333400,23950200,47817300,540328000,15843000,7671500,10106900,40788200,9688400,14669100,6015300,2997100,9603800,6407700,22397200,4327400,5457621,11339200,17948500,12412000,87470000,6579100,35096303,9363500,59974684,5908400,5277200,25638300
2020-03-06,226176800,5622900,14681300,124590900,105472000,119121200,9757700,16861900,64640000,5071900,38159400,7061500,24559600,30898400,72821100,515412000,24581400,8524300,15183200,55640500,12664600,12861800,5767900,3584600,14504800,6185500,22899600,5522600,5080169,12239100,22353900,14556400,81472000,6754900,40931036,9817400,64721224,5361900,5598400,29411100
2020-03-09,286744800,5291900,19741400,80859800,156264000,145196000,9657100,30595500,69252000,6443000,40352000,8498300,29949000,28177500,70419300,614160000,25949300,12458900,20486400,72896300,15806200,11585500,8636200,5894700,29828600,5203100,26233600,5616000,5917220,13848600,27898300,15564400,74055000,8716300,43183856,13116500,89990559,8070700,8648300,59243400
2020-03-10,285290000,5973700,10322100,76228200,142666000,134863600,11443900,22642900,54872000,6803900,31102700,8131400,24517800,27111000,65354400,580648000,27067700,11748500,16119400,60445900,12965800,13059600,8293200,5114900,20337700,4245500,24083700,6386600,5541488,12698100,27457400,23743600,76044000,8258600,40548329,11419100,75018634,7366000,8914200,37797300
2020-03-11,255598800,4869200,10814400,101601100,112496000,127347000,10341300,18412800,54732000,5314000,38127000,8366800,20373900,27376200,56371600,499964000,24139200,10756400,14598200,51986100,10382200,28503500,6543600,4299100,18460700,3622700,24771300,6268200,4883199,17763400,22653900,19631200,60360000,7465100,65350213,16456000,59972036,7744600,5557200,31620000
2020-03-12,418474000,7230200,13594500,107461500,226924000,139552600,13213000,25768200,94326000,8357700,49725200,15031500,43266300,27964600,93226400,816540000,24123800,20114400,27467700,65725300,19935700,31734400,10285900,5920200,16581700,7307600,40392900,7684400,7254133,21539200,31913100,31668400,120716000,12808300,62731445,20988000,111500925,10496600,9412800,56323200
2020-03-13,370732000,8935200,11920600,86689700,176194000,128357400,13765400,23497500,79400000,6368400,38543300,9934900,35028600,33305100,92727400,634836000,28339400,19170600,19948900,79891500,21867700,21168500,8718600,4145400,17506900,6100100,40960100,6156000,6398569,20084200,33697200,31586400,94582000,12007700,60553038,17378700,85647971,9308400,10918900,42962100
2020-03-16,322423600,7140100,15835900,84545900,178346000,121688800,13845300,17535300,96520000,6888000,38589700,12111500,39120400,26789900,87905900,726972000,27493700,16204900,23692000,48924700,20916000,26844400,9899000,4328000,13774100,5465500,35379500,7118500,5959710,18877900,28682300,20240400,105599000,10733300,50995050,17367400,77820218,10303500,9006300,36753900
2020-03-17,324056000,6189100,15057900,92741900,218342000,120065700,12191500,22684200,83194000,6876300,35239800,12665200,34255600,27047400,81059800,833632000,25588900,17969400,22298000,41204400,23205000,54492200,7206100,5261100,18692900,7170600,27526200,6712800,8624229,18911800,32106700,21538000,100139000,14242300,54220606,19451400,78966008,9642200,10476100,52806000
2020-03-18,300233600,7293300,13531000,106949300,192904000,148272500,12988200,24947300,93044000,9543200,41525600,11352800,37553100,27603000,81593200,874268000,29557000,16073300,22787500,54036400,23712800,61943200,6995100,4019100,17039700,6701800,43592500,6426500,7722938,17521100,35408300,22198000,125936000,15250800,43884976,23139200,100669546,12917500,11152100,77355900
2020-03-19,271857200,6023800,11718600,88939000,207998000,122461300,10444000,29871000,74064000,6548200,32175100,9126400,39862300,23929600,85922700,765512000,20159100,12181600,19362800,49412400,19739900,40210600,6870800,2977900,15655100,5429500,30866800,6361700,6893576,18482300,41956900,17441200,106160000,9393500,59820929,16428100,80521973,8065200,7690300,57100500
2020-03-20,401693200,7461800,12948400,106859500,196358000,150910400,12450100,26960400,82878000,7561300,30150800,10518600,32568400,27472500,84866200,804636000,26340800,14874400,18692100,76534600,18844500,41370700,7650300,4233800,23790200,6581200,31957800,8975700,6880526,19785100,51513500,22482400,108538000,13093200,52488989,19922900,154553565,9364100,7355300,55423500
2020-03-23,336752800,6016800,9604500,101704700,156170000,181898500,11898300,23764000,83672000,5472600,32536600,11588700,29830800,26401000,78975200,643876000,23063700,12969700,30344100,56952500,19219000,46140100,6737500,3455300,16239400,5646400,32246600,7060100,8296045,20815200,44978500,23661600,134494000,13926800,52853041,17776800,128274548,10654500,7117800,39366000
2020-03-24,287531200,6592200,11436800,106794200,142942000,147882400,11834400,29198800,72468000,6647400,34363200,11654800,30440400,25905500,82516700,1101644000,19323700,13936500,24488300,61835600,18376300,43683100,7417100,3438100,16724400,7124200,32538100,6516900,5866738,17604800,49096200,17900800,116387000,11447000,44466784,14625500,101022392,8894400,6067100,42705000
2020-03-25,303602000,4830400,14365100,93760400,129582000,146991300,10639300,22560100,90324000,8587800,38111700,12642700,35184300,27198500,75638200,793432000,25625800,11814400,20619600,56607700,20017300,77826000,6578100,3504900,14295900,5639600,28533000,6573700,7242600,13986100,42511700,17794400,87672000,9485500,44601275,13789100,90068675,10014000,5682000,53287500
2020-03-26,252087200,4531000,11282600,73680200,124426000,116111400,8573100,24129100,76562000,6762200,29826300,9957900,26556800,26422500,64568100,696108000,22417900,9451200,17062900,46722000,15979400,63267300,6059600,2645000,13576900,5463100,24520300,6163700,5659650,15066800,37821700,14655200,72296000,10376800,43269967,15796000,84786312,7517600,6373900,58250700
2020-03-27,204216800,4862100,9473500,74599200,107758000,91522800,8273500,20411500,62794000,4186700,30041500,7819300,24879900,33375400,57042300,638828000,20025300,11312000,14950700,51558600,12293300,47880200,5746500,3011800,10647200,4250400,30591500,5091300,3970678,12133200,23297900,16184400,79488000,9852500,38290344,16073100,61415064,4879500,4671100,36160500
2020-03-30,167976400,4340200,8377600,68486600,122522000,80449100,7650400,18486800,58736000,4152800,21656900,5765800,22515200,18046400,63420300,602252000,20611900,8948600,15714500,45835000,10671600,51052500,5725600,3586800,11089600,4396000,23119200,5300800,5094434,21754000,23446000,16373600,86220000,6916800,29943508,14571600,55117988,5329000,3994200,29212500
2020-03-31,197002000,6413700,9554500,83483700,102472000,95213700,10429700,18514200,65228000,3588200,23379300,10373900,23676300,17122600,77927200,949960000,15802000,9881400,20613100,41491600,20474400,29954000,8970800,4664400,13481100,5618600,21563200,5115500,5357770,15746100,25373900,18899200,93665000,7091700,29466151,21691000,92432942,5450000,5391300,26258400
2020-04-01,176218400,3903000,10498700,92083100,82438000,83961300,8737600,14362000,51970000,4689100,28029600,6646200,19507600,23755100,57969900,656912000,17918200,9628400,12595200,36045900,12948000,41899700,6847000,2527900,11101400,3745800,18303900,4600700,4295624,12606100,21936400,13691200,66725000,6873000,26709625,11095800,72351304,4548800,5762800,28269600
2020-04-02,165934000,3589700,9317500,79024100,86720000,70007400,8150500,23220600,56410000,4446900,24018000,6446600,20886300,21656000,49630700,675764000,16434400,7077200,14051100,62000200,8077800,42372400,8106500,3684800,14693200,3500600,13936500,3665500,3545071,11594500,17621900,9234400,45925000,6181800,27186876,9168800,44775562,4636800,4039900,29515500
2020-04-03,129880000,3934700,9573000,79335000,72198000,68293500,6004400,14905400,51374000,2801600,21199400,4163000,25983300,16926500,41243300,663212000,13362500,7699500,11994700,48425700,8062700,37347400,5036400,2480000,11505000,2650100,14814600,2907200,4078521,10071200,14207100,8755600,48608000,5552000,32837370,7768700,70758797,4650300,4471900,28625100
2020-04-06,201820400,5145100,15414300,82294000,115464000,97766200,12296800,17334900,63320000,4689400,26820800,8636700,28453600,18788700,67111700,727884000,13845800,11999000,16479100,41301900,10266500,51085500,5785600,2366400,13532900,5272500,20407400,3960100,4931151,14994400,22850000,13267600,81839000,8242200,40503217,16848400,70836648,6365900,5642700,47768700
2020-04-07,202887200,5422300,12731300,102098700,102280000,94560300,7859500,16394800,61620000,4953500,22563800,8627300,31411900,19536700,62769000,784520000,14063000,10291500,15379000,48921800,11591700,56699100,8489900,2482500,11704200,4036500,22899600,3522900,4098957,11567100,21279600,10507200,70464000,6253900,24226295,14438400,71847522,4984100,5113900,41369700
2020-04-08,168895200,4002500,8539500,64930800,79546000,81212300,7665500,12284800,40334000,5194800,22903300,5690100,21664200,15376700,48318200,542444000,15710700,9385900,11146500,33355600,12218500,41351000,4686100,1727800,8171100,3964400,22562500,6729500,3935978,10758200,18937100,18290800,69089000,5241100,25523980,12564500,54010329,6390200,6628400,27876600
2020-04-09,161834800,3290200,11974600,80270100,92930000,125275700,7094600,17023800,54028000,6445800,42055900,6662900,23534300,21902200,51385100,525564000,15521200,10894900,12231800,60107300,9425900,37874200,4752100,2400700,14176800,6487600,31453600,6536800,4415911,11125400,19165300,19587600,77113000,5502400,30648107,12747300,66599583,4923300,5588500,32828700
2020-04-13,131022800,1839000,7367800,64290100,134334000,83164700,5138600,13854700,38702000,4774300,26911900,7114400,19355400,13369900,41905300,398408000,12694800,7716200,14043700,29651900,9293500,26034100,10519600,1612600,10222000,3120400,17306000,3800500,3051481,8153200,19586000,10757200,116929000,3785000,18270141,7926700,45209039,2964900,3355100,24194100
2020-04-14,194994800,3858900,8139700,85306800,161744000,88991100,7334300,14797600,63358000,4149600,46151300,6354400,21011800,14471900,52874300,530948000,11674600,8417900,9980500,30769000,11072700,33970500,7166300,1937700,11082200,4288300,19866900,3812800,3527266,13838000,21801900,11673200,115810000,6278700,21845309,10474200,42290546,4778900,4093100,34098900
2020-04-15,131154400,2818600,9225200,83814000,137332000,99082200,4042600,13982300,42236000,6042700,30118600,10240700,17423000,15590100,40940800,366148000,10398100,7821000,12118700,33125000,8977300,39297600,5652800,2063300,11354700,2937300,14157600,3694300,3290739,11962300,12893200,9990800,135612000,5773100,21312196,14192900,49706800,7841800,3721200,22435200
2020-04-16,157125200,3918600,8829400,103106500,240764000,89213300,4391500,12291900,57896000,4662200,32449600,11455400,23593200,27913000,50479600,745620000,14098300,9575600,20308200,30934000,10326900,41364800,5926400,2139700,13220600,3940000,18029300,2335100,4063549,12181700,17606800,10331200,161287000,4564000,20657451,12020200,43074884,7738900,4303400,31882200
2020-04-17,215250000,3342400,11039800,76908800,158600000,92800300,7312900,16130100,51050000,5426700,30191900,10412100,20974800,25074500,52765600,539120000,13608800,11069800,15375800,40829100,10734800,52389400,4132300,1783900,13162600,3688000,17926900,4299100,4806110,10920000,19844600,10952800,126163000,4866500,24404843,15899800,45884809,5857500,5850100,30915300
2020-04-20,130015200,2772000,6502900,72367300,115414000,74446300,4686000,15749000,35292000,4674800,23679400,6042700,16110700,16573800,36669600,449388000,10358900,10730700,10505200,39260800,9126300,34983800,4083800,2123500,13226400,3156300,17021000,3144000,2558497,12226200,18957900,8714400,126558000,3995400,22530620,10832000,40492157,4072600,4359500,24401700
2020-04-21,180991600,3548200,7213100,123906400,149534000,78871300,13737900,19620600,49648000,3819000,23035000,5964600,24850500,14134900,56203700,735160000,14111700,11736600,10562100,44381600,9627500,27043800,5743300,2009500,13639500,3833000,16101400,3682900,2446304,9951100,26863700,10622000,231776000,4359500,23975233,9465400,57214144,3977500,3793800,27900600
2020-04-22,116862400,2231500,8232200,63041600,84244000,49669500,6660900,10320700,46296000,2314500,16662400,5083200,33242000,10449000,34620200,483356000,9668300,12874300,14502500,27074200,7033300,22734500,3794000,2221400,12048400,2970600,11463800,3089900,2660372,11515600,15811600,11759600,210848000,4084600,20182624,10259400,67184129,3663300,5099500,19448100
2020-04-23,124814400,2120300,7604000,69662700,101332000,50614800,6281400,14226500,34202000,2013300,16638800,4270600,21426600,8694800,32790800,424160000,10330200,7563200,11411300,35271000,7869600,25936400,3545400,2049900,9849600,2625200,17132200,3298100,2818899,10665000,17668200,9360400,139523000,5527700,20185365,17277000,45031226,4420500,4061800,28839900
2020-04-24,126161200,2143900,9295600,72761000,76498000,47633500,6710500,9175500,37402000,2024400,15809200,3824200,28792000,8567500,34277600,352328000,9403500,10677500,8391400,28653800,6770700,35884700,3045300,1972600,8683900,2019400,13614100,3723900,2871000,8653400,15175000,8029200,86589000,4063100,17353794,12751100,47061315,3265000,2792400,17343600
2020-04-27,117087600,2375200,7602700,62568100,112912000,66916700,5036400,12037100,44186000,2743100,22870200,4099900,29197800,11619400,33194400,479388000,9123200,6678200,9903300,28274400,9209700,34563000,5344800,2427300,8302500,2287300,15518300,2593100,3174297,8924000,19175500,8457600,62775000,4009200,23394057,10635700,44116607,3706200,4362300,17923800
2020-04-28,112004800,3895600,9513900,80501800,105388000,65504900,4731800,10645200,80700000,3344700,20238900,4344000,21731000,12778400,34392700,442904000,8350500,9192300,8614400,26545100,8341000,37806900,5604600,2908500,9445700,2425900,16503700,3135500,3417298,8558700,17246700,8464800,101012000,6674200,35666728,9958000,40944435,3862900,10400900,20732100
2020-04-29,137280800,5006400,9621700,110800900,91832000,73493900,5256700,12342800,108358000,3086300,20462600,8505000,45954500,15880400,51286600,379160000,9064100,9891500,12862800,29502500,8231700,60454400,4261100,2640600,12958100,3667700,20139800,2997600,2682122,9285200,15780000,9901600,96931000,6706800,26518535,8707900,43903972,4258400,9974000,44612100
2020-04-30,183064000,3902200,6637600,65543900,190692000,55244100,6830700,12222000,55842000,2695400,19127600,5898900,46230100,13431700,53875900,375916000,11808800,7569800,11331600,37076300,15535800,37876600,4040500,2673800,11760700,3794300,18638700,3536500,4544999,14829600,20801100,17934800,79540000,6783000,29450973,10026400,53955516,7631700,6262500,40497900
2020-05-01,240616800,2578600,6410000,69562700,195452000,51772600,4276900,13250100,48872000,2650200,18547700,5067800,30415600,12806200,39370500,342096000,8702400,5613800,10109600,35399300,12705300,36613100,3960400,1956100,9256700,2525400,13209100,3036700,3724035,7309000,14290400,9168000,82999000,4488000,22679867,7366400,48791121,3526100,5415600,31143900
2020-05-04,133568000,2372000,9321900,62590600,97318000,45886100,5974200,11192400,30806000,2990100,15725900,3747100,19250700,13985100,30372900,317556000,7567900,7674400,9386200,27465600,6833000,30708900,4500700,1662200,12515600,2477500,19514800,2947400,4171089,7198400,22544200,9077200,77991000,5245300,19893512,5636000,46557268,2894200,4784400,17807700
2020-05-05,147751200,2377400,8944300,56560500,64850000,45691900,5264800,13608700,39666000,3272600,18064100,3926200,21071200,8951200,36839200,368896000,7271800,9241900,13513000,29276200,10927000,30621000,3477400,1522800,10096700,2460900,30169800,2781000,3158717,6562300,13370500,8042000,62863000,3580000,24123952,5425200,32604956,2501300,5001000,19337400
2020-05-06,142333600,2319700,7824700,48138100,62356000,53874600,4112600,11145900,31732000,2408700,20978000,3261900,21857000,7817800,32139300,323464000,7050000,14031200,8540500,22659000,17042600,29627700,4465300,1535800,8213000,2406700,51992400,3581900,2376903,6191600,11892900,7377600,66607000,4192200,24047432,7892200,59704721,2579200,3630300,17309100
2020-05-07,115215200,2465200,8239200,48956600,67928000,51884300,6460900,9749600,30652000,2480100,16771900,4371400,15152000,9348900,28316000,373732000,7154700,35487900,9262200,22160300,11941800,29525000,4377900,1631300,9520700,2601800,20868800,3426400,3132616,5570500,16466000,8692000,56419000,5528000,33546080,8762800,42122133,3162300,3309800,27345600
2020-05-08,133838400,2547200,9829300,40686100,64132000,45181000,5403400,8585900,33326000,2277500,20487800,3215400,12506000,12096400,30877800,339216000,8130800,13159500,6470100,19977400,20188100,22695700,3911300,1457900,6974200,2337400,24079700,2875200,2772363,4712100,13985100,11308800,50493000,4209100,19893618,9279900,31824326,3200000,3418000,20830800
2020-05-11,145946400,2266200,8112100,68746400,65184000,68951800,8696000,7101000,32718000,2212200,31907600,4056900,12911900,10106400,30892700,469060000,8138600,10273400,8683100,22258000,19219800,20055400,4207300,1947500,7076800,1865900,20555900,3924200,2383884,5887500,10874600,7854400,54860000,3591100,25620421,6947500,38691782,3490700,3118400,25341900
2020-05-12,162301200,2071800,5604500,55631100,61498000,69588700,5904600,8749100,33918000,3549200,27962900,4031400,14704600,13605600,32038200,493060000,8598800,9757600,8219700,25439100,23492300,22579000,3874100,4242800,7375900,2264900,17049700,3524700,4927206,7039200,13424400,9565200,45982000,3914600,19335314,6734400,46632472,4214300,3504600,19100100
2020-05-13,200622400,3365500,6238300,76824700,95658000,112113400,12534900,12215100,40368000,3445300,35451600,4802100,20684600,11565900,44711500,625852000,10274300,11142600,13377100,30827900,23562600,26002000,5376100,3484000,7666400,2954900,21085800,3998300,5853687,6970500,15854800,14076800,70146000,5168500,24596882,9312600,65226860,5474100,3690800,29175300
2020-05-14,158929200,2752000,6954500,73814000,72962000,88359100,7442300,10678200,36660000,4176700,35152500,6294200,17178900,14986600,41873900,602312000,13794000,9272900,9695100,24856500,13379500,37499200,5542400,2359200,6718700,3718900,22002200,3649300,5287156,6871400,18000800,11595600,90075000,5522200,22362507,9310000,52730948,5704600,4031700,22233000
2020-05-15,166348400,2626600,8185500,66950900,84700000,64484000,5673800,10113000,41544000,2867800,26099000,3813300,19383200,9175800,46610400,987660000,39055700,8361200,10785900,22445600,14071200,26756800,6583100,3950800,7242300,4577200,29766000,5250700,4714655,10340400,31579400,20232400,72440000,20338200,25460002,10694800,42699397,12182800,3990600,31770000
2020-05-18,135178400,2351900,8773500,48569200,87144000,86589400,6398300,12304300,47094000,4505800,30504400,6037800,20151900,14722400,35264500,774460000,9901900,8576400,11802200,32026100,16300200,43781800,5603500,1701400,9047300,3987300,40044600,6747800,6477479,7388400,26118500,9123200,77735000,8480300,22635177,10020800,46244540,4015100,5509500,38633700
2020-05-19,101729600,2753700,5550300,60388500,86410000,62179000,5264000,7749300,31586000,2210500,19597300,5211800,31843200,8895500,26799100,717320000,9805100,7779100,7446800,21771600,9892500,32373000,3404900,1551000,6126300,3523000,20332600,3020800,4479444,6107300,17839900,6532800,48105000,6640300,19476234,8047600,46628367,3059400,3674300,74746200
2020-05-20,111504800,2824700,5175400,50888200,79962000,59789500,4951200,9160000,38262000,2599900,20552400,4592200,50162900,12031600,31261300,587536000,9115900,7811300,9545600,19352400,10661500,21835500,3735700,1412000,7203000,2827000,25749900,2710900,2984104,5713400,22295900,5847200,56073000,8213100,17504200,6593800,50178408,3200600,3291700,32246400
2020-05-21,102688800,2261100,5473900,48496100,102288000,57726000,4429700,8830900,30894000,2153500,14621400,3944100,47782600,9654200,29119500,761068000,7464000,5612700,11338100,19130700,10393200,48263900,2342300,1313700,6646000,2492100,17578300,3108000,2401993,6487300,13193500,8308400,91173000,4886300,17652181,6552700,51200272,3604900,5452100,22448100
2020-05-22,81803200,1688200,3727900,43524100,57342000,48107000,4965100,8563100,28544000,2176400,13557900,2897000,33925600,6468900,20826900,1038764000,7211700,5724100,5807600,15406400,5507000,21098800,2735100,1497300,4674000,2366400,9288200,2760600,2992501,6140900,13008400,5990000,54223000,3429200,15781226,5571900,35269109,2922800,2406600,22359600
2020-05-26,125522000,3526000,8361400,51618900,71364000,119485500,8353600,9430000,44590000,5971200,41233900,5246900,33178300,19709900,36073600,770780000,11200600,10267500,9662200,20356500,11869800,30338300,4185100,1289100,7702600,3234600,16466400,3910200,4421172,7072300,22223100,7658800,78811000,5579300,23260094,10432400,54791357,4567800,5563700,23730600
2020-05-27,112945200,3553300,8387500,102414500,101138000,117672700,6340200,7822600,31684000,8182100,39402000,5147900,34697600,25892400,39517100,1175892000,9228100,9554800,7650300,20788300,12529500,32799900,4462700,1775000,5768100,2980200,19345400,3606600,4341756,7950000,18447600,12343600,104463000,5686500,25904158,8279700,57514957,5618900,4436400,31073700
2020-05-28,133560800,2903600,5810300,53670200,63804000,84340800,10275200,9633300,35170000,4886100,24713900,4520800,29377200,17615900,33810200,734896000,9465400,10026700,8352200,19698000,8765900,34734300,3743700,1380300,5871500,4301900,18606000,3957600,3522410,6189600,16230600,12416000,56551000,4974400,22521767,6586700,52532745,4387700,5460800,24424800
2020-05-29,153532400,5892000,8763200,64666700,70198000,113811100,19588900,17010000,37044000,3822600,26526400,4930100,23241500,13102100,42130400,745256000,14734800,9861900,10211900,25874700,13758800,33853900,4219000,2498000,10172200,4971800,17745100,4017500,4183229,8504000,51125000,15309600,52549000,13337900,48333067,7868000,57900771,6251500,5962400,29311200
2020-06-01,80791200,2034100,4297800,36864400,58578000,58375500,5711600,7344000,25162000,2230800,15176800,2841800,18223800,8649500,22622400,389876000,7363200,5658300,6011300,19031000,8486500,27127300,2131300,1504300,6344300,2293700,10538300,2438800,2095256,6141800,17010700,6655600,37437000,4049200,76884979,5105600,33027445,2894000,2510300,20550300
2020-06-02,87642800,2509600,6668700,42855200,50598000,71118100,8571800,7880300,23442000,4128700,21195000,4131300,20919000,11179200,30794600,391320000,8756300,6344400,8462100,22319000,9413300,24780500,2977500,1649100,5858300,2528900,10753100,3446800,3668090,6078300,15255100,10640000,34948000,5327500,42690900,6327900,37650588,2756800,2860500,19187700
2020-06-03,104491200,2537100,6238100,46765300,53420000,86744600,6004000,8440200,27732000,3471900,25941100,3429700,15380300,11253500,27311000,365440000,9188700,6732800,8879400,23418000,8588400,66486400,3712600,1584100,8024200,2165900,12584300,2449600,3027605,6339500,15508300,7303200,43160000,5421200,38751996,6171000,36888361,4360000,3633800,20262900
2020-06-04,87560400,2422600,8438700,44869100,58974000,94545300,7301600,6371700,26982000,3522300,26784700,4147700,17041500,15279600,28761800,424280000,9696000,7554500,7829800,18731400,9525700,67155600,3076700,1539200,5577000,4553900,14195100,3640800,3812150,8170500,13604700,12012400,54105000,5229700,27013388,6895800,40729947,4374300,2768400,24015000
2020-06-05,137250400,2793700,10453100,53908300,66128000,118767900,8232200,12760100,42642000,4737600,42231000,5058200,16750400,17976100,39893600,481748000,12210100,8446100,8561200,41328900,9630100,99846000,5591900,1988700,11578800,4375600,16581600,3353300,4577676,9725400,20504800,12370800,50996000,7075700,36705655,7337800,61816766,5554300,5026800,39337200
2020-06-08,95654400,2593000,10596700,39681700,79414000,79598500,4592600,11090700,33878000,3260300,24881800,3724300,15466500,12150300,33211600,387736000,11519500,5494400,7628100,33579400,6621400,80902800,4139200,1536700,10242200,3764500,13858100,2771000,3615078,7555600,19896700,8149200,58515000,5613000,30194149,6926700,45385793,4635500,4561100,28344300
2020-06-09,147712400,2279300,7047600,79919100,103520000,77773400,4025600,10745400,33624000,2478400,17031100,3314800,27462900,15090400,29783900,468488000,8852500,7265600,6892300,27276900,9555900,66688700,3819600,2325300,8203600,3155800,10882800,3023400,3722011,8247200,16713700,7990400,67970000,6446900,21675088,5563200,42645378,3061500,4567900,20746200
2020-06-10,166651600,3611600,8569300,78719400,98920000,90415300,8127200,10486300,31762000,3091200,24913300,4089000,20720700,14770900,43872300,632180000,7436700,5881800,8405300,31156800,11138300,90384900,4018700,2222600,7882300,2713700,11497100,2721400,3348404,10137100,15716600,6674400,48969000,7069900,29557217,6678200,36133549,3296100,3793300,28141500
2020-06-11,201662400,4123700,9228600,78715400,116002000,149875500,6521200,14944800,47144000,4923400,36259200,6505300,26708200,17961900,52854700,583652000,12805700,9041700,11974600,39183000,12584800,103212800,5969300,2379000,8435200,3443000,26078800,4974100,4233711,11913300,26070400,9718400,74629000,8541000,63166642,8937500,66021525,6638900,5306100,34162800
2020-06-12,200146000,8332600,7489700,71189100,108722000,73729700,5443800,9532400,36676000,3380800,24856800,4512200,22091400,14093100,43373600,570908000,11537200,7038100,11706300,30978100,8010100,89550100,4492700,2185400,8928400,4020000,18361900,3935700,3654533,8687400,21822700,8356800,64611000,7039500,37902472,7998500,48034323,5416800,3334400,32359200
2020-06-15,138808800,3781500,6942400,56740700,77302000,76538900,6000000,12289500,30468000,3467400,22153600,5932900,15340300,14758800,32770200,400004000,16038100,5115000,6752700,27929300,7120200,78612900,4093100,2157500,7992100,3266800,14156400,4501000,3352653,8649600,15622300,8404400,44679000,5481000,36247482,8786000,53309006,4494600,6440200,32703300
2020-06-16,165428800,3764400,7393200,50949700,71712000,96796500,5824100,8726700,30648000,3099100,22193600,4013100,15236700,13551500,42556700,535716000,19380200,6537300,11057200,26203400,9366100,76496900,6892400,1902200,6932400,2633800,12951200,3865100,3848874,7579100,18803500,8056800,55079000,5197700,55616945,8165200,55119444,4245400,4283300,25167600
2020-06-17,114406400,2112300,5963800,45146500,59186000,58349500,5038600,6019900,30610000,1798300,15639800,2566400,19578100,8674400,25687800,408304000,28692600,5582600,5968900,19279400,6212200,53085400,3228100,1459700,5967200,2188400,8921600,4181800,3548511,5100100,12602800,6767600,65296000,3309700,27509822,6320800,41680314,2538000,4413500,20166900
2020-06-18,96820400,2578400,4065200,40354700,49756000,53419000,8677800,7064100,34862000,2051700,16591900,2776600,15782500,9825200,23061600,254408000,19259500,8583700,5803200,21478700,4571600,60849900,2467700,1362200,7293700,1881800,9577300,3480100,2611710,4797400,9380800,6386800,42776000,3417200,32278855,6274400,37554730,2926600,3204500,20070000
2020-06-19,264476000,3931600,7776400,52801500,115540000,127563600,11841000,14838800,52784000,4962400,40371200,4533500,30081300,20962700,44441100,524160000,33051200,11332700,11483300,48899900,9210900,67262100,6488000,3748100,13702800,3438000,23496300,8089900,5327319,12206900,30464600,14452800,59345000,8310100,43986266,17506200,99288878,5172800,9027100,40078800
2020-06-22,135445200,3156300,3955700,44704800,64176000,55484300,6252200,5939200,29442000,1806900,16216900,3489200,18917800,11657400,32818900,398468000,16705900,7793800,6674500,17565400,6004300,53901500,2806300,1803400,5009100,2094400,12868000,3878700,2559407,5285600,20876200,7190800,62721000,3379900,23332503,5695600,39136646,2174100,4385700,27338400
2020-06-23,212155600,3065900,3322900,48089000,84634000,46108300,6950800,6317700,37752000,2451800,15381400,3801500,24017900,9672600,30917400,375108000,18695000,7693900,9866800,18916600,6715600,50281300,2357100,1470400,4962200,2409600,10187600,3771600,2336740,5921600,14675300,9306000,59484000,3625600,37690408,5340400,51520812,4023400,5565900,19727700
2020-06-24,192623200,3329400,5960500,53535500,90532000,75437100,4903100,8974500,31592000,2756700,22919800,5086000,20834900,12806200,36740600,449372000,18287400,8931800,9453100,27626900,9025100,56534800,3766500,2007900,7137200,2398100,22252500,3675900,3410520,8211200,17631800,6901200,48262000,4853500,30817695,6547800,86849104,3399900,5471300,20614800
2020-06-25,137522400,2275200,5781000,51129600,59374000,65031900,4022400,7398000,23958000,3466500,25743600,3294800,18704300,15014300,27803900,376072000,16008700,6650700,9936600,19353600,6411700,57335700,2903400,1446400,5981000,2274300,17240400,3984800,4065876,7421200,13829700,7824800,41345000,4442000,27418651,5489300,48420401,3112500,2987000,20569800
2020-06-26,205256800,3829700,8006500,65485700,130016000,118139200,7595700,13766000,97640000,9530700,41896300,4922500,76343900,20082500,54675800,592084000,17969400,8158700,11836000,31518600,14568400,50644400,3645800,2430800,8399400,2866000,15270900,5321500,10374913,12849700,21955100,10107200,68047000,7372700,42153992,23201700,101387551,5043200,5489000,26991600
2020-06-29,130646000,2623900,5484900,49905800,84468000,66269200,3972100,7022200,45074000,3736000,18499700,3642200,58514300,9380800,26701600,342248000,14366900,5423700,8020400,17052100,6676400,78499900,2798700,1766100,5764800,1841700,12584300,2953700,3005855,5309800,17603900,5793200,48440000,4173900,23956261,6866900,49695678,2356700,3395200,16511400
2020-06-30,140223200,2944700,4660800,42275700,75394000,61716200,4478900,8263600,40286000,3102800,19137000,4283500,33927100,11894300,34310300,367892000,18885900,6831900,9040100,22153600,8112500,65493100,2778800,3315200,6313900,2391700,10565900,4890000,3731015,7738300,23679800,9532400,41985000,4626700,25451676,7818000,57979814,2932900,3954900,20509200
2020-07-01,110737200,2581700,6984500,32370900,127268000,57379900,4754600,6379400,42182000,2620100,18755700,3801300,43399700,11363800,32061200,326648000,17856800,6869600,6394100,17290100,6522900,49036700,2807800,1959000,5600000,1906100,11930900,2835800,2639936,6174800,14316500,6024400,97059000,3633000,73503009,6501200,41007987,2303800,8982100,19733700
2020-07-02,114041600,2503000,7866800,29081400,131868000,56000200,4200300,5832800,57218000,2699400,27845600,3290100,30633600,7488800,29315800,364056000,15478900,5943600,6299300,18216600,6158800,41792300,2527500,1634500,4775000,2540500,10312000,2819700,2790674,5152200,15111900,5981200,63515000,2769200,45270881,6150900,49947900,1971700,3442900,17695800
2020-07-06,118655600,2761200,6132400,36769400,137612000,59589000,5794200,6747500,44712000,3567700,18625300,3013300,26206200,10649600,31897600,315892000,15309700,8348300,7292200,22692000,7039000,49471700,2491900,1662000,5825100,2332400,11933400,5997800,2363954,6156400,15146000,6256800,78390000,4221600,27150935,6023300,44639852,2395000,3445900,21695100
2020-07-07,112424400,2684600,7413100,32153100,105150000,60645800,5431500,5898000,42364000,2853500,25757200,3633100,27887800,8750700,33600700,357800000,13232100,5529400,7660100,17407600,6345600,37105300,2018100,2145500,5995100,3346600,10836500,4129600,2652582,5622600,13043600,6017200,56699000,4424500,25148018,6866300,36422181,2075700,2194700,93458100
2020-07-08,117092000,1999200,7727600,35608300,100752000,52922600,4233700,6736400,31766000,2789700,18762200,4115000,29791300,12322200,33600000,365480000,12582200,7233500,8368000,18291400,6154400,38116200,2279500,1820300,4896800,2364500,13629500,3434200,3629646,6257400,13851200,9633600,56917000,3798200,24256545,6494100,51547292,1987400,3051600,52217100
2020-07-09,125642800,2269800,7357000,87216300,127774000,79385900,6062800,8833600,41836000,3160100,25600800,5042800,22174900,9119900,33121700,494548000,15692600,6340000,8548200,25882000,5817300,33514500,2663500,2639100,9189500,5313600,13582900,3457400,3204141,5738600,16087100,6818800,58405000,4005200,20363702,5341000,52120187,3061700,2366200,42771600
2020-07-10,90257200,3676200,7443500,59839700,109720000,81142900,3783200,6218100,35918000,4414800,28954200,3030900,22982700,13386000,26177600,497676000,12615800,7583200,7674200,18951000,6202500,40955600,2691400,1921900,9218300,2484100,14207900,2545700,2352118,4282400,15627800,10079200,216056000,5932800,24459019,6752600,48846464,2391600,2281800,44236800
2020-07-13,191649200,3480700,6132200,57741800,154408000,73598100,5555400,7074000,42954000,4449600,32079200,4853700,24674900,14904000,38135600,457076000,15965600,10234800,8564100,20028300,8507400,43364700,3708400,1818200,5887000,2583200,15620200,2205100,2615858,6951900,16705300,9600800,183990000,8960000,56569129,7681500,54274864,4263300,2301700,42338400
2020-07-14,170989200,5666700,5494600,54890100,144638000,67423100,5854700,7440500,38108000,5202000,42731700,4795900,23378100,16075600,37591800,542676000,15510300,10624500,8003900,21444100,6765600,39256200,6540800,2132300,4953500,1844800,12425100,4218200,2680706,7447100,17080100,12154400,150833000,6766800,32854129,6272100,40519034,4234900,2538000,26455800
2020-07-15,153198000,2566200,6813400,42360300,115778000,57384400,7681800,5935200,31026000,12516700,22508400,5257300,19133600,17424200,32179400,403984000,10570800,6659700,7681100,17332400,5661600,48044800,4915200,1570500,5777100,1770700,15314200,4501700,3019411,8512800,23738000,8444800,100667000,5561300,26294454,8145000,40985612,5116900,4841800,31731300
2020-07-16,110577600,2677700,6855100,36887100,127884000,78067100,7350000,4795700,26484000,5769600,16886900,3312100,18880700,25026800,29940700,344964000,8779300,6630600,5064000,14673700,4269200,35050000,3621500,1580900,4655700,1402000,10210100,2874300,3740727,9304700,13306100,10142000,244990000,3788100,18421812,3959300,43674920,3844500,2528200,17676600
2020-07-17,92186800,2568200,4333400,34710400,95226000,66659100,4324300,5964000,34264000,3614300,16137700,3169800,18152400,16263800,31635300,266284000,14344800,7354000,6395000,17958900,6890900,26170500,2458200,2256300,6699300,1768100,9843500,4603000,4943494,7441100,13899800,12461600,249914000,3229300,23347365,4868600,30634712,3016500,2782400,18189600
2020-07-20,90318000,3512500,4364400,45034300,151964000,61114000,5729000,14974800,30166000,2268700,14458100,5279400,20872200,10423600,36884800,284852000,11469300,6025000,6985300,18553900,4823300,25294300,2478000,1086900,6407600,1863300,8947900,3271400,4933074,6191500,16633200,6368800,119403000,3620300,36815693,4242100,42896938,2375500,2365900,18342600
2020-07-21,103433200,2027600,4618400,44741000,122426000,75499300,5376800,15115000,27486000,3393500,17798100,3562100,19364200,11951200,37990400,277036000,11875100,5698400,7218700,28821800,8239000,40740500,3221100,2258400,7950900,1874200,8946300,3892800,2421922,5575900,25681500,5958400,91137000,5435400,23588520,5162300,45341572,2340200,2054400,21712500
2020-07-22,89001600,1400300,5729500,135159400,82084000,52193700,2833000,10317500,24482000,4978400,14271200,3303100,15427900,13604000,49605700,367292000,13842400,4669000,6823400,21345400,4441800,29790300,2156800,2537800,5158400,1312600,7063300,3763300,1819578,5910200,29831200,6368000,69541000,3522300,90705554,5929200,40393519,1935800,3508200,16164600
2020-07-23,197004400,2313900,4965000,106829100,113138000,61047600,3639500,6586300,33910000,4088600,12870200,3118500,21771800,13527000,67457000,411660000,12576000,6999600,6106700,17934400,5127200,29587200,1613700,1640800,5953500,1561700,7255800,2373100,2656224,6566300,15935000,8150000,77220000,5011400,59639536,6664800,68190502,2367700,2349200,16796400
2020-07-24,185438800,1900800,3960900,205314500,112648000,50217600,3908400,6620500,29902000,3191500,12744200,2500300,18325800,6860800,39827000,473292000,8939700,6256100,7160300,16415300,5169400,28548000,2036300,1595900,5202600,1423400,8233300,2953100,4419250,5405900,16196800,7716000,77462000,3300000,33870501,6014200,51274813,2415700,2539000,13037400
2020-07-27,121214000,1622000,5143600,107918100,83410000,54721300,3015700,7599700,27124000,2601200,11959100,2311600,13163100,12087100,30160900,292132000,10319600,6868800,5604700,18547900,5030700,30243800,2506900,1123100,5312400,2083300,9413000,4198700,3417703,5675200,17346500,8909200,78631000,3607700,27640307,6464600,44346850,2060500,4446000,14045700
2020-07-28,103625600,1463400,5220700,94181400,62534000,48406500,3114200,6787300,30910000,2139600,11754300,2116300,14170100,7287900,23251400,271636000,13030100,6125700,6897300,19190500,5941800,25349100,2029900,1274800,6188300,1374000,6821100,4851400,3949737,4842200,13872700,6547600,59867000,3787500,56393954,7644400,49871240,2257400,2497600,14414100
2020-07-29,90329200,1489300,10100400,132969700,59482000,71393500,3747800,6386900,22676000,2635000,12743500,3542400,13588300,8074300,19632600,284508000,7242700,15436600,9471300,14143200,5512000,51709600,2338300,1108400,6305200,1341300,9496500,2501600,3350124,4489100,13758100,5381600,66118000,3179000,37033660,6702000,40350092,2672700,6769600,14223300
2020-07-30,158130000,1449000,7075800,80286900,122566000,61755900,3587400,10112800,36042000,3057900,14834800,3941600,20615300,9410100,25079600,308880000,7633200,16803600,10499400,29901100,6411500,29140000,3063500,887300,13421000,1390300,9713500,2828600,2781164,5922500,17276500,4235200,66086000,2817600,32273796,10400700,35281820,2205300,30970900,13788300
2020-07-31,374336800,2034000,6244600,71621600,161710000,61955800,3734000,19119800,91468000,2399700,14535000,4684400,53005100,9669900,51044000,386080000,9355800,10863400,14180800,32116200,14613000,30263100,6780900,1409700,7719900,2149900,9601000,3292100,4108568,8259600,14849200,8030400,59163000,4304100,28472124,8487000,51205965,3913500,7429900,21631500
2020-08-03,308151200,2075200,5834900,42628800,101494000,58284000,6557500,11220100,45482000,2294600,12962800,3907800,23124900,9912400,78983000,412720000,9164900,7958700,11405200,23033600,6919000,38520500,2851100,1339100,8064700,2480200,10229200,2552200,2129956,4078700,14137500,8624400,58731000,2819200,31036400,7769400,51608461,2628500,4317200,14971500
2020-08-04,173071600,2622600,17448400,155676100,93886000,37985300,4480300,9077900,37212000,1944700,13366200,3409200,17183500,6445200,49280100,310336000,6364300,5771600,8204000,17724000,7865100,30853500,2301800,1714200,5808100,3933300,17293900,3234500,3114204,4162200,11717200,9142400,56080000,2553500,29448549,7773700,45074786,3594900,4841700,18219600
2020-08-05,121776800,2353100,7344800,65642600,78330000,51322600,3559100,7324200,29134000,2232400,15260900,5677200,13050100,6636100,28806400,249924000,6629000,7565800,8876800,17175100,6918900,46189200,2767800,1458100,7315000,2923700,53000200,2861400,4144988,5467500,10498700,6381600,43082000,2924000,24292697,5680000,30387521,2982200,3939300,25483500
2020-08-06,202428800,2362000,9162800,53961700,78812000,51999700,5113300,7035600,33306000,1882400,10482100,4839800,45241600,5701100,32656800,244316000,8169600,5821400,7480300,14434900,7269300,32921600,2446400,1696200,6588700,2104300,27238000,3036300,2531890,4837900,10745000,4588000,37259000,2692900,20922111,3974100,29007119,3305300,2420900,14496300
2020-08-07,198045600,3289700,6015200,66543200,78722000,63354500,5423400,7185000,27718000,3075000,14743700,3662500,72766400,6225900,27820400,342516000,8772300,6525300,5654000,18757900,5226600,19318000,2223700,1935900,4445300,1759000,16088600,4289500,2549594,3635100,11669700,4368800,59103000,3692100,23097251,4934900,40278860,2600800,10074200,16558500
2020-08-10,212403600,1836800,4596400,70536100,63346000,64051100,5528200,8150200,20546000,2432800,14989900,3752100,30248800,6518300,36716500,427796000,10046900,8792200,5525400,24367800,7623600,35857700,5181600,1135100,5612600,1503800,8529200,4323300,2892144,4096600,11888000,7240000,46912000,3052000,19964552,5812700,47021066,2563600,7396400,17683200
2020-08-11,187902400,1900200,6370800,77877700,74362000,81441000,5015400,9074300,31098000,4042700,31518600,5273300,28238300,11792600,36446500,354512000,8075100,9155300,11549600,28987500,7208400,61036600,4206000,1450300,7975900,2065600,13885700,4546200,3817715,6388400,16531600,6825200,73292000,3301200,21326847,5329900,41026656,3018200,6071900,25360200
2020-08-12,165598000,2223700,6704000,88513700,70442000,61971300,3980300,9057400,22512000,2439400,19240800,3125900,21415700,8949400,28013100,464412000,9068200,7936600,5432500,22503200,7705600,40674400,2541200,2034600,11822500,1853900,12204200,3397100,2700535,5257300,9562200,6124400,54392000,4424600,19957595,5920400,28046160,2915800,4247200,19094400
2020-08-13,210082000,2028000,6252100,57407400,62980000,55955500,4711600,7314600,22388000,2219900,13598600,2526700,17374000,5728700,22588900,374460000,8260300,10082400,7014800,17338700,6004200,22958800,2939900,1430600,8286400,1536500,6468600,3219200,2604932,5155500,9882900,3680000,30089000,2393500,15340021,4989500,32958464,2159500,2848200,19867200
2020-08-14,165565200,1111000,4862800,42389500,55034000,50931900,2833000,6343000,21942000,2287600,12134400,1444900,14792700,5782300,17958900,366436000,5454400,4848000,5014400,13595700,5488100,32414100,2038500,1097700,3349800,1522900,6507600,2016100,2877879,4240200,10075800,4912800,29435000,2461700,12901276,5845200,29853155,1787200,3479000,20106300
2020-08-17,119561600,1555700,5643400,31450200,53824000,57518700,3574500,10473800,19990000,3922600,14988000,2904100,13351100,7333000,20184800,621300000,9523700,6279300,6256200,15554600,7251400,23352100,2284000,1766600,6089300,1504700,7492200,3849500,2850058,4306900,9102400,4801200,24235000,2862500,17494187,5603800,33125686,2772500,2408900,39465000
2020-08-18,105633600,2097700,7880800,30970500,106920000,45850100,7284800,7981500,28378000,3067900,13246500,3021700,18690400,6450000,21336200,503448000,21102600,5362500,6519900,13014000,4557400,21488500,1563200,1058400,5711500,1489400,6714600,2606900,1891103,4322600,9829000,4764800,35055000,2638600,10846398,8670700,29013606,2520000,2606600,80232600
2020-08-19,145538000,2439200,4870100,37507400,83702000,59856000,7080700,9120300,30472000,2458500,13533000,3421000,23291500,5957600,27627600,622624000,16751500,6865300,9467600,14473100,7672000,25601500,1849500,832000,4526200,1730100,7624200,2623100,2122571,7816300,17371000,5481600,31562000,3682200,15690055,6827700,32808588,2066700,2691600,38155200
2020-08-20,126907200,2485000,4702200,42948900,66650000,49403700,5175100,7872300,26382000,1764200,13672600,2966000,20299700,5186300,26981500,921388000,10974800,6773000,8849200,15678500,6798000,23213400,2279700,1128200,3943200,1717500,4918100,2715200,1618965,4874700,11308700,3631200,51325000,2263000,21957455,4352200,30355348,2245600,2296700,26810700
2020-08-21,338054800,2645600,7366500,48280300,71518000,55010700,5727800,9003600,34838000,1780900,12228300,2680900,15538600,6408500,36249300,999868000,9552000,6092500,9998300,25517700,5269000,16945900,2524600,1933600,5034200,2372600,6064700,3911100,2537050,6722800,14734100,5685600,39213000,4295600,25467170,5706600,32945886,2488500,4420700,24864000
2020-08-24,345937600,1840500,5511100,38036100,93326000,54579500,5699000,8738700,25638000,3097400,17898300,2753900,23685600,7728500,25460100,490564000,7892100,5404100,6159600,18208900,4103600,39317100,2921700,1362400,5357400,1461500,7613600,2679100,2111342,5387900,9257700,3548800,47622000,3177800,25011947,7420500,34932813,2922200,4084000,19813800
2020-08-25,211495600,3967400,4134200,49234400,79856000,57304700,27096500,6835800,25150000,2627600,13648900,2862700,42127200,8425500,23043700,289076000,7427000,5108200,5828300,31285600,6710000,31318500,2467500,997200,4160600,1176200,5494400,2769200,7486816,3863500,7827800,4051600,57277000,2597400,26221201,4718300,27839880,1879300,2931500,21722400
2020-08-26,163022400,7780300,3738700,47157300,130174000,39478000,63253400,7486500,52188000,2563200,12052400,3512000,69015200,5920800,39600800,321244000,11597600,6072200,7035200,26795000,5682800,16189800,2379900,1770600,6753300,1757000,8447800,3367900,3507033,8008300,10124200,5238800,203737000,6019700,24083689,4746200,36860557,3178900,2761700,18814800
2020-08-27,155552400,3631800,4973400,42194200,85296000,52934800,22817100,7438200,31350000,3692400,22163900,3811700,30301300,8910100,57602200,317604000,15834700,6051900,8619600,32034300,5271500,29548100,3010300,2350400,6231600,2220700,13667600,2932800,4331033,5575400,10931600,4555600,90629000,4159300,22156556,6156100,39206950,2321000,2913400,119018700
2020-08-28,187630000,1926300,6036400,40723300,57940000,46466400,28068000,7307900,22418000,3697400,13756700,3544700,17157400,8743800,26292900,537160000,8613800,4580300,7349800,33477100,4938300,20383900,3698700,3243000,5058100,1487300,11020100,3190500,13163563,5395700,16420300,4618400,44175000,3355400,32830519,4166300,35535366,2883500,2979800,64050900
2020-08-31,225702700,2346700,7539800,90655900,83718000,49416200,16010100,9437500,26422000,3046200,14219400,3948200,17345100,8026600,28774200,500840000,18683500,5628700,9326900,25259600,9932300,16264300,2886500,3389200,6165700,1586900,11617500,3569300,4615108,6362700,18510800,6013600,49414000,3828700,30032465,5596800,54923492,4341600,3960900,45236400
2020-09-01,151948100,2404000,4930500,55825600,68644000,46109200,13293600,8990600,22652000,2457000,11595600,4409600,17295900,5568800,25725500,511316000,10169500,6234600,5642900,22464100,15783600,18977300,2673900,2294000,6267700,1773700,7351200,3194100,4020958,6307700,12588400,5729600,95727000,3421700,36145560,5671800,61591818,2487100,3097000,106798200
2020-09-02,200119000,2783400,6534000,50366900,78630000,57300900,12963800,10821900,49522000,3565200,14475700,4127200,24341400,7547100,34080800,874012000,14342800,7219500,9863800,26413400,9139200,16552100,4515500,3097400,7441600,2434900,8187800,3626200,4159859,6881900,26332600,9754400,58869000,4918200,29068688,8384800,46510531,2846500,3778000,51666000
2020-09-03,257599600,5837600,7003900,87462700,163222000,86192500,14000600,16179900,63726000,3533500,23281200,6297400,32294100,11029600,58400300,945128000,15387400,16006900,11310200,28817200,8921900,27799400,4479100,2080800,8733400,3630400,12079200,3134800,3568845,8672800,22289400,7855200,90711000,6642400,35956788,7277900,58690669,3872500,4759900,48015000
2020-09-04,332607200,3900300,5783000,82267800,175636000,99621400,14374300,10516600,55850000,3668900,26325500,6571200,30333700,9413000,59664100,1463684000,14697200,17034100,13243600,24632500,9444800,18867300,5129400,1770300,8285300,2557000,11248300,2820200,3365299,7200100,21019500,7247600,82701000,4836400,26872257,7437700,59361805,2901000,3601300,33982200
2020-09-08,231366600,4533100,7124700,54955700,121884000,74978600,15229600,14942500,54032000,4574700,22108600,4425700,24864000,10946600,52924300,795728000,16472800,9282400,14186900,38496400,8563900,22622700,4775200,2488500,9338600,2144300,17257300,3252000,2829420,8756800,17776700,7158000,55727000,4901500,26736818,6847500,61477424,2594500,3176400,33966900
2020-09-09,176940500,3312100,7432400,54163900,103774000,53822700,9988600,9269800,39242000,4681400,13434000,3344900,22918800,8808100,45679000,736200000,13993200,8542000,7532600,25886100,5373500,21951400,5345100,2653100,6440000,2100900,8891800,4411100,2840245,6960700,15252300,4781600,68481000,4282300,27490533,6002900,39217145,2195600,2317600,33669000
2020-09-10,182274400,4248100,7754900,51499400,106614000,56609600,5945000,11845900,33024000,2510300,15922800,2845900,24814700,8609100,35461500,698684000,20500900,6580700,7243000,34381200,10403600,14532600,4387000,1867200,8582800,1959600,9853400,3591200,2847732,6191800,15439500,4362800,62402000,6050500,21650741,5242500,62779578,2421200,2450900,33709200
2020-09-11,180860300,4414200,8491800,54763000,101880000,47708300,5455200,13732400,30706000,2376400,13784300,2920400,18913900,8969700,33620100,636928000,40220600,8110400,7439000,26838600,8385800,14722400,3237100,1411000,6769100,1599600,7165300,3196800,2141388,3934700,18272300,3932800,50352000,3411900,24109301,4398000,39282550,3085900,2466800,28879800
2020-09-14,140150100,4463800,6254800,47448700,90592000,47802400,4255200,8182800,42660000,2756900,19017400,3416100,24093800,8812200,30375800,1201744000,50107400,7053100,11730500,26129900,5212300,17228400,2569300,1589500,5436000,1522300,8391900,3438100,2158890,4375800,10911700,3916400,73591000,2779000,29565543,4767400,38028987,1795500,3617900,45733800
2020-09-15,184642000,5682400,6438600,57874400,80430000,63820200,4133600,11732000,23042000,3717600,23683000,2396400,18478500,7660100,21823900,727556000,30385600,7763400,6328600,23724200,3851300,14881700,4092400,1685500,8333400,1362500,7289100,2582500,1872791,3658800,12838400,10827600,53370000,4080800,22003726,4046500,34307091,1468300,3238500,30427800
2020-09-16,154679000,8462600,10798100,38393500,90244000,64598600,5441200,13019000,22128000,3571400,19270600,3049000,29183400,8699700,26328100,556384000,21223300,8170100,6135000,30890900,6304400,21851400,3302000,1512500,9240700,1656500,6601000,2904600,3188763,4323000,15353900,19501600,43949000,3353500,22208412,6049900,40870556,3438200,5736800,27860400
2020-09-17,178011000,4560800,11420800,55619100,128982000,48862000,5279500,10515100,40008000,4274800,18290100,3713000,31281400,7533700,34011300,792512000,22831200,11840100,7474900,24696200,5604700,19717800,4487000,1823400,13147700,2681500,6723500,3355800,2692441,5461400,13287100,9385600,53793000,5186400,17894390,4648500,41904600,2394100,3002200,37245000
2020-09-18,287104900,7182300,13427100,51082900,177852000,94055800,6595600,14517800,63056000,9066300,20121600,4006000,28130800,10743900,55225300,698460000,49311700,13557200,9084100,46853800,10076300,22057100,5113500,3521100,12409800,3409300,9916300,5035900,4965244,12174000,23816600,14386000,67177000,8473000,31694623,10192800,60721023,3795400,7274000,54709200
2020-09-21,195713800,3913700,11872500,61312000,122358000,75218600,5561600,16199100,56908000,4871300,28378800,4466000,24709400,12909900,39839700,721044000,32560400,13765600,9656000,35351800,7328300,23125300,4278200,1995000,11316000,2427400,10352700,3001600,4511615,7574500,17514800,7558800,54575000,4402700,26608968,7092600,60207576,4124700,3894400,47275500
2020-09-22,183055400,2629100,10055000,56044700,138976000,68665300,3600800,9155000,33950000,3355800,19257000,3375300,30293100,11164400,33517100,646452000,13306000,8939300,7543100,27303200,5306100,17768900,2579500,1775200,7963000,2128100,6978800,2703700,2530170,5295900,13034600,7192800,34823000,3951000,22727297,4722800,37268482,3163600,3051900,33102000
2020-09-23,150718700,2671300,6986700,42327500,113054000,59950300,7507900,16649200,37726000,3116100,19952700,2893900,19641300,8248100,30803800,647012000,15513500,6782400,6310600,31251400,6253000,18247500,2420100,1395700,7714500,3577100,8323600,2322700,2536847,8784400,17121200,5855200,37264000,5909900,23102521,6373700,57973723,3709900,3842400,23133300
2020-09-24,167743300,2838800,5686900,57540900,110588000,53570700,4166800,15203500,34552000,5114600,18366500,3706300,20006800,9832700,31202500,731240000,9560500,7374500,9865300,26796000,9980800,27098100,2138800,1695600,7084000,5779300,8480000,2582300,2264406,5614800,16788100,7478400,37272000,4316600,20859925,5708200,43760980,2869100,2975100,29453100
2020-09-25,149981400,2541100,4886900,48206200,92304000,42111300,5117800,11070500,30326000,3106000,13293100,3077500,18351300,9816000,29437300,588016000,9371900,7606500,5496100,23486000,9935600,29123000,1848900,1781200,5240900,7338500,6851800,3854600,2624154,5531200,12603400,5456800,37694000,4576000,14365598,4969900,47569731,2455800,4399300,22618800
2020-09-28,137672400,2844800,7610400,48005500,84484000,47996900,4088300,12863800,30784000,3280100,20894100,3122500,18826300,9466200,32004900,573808000,9356300,7590600,5565300,23396500,6306900,38868200,2212700,1047000,8958400,3459200,6283700,2424600,2541906,5843200,11215700,6918400,47735000,7487500,15044269,5810800,40415232,2575700,4338400,21197100
2020-09-29,99382200,2030400,4282100,61568900,69916000,45695200,3983700,10553000,31816000,2400000,12848200,2679500,20200200,11355600,24221900,621460000,6340600,6732600,5513500,20770500,5508900,19874700,1605600,1026400,6662600,2526000,7405800,2126100,2194602,6768600,12426600,7094000,35415000,4330500,13512491,4492100,33695138,1797800,3113700,27702900
2020-09-30,142675200,3508200,5338400,51533700,97922000,56226100,8188500,10466500,40924000,3075800,16400600,3285200,20142500,15047300,33829100,689184000,11001500,7939600,9157600,22223700,8209300,38436700,3642800,1534400,8111700,2525800,13642500,18804900,2917031,8487700,15755900,23238400,46341000,7060700,22629275,8727800,51752777,3497300,5426700,34826400
2020-10-01,116120400,2264600,5155400,52177100,99438000,44782200,4318000,14930700,32884000,2288700,15778700,2503600,20009800,25275400,27158400,525004000,7357700,7268900,7234600,36890200,8777300,30677100,2157400,1591600,7929600,2053000,8908300,6249600,2437401,6457800,17577300,10018400,81537000,6483900,22520396,5713400,37920022,2731200,4934100,43290900
2020-10-02,144712000,2780900,4558100,52855100,112262000,51682100,4494500,9854800,31222000,2541200,15149600,2184600,16367600,12681800,33154800,552496000,7329800,6546400,6019700,32694300,5554300,31773800,3220500,1356200,7069100,2125000,6490200,5925200,2367191,5485600,13610100,8306000,60712000,5130200,21461759,6077900,37996284,2338000,4482700,24585000
2020-10-05,106243800,1984100,5326100,47056500,75506000,44396800,3403500,12049800,21602000,2551600,13871900,2081600,12822300,19140100,21331600,479820000,6899200,5024100,6090500,22965200,5984200,19082100,2597700,1466400,5652500,2093500,5919200,3038400,1770411,4992800,10628700,6599200,40881000,4519800,19400029,6333900,44305806,1638600,2739000,14259000
2020-10-06,161498200,2041500,8161300,52725400,101738000,67541100,4448100,15294500,26096000,2833100,19220400,2553400,18696900,22980200,28554300,784420000,9743600,5921800,5841100,26731800,8743800,47132500,2559800,1259000,6645600,2760400,9052000,2993500,2373160,5118200,10077400,7288400,41990000,5031000,25233392,6042900,51851282,2434400,3671400,21475500
2020-10-07,96849000,2025800,4976700,43045700,86188000,47648000,4963200,15410300,36108000,2326600,16358500,3068200,23133400,12019100,25681100,418084000,8690900,4228700,6713400,23779300,5899700,26019100,2334200,1027900,6633200,1959100,10187800,2480000,2053879,5603100,10135600,10130400,79887000,4347300,22160034,4640900,54847362,2596600,3847000,16949100
2020-10-08,83477200,1590700,5610700,54240700,63482000,52080600,4150400,11590900,26076000,2330600,15659000,1991800,16312800,23836600,19925800,378900000,7202800,5582600,3955600,34413700,5535100,20598600,1842900,1138000,6758800,1793100,7404600,3253300,2000969,4413500,12143900,5694400,53865000,2977400,17857395,4569800,42511786,2056700,2797500,14676900
2020-10-09,100506900,1853800,8058000,80354400,98158000,44511500,4225000,12260900,32966000,3040900,13689100,3116500,14107800,11381800,26458000,346892000,7355700,7082400,5562900,29228600,6005800,17406000,4084200,1263700,6382000,1730700,11502200,3686800,2667655,5054100,11407800,6472000,47813000,3194000,23667465,6551700,43291755,2028900,2861100,14494800
2020-10-12,240226800,3149700,7711600,47669700,167284000,48362900,4317000,9056900,55344000,3474200,16058000,2942900,31019300,17615000,40461400,434744000,8275000,10603200,6622700,17912800,7314900,12176600,4279800,1446300,7214600,2806900,10958200,3131600,3435913,7273200,11386500,5816400,53911000,6167200,19413837,5791500,67800584,2424200,2274000,18402300
2020-10-13,262330500,2438100,7574000,42764100,114894000,61186900,3713200,10440300,39072000,3317300,21697300,2523800,18063300,17448000,28950800,344604000,8896300,8145300,5621700,20995100,7851700,15182600,3319000,1142500,8121000,1823300,22389000,2544400,2342305,11057600,14365300,8596800,56025000,4293200,21543233,4509400,71511756,2713500,3018000,23800200
2020-10-14,150712000,2032900,6996200,40403000,116254000,127409500,5129500,7057500,33174000,7550100,15204100,2234300,15577800,20330100,23421700,276100000,6651100,8588100,5320000,17743000,5863900,10505500,4087100,905100,9817400,1904400,11531500,2420700,2412413,7706400,10582100,5501200,94990000,3641000,22120298,3860700,64131912,4455400,3156900,19710900
2020-10-15,112559200,2042800,3554600,33696400,104468000,66832400,5256800,10052100,31210000,4325700,17171200,3727300,15416100,21059700,22733100,267224000,6251600,7626700,8885500,23251600,6190900,13226800,2958500,936200,8633700,1697800,7744000,2170600,2465019,5978600,9961700,5739200,51131000,3306800,16089205,4997100,42483188,3172200,3059700,13692600
2020-10-16,115393800,2441200,4893700,31474300,129488000,58357700,3092300,9305600,34194000,3244500,13275000,3324600,16622700,16923300,26057900,242392000,6070800,9662200,6385900,22627200,5358500,31780600,5569000,1085100,8312900,2459400,6291700,2811200,3671125,6097000,13569800,7449600,63474000,5076000,42993503,6806100,38827756,3293300,3446000,16935000
2020-10-19,120639300,1931400,5425900,36689100,104472000,51377900,3242300,8357100,29734000,3235300,11725700,2937600,13587000,12677000,27625800,298068000,8311000,6566700,7449600,23645800,10288000,16519600,2757700,1123300,21684100,1938100,6576900,2284000,2128034,7250800,9930400,7710400,75675000,3223200,31931352,6427600,69017472,2482100,2884600,14643300
2020-10-20,124423700,1453900,5481500,38219400,90194000,62476400,2989300,7753200,41670000,3335500,11257100,2677800,18763200,11177600,22753500,229212000,9241200,4867700,7427000,23040600,6932100,12319900,3007100,1599800,19243000,1282300,6161200,2243100,1598732,5325400,10970700,6003200,100472000,2750900,22384852,7582100,55064895,1988600,2784700,14523000
2020-10-21,89946000,1369700,6869100,36426400,91854000,41564900,2794000,9800600,60322000,3083600,10730500,2725300,28998600,18583200,22724900,219596000,10114900,17247200,6067200,28619300,9776900,11450600,2502000,1419000,19210200,1466500,6591500,2233300,1848309,5221300,12517400,7796000,174057000,2560100,18984859,5649700,63219941,2139000,4428700,13114200
2020-10-22,101988000,2613700,5411000,38006800,84240000,55402000,3685700,9810100,30512000,2136900,14837200,2256000,16720000,13264400,22351500,290480000,11900600,12398300,4908200,31831500,8080100,14238200,2356800,1616400,15029400,1813200,5177700,4162200,1904052,5279700,20189200,8463600,69979000,2909000,19243616,4502900,118508460,2100600,3897700,13344000
2020-10-23,82572600,1899300,4375400,46557700,69334000,51007400,3159600,8727200,30548000,2110200,15087600,2945400,17535200,11538500,18879600,233484000,9739300,6644700,5877200,27429100,4238700,10024200,2857300,1188800,15335200,1108000,5439900,4532000,2011086,4154400,13491300,5617200,49279000,2758400,30557884,4278100,56442782,2349500,2763100,10540500
2020-10-26,111850700,2337400,6021600,69423700,118024000,59450200,5864100,9710900,35826000,3249700,12410700,5173300,21322900,15561400,37111600,336896000,18876900,7716000,12608700,30888700,7986300,16151100,4506600,1533500,11522800,2145000,8578900,2711800,2350802,6929500,14696400,5707600,61861000,3431100,33783124,5315500,54978438,2408500,4053900,16111800
2020-10-27,92276800,1896500,12065700,156669500,85820000,55009300,4285600,14251700,25902000,3430400,10391700,4314900,16287200,11593300,36700300,250520000,10806500,4754400,8690400,27100700,6705600,15491900,4857900,2341800,13017800,1525400,6813800,2275900,2032735,4890100,13892100,4834200,36272000,3390800,36851529,6806700,46561108,2427700,5753900,11831100
2020-10-28,143937800,2677300,8129300,76529900,111766000,81942500,4425400,15961900,45174000,4214600,16389500,11518200,23121800,13622800,51195600,376520000,13910600,8050000,17809500,42136400,11480200,20279800,5645100,2067400,15274500,1908300,11654700,3658800,3271214,8426100,19886200,7508900,59927000,5196000,33857537,8192200,64808211,3301400,11120900,16849200
2020-10-29,146129200,2125300,7436500,52784100,131930000,57490400,4589000,12292200,55406000,3581200,14208800,9582300,32368100,10887800,31432600,320080000,13573700,7627100,16820900,38622800,8876700,14554300,3867200,1818000,15560100,1838500,9583700,3424900,3149915,7205400,15369900,7753100,111207000,3856500,27545341,5476900,58489289,3279200,5849600,15153900
2020-10-30,190272600,3127000,6373300,51349000,167728000,66453400,5741200,17191600,99878000,3658800,15194500,6892800,47247800,14907400,36953700,416820000,12602300,12029700,10252900,47885700,18089100,15374700,4373500,1917700,15681700,2724100,8090200,3304800,4440697,7364100,15804000,8790500,78079000,4303900,25631067,6422000,64109669,3556800,5240500,18601800
2020-11-02,122866900,2479000,7278700,45760700,145148000,59756400,3953400,11475500,44228000,2459600,15011600,5094900,27165700,16337800,30842200,299652000,11413200,14386000,8057100,40130300,10781400,13854600,4072400,1320300,13762900,1646300,9186000,2929900,4247267,7088000,15156100,9233600,44082000,3126400,21430666,6682800,63620980,4519000,3924000,16575600
2020-11-03,107624400,1758600,7168900,41231800,97958000,65106200,4151400,8608000,31432000,4545500,17482600,4097700,17961900,13142200,27512000,272900000,8911200,31656000,6467900,36773000,8518800,12249800,4843600,1282100,12131300,2013100,8144900,3512400,3763186,6363000,15285100,6887900,36902000,3293900,21636617,6244200,44069208,4043900,3142200,15413100
2020-11-04,138235500,4524300,5424400,66579700,136780000,88845500,6505400,10925700,71342000,3868500,18886500,4790100,35364400,17378000,42311800,410228000,12054900,16107000,8102700,35410100,25849000,11344700,9081700,1236900,15178400,2449800,7483000,2883700,4368970,10263500,12930800,12128800,51373000,4576300,40870536,5820600,60219095,10344900,3530000,17927400
2020-11-05,126387100,2401000,6467100,46542300,115786000,74722600,8961700,10627700,39758000,2892800,17837400,3794400,23823600,9444300,36080100,319028000,9017100,15188500,7132100,30824100,8013000,12328300,4821600,1197400,10316600,2255800,7654800,2531900,4638578,8016200,12452400,8644100,53728000,3667800,33926995,5673100,46498086,4786500,3998300,14202600
2020-11-06,114457900,1956300,8329900,53829900,92946000,55454500,3798600,8366900,28622000,2475100,12552800,2978500,13891000,6453900,25231900,383348000,7510400,8075100,6180500,33985600,7006900,8995600,2983000,1057400,10484500,1950200,6259700,2380500,3116227,5942500,9294900,6076100,42363000,2867000,23870676,4702300,34735537,2994900,2960000,16198500
2020-11-09,154515300,3625300,13776300,58580700,143808000,178378800,8777500,24015200,53440000,6960500,47792400,10933700,25117700,24243300,44395000,582976000,11486600,18986400,17916900,76879400,11028900,49014400,5969600,1651800,17614500,4371300,35634700,4148100,7825420,12351600,33442000,12864500,104197000,6111300,230153864,12664700,93572376,4635300,9453000,28198500
2020-11-10,138023400,4920300,10213700,67137200,131820000,77694600,6863200,15039700,43022000,4166500,20539300,5330400,29067700,15502900,44045100,644068000,9015900,13144300,7943600,49055400,12267200,46404300,3499100,1208100,20650600,2662600,18115400,3146100,5950807,7386500,29706700,8649200,83061000,5284500,80091668,7854000,58510208,3733200,3329800,18199200
2020-11-11,112295000,2634200,7211300,44611300,87338000,48360900,4163400,11640600,31838000,2680700,14443400,2969900,14957000,9731600,29440800,404744000,7724400,9151700,5337200,34124500,9476500,29907800,2345500,1123500,17225000,1688800,9600900,2704500,3276272,6382400,17399900,6903300,54605000,4389800,58980997,5554300,52587691,2048200,3240200,18805800
2020-11-12,103162300,2115000,6847100,37242600,87240000,67912600,5607000,8920700,26474000,3005500,22063000,3207700,12899500,9889500,21593900,365812000,7324000,7096100,7302500,30933700,7646600,20288400,2185500,1988900,10944500,1535900,13768200,3119000,2690823,4710300,15024400,5901900,50637000,2570100,46767877,5631700,40346649,2907300,4070000,12564300
2020-11-13,81581900,2965600,5073800,30423200,75124000,52421000,5160000,10890300,29744000,2832100,11847900,2393700,10391200,9919100,18621100,346312000,5870300,6017200,6377500,29241500,6888600,19724500,2120200,2058100,11997500,1274600,21062300,1887300,2382670,5893500,12447900,6235000,30027000,2580400,40175634,6466800,36370545,2442100,2628500,19738200
2020-11-16,91183000,2522200,6015400,38640800,76174000,57396700,5712600,18980200,25468000,3004700,19858600,3312800,12970400,12201400,24953300,413776000,6309200,10127800,12083200,38596800,8611300,40562800,3902400,2297600,18701200,1691500,16382500,2842900,4955937,6266400,14908200,7667600,39536000,3399000,75530167,7976600,66132476,2790100,4406300,34560300
2020-11-17,74271000,2407600,4626900,29473500,68894000,46402300,5090700,14329000,21314000,2722900,14553200,3412700,15040300,9599100,24154100,312028000,5569700,6448800,7268800,26521100,11593500,38299300,2110800,1770400,14466800,3299100,9354900,3178500,3488013,7297700,14248400,5866300,36981000,2924000,46984500,6396800,37833830,2557600,3627800,42711600
2020-11-18,76322100,2063200,6265100,29968000,58336000,54416700,5880500,10583700,20108000,2856200,12571200,3203400,12152900,11536700,28372800,510924000,8998800,8095400,6977900,31068000,8880600,65990700,3165100,2768300,23319600,2134600,9456200,2948800,4473879,6661000,15278200,6501900,36292000,4335200,63442700,6097100,39135984,2722500,3393500,24936900
2020-11-19,74113000,3132700,4225200,50116800,60206000,46423000,8084600,8820200,20106000,1505200,10202500,2718700,12963700,7220200,24792700,565936000,9643100,9391500,5657200,26954400,7550300,34236100,2012100,2311800,12504100,1768900,8892500,3368600,3301058,7987700,17189500,7392300,22547000,4263500,43261800,5284100,54788444,3935600,3143600,18590700
2020-11-20,73604300,1849900,5571900,35008400,67488000,40538000,7286100,8294600,27694000,1848100,12718900,4142400,18114700,7739900,22843100,341088000,8395800,11514100,9653500,18351000,9682500,18230900,2449800,2889900,12037800,1807600,8481600,4213800,2386514,6354900,15645600,5891000,42534000,3469100,60633800,4726900,37358778,3702000,3988100,21937200
2020-11-23,127959300,2370000,4759600,46505000,94178000,45421200,5383600,13379300,22530000,3371300,13209200,3219000,20990800,12647400,25683500,361356000,8235900,12020000,6101900,29367600,7541500,28372400,2403500,1906900,14643900,1679600,12887000,3795700,2839132,7318300,13191900,7634600,54166000,3443300,43673100,4770600,36832091,2535700,3770900,18557100
2020-11-24,113874200,2584900,6017800,36839200,72042000,80387800,5797300,17257400,27984000,3915200,20121600,3529700,16930400,22357700,33979700,346500000,10427200,14781600,10110800,46979300,9322200,31132000,3447000,2359000,15439200,2061100,16711700,4350900,4100879,11034800,13827600,6699600,35505000,4472300,42485300,7101800,58266592,3759700,5371700,17155200
2020-11-25,76499200,2634500,3811100,41349700,75808000,57249900,26394900,10556600,19600000,2272800,11715600,2535200,12467000,11509700,21012900,259916000,6848900,13817500,6772900,28178200,6368100,19254100,2506400,1830400,15644800,2034200,9552000,1959300,2462692,7594600,10194800,6443100,35986000,2278300,26955800,8411300,32423701,3145100,3497700,13833300
2020-11-27,46691300,1815500,2046800,22717600,47858000,25971600,7395000,4627700,14790000,1050400,5983600,1402300,7808400,5581500,14512200,167276000,5627000,5363200,3512900,14971900,4418800,9970200,976900,751100,4694000,1329400,5306400,1293800,1450928,3059000,8499300,3669300,28058000,1596000,25277000,4252200,20720335,1558600,2216600,10999500
2020-11-30,169410200,2787000,6425700,84483000,81278000,63567900,18966400,14288400,32418000,2705400,14411800,4276200,16693300,15610700,33064800,286952000,26676900,12976100,7725500,45614300,20726500,16501900,2382600,3322000,20248600,3733800,9710100,5012200,6541113,15663200,43203600,13120300,35309000,4906900,65425900,11640400,57382822,5265700,4708600,32695500
2020-12-01,127728200,2531100,6245700,58583600,90740000,50255100,18872000,9913600,37350000,2577600,12668900,4210400,20738900,15857200,30904500,296948000,11855300,10137400,8047900,32472900,7623500,15754200,2710200,1679500,12424900,2996800,8825500,2947300,3839769,9738200,18968800,8099500,50527000,3999200,72499700,7169700,55682012,3817700,5371500,22935300
2020-12-02,89004200,2107100,5175400,57988800,62586000,45257500,52225500,10509600,29424000,2136300,10811300,2972100,17361600,10790700,23724500,283360000,9330400,7537400,9728900,29369500,5492200,25912300,1971000,1581300,12460200,2212800,10601900,2173900,2488591,7745500,14913100,5128800,30284000,4432900,84347500,6963000,39041053,2864300,3853300,23547000
2020-12-03,78967600,3062700,4581300,35859700,57840000,54013700,21395300,8249800,24728000,2142600,12904400,3080300,12921700,11757900,25120900,199520000,9783900,7645200,9203300,27038900,4693600,45945100,2903900,1346900,16215400,3976400,9063200,2286100,2811818,7310500,17318900,7660500,28261000,4757900,68570100,8742500,46284260,4169200,2844200,25725900
2020-12-04,78260400,2749800,4597600,45570300,58272000,66188200,20504800,10791100,20544000,2373000,13583700,4323600,10880300,10169700,24666000,202244000,10872700,6214600,5720100,28723600,7235800,29378400,6086200,1111600,12730500,2839700,6033300,3172200,3236109,6747100,18122400,7763800,36662000,3592600,35368100,6617200,49948562,3255100,2766200,20889300
2020-12-07,86712000,3441700,4478500,39815700,55026000,42197800,12864100,9398400,22288000,1788600,9724300,2389800,13007700,10402100,24620000,223244000,14922900,5363400,10624500,24899400,6532500,33246700,4587400,1809600,10586100,2652900,6815500,2030700,2625368,6634700,16210900,6752200,42893000,4217300,48253700,6918000,45853562,2999400,3117200,18479100
2020-12-08,82225500,2175700,3322600,33907500,65726000,33869100,12116800,7627300,19936000,1371800,9592100,2224600,10747700,6386200,23284100,271920000,15237800,5419600,8646200,32573800,6688200,19682000,2001600,1508100,10575500,2685500,7900600,2409300,2329153,8339800,12485800,8255400,42290000,3623800,87039300,6493500,97456992,2471200,3885000,20716500
2020-12-09,115089200,3449100,5388400,52170400,82016000,54886300,15651800,11129400,31728000,3552300,13073900,2962600,25189700,10145500,32440600,401300000,12204100,7807500,6251100,37824800,7350700,19043600,2915500,1185900,10773100,2461600,10804300,2998200,2980765,8440100,11508400,6683700,41788000,3842000,86118500,6773400,93587470,2600400,3327300,20139600
2020-12-10,81312200,3922000,4716300,33804400,60604000,58859600,9258600,11992100,28688000,2541700,13668400,3506800,20065100,8888000,26733300,207764000,14219900,6556800,10492000,38058700,6285700,16185000,3109400,1411400,14997800,2566300,8993200,3628500,3022041,7392900,12097300,6204600,30182000,3985000,57749200,6800500,62270236,2896900,4708600,20652300
2020-12-11,86939800,3561300,5299000,28368100,61294000,40538400,8214400,9584500,18628000,2077300,9981600,4179400,14391400,9034200,30979400,209264000,16209900,4283400,9227600,25478800,5205200,17311800,2673400,1565500,14242300,3483900,87410700,3225100,3157098,5977400,10638100,6022500,32109000,2975500,60737000,6548000,41708913,3071700,4777500,16860900
2020-12-14,79184500,3945200,3942000,48026400,83116000,40267100,8508500,12198400,33050000,1927800,12112400,3552400,16376900,10236600,28798400,270156000,16193600,9759400,11967700,30595000,8272700,19231200,2533600,1358000,17094500,2778400,30939400,3684200,3384318,8547300,22292000,5759900,57704000,3952400,94809700,6485300,56451785,2479000,3388700,25088100
2020-12-15,157243700,2558600,3292700,57232700,66390000,43672700,10766800,11775300,21352000,2348000,12590200,3104600,23979500,9718800,27000600,193016000,15506700,6508100,9796100,27138400,12101000,18993700,2360300,1776900,9853600,2133900,18802600,4059600,2531688,7612600,16193700,6859400,33949000,3183300,65712800,5397000,44250331,2616500,2555300,31871400
2020-12-16,98208600,2555600,3691200,34909000,88552000,42463200,8821400,9892900,24676000,2400900,11169400,3393300,15885000,8806400,35023300,223116000,16119900,10110000,7504400,34273000,9182100,17858400,2031800,1347400,9311000,2385100,11105800,4057900,2964275,8486100,15679600,7787700,36824000,4915800,56515300,5382500,45926250,2365600,3421600,25650900
2020-12-17,94359800,2178400,5233200,32023700,69486000,43182700,9946900,11748900,34880000,2983600,11618000,2725500,16377800,7197500,32515800,231384000,15320500,8914100,6517200,21204600,6360600,17465600,2296500,1579100,9294200,2314200,9004600,4309900,2173357,9920300,12677300,9384200,31934000,3312500,52036400,7405300,81662996,2525700,4386900,30679500
2020-12-18,192541500,4667400,9293000,51823100,119914000,82817200,11845400,27427600,85256000,4088100,28954800,8443700,26693200,15499800,63354900,342064000,33728700,11534700,13298200,46596800,13906800,19092800,5262700,2939600,20819300,4140000,21172100,7342800,6764184,17137200,35480100,13298300,45027000,8980400,60259200,19988800,98528240,8742700,8581300,41384100
2020-12-21,121251600,2412900,5341700,47093900,76736000,93397400,9219000,11430500,33974000,7408500,28323600,3642500,16553700,14787800,37181900,302332000,18210200,8156000,7576700,27869500,6664600,18726500,2071000,2156200,10998100,2329700,11424200,4682100,2496280,7893400,14926600,7251400,38940000,3946900,40891800,6732400,63319903,2892700,3180000,25553100
2020-12-22,168904800,1701500,5374200,35673700,47388000,39054300,10339600,8585800,20370000,3599800,11788200,2403100,17312900,9807000,22612200,185580000,17136000,6331700,7396200,21792900,4002900,13280000,2493300,1500200,9189600,2105500,6419200,2831600,2043156,4699500,9689500,5335300,19066000,2653700,33634400,5023100,84593405,2069700,2489200,37599000
2020-12-23,88223700,1428300,3890600,25993300,41876000,52537200,7090500,7223100,22974000,3376100,14973200,2760600,14329000,8772500,18699600,179144000,13075200,6421300,6523100,19085900,3659100,10869000,1862500,1108400,6137600,1782100,9994000,1956500,2070572,4607300,7040300,4626400,23932000,2645100,36182000,6004200,52034656,2348100,2553800,20430600
2020-12-24,54930100,589200,1613800,16705900,29038000,22632300,6146300,3335600,9312000,968100,4164900,1308900,6702000,3126700,10550600,97884000,3796500,3053800,3367900,8039000,1378600,6398500,585700,674200,3530300,972500,2721000,733500,763705,2114900,3265500,1387500,11440000,883300,14790100,2588200,25358704,1360600,1006100,9054600
2020-12-28,124486200,1515400,3837300,30627300,113736000,32861200,6422500,8051900,27650000,2793400,8072600,3449100,23299700,7417100,17933500,212564000,6463500,7079500,5816200,23877500,3948900,9090600,1508800,1289400,6178200,3207700,13145400,1473400,1735711,3855500,9020500,3753700,28919000,2493500,26993700,3714700,55104218,2308200,1861700,19344900
2020-12-29,121047300,1434100,4047300,31748200,97458000,33291900,6122400,7670800,19726000,1430900,8389200,2822700,16383000,4701300,17403200,170372000,7770200,8316100,6093400,20287700,5096400,14593800,1490300,1416300,7003100,2072600,6875400,2044400,1545417,5212000,8320600,3774900,40224000,3186700,23152100,5139300,48481570,2275700,2864600,17938200
2020-12-30,96452100,1529900,2522200,25845000,64186000,26370100,4724000,7901800,21026000,1566500,7398000,4200600,11803800,5283200,20272300,225396000,6192000,6017600,8875100,23807300,5328400,10812600,2720600,2538400,6268900,1778000,11680400,1838700,1620786,5412800,8142700,3804800,18763000,2224900,24889800,3261400,45476487,1866000,3107100,18751200
2020-12-31,99116600,1462100,2956200,24930700,59144000,28716000,6011100,8350700,21070000,2043100,8580200,2881700,12900400,5297400,20942100,192424000,6928600,5002700,5922200,22786500,6148100,10487600,1717800,1872300,7612500,1628900,7073500,1638800,1422804,5099900,8495000,4119400,53923000,2076800,30796500,4076400,51135925,1969000,2349400,17814000
2021-01-04,143301900,3612900,7081000,51802600,88228000,51483900,10319900,9234900,37324000,3572000,16819900,4638400,15106100,14014600,37130100,560640000,11249900,8148700,10318300,27764700,9523400,21225600,4078300,1821600,8597600,3322200,13426600,2683700,2356063,11765900,25611100,9388400,44444000,7486900,33565700,8330900,86700816,4203800,4304000,32182200
2021-01-05,97664900,2010100,4268000,34208000,53110000,48507000,8657200,13414800,20360000,4207100,13731200,2990700,9871600,11120400,23823000,322760000,11005700,5047800,6869700,44035100,6823800,19338300,2933700,2745100,12393600,2748400,7771800,2547400,2197434,9602300,20323800,7339800,31339000,4126000,29909400,6856400,83054520,3160500,3967000,26498100
2021-01-06,155088000,4156600,8198600,51911700,87896000,107002800,9789800,13916800,46588000,6383500,24909100,3966800,24354100,18334300,35930700,580424000,8685400,9211700,7206200,36484800,11017500,16202200,8034700,2296600,11035300,2661400,7517800,2823000,2779950,8230100,38724500,12155700,53462000,4843300,34962500,10578000,73455520,6561400,5061400,21918900
2021-01-07,109578200,2901200,5109700,42897200,70290000,74358500,8443100,9286600,41936000,4009700,21940400,3100200,15789800,13530400,27694500,461480000,7382800,7107900,10967900,29528100,8196000,14474100,5297500,2023900,9648200,2849500,7300800,2989500,2081295,7747200,53225700,8816000,36864000,4473200,27809500,7355400,71265359,3366700,6024300,20538000
2021-01-08,105158200,2266100,5344800,39816400,70754000,44641400,7301700,11152100,35484000,2800800,12035100,3371500,18528300,12896700,22956200,292528000,7751700,6767700,6513000,28628200,5345900,14144000,3186600,2471600,9448700,2599700,7894500,2752100,3317143,8228900,29674000,8376200,29739000,4312000,33462400,7448500,72471656,2947800,4844800,24478200
2021-01-11,100384500,2382400,3457000,48600200,73668000,51868200,7199000,10635000,34796000,2649700,15937900,2403000,30412300,9077500,23031300,518344000,6284700,5073100,7353100,38246200,6334200,16770300,2540800,1488600,10839600,2562500,6461300,2193700,2973178,7066200,19304400,7064300,38062000,3902700,47286900,7239900,40833484,2695100,6127800,26264400
2021-01-12,91951100,2964900,3975800,67672300,70292000,68166200,10736000,10923900,29528000,4814400,18033500,4858100,26383500,11831100,23249300,291476000,7758200,4136600,9331600,36915100,6106900,12836200,2466100,1613600,13013700,2387600,8349800,2860700,2527945,6903200,18538700,7669300,59904000,5150000,47831100,6333500,57515222,2372500,4612100,23373300
2021-01-13,88636800,2105900,3608400,60712900,66424000,43172800,6839200,9723300,23432000,2413800,14816800,4125700,19528900,9852200,20087100,210028000,8298000,7354900,6688500,29000300,9821300,8570500,3154700,1878600,11839900,1968800,6839500,3592500,2170119,6643100,18864100,8542600,50321000,4361600,31027900,6078800,51383116,1974500,2643000,16069500
2021-01-14,90221800,3508300,3984000,53408200,61418000,48483500,6548000,13950200,29212000,3192200,18565600,8712200,29739400,9854300,29480800,283120000,10258600,6976700,12887500,35474800,8268800,12446800,2486600,2136500,12857900,2363900,8951200,3097300,3704206,10030800,34303600,8899000,41774000,4724700,30272000,6172800,84548919,2919900,2625000,23017200
2021-01-15,111598500,3200400,7124400,49340300,84880000,57684300,8525600,10244600,31444000,3863700,27881000,7911500,24942900,12882600,31746500,277780000,7532600,8373300,8755000,42411300,9196200,11103300,3317100,2463500,30004600,2340400,12232500,2914600,3932842,7630800,24366800,10561600,58958000,4309100,34287800,7757600,53824704,3777000,4816300,35920500
2021-01-19,90757300,4419200,5159400,45115100,66102000,78130200,7753800,9574800,41660000,6727800,19843800,4625200,28028500,14897700,30480900,226188000,8903400,7436800,9772000,24932600,7723800,11947200,2361200,1694400,14498800,4533800,7834700,2486200,2687282,9057600,29114500,8142700,123158000,5158600,33451300,9184900,53971536,3361300,4537400,24123600
2021-01-20,104319500,3859000,6421300,35185800,106196000,53920000,9857700,8735400,64152000,4792600,16028800,5081000,25199900,16133000,37777300,258572000,7025000,5803200,12675700,22342400,6554600,9727000,2501100,1993800,21178000,2767200,9809200,2331300,2481004,6839900,23115800,8576800,326375000,5019300,35400100,12506600,43086270,3036800,3029800,23775600
2021-01-21,120150900,2768700,5608300,54221900,98722000,49626600,6785900,10393100,58634000,2516000,13411700,3484900,20838700,13591300,30709400,337780000,6943600,10336600,6513500,29044500,5417000,11091300,1951200,1649300,16897000,2121600,8416400,2254700,2736651,6818000,19702500,9268600,118021000,5684100,33829700,8761600,37102320,3749800,2002800,14325900
2021-01-22,114459400,2534300,4752300,71294700,56438000,45314500,10186100,7810600,32744000,2568800,12933200,3846600,21954000,15460000,30172700,246820000,9896700,7800500,7316200,23264800,5185500,7514600,2027000,1802200,9535400,1960300,9517200,1917500,3543554,8137000,15400300,6371800,75508000,4014900,26271200,7202800,45975370,2585100,3131600,19219500
2021-01-25,157611700,2697400,4084100,55086900,74996000,48078400,8213500,7689400,50586000,4575000,14212800,6257700,19087000,15933100,33152100,251112000,8524700,8499400,19282400,26395800,6928200,14276200,3837100,1581300,10739700,2735900,7833700,3469200,4792958,9924400,16604200,13215600,72073000,3829000,31728500,9640000,68733209,2506300,3938100,19031100
2021-01-26,98390600,2363100,3741300,59449100,59104000,36373000,5021000,7827800,31462000,3296800,11307800,3503100,19373600,10899700,49169600,163980000,8186500,7883000,9605300,23976800,5554600,11011800,2506000,1741500,7616300,1807000,7523200,2261500,2227582,14205700,12922600,12476900,50238000,4242500,27718700,5996700,66887024,2467500,2962400,15031500
2021-01-27,140843800,3586400,5772000,73341200,93204000,63809200,7641100,10178500,82512000,3891800,17603900,7449400,35346200,17002600,69870600,371272000,14789000,11787000,13772400,32410300,11887900,20948500,4095300,2590300,8841600,3120800,18239200,3002300,4156521,14207300,21242400,16893300,86703000,6659800,50561200,10826700,97381127,4770900,2821500,29910300
2021-01-28,142621100,3000700,5048200,47048400,62984000,51223300,7246000,8155500,55278000,3778700,13761800,6906400,37758800,14986200,49111200,228316000,11166400,8295500,11041300,24967200,8534300,10403200,3445400,3805500,10283300,2251100,14449100,2001000,3775225,8944400,17498900,8541300,59690000,5514000,39466700,8242000,69698670,2769900,2565100,22301700
2021-01-29,177523800,3061100,5291000,56735800,85872000,64019100,6473000,14699800,44530000,3412000,14808100,7627200,30389500,17566100,42503100,271552000,11451800,9805800,21503000,38961100,9380400,13683700,4541400,2474900,11660400,2598700,12848800,4967400,4689161,22505900,18670300,13189700,43253000,6778100,60251900,8344100,66272688,3899200,5007900,32509200
2021-02-01,106239800,2554800,3649500,42359300,83204000,40985300,5696700,8073600,40252000,2324100,11080700,4930700,22914300,11961600,33314200,217204000,10553500,7788200,12970700,24412400,7518200,9061900,2738200,1541800,9229400,2371200,8140400,2570900,2922696,9971400,12183600,5589500,35475000,4185700,40395800,6534200,56774709,3020200,4783000,25945200
2021-02-02,83305400,3022000,4878200,33850000,141972000,53527000,7134900,9233100,66332000,5195500,12253600,5686000,17320800,13893900,25916300,220440000,10528000,7082800,11305100,31940400,10481300,11130600,5265400,1398100,8834000,1905000,12215200,2240700,2800082,11443300,13319800,6645400,37676000,3581600,84062400,6825600,56673026,2663700,10758300,27002400
2021-02-03,89880900,2146900,4680700,32312900,141776000,49404900,5357600,9256500,97882000,2712800,10600800,4036800,14223400,8014300,27158100,245408000,9933500,13545700,13458600,28459300,12101900,11836900,2979000,1324400,11133600,1759800,5508600,2577200,1932378,8601900,12274100,5971200,31723000,3609600,38524200,7309400,53468813,2537100,4559200,14966700
2021-02-04,84183100,2005100,5088100,30791600,73414000,51751900,4770700,7917600,48596000,2994700,12419500,4537500,16060000,8889400,25296100,201340000,9928700,23840900,14534800,25280300,9077800,11869900,2253800,1584500,11372300,3411600,9035400,2375800,2299815,7758100,20597400,6398400,51645000,3860300,34284900,6613700,42001782,5962200,2811100,17346300
2021-02-05,75693800,1675000,3968200,30268700,72416000,42008800,5020000,8017300,29866000,2938100,10051300,2964800,12454400,8832200,18054800,169152000,9170200,7978600,10284000,34980100,7251000,9546100,2240000,1904500,9543400,2165600,6640500,2465900,1889889,9495300,12742000,5745800,23762000,4437900,31749600,5063700,36503739,7227900,2560300,20451600
2021-02-08,71297200,1727000,3899600,47639900,65148000,46014100,4336400,9886600,28828000,2826200,10136400,2652800,13755200,9018100,22211900,434624000,7003400,10065500,8637100,36998700,9199100,11182100,2725700,2412500,12181600,2520700,16085700,2087100,2099910,6035300,17833200,6792300,27917000,4112200,31633900,7011200,42459356,4758200,2242200,15825300
2021-02-09,76774200,1571500,3464700,37596400,44070000,35868600,5157200,7605500,21892000,2071700,8614800,2993300,14613400,7429900,23565000,287560000,5437400,8697000,7619400,28977000,5506900,13615700,2331600,1659200,8990300,2154000,11270800,1932900,1814924,5544200,14592900,5008900,37035000,3179300,30170200,5917800,43411312,4096900,3073600,15906900
2021-02-10,73046600,1764500,3705300,42441300,63032000,45031900,5535600,8778800,25102000,3213700,10323200,4246300,14687200,7465900,22186700,485352000,9577500,9364500,8467600,25723800,7446000,11510700,2816400,1776600,10853200,2162400,11464600,2356700,1916698,5921300,22965400,6200800,39913000,6966600,29039900,8594100,55965612,4122700,2943700,18576900
2021-02-11,64280000,1609800,3445600,35571000,46028000,29479900,6091600,8572400,20480000,2159900,9201000,5110800,12828600,6972900,15751100,450828000,7690800,21371100,8411100,26972200,5090100,7140200,2178200,1303000,8939100,2088400,17507900,3633400,1728933,4871300,21928600,4417200,27306000,7528000,30885200,6139200,44673216,2776700,3188400,12791400
2021-02-12,60145100,1450600,4154900,38538400,46706000,37468300,4314400,7858300,18990000,1977300,8324600,3025100,9097600,7281200,16561100,374756000,6663400,11882200,6911000,19756700,3738400,6010800,1804200,1362200,8805400,2096600,27233800,2742400,2013514,4413100,13137100,5787200,21971000,5659300,25578600,8407300,38015880,2760800,2563800,13423500
2021-02-16,80576300,1845900,4937300,35105900,51494000,52802600,10837600,14006000,31004000,2792200,12130600,2916900,15417200,8550600,26728500,321960000,7526000,13597700,9652700,28060100,5637300,10171100,3722700,1817300,11066700,1829000,11630700,2931600,2310032,5656100,15093400,8312600,26241000,5180100,28730300,8246000,51239727,4339000,2867700,27891000
2021-02-17,97918500,2112000,4872000,32245500,65950000,45455300,5879200,14342300,20294000,2333100,10810100,2267000,12763200,7807200,21653500,274756000,6244500,9879800,8373200,25509700,6940400,9276000,2290400,1533600,9055700,2143000,11391800,3772600,2944143,6676700,12794300,8598300,20696000,3353000,26389400,8845200,67769867,2620000,2845400,25571100
2021-02-18,96856700,1803200,4032600,35624900,60548000,37541700,4152800,9030600,22546000,2093300,10587800,2393700,15249100,7155800,16925600,233868000,6262400,9715500,7328600,20627600,5386600,9121300,2345800,1558700,8382200,1914900,12380900,3658400,1785485,5189100,12747100,5378900,24562000,3935200,24052500,6936400,35751575,2383500,3595900,96927300
2021-02-19,87668800,2720700,3664200,29548300,86104000,54514100,4647700,8913900,37938000,2749500,11969800,4095800,25622600,7685300,25262600,271724000,10905100,9413800,15011500,22607200,6702400,12415300,4937300,1847000,8502500,1839400,8834500,3537300,2462794,8190900,15968800,9660900,28415000,5414900,28145300,8277900,39326772,2313800,3081700,36606000
2021-02-22,103916400,2510500,6263200,36930200,70314000,56783400,5055000,13178700,29466000,3162300,11488400,4940300,17434900,11193700,36446900,325884000,20940300,13132500,8337700,36435100,10272500,21413700,4578300,2299600,12331000,2215600,18799600,2981400,2231022,6447100,14370900,13190300,30786000,5792900,34322500,6975500,46173044,2688300,3894800,32106600
2021-02-23,158273000,4164300,5021600,49720900,93544000,67440700,8641600,14874000,34658000,2942500,16234400,6326600,21924600,12174600,30228700,391780000,18175400,20440300,10571700,33527900,7058600,15996700,4125100,2432700,10796500,3692600,23191400,2640200,2487984,7042800,16222300,12719000,41365000,6264300,37624200,10145300,62175305,3225700,4385800,31300200
2021-02-24,111039900,3390600,4552800,40821200,60226000,58139500,6128300,16116000,22608000,3934400,15061400,7467400,15736100,12681500,26339700,448320000,10609300,10840000,12039000,28728600,7626200,30709300,4925000,1772800,12286600,3305800,16205900,2886400,3380474,10286100,14442000,12302200,32450000,4944000,30686100,7263000,45852636,3360500,2963400,46565700
2021-02-25,148199500,3252500,5388400,54625100,90676000,74762000,8828900,13219200,41548000,4244000,18127700,5207500,19053100,11674600,39542200,824436000,15356100,13403300,11404300,29670900,6237600,19283000,4313000,2155200,12864500,3618100,12712000,3423000,2766900,9719700,14211100,11747100,42529000,5702300,37506100,7790800,77501929,2780100,2617100,33324600
2021-02-26,164560400,3154500,6181100,48962900,85518000,70933300,20372900,14454100,40042000,3732200,19829200,4868500,26619500,30392200,37819200,500932000,20512600,11915200,11730000,35291000,9250000,12838400,4461300,3426300,13234100,3362200,15844000,3877300,3708455,14417500,23638400,12583200,37556000,8329000,41462800,17718800,102619798,5430000,3492800,42470700
2021-03-01,116307900,2358600,7864700,32746200,54582000,45901700,14027700,10439900,26060000,2957800,14845500,4382900,22157300,11450000,25324000,353184000,11758900,10558500,6982000,36998300,4709500,18735400,2871200,1918100,7182500,4653200,10709900,2828000,2565579,10551400,13901200,12272600,30414000,5287300,30407800,7740200,58790102,4198900,3271500,34634400
2021-03-02,102260900,2211000,4611100,34828200,51916000,41167400,10211500,10643500,25564000,2850300,14221700,3559200,15191700,11955500,22812500,264116000,13282000,8484900,6155200,30302600,5487000,11114400,2854300,1668300,7741100,4660100,8371400,2427600,2529361,7610900,11755100,8738500,30422000,5614000,27670400,10206500,47299370,2568900,2653600,29230800
2021-03-03,112966300,2808100,5633200,43541000,79774000,66047000,11459000,14958200,33892000,3606300,14324100,3692300,15513500,13053000,34029500,377592000,15827600,10841800,6484600,35358900,7218700,30426000,2664000,2721300,8007500,4064200,8750300,2724700,2737966,8499600,15410700,11748900,53624000,7505800,46020200,7537000,75820581,3039700,2635100,41837400
2021-03-04,178155000,4486400,4876400,60549400,109632000,96512800,12800500,22994200,49216000,3647600,20093900,4572000,31626500,15809900,44727800,573344000,19951100,18878800,10658900,52137500,7503700,26645100,3568400,2018000,15181000,5501200,12542600,4197300,2831444,11033200,22036400,11998700,50348000,9102800,45449600,10228100,80437237,4991600,3710400,45348000
2021-03-05,153766600,4615000,5327800,58548900,107772000,74292300,11406000,23638200,53100000,3740200,18465100,4643200,26820100,16362500,41872800,542840000,34211500,16830200,7582000,51429800,7277800,20026600,3602300,2120100,18699600,8102800,10266400,3788000,2891132,8331600,21310800,15509900,50700000,10186500,30589900,10490900,77737336,4563100,3671700,34073700
2021-03-08,154376600,3885100,5921200,54563900,83700000,65335500,9576400,18033600,36868000,2998000,17133300,7213300,18391800,10151900,35267400,543112000,23300500,13340300,14750400,38154600,6049400,13836800,3048700,1628100,11283400,4873500,25093200,3740800,3253409,6546700,25084900,12479400,39818000,8634900,24352300,9224700,74116593,3419900,3176400,40988400
2021-03-09,129525800,3926400,5638400,45088300,80600000,63946000,9732200,19010700,33920000,3324800,16238800,5832800,22039700,11588700,33080500,521824000,17296400,12071200,9228600,35645900,6857500,21001200,2902400,1752300,10193200,5426800,23331000,3228200,2674130,7461300,23082700,9363700,34700000,8930200,25167100,8859700,63488580,4277600,2551000,31988700
2021-03-10,111943300,2747300,3822600,45416600,60250000,53365600,7186400,17389900,27100000,3153100,14342200,4509500,14210300,10775800,29746800,384376000,21378600,9508000,7822900,31579100,5762600,27753400,2435800,3051400,12002400,4523500,13662100,4227800,4383032,6635600,21331600,8247200,37715000,7791700,33501800,9070900,57977033,3012300,2511700,44929200
2021-03-11,103026500,2762200,4514600,43583700,55528000,45834000,6431000,10989500,27702000,2756600,11771500,3729700,21834000,8951500,29907600,299916000,38095400,9234200,10053400,24802600,4671400,30139200,2960000,2284300,9328100,4338900,11933900,3565200,2994220,6305600,17417700,6602500,47145000,4458900,24557900,6941500,48327854,2520500,2906700,35489700
2021-03-12,88105100,2183100,3069500,32938000,48438000,46069600,6114600,10930300,33818000,2436700,12849500,2467500,20600200,8691300,22653700,243964000,11606300,7609700,8172400,20422700,5341200,35264300,4756500,1457200,6758400,3182100,13249100,3462300,1860652,5474800,17598600,6113100,39817000,5275100,16342400,6521900,92827229,2088700,1914800,28437600
2021-03-15,92403800,2508400,2994000,39086800,58272000,50131600,5733700,10488000,26168000,2276200,12101100,4216200,16844800,9018400,26034900,221988000,8919600,7052100,9306100,31243600,6642200,34816700,4215300,2261200,9825200,3243000,10311400,4261000,2590870,5524100,13411900,7129200,34843000,5389200,21896100,7172600,56121050,2343400,4535900,25071900
2021-03-16,115227900,2618800,4247300,42971600,50776000,50300400,5311000,11698400,31900000,2332600,12805600,3445100,22437700,9472000,28092200,272128000,14512500,7370400,8949300,30624800,5570200,28785800,3539200,2876400,9399900,3066700,9680700,3140100,2607765,6369100,14214200,6512700,32389000,5544700,25022400,6485200,50311735,2904200,2397800,19881000
2021-03-17,111932600,2502700,5361400,43320600,62372000,63796000,5805100,9168600,26382000,2710900,13952400,3240900,21315000,8049300,29562100,243864000,11892400,6340100,8675600,25575500,19445600,23785500,3518500,1934000,9461700,2672400,14418700,4138400,2762044,6001400,17502700,10343300,28174000,6199500,42540100,6192900,52881354,2633100,3644100,24156300
2021-03-18,121229700,2931200,5577600,51036500,72992000,95439700,5580100,13246600,31700000,3713000,21898500,7205200,18728300,10227400,34833000,293896000,13750300,9318900,9321800,38622800,8675100,24595500,4336200,2170400,12297200,2736900,9644500,3471800,4343982,4801800,18007300,14198800,40945000,6476700,24729800,6871300,41438817,3311600,2964900,29815500
2021-03-19,185549500,3923800,7285700,42283400,92508000,106252700,7088400,18491000,46072000,3513000,54418800,12224300,38930500,11557600,46430700,299208000,30963600,10555100,32209700,84439400,10899100,17330800,7485100,6263000,26925500,4859300,28354600,11280800,10228727,14891500,67845700,22806700,43864000,16114400,48348900,20262100,97559734,8572900,14934200,57703500
2021-03-22,111912300,2944300,4907000,39648600,58044000,54701300,5002500,12508500,33536000,2094500,19944800,4140400,28273100,7169900,30127000,297804000,10263700,5790200,11371600,29315100,7627200,15230000,2211600,2437100,11003000,4064900,8838500,4107800,3345065,7544100,17911400,10057700,33606000,7813400,25427500,8077600,41525936,3505200,3893900,24654000
2021-03-23,95467100,5317000,3497800,40466600,76346000,49838000,4578000,14781700,28510000,2457500,17076300,3756300,23000900,10235500,31638400,222048000,12390100,5093200,8820700,33493300,6111600,21358200,4017600,2930500,11853800,3641200,10701200,3852900,1936122,7178300,16936700,10723800,55835000,6978400,27970500,9503800,48880756,3100100,2920800,29154900
2021-03-24,88530500,5214100,3813500,43753600,59180000,43896800,4617700,11026800,25218000,3332200,13079800,3550000,18675000,8459000,25620100,245840000,11391100,6097300,10101600,29781800,9420100,24055100,4258000,2139000,9671100,3006400,13549100,3024300,2591983,6370100,14997400,14537400,41022000,5082300,22883400,8318000,44403518,3407800,2285300,23547300
2021-03-25,98844700,3201500,4707200,44735100,71270000,47517900,7977200,11138200,35616000,2804700,15608300,2961800,24505600,11363800,34061900,295144000,14844700,8846600,8390800,31495900,6281500,27553600,2901800,2288500,9275200,4307100,9609200,2622900,2243364,6269800,17091900,6823600,49268000,5827600,24875300,7517300,49001902,3021500,2944500,28125900
2021-03-26,94071200,3615900,3801800,49148700,66258000,66846000,7333200,9820200,27978000,3082600,16754400,2741200,17629200,11107400,25479900,363968000,12617000,8217600,7399900,34226500,6596900,17157100,3040100,1586400,8723100,3061200,10196100,6036000,2569625,7619200,17126700,10106000,34678000,6785600,27944500,10821200,83378238,2959800,3135500,28653600
2021-03-29,80819200,3141900,4409400,37144300,54920000,45680000,5686900,7542300,26492000,4533200,17570300,4054900,21718800,21931700,25227500,273520000,15183700,7510900,7792300,21144400,5472700,22198800,3003200,1107700,7901000,3012000,7544700,4941200,3099636,8535100,17514100,8644500,33300000,6105800,27004800,11176000,49355145,2740400,2702600,30146400
2021-03-30,85671900,2436300,3525300,39169300,46752000,56705900,4717900,6284600,27312000,2717300,13184300,2885800,17474500,12063000,24792000,200204000,12000200,6242000,5498000,20303400,5354100,12577300,3139100,1307600,7910200,2602400,5929700,3275100,2476653,7236300,14871800,5964600,24181000,4372700,26303300,8090600,46516092,3066000,2401100,27230100
2021-03-31,118323800,3155900,4318700,43659500,61878000,49270000,6838000,8954400,42570000,2624500,16736700,4372600,19498200,12085500,43623500,314776000,9971700,7633400,13180000,23686500,9048000,14138500,4512300,2130300,9293100,2832200,8478000,3480700,2478576,8281500,15826500,9430500,35031000,6257900,26582700,9202600,59981040,3356500,3688400,24546000
2021-04-01,75089100,2664700,3547700,40182400,58806000,65587000,7763500,8515800,39880000,2659000,16561500,3701800,17616000,13195600,30338000,308276000,13228700,6990100,6138400,23194500,5091700,10934500,3787100,1280600,10165000,2938600,7749400,2876100,2134205,7229700,15834700,6548900,39386000,4823400,21319900,9117800,42999548,2977700,3615000,25595100
2021-04-05,88651200,2982500,3437700,32610600,66698000,50328500,5553200,8692700,48510000,3235000,13508000,2180300,28237000,10458800,36910600,255672000,25010200,5744400,10440500,23264800,10584400,13750300,2323400,1249200,10460000,2705700,7405300,2839800,2285044,7387100,16368700,7328400,33559000,5980700,22096900,8279100,50996905,2709400,2315900,40043100
2021-04-06,80171300,1878300,3753100,29327900,50756000,42590100,5448500,8125100,35240000,1801700,13071600,2661900,17335200,9445000,22931900,191744000,14699800,5580400,7828100,18926300,8522500,11180300,2614500,1440400,6253600,2142000,7926200,3634300,1816948,5074200,15614300,6570500,34742000,4751900,20722900,6180600,44574314,2698600,2465600,31044600
2021-04-07,83466700,1576800,2719700,35590900,66924000,43136400,4403400,7699300,24134000,2157300,16903500,2958300,22855200,8329300,22719800,251284000,12356800,7243200,5614300,22385000,8037300,9925700,2449600,1574500,12408400,1808400,6238700,2549200,1737229,4608000,10062700,6761600,21513000,4849200,21933800,10244500,53821262,2158900,2079700,20361600
2021-04-08,88844600,2026000,3474900,41925300,56242000,45285900,6169100,8283000,28664000,2402800,12335500,3528400,20894100,9352700,23625200,244416000,13507700,9059100,11042000,21999300,5881800,9899900,2158900,2313000,10040800,2839200,7763000,4922400,2095863,5039400,9695600,7454600,43098000,6725100,18129400,6190300,66037678,2426700,2029100,19095600
2021-04-09,106686700,1886900,3141600,32759900,86830000,45872900,7319300,7163700,26146000,2347100,12122400,2429300,15988600,10693500,24326800,195172000,13285700,6689700,5724900,20020700,5977500,12255900,2482900,2968200,6665300,1610800,6089300,2028700,3906943,8418300,10828200,4969600,28940000,4950800,31686700,5855400,44111311,2483200,2579800,20676600
2021-04-12,91420000,1584600,3095300,62098800,65636000,45544600,6205700,7845900,25024000,2318800,12273400,2896600,10881900,8939700,27148700,869324000,10634900,6681200,6315200,20238800,5647500,10383600,1688200,2635200,8564000,1836600,6662500,3784600,2691126,5022800,8565300,6052900,29441000,4386700,29944900,6440900,32913051,3057300,3024000,18723000
2021-04-13,91266500,2195400,2958100,37767300,66316000,46770400,5397100,6829900,25682000,3575900,16113600,2652800,14036900,7085200,23837500,676212000,13142400,7284400,4764000,19370600,6165100,15901400,2286400,2368000,6980000,1796400,6826500,3661300,2781973,18424100,11071700,6319000,27203000,5283300,33967400,9161200,54794270,2652300,2465400,17397900
2021-04-14,87222800,1956400,3391100,34263800,62904000,52023800,4617600,10194800,21002000,9876800,19939600,2317400,17421400,10585500,23070900,385500000,12730700,8507200,4972600,28051100,7766700,12661800,2491000,2119900,8342200,1509400,9089900,3604100,2212002,7718300,9787600,4478200,37403000,4685300,23842900,7584000,41425180,2805600,2591900,21924600
2021-04-15,89347100,2122300,4451900,68942800,64672000,118128900,5073900,7860500,29174000,4354800,17694100,2942200,14558300,9930800,25627500,598480000,13604200,7542800,8698100,23250300,5730500,9479000,1860200,2103100,6763700,1850100,7262500,3271600,2032837,7524600,13078100,5012400,31391000,4777100,24945800,7945300,35073819,4488300,3139200,21710400
2021-04-16,84922400,2031600,4369100,47280600,63720000,60633400,5088700,7459700,26282000,4231900,13773400,2725500,13059200,29086400,24878600,335208000,13334100,6061600,6829400,22752000,8207700,14606000,2128400,2251100,7665500,2249200,9453500,3820900,4145898,9049400,17974100,15124100,32091000,6481400,52829500,7708500,39935944,4532400,2820500,26488500
2021-04-19,94264200,1917700,2809200,39115500,54508000,42321100,4257700,7068700,30290000,3228200,11900200,3360900,14553500,15151000,23209300,404420000,19967200,5258200,6541600,21123300,4542900,9249300,1712600,2607100,6587700,1560000,7625800,3491600,2938275,8353500,19352900,7658200,42887000,6621200,30905100,9149400,39439974,2965400,2614200,19281000
2021-04-20,94812300,1677500,4262000,34977800,52460000,50834100,4081200,9783800,22288000,3662300,13716700,3135900,16796400,13052800,19722900,334132000,12562300,6208400,5799100,21782100,5411800,19483600,2815800,1799800,11928600,2330700,10765800,3171600,2074517,14050700,14419200,7192100,112576000,4999700,26459400,10040500,35799239,3348100,2642500,24452100
2021-04-21,68847100,1678100,3682500,35069000,44224000,37851800,4024000,8264400,23204000,2733300,12236700,2466300,14863500,11075900,24030400,216776000,18672800,4669100,9490600,16625600,6181100,12847000,1977700,1513600,7718900,1531800,8400200,3741900,1742489,6333200,13866500,8565100,228974000,6316000,29365000,8465900,45489198,2473300,3204400,17335200
2021-04-22,84566500,2084600,4388500,38846100,51612000,48093400,4975400,9899400,24146000,2165200,15256100,3713700,16375400,9871700,25606200,277788000,16769300,5983200,7303000,21600100,5046000,13854400,2410700,1196800,6582700,2138000,7378300,3866800,2545548,7233000,12558900,8261700,90611000,4904400,33373600,7338300,143684584,2718600,3077900,19705200
2021-04-23,78657500,2257500,3242100,49194000,63856000,48674100,5447100,6756000,29066000,2163800,14041900,2294800,17536800,12002000,21462600,227500000,10664700,6297500,5345200,15337900,4611000,11533100,3458300,1422500,5670100,1404500,6075500,2849400,5372338,6015300,9020500,6034900,73077000,4354700,24375000,6708300,53428961,2263200,2407100,22971000
2021-04-26,66905100,1387500,3203500,57594500,97614000,34699800,3459600,5639700,32038000,2171500,10799100,2255000,16172600,8033500,19763300,197796000,9402200,5327800,5650000,16083800,5202300,10599600,1864800,1515400,6642400,2059700,6178300,2749800,3653522,6027800,11684600,7425100,43888000,5817700,19773400,9910600,60190761,1642300,3972900,22846200
2021-04-27,66015800,1944000,3580400,61909900,76542000,34304800,3445200,6898900,44386000,2088600,12821200,2270000,15309300,7057400,31014200,164572000,9300200,4296200,6642100,19278600,3522900,10583300,1959300,1411500,8309600,1875900,4870000,3441300,2819000,6217700,9852400,5871900,37613000,4693700,19061500,8296800,44211273,1758500,14666500,16151400
2021-04-28,107760100,1472200,2703400,108920300,92638000,34084400,4274500,8718400,81106000,2140900,8943700,4065300,33907200,7228200,46903100,209416000,6107800,5530300,10111400,24729800,5116000,19054100,2965300,1888600,8897100,1305600,5199300,2514600,2193185,7448000,10868100,5522200,31930000,4962700,21963300,6262800,37193014,1886500,6308800,14286600
2021-04-29,151101000,1592500,3800600,51294500,153648000,44008700,4140800,9740300,41234000,2584400,12976900,4637100,56526800,9974800,40589000,173196000,7940400,5663700,7411400,27318400,6766700,12296100,5442400,1825000,9446900,1848300,5958300,2172000,1810574,6394300,15391000,5558700,51278000,4699900,23569400,6786800,50944740,1996500,6950000,19596000
2021-04-30,109839500,1950500,3201200,46601900,140186000,39203400,5024800,13730000,44856000,2101100,11705100,4043200,26332400,9298600,30945100,201912000,7825300,6594500,10260200,30518400,10575400,10380400,3953500,2388500,9448200,2118900,7866300,2574800,2242757,9079100,14912600,8024600,44132000,5051100,28413200,9188600,41484362,2328100,5931200,19680000
2021-05-03,75135100,1458600,2585600,66323300,117510000,41940500,5835700,7938100,28242000,1871700,11801100,3344100,18719500,6759000,19626600,203912000,15319600,7522000,8174400,20509600,9138200,9887800,3182900,1644300,9325100,2685800,7542800,3572100,2244578,6594100,10417900,6076000,40919000,6109800,46638600,8070300,49589228,2568500,7286100,27139500
2021-05-04,137564700,2528900,6640800,59194300,108788000,53880000,6727500,8704300,44818000,2831400,12977700,3321200,24032600,8802700,32756100,405324000,15316500,9217300,5884500,23522200,8151400,17807200,4040700,3165700,12834300,2133800,7069300,3096400,2859973,10179500,14151000,9178300,43495000,6603800,52802200,9624000,68700639,3237200,5775400,19084200
2021-05-05,84000900,1875300,8786400,42310200,74226000,37471100,4205800,12872400,26636000,2786800,10506700,2993900,15577600,9424400,21901300,292024000,12271900,9507300,6523200,31526200,7021400,14913500,3690600,1737600,12715300,1905300,5901700,3582200,2745554,7792300,9665900,10643200,31294000,5305200,76627500,8295900,41937965,2767600,4187000,18351000
2021-05-06,78128300,2537100,5557800,38661300,88954000,39044400,5200000,9654900,25190000,3048700,13542400,3787300,19012200,11887900,26491100,193380000,14089700,17998700,6124100,26836800,5803800,11857100,4527000,2073800,9648200,2641400,6944900,2051600,2076844,5529900,11572700,7069200,37837000,4472200,54944900,9771100,38556072,3058700,4470100,16302000
2021-05-07,78973300,1632300,5582200,36954200,94206000,39249200,5774700,10273000,28898000,3378100,14257800,2935900,15916700,9947600,27032900,229328000,14073400,10170000,4528700,33610600,6808200,12823000,3327900,1688200,9645500,1817100,6888400,4544800,1979927,5316200,10637500,5677400,31328000,4181000,33807800,6299100,38330065,1851000,2644100,23408400
2021-05-10,88071200,1970900,6870100,45134500,116772000,41271500,5263700,13586500,30914000,3396300,14014300,3193700,24239200,9344500,29299900,268904000,17356700,8909200,9627400,31956600,7093300,14813900,3752900,2456400,8801700,1998700,8260300,8173900,2419494,8357500,15545800,6210400,51316000,5270600,30831900,8852700,54262286,2489300,3566300,26307600
2021-05-11,126142800,2293700,4646600,51008200,92396000,42964700,6097900,12754800,34186000,3734300,15451700,3073100,18920100,10397800,33641600,285584000,12980400,9258200,7633300,34563800,5784600,16273200,3163100,2003900,9741400,1859700,10865600,4487600,3419625,8217900,12986700,10515100,44010000,5266100,30568600,10973700,44221335,3024000,3088500,26464200
2021-05-12,112172300,2399500,5970600,42531400,98728000,47533000,5482500,11661900,46376000,3309800,14381700,3293200,24645500,12602200,36684400,303408000,12302600,8649800,7721300,34426500,6208300,14931200,3668500,1763400,7925100,2344600,8988100,4477600,4246053,6758300,15836500,9093200,41215000,5651700,26208600,8853700,41682300,2888100,2667100,25998300
2021-05-13,105861300,1996500,5064400,48646800,67018000,42026100,5337000,9706300,33204000,2673900,15395000,2626000,18079200,8639700,29624300,285404000,11399300,7274000,6650100,24268200,6558200,16503400,2228100,1658600,7581500,2023100,12332200,3318200,2938579,8018600,15475800,5469300,27125000,4849400,25415000,8753600,35838562,2637500,3208000,21475200
2021-05-14,81918000,1857100,4844800,38355800,66500000,30932600,4429000,9124100,31996000,2732300,10584000,2959700,19245700,7755900,23901100,258616000,9033400,6729700,4777200,20735400,6268500,10162400,2041600,1323900,6419900,1876100,33149400,2409600,2105575,5797700,11725300,5446200,28825000,4224700,18041100,5989500,28044703,2072900,2333700,16091700
2021-05-17,74244600,1581000,3247900,40779200,74478000,32656400,3816100,12692900,21598000,1826100,9886800,2511600,15401300,7157900,24970200,216980000,6637900,5185100,5534200,25282500,6183200,9559300,1998400,1451800,11441900,1830800,17771600,5583000,2082105,5722600,12119800,10369300,27052000,3747100,18095000,7690700,227010260,1583900,2071200,19675800
2021-05-18,63342900,1395100,3856100,31982500,56568000,37880300,3540600,12759900,22204000,2018600,11098100,3421200,14522400,6631700,20168000,186256000,6643100,4726800,6900000,25170800,8174900,10081100,2436200,1613800,10322000,1698200,10401000,4857100,2428397,5846000,13232500,8195100,23505000,4527300,15805500,9239100,327097378,2694800,2041500,58183800
2021-05-19,92612000,2047500,4145500,73966200,53594000,42672800,8092100,14762700,23684000,3696000,13278900,3577900,19106200,10165600,25739800,344000000,8165000,7210500,9311900,28889800,6433600,13162700,3143100,1609600,9406200,1725000,9251000,4371600,3085776,5533800,15126100,8486600,33499000,4432700,20209500,9806800,162369932,2783100,2141100,34874700
2021-05-20,76857100,1991100,3123500,49135000,52664000,36871100,6705500,9706300,32352000,1919600,10426000,4087500,17320200,7722100,21800700,321592000,8802700,8112900,7478600,20692500,5526100,9218900,3339200,1750600,8798800,1427300,7400700,3110200,2233551,4853200,10948400,10798500,37212000,3964600,18621100,8768200,108488825,2105800,2716600,30540900
2021-05-21,79295400,1567800,4198800,40201100,82098000,40243800,4913600,10352800,40632000,2657500,10249000,2708700,13600900,9326800,21863100,672992000,8629000,6842200,5603900,20792700,5577800,16579000,2479100,1665000,6032300,1706600,8105700,4136400,2301130,6501800,16033200,8689300,33229000,5194200,21144800,10161000,98754380,4295400,3927700,22927500
2021-05-24,63092900,1846900,2600700,33194300,48456000,31390800,5288300,6785600,31832000,1834300,9440300,2351500,16445400,7788800,21411500,554816000,7044700,6370100,4040100,18400300,4821300,10106000,2372700,1609200,6372800,1657000,7346700,2726500,1834652,5195100,10326100,6746900,24126000,3627800,16922300,6981300,63020282,1883600,1981300,18945900
2021-05-25,72009500,2322500,3569600,47353100,65222000,52657700,6256300,7884000,22440000,2631000,12609100,3916300,16437000,10599600,17704300,435408000,7160600,6048100,4689100,25616100,6574200,12908000,2265700,2179700,8090600,1379700,8089700,3015000,1825648,7444700,11916500,7440600,26995000,4649300,25916300,8142400,77290883,2285600,2414300,21505200
2021-05-26,56575900,1695600,2516500,30354000,47680000,41332800,5807100,9232400,21572000,2121200,13058300,3101900,9686900,8665200,17771600,370440000,12851100,5405300,4295600,21698700,5802600,7240200,2070000,1154000,6716000,1648000,8086200,2607800,1768185,5726400,16064300,7408800,24653000,4462600,28036500,8122900,43765747,1903900,2376300,19294200
2021-05-27,94625600,2957300,6287700,35883200,51224000,52981100,15344100,11703400,35224000,3897000,15707500,5416300,20477700,21840900,24426200,581476000,12867800,7051200,5969600,33556000,26406000,18404400,3594700,2982400,7484100,4452000,13567800,4251100,6724426,8114700,59109600,10956100,32538000,9203600,38471200,33095700,62823932,2041800,5110200,56577000
2021-05-28,71311100,1924800,3116300,40952700,46596000,38509700,17810800,7278200,21482000,2169700,10291300,3624300,12037400,9484800,18270200,644536000,6929700,4281800,5779700,19246800,7104300,11197400,2290700,1690400,5745400,4681200,7124800,2271200,2558800,6400800,17011600,9177500,29103000,4913700,16154100,10477100,54191320,2367900,2128000,21186300
2021-06-01,67637100,2189000,5278200,43433000,48600000,42890700,8103900,10260600,23354000,3644000,9445400,3119700,11765900,9576400,23213300,472804000,10485300,5869600,5091500,28474200,6846200,13562800,2476000,1464900,9943600,2117800,7475600,2816100,2260056,10448400,13304000,9056100,24826000,5530300,23642400,9993900,52162290,2199600,1865300,20767500
2021-06-02,59278900,1761300,4146700,35203200,40290000,34180500,5543900,9141800,21158000,2809700,10498600,3531000,11654300,6878400,19406700,594168000,12249300,6801800,9081100,22978300,8100700,10820400,2348500,3364400,6103300,1881000,7851700,1889900,2251356,6806000,11328500,6421000,22690000,4546900,19629000,8254100,53003692,2232900,2486000,23298000
2021-06-03,76229200,1539100,4030000,29812000,47966000,46981200,5109000,8809300,18696000,3003900,13354400,2605900,12610800,7926800,25307700,580008000,12038700,4947100,6382400,20272800,6286100,10402000,1923200,2228400,8280800,1780300,5583900,3401900,2348374,5808800,17364300,8871500,38874000,4651600,17376300,11249800,60788150,2281200,2172400,18374400
2021-06-04,75169300,1644200,2851700,26387800,44994000,37192600,6177600,6699300,24458000,2514100,8510800,2295200,13289400,6406800,25281100,617120000,14502900,4086100,5085700,20427800,4255400,8799000,1837900,1459400,6504800,1765900,6343400,2771400,1315163,6510300,18935100,6586300,31605000,4427400,19375300,6894400,45228105,2990900,2943900,13635900
2021-06-07,71057600,1768500,2460700,29006800,44316000,28401900,3510800,6748600,24120000,2188700,7267200,2133400,20136700,6773800,23079200,575756000,10445600,3979800,5421300,15477900,5570100,10606000,2330700,1224000,5405100,2515800,5178100,3335100,2056105,5362800,14010800,5988500,27919000,4724100,24110700,8418000,43812219,3353800,3444300,16630800
2021-06-08,74403800,1747800,2227500,26956600,68334000,41871400,5827300,10559500,24240000,2452600,10370700,3224200,14580500,7036300,22455000,323848000,10726800,4427000,4170600,28953400,4114200,15113900,2212300,11047100,7345200,1553800,5356200,3147900,1740668,7746800,10968300,5803000,23740000,5997200,18880300,6911500,81796720,3051300,3402000,20120700
2021-06-09,56877900,1702400,2946900,28454600,49110000,42366300,3350900,10146900,17942000,2025900,12377400,2520900,13727900,7811700,17937600,381656000,9720300,4653000,4659000,29133000,4884000,10693200,2919600,4889100,7026300,1398900,5082400,1584800,1996417,5552600,9838800,6660400,30550000,4008000,29824000,6200700,38698004,1925700,10560600,17085300
2021-06-10,71186400,3152400,2213500,28606400,69530000,40123600,4659500,13526200,25904000,3900800,12119400,2460200,13240200,6584900,24563600,287772000,16680800,6055700,4452500,27488700,6263800,14519200,6281800,3111400,9396000,1404000,5253000,1783900,2249535,6463100,12444400,8203300,43829000,4698200,42613700,6515500,46019327,4033600,4880000,16378500
2021-06-11,53522400,2871300,3521800,24310900,56348000,31203600,4624200,7731700,21958000,2117300,13683800,2708300,13587900,6509400,18999700,416308000,11066500,4494600,5378300,17631700,4471400,9934200,8734900,2946100,8117000,1404200,5476300,1909000,2021911,7389900,11825800,4548400,31240000,4364600,21386900,10641400,41163954,3094300,2699200,25232400
2021-06-14,96906500,3522600,3130900,27830200,51394000,36050700,6764700,9051900,22098000,2560500,19917900,2515300,12250800,10163100,19150500,321376000,10173200,5174200,5805800,16997200,4427600,9344400,7213300,1857000,7744300,1652600,10170000,2003300,2616263,4931300,9710800,4991900,44002000,3831900,23408300,6302000,36006312,2674900,2157500,15140700
2021-06-15,62746300,2424800,3705300,26194300,48524000,39247900,5135300,10540200,21562000,2302900,24485500,3562500,15795200,7459000,18038900,243032000,17298000,5371100,7093800,30717100,3590500,10630900,5055900,3915800,7835700,1252000,7895000,2738600,2087062,5062900,11154200,7770300,31041000,4256500,20206900,5543400,34705350,2845800,2414900,19327200
2021-06-16,91815000,2842000,4259200,29598300,84056000,63859100,5099300,9283300,26472000,3264200,25321200,3081000,17232200,11370300,27220000,307124000,36560600,6874600,8905400,24803200,6670200,10529200,4156900,2349300,9745800,1801700,8336000,3865400,3087901,6988500,15211700,9646200,35332000,5492100,19177500,8936400,40251454,3330800,2102900,28794900
2021-06-17,96721700,3566400,5797500,77822800,102730000,80728200,5170200,14337800,25842000,4146300,29722400,3824900,17794100,11131600,27565500,809656000,14836100,8071100,6876700,28491800,4172300,10774400,7995300,1959000,13667200,1686500,8906000,3998700,2453689,5874700,10658400,10553800,31983000,5316400,19580100,7875600,47283350,3532000,3068700,19341900
2021-06-18,108953300,6762000,10722200,58736800,104954000,102774200,7822200,22284500,46116000,6290100,43595700,5009400,23039500,22453900,37202200,968856000,22521200,14713400,8840000,39590700,7415400,11965000,7156400,3118300,18583800,3415700,12357500,5190400,5489590,12993000,31445600,17539000,51976000,10661700,37775900,13997600,86995009,5521400,8170500,44812800
2021-06-21,79663300,2625900,7422800,44417100,65542000,48119400,5895100,13591500,27414000,2717300,18664800,3094600,11337500,10672700,26696100,672384000,8924300,7287800,7298400,33145400,4666100,15301800,5633900,2639700,8234300,1631600,9196900,3566100,2905902,6592300,14404300,6499700,52773000,4904300,19488100,8014800,44495668,3839300,3638000,20775000
2021-06-22,74783600,2370400,3181400,32107700,66902000,44113200,4457200,10230100,22390000,1870800,14251200,3582700,15345300,9664100,24694100,580144000,9845800,6049400,8858400,25140400,4359900,10042500,3776400,2473800,6745100,1934800,8097100,2562000,2135520,5627800,13072800,5513100,58093000,3518000,15975900,6550900,41524215,3964600,3460700,19107000
2021-06-23,60214200,1616700,2896400,25992400,56266000,32039900,4482400,7792800,19148000,1713100,12733300,2241800,14817800,7139000,19518700,332356000,7295900,4966700,6814700,20701600,3837300,9874700,3283400,4103100,8184000,1538000,9174200,3997300,2260259,4493400,12339200,6079700,39448000,3901700,22025400,5796000,31479689,2942100,2504500,19390500
2021-06-24,68711000,1835000,2818000,42217700,76640000,37161800,4987300,8724600,21362000,2716600,13733200,2788200,12329100,7953500,21446900,320924000,9624000,7160300,4611500,19568400,7712300,13755600,6827600,4313500,6424400,1487300,7549400,2448600,3403540,4549200,11488400,7925200,33612000,3818900,13436500,6056700,47503266,3309100,2602500,23444100
2021-06-25,70783700,2133500,3276300,27804500,78820000,53178800,15409300,8102300,34594000,2782400,15484900,3983900,14594400,11139000,25611100,278364000,12845000,6616900,7825200,18438300,11709400,9625800,11274200,3814500,8099200,2056100,7431800,3236200,5279973,10963800,18880300,6676800,52991000,6387600,22774300,24504900,37039297,16928900,6618600,28640700
2021-06-28,62111300,1714000,2961600,30262000,44856000,34416500,4274900,11348400,28526000,1833400,14125800,4800300,29156100,6174600,19590000,495436000,5605400,5058600,9301700,20570000,5141800,18152000,3172000,3442800,7647300,1645500,9881400,3192800,2387829,5604000,10556900,8444300,28202000,4282800,19225700,6065400,35873515,3193300,2288100,15549000
2021-06-29,64556100,1204800,2742500,46181000,41968000,38519600,3871900,7225500,23108000,2365900,14528700,3394300,21417300,15413700,19937800,367632000,5392900,4333200,11897700,19579300,5795100,16743900,3443400,2965800,6437000,1523600,13498300,2669200,3036913,3749500,12300900,6477400,23146000,3197700,14516600,5792300,42715947,2458800,2291100,35962500
2021-06-30,63261400,1704200,2586800,70721500,48080000,29159800,4168800,7927500,24474000,2238400,12531000,2884900,15107500,9780300,21656500,326568000,7899800,4236000,7797100,17875500,5042600,12089100,3249500,2467400,9309600,2031700,7481900,2493300,2899731,6151700,14614200,8672600,27734000,4943700,21248100,5776600,43623814,2875600,2744800,45511200
2021-07-01,52485800,1646100,2888400,58059000,40742000,28045100,3899600,10873200,18110000,2571000,10479400,3108500,17137000,6792200,16725300,480136000,13108000,5647400,5329600,22530300,5306900,9516200,2426300,3756000,11637200,1523400,5887100,2406900,1649214,6320200,13214700,6423000,28054000,3997600,20035900,5922300,34947642,2678100,2746100,26348700
2021-07-02,78852600,1744600,1995000,51316700,63388000,28980800,4056200,7107700,25982000,1598900,11424000,2786500,11521300,4818000,26458000,342764000,15258100,4169400,4383700,14555300,5719500,15706600,2433600,1957000,7635000,1676600,11099300,1779300,1560693,9059900,10604600,4282300,19755000,3835500,16592700,5572000,37964376,1982400,2172300,26280600
2021-07-06,108181800,1657400,3598600,44930100,134896000,47578700,5590200,10162800,26404000,2162900,15083400,2740500,13488500,6701200,31565600,446708000,14200400,5043500,8048700,22110800,7172100,11045800,4348100,3508700,11699400,2113100,11557900,3258100,1958176,6098500,15278200,6957200,27751000,4313800,18931900,6534400,53233538,2615300,2421300,18279300
2021-07-07,104911600,2022500,4108200,51498500,106562000,43499900,5101400,8245000,24060000,2012800,12271800,3176600,14218900,6771600,23260000,418428000,20976600,6713900,4366100,21671400,6695100,11497000,2707700,2707500,8239600,2308600,6757300,2044400,1581432,6293500,14377700,5661800,27225000,4225000,17665200,5532700,44484282,2270400,2553700,25607400
2021-07-08,105575500,1846600,5412000,45673500,103612000,52793100,5159600,8695500,23790000,2940500,17834600,2809000,14406500,8778800,24618600,503300000,16383300,5912000,6388000,18935900,3948800,17964300,3723800,2679800,10551500,2235500,6960100,2386200,2432747,5755500,11943900,5881400,32690000,4216000,23021200,7585200,52985421,2032300,2354300,21267000
2021-07-09,99890800,2145200,5044800,35278400,74964000,43887200,4213500,8567900,18632000,2641800,13694500,2404800,13018700,7306500,23916700,296624000,15685300,5543300,5615900,20086000,4823400,12385400,3163800,2045200,6973700,2304200,7873300,2676300,2187014,6120900,10847000,5592800,27772000,4088600,21578700,5948700,45214865,2078900,2050500,15185400
2021-07-12,76299700,1696200,3450700,28526600,51432000,42624500,5604500,9898600,17668000,4135900,19940400,2648300,10018600,11951100,18931700,321984000,16076800,5456000,7010700,21809400,8148400,9071500,2509000,2351800,6063100,2491300,21835500,2509100,2090400,7840500,15107600,5743500,17807000,4873700,24513000,6807300,35588988,2802600,2216100,19515000
2021-07-13,100827100,1435600,2983400,30367600,76918000,54338100,6699800,6738000,19240000,6466800,22671700,5161000,11456000,12280100,26120100,290708000,12789300,7235000,8079200,17147300,6540300,21029500,2373300,1625700,6510400,1540300,12534600,2774400,1433831,4691200,15170800,5165500,27516000,8750800,12222000,5603800,38431218,2948900,1852200,18947700
2021-07-14,127050800,1376900,2792200,28108500,65932000,105651700,6375700,9216600,23742000,3295700,14622800,4140500,13894200,12572000,23113700,380100000,13330500,4848200,8693400,21573600,6543400,12137000,3185200,2538200,8489600,1265800,8787300,2692900,2662496,6162900,22002700,6956100,46595000,6390300,15888600,5903600,42322852,3538700,2867500,18812100
2021-07-15,106820300,1618100,7698900,38944700,63706000,54697300,7912600,9665700,24218000,2183900,11539300,3773000,14781600,12465900,22604200,550564000,18306300,4943500,10135100,15851100,4544600,12228600,2737500,2800700,8723300,1894100,7867000,2869100,5611495,6656900,15068200,7638200,57139000,4920600,20250800,7357100,36102832,3546500,1663200,17974800
2021-07-16,93251400,1249700,4384800,35860700,80874000,60469700,7288100,12199100,20424000,2583300,14002700,2706500,11026100,12595400,26186800,688224000,14617500,4268900,8674500,27049500,6826100,12413400,4368800,2598100,8805300,1413900,8348800,2758800,3634705,5834900,14860500,9088000,34421000,5852500,24270400,9346300,34673177,2625400,3805300,18095400
2021-07-19,121434600,2046600,5465300,39244800,75692000,83251500,8843000,17385500,27968000,4394600,22172900,6814400,14372300,14043000,32935600,749060000,15619900,5681500,11474600,37969100,6762000,24123600,5391100,3688500,13342100,2293100,14651800,5548800,6178330,8219700,19527000,9891800,38858000,5750200,29818400,9544100,76367393,3611300,2910700,27383100
2021-07-20,96350000,1675700,5131200,28089000,65114000,59462900,8487000,12114600,26312000,2937900,15385200,3542200,11024300,11522300,26259700,434687000,12813900,5424100,7072300,26756100,5581400,17027300,3934300,2900600,9358200,2045400,8372400,2411400,28566443,9902800,16257900,6562000,69304000,5213500,48804100,8136300,46026477,3186700,2257000,19020300
2021-07-21,74993500,1381000,3970900,29469900,46380000,49907400,15323100,11478100,20746000,2398800,12356700,2393100,9279700,14116900,24364300,371017000,13108100,5497100,11241400,20908700,4133800,11437600,3407300,1458000,9378000,1480000,6302200,2078100,4607824,7585200,20918200,8931900,119068000,4905900,27530200,6954700,40798133,1863700,1770900,18591900
2021-07-22,77338200,1477900,2815300,33730100,65308000,52715600,7868700,7694300,14302000,1887100,9913300,4180300,12385400,9235300,23384100,323826000,13638900,3601500,10293600,13493800,6257000,9768900,1931500,1670000,6765500,1339200,5713700,2948600,3723124,5281900,13402700,5534800,43281000,3333500,18913300,6013800,48904588,1421900,1629700,13013400
2021-07-23,71447400,2030400,3029600,31708900,48726000,48659400,5877300,7570800,41506000,1706900,9666100,3720300,33694300,13222800,22768100,195672000,12680900,4231100,6766000,14088200,4411100,9379500,2302600,1780200,10623800,1344500,5126300,1896100,3953986,5014900,12144000,4953500,38205000,3588400,21609200,7906000,40029948,1611700,2188900,15947400
2021-07-26,72434100,1389800,3026800,27668500,58002000,32258000,3960700,10227500,30572000,1559100,8208000,2285800,14925200,11420600,23176100,203943000,10454100,3805900,4879000,18387600,3730100,8933200,2157600,1924600,8756300,1220000,5641000,3170100,2809086,4484900,8681100,6014000,22545000,2999800,23720000,5925800,48400144,2232600,2673700,18517200
2021-07-27,104818600,1540300,2347700,69427000,82638000,39121400,6352500,8332100,54710000,1791800,11218700,2783800,15705400,8972900,33604100,248863000,8465200,6938400,7038300,16861400,3773100,8784200,2472000,1919700,7363600,1666500,6684100,2036000,2192376,7089300,12794400,7592100,27590000,4043900,32544100,7075400,45261337,2630600,13741500,15395700
2021-07-28,118931200,1468100,2956000,140561000,59988000,43331100,4100200,8546100,95130000,1668900,9217300,3372600,29676900,10054000,33566900,202191000,6396800,9185000,9036500,16855300,5650400,19330500,3246900,1846900,6167200,1362700,5926900,2144700,1733890,5750700,9858000,5177500,23905000,3556800,53822400,8520000,42069835,2446600,6295500,14071500
2021-07-29,56699500,1068900,3492500,164091800,110400000,43039100,3271100,8681300,31716000,1296600,9063500,3774000,33413200,9016200,18168300,190781000,6201400,18237000,7495300,18607800,4632200,8667900,3419700,1209800,6306400,1434200,6209100,1477900,1519417,4214100,9599100,4141900,17360000,3055600,29015000,5430500,42129018,1597300,3150300,11063100
2021-07-30,70440600,1403400,4695600,125632000,199312000,46210100,3748400,12295300,25576000,1474900,9805200,2533300,15976200,8320800,20944800,183497000,7962800,11693300,5804700,28652800,9017200,9940100,5834900,1685000,8660100,2283900,6813400,2567700,2263395,5346400,11727000,5488900,25371000,3757300,24763300,14394300,49652913,1864200,3741600,16332300
2021-08-02,62880000,1466800,2779100,115581900,67078000,49894000,3525700,8911800,21634000,2383200,10203200,3430300,13180400,9409600,16267400,217444000,5579100,10082800,9989500,20873800,9245500,8889100,3977100,1386500,8469500,1366900,5847200,3392300,2048922,3721500,9778000,7520700,20966000,3425900,43066900,7009500,43086667,1806500,2782500,19958400
2021-08-03,64786600,1067300,2346500,157723100,83146000,39680600,3077900,8437300,20762000,1494600,10394800,6328500,12406100,7044800,17879000,301811000,9889800,8323000,9839000,18208200,5902700,7326400,3580500,1617300,9888200,1448100,9931300,2398900,1803796,6033000,8825500,6249400,25794000,3359900,45643300,8455700,37982515,2496500,2726600,18915300
2021-08-04,56368300,1306800,3592100,225368700,43678000,42289800,4121600,10389800,19676000,1460500,10155000,3203200,14180600,7137500,16191300,231309000,7509900,6616900,8171800,20868300,4602000,9756300,2948700,1571500,7629600,1280500,5665800,2261800,2351106,4793100,11888400,8050200,20394000,4846300,43391200,6628000,38980149,1995400,2341700,15301500
2021-08-05,46397700,1158200,4686400,137860900,48670000,34754500,5235200,7986100,17870000,1583800,9151500,2562400,10247200,5675000,13900200,211435000,8231300,7354200,5337500,15180200,5132400,8362600,2685800,1315900,6573100,1742600,8864200,2843600,1484313,4291000,9806800,6283700,25567000,3733500,23505400,5363300,27837762,3598600,2045200,27005400
2021-08-06,54126800,1127700,4807600,143899000,52752000,58022300,4045400,6475600,20488000,3655800,13328800,2038500,8925000,9317900,16589300,178497000,6513900,6086300,4509700,14888500,5340400,6061900,2677100,1405300,5038900,1789800,5505200,2617800,1342882,4581100,10409300,4634300,19198000,3430900,20413000,6030100,30562686,1944000,2340100,19263600
2021-08-09,48908700,1118900,4388700,115749900,42964000,56340100,3312200,9243100,17760000,3319100,9516900,2400800,7798900,8297700,16117600,146443000,5798700,3823000,5226900,17828200,5277900,8358600,2747200,925400,5410600,1472500,5339000,2435800,1385777,3950200,8859900,5621600,13678000,2636600,32374300,4743800,33359504,1509800,2150100,15811800
2021-08-10,69023100,1540100,7491300,113012300,48252000,44987300,4430600,9762600,19414000,3152300,8667000,3225000,7469900,8490500,18616600,179238000,5473300,6264100,7185700,16340200,5120800,9603500,4193600,808300,6781800,1893700,5185000,2022100,2416662,3678300,10906900,4506800,19605000,2670200,81189400,5253500,29472770,1441800,1668000,38262000
2021-08-11,48493500,1328300,5623200,91788300,58944000,58458200,3999200,7079800,15352000,3000500,9156500,3267700,8400300,8793200,13955900,185925000,8009800,5785900,7375700,18278600,6840400,9664000,7794100,1456200,6071800,2267500,5359900,2510400,2122976,4221300,8370700,9419300,16739000,3058000,50878200,4205000,27142927,1542600,2131100,41455800
2021-08-12,72282600,1163100,3647700,60578700,46282000,37400100,4467400,7377600,16506000,2312800,8844200,3802900,7170700,6302100,14561300,151652000,5687200,4509100,9867000,19225500,4863600,6810000,4444500,748600,4729200,1230700,11081300,2227000,1939561,4300400,6169200,6762800,16857000,1958700,29676400,4956100,25167519,1939900,2457900,18269100
2021-08-13,59375000,932800,4675500,100135700,41134000,41344900,5986400,6572600,15948000,1980000,8980900,2304600,7195700,8312200,18249000,183063000,6640400,4097200,5445400,20063000,4416400,6390300,2049400,782200,7399800,1309300,32504600,2010900,1421084,5882100,7714200,3999500,21777000,2113800,35379200,4888800,29052135,1537800,2432200,15981300
2021-08-16,103296000,1105500,4648600,73325400,66394000,38599100,4047500,9476600,22384000,1590700,8755800,2937300,11222100,6540300,22507600,210876000,7122800,5283700,7575900,16959500,8180500,7622000,3132500,1197600,7464600,1515600,8746700,3286700,1815430,4782800,7972000,8579700,20328000,3224000,38045800,6040800,27148223,2377500,3091700,47791500
2021-08-17,92229700,1346300,4490900,74053900,67758000,43526900,3472600,10937500,21716000,2077400,9347200,2812800,12328700,6492900,20075300,204585000,6738500,7966100,6850500,16243700,6551700,13124000,4022800,1429800,6497900,1936700,8534500,2151900,2710348,6041900,10346400,5257000,23098000,3736300,68817000,7577000,26361502,2258000,2957700,50950200
2021-08-18,86326000,1386500,5002900,79387900,56086000,50342500,8306700,12893600,19258000,2187800,8065500,2774500,10042400,7839800,21813000,285913000,7666300,4830900,4996500,21890500,5586900,9000900,2947700,1934100,6647700,2030100,7063500,2834100,2585104,7134100,13873700,9511700,25820000,3419200,88598000,7162000,36599729,3037000,2605800,28211700
2021-08-19,86960300,1693700,7291400,71117500,75658000,51883900,6600800,17423400,21782000,2241500,9517700,2727900,12004500,10644700,29850500,766555000,8099400,5119900,5761300,30923500,6145200,11404400,4788100,2211700,11306400,1953700,8478600,2464600,1967787,5615000,9223700,6968000,74973000,4745600,57741600,5787200,49881700,3204500,2858800,22630500
2021-08-20,60549600,1434000,4040800,55227600,67168000,40415000,5510700,9707600,31194000,1612100,6974100,4135900,8697700,6496900,40817600,675741000,8716400,4179500,5522200,16918300,4112500,9335700,2765500,2096900,7068200,1911200,6239600,2569100,2105272,5428700,10543600,7589700,37764000,3484100,35157500,5273800,36754240,2401900,2222800,19400400
2021-08-23,60131800,1652400,3738400,68835300,65362000,35364500,7603900,10277800,28454000,1857600,7934600,3537900,10942000,5430700,22830200,575807000,7147300,5507500,6342000,21632600,4748300,10392100,2827400,2848700,8022200,1835900,7395900,2712700,2168298,6461700,8912800,8837100,26020000,3102100,88652400,4522200,37017584,2375900,2248700,16166100
2021-08-24,48606400,866400,3797600,51239300,51036000,35579300,6685200,8924900,19268000,1958400,7670900,3032000,9235100,5339700,18175800,297299000,6320100,3542600,5081800,17915600,3831500,8942600,2485900,2445400,6245500,1541700,5886900,3730600,1280159,5734800,12067200,5786100,21095000,3760800,52624100,4560400,38782343,1619300,1667500,18828900
2021-08-25,58991300,1047900,4019300,45485500,33606000,51219900,9701000,9342300,15848000,1845300,11335000,2340400,9684500,5612100,20006100,347701000,5748500,4392600,5277100,13270300,5241100,6528900,2599800,1313800,6125200,1520600,4842100,2357900,1825243,5700300,11270700,5930000,20656000,3346700,51036800,3861500,29708309,1939000,1593900,21921300
2021-08-26,48597200,1619200,3308100,51442500,41976000,41184500,18987000,8124800,20610000,2076500,11027500,3946300,7888700,6882800,17666100,237940000,9093200,3626400,5889100,11842600,5035400,8341400,2513900,1050300,5209000,1418600,4563000,2495800,1318299,5031600,10331500,5294000,15955000,3220700,29029300,4749400,49257302,1385400,1969700,23466900
2021-08-27,55802400,1142300,3485500,61030000,48048000,46468600,7992500,10281200,28780000,2174500,8780200,3698300,11219100,5900600,22605700,304722000,5426800,3917000,6369000,15822500,4279900,7684900,2511400,1278300,6549100,1310200,8697000,1724400,1683003,7046100,8844100,5974200,32526000,4166500,32924500,4741200,42686157,1621600,1947800,23088600
2021-08-30,90956700,1341500,3711400,56130500,63844000,44855600,5730000,8127200,24434000,2089400,7937600,4032100,13547300,6459700,16348100,262580000,5357000,14631000,6448000,14086100,3260900,7587800,1922100,968200,4838600,1219800,6421300,1947800,1333676,3252700,10034700,6001700,24348000,2540300,25774400,3845800,40268666,1284200,1507700,16440600
2021-08-31,86453100,1877800,5703900,49339000,87128000,54654600,5901500,15676900,22448000,1958100,12340800,6780400,12345400,7215100,26285300,259850000,8113300,8911800,9405100,27104100,6021800,6764500,2857900,2048500,10500500,1699000,8620000,3069300,1979117,7106800,14185700,6844000,24319000,5291200,34547800,9642400,52696392,4249100,2782000,25078500
2021-09-01,80313700,1261200,4014300,38579600,72598000,52361900,7189000,10557300,21936000,1680400,8729900,4499600,11567200,5762400,18983800,201767000,8208000,5568300,8177600,21644100,50943200,7157400,4122900,1206700,9319800,1325400,7302800,2499500,2513276,5327400,9518900,5862300,56262000,4231400,32900100,6214200,37546257,2034400,2381100,19056600
2021-09-02,71115500,1402400,5228000,40090500,58474000,44538900,4498300,12340100,32342000,1830400,8813300,7412000,14832900,5708400,16285600,187834000,7717400,4645500,19708800,23293300,14719200,8899500,2921600,1377700,6696600,1455000,6492600,2792500,1613097,4544300,11653200,5214000,61799000,2862500,26106300,5392500,80611740,3137400,2021200,20018100
2021-09-03,57808700,1640300,4556800,42605800,51514000,41812400,7356700,9097000,19850000,1373600,7959700,5171000,7509600,7195400,14747900,280532000,8456900,5285700,11532000,13840000,5364800,6393500,2512000,1156700,7954200,1302400,6847400,3043700,1641323,4096900,13220400,4621100,26812000,2035100,20817200,5466400,35800298,1604800,1491800,17211900
2021-09-07,82278300,1382300,4783000,28815200,54758000,43748600,4672500,9237800,20124000,1557000,9285600,4764300,10793800,6792100,17180400,198107000,11046000,6787500,9662600,14354400,12694200,13196100,2641100,1316500,6632600,1463400,10702900,4472500,3259984,6859900,20035300,6791300,58214000,4609900,26236900,6520600,34935329,1920300,2266200,25345200
2021-09-08,74420200,1367700,3349300,43067900,61068000,36064400,3851500,10775900,18344000,1646200,7852700,5054500,11067200,5601000,15046800,254434000,8851200,11039300,10652600,18756700,10823200,8877600,2603100,1308200,5228900,1372000,8634000,3616300,2456926,4661700,12040100,6230100,54245000,3199100,15839600,6897800,37976292,2262500,2455300,19508400
2021-09-09,57305700,1110200,4669900,31857900,54384000,36266400,4126500,10219400,15314000,2424600,7904300,3716200,9098900,6145700,19927000,196856000,11034700,4170000,5853000,19110800,10337100,9242800,2777900,774600,6285800,1398700,7190700,2317700,1960503,7114600,12545400,4108300,29542000,3560400,21695300,6354700,39806590,3508500,3636700,22328700
2021-09-10,140893200,1204200,3221700,32602300,47946000,40514700,5280900,11006000,36840000,1956000,8311600,3437700,11549600,5958600,19633400,248376000,10547400,3816600,6715400,15123700,7620100,6959700,2551200,1442400,5055200,1324800,5572200,2391700,2385401,6699300,10573700,5508000,39508000,3851500,20801500,5750000,38245594,4215800,3094100,15775200
2021-09-13,102404300,2242500,4962000,37767800,51380000,42036300,5258200,11500900,22094000,1802800,10052800,3234200,13026300,6112200,23652900,297500000,18883400,4836500,6808100,22052300,7398900,10175900,2699100,1190100,8456500,1679500,6818200,2801100,2803724,6273500,20274300,6498800,30629000,3367200,37086200,9952500,51168760,3068200,2136200,19529400
2021-09-14,109296300,2150200,5109600,40629500,38738000,53820400,4097500,15294100,19674000,3263200,11685600,3281900,8711600,8400600,21853400,199755000,22714200,4216700,6575700,19940300,6102700,9947000,3757600,2110700,7880700,1383900,6185900,3421700,2731188,5259600,13918900,4658200,34570000,2808600,24100200,5831800,38046729,2879800,1895300,16533900
2021-09-15,83281300,2009300,4194300,37998900,59150000,52358200,4764600,11623400,27408000,3199800,11691500,3833500,17940300,6691900,28356300,166538000,14951100,4056800,6535800,23240900,7444300,7916300,3342700,3268500,10766000,1770300,5933400,2795800,2045280,7935300,15746000,5707000,27556000,3702400,28674600,6237100,44541081,3180600,1769200,14850000
2021-09-16,68034100,2046100,3423200,38150300,51672000,42922000,5122600,10616700,26190000,2882900,10880900,3771100,11934200,5881600,19550800,156033000,12410500,3606700,5928500,17907200,5821800,6370900,3120100,1241100,8773100,1577500,5678200,3219100,2421417,5665400,17430400,5380600,18320000,4589900,22424200,6142100,38041698,2262700,1657200,18428400
2021-09-17,129868800,3553200,7278400,44528300,92332000,92746000,7049400,16006100,53384000,3843700,25581600,5527500,26299000,17485600,41372500,294503000,58069000,8117200,13787400,30000400,14157200,7932700,6351100,3026000,13741300,3411400,10035100,6699200,4442821,13419800,33370200,15390400,41451000,8127400,56370500,18737400,89996517,4534200,4504200,73032600
2021-09-20,123478900,2637400,7959300,45228400,93382000,67566200,5985500,15796100,46518000,3834500,15819900,3956600,19822800,15443800,38278700,349440000,13897700,7728300,8822600,27555100,7103400,10567400,9151100,1667200,10001800,2602000,8056600,4907800,4055253,7270800,27542500,8994100,37322000,5484600,41873000,10238700,64631457,2799800,2439500,25054500
2021-09-21,75834000,2449300,5580500,35481500,55618000,38271100,6040600,10958400,25332000,2377300,8999900,2967300,11751900,8985600,22364100,204688000,11124400,4326100,7033600,19696800,6400400,7139000,5699900,1354100,13923100,1531300,23216000,3274900,2598660,6663600,16418200,6450700,22509000,4479800,23645600,6651300,47120101,2382200,2496400,17437500
2021-09-22,76404300,5689600,4876600,34126300,48228000,46261400,4355600,13292800,25056000,2991300,11236200,3238800,43692900,9497700,26626300,268726000,9908000,5574100,6005900,25690600,6319100,10953000,3924400,988600,15753000,1380800,14214500,2732900,2307706,5657100,12719700,5662200,40218000,3001000,22616700,6332500,41950675,3629400,4229800,15044400
2021-09-23,64838200,2985500,4444700,32816700,47588000,49779800,15617200,10094900,20952000,2518000,12336100,4783200,21806300,6087900,18604600,248555000,9720200,5409600,7952700,23069400,5847800,9344600,3367800,1458700,11886800,2061200,8052900,2419900,2205426,4697900,13836200,6414300,25262000,2712500,19719200,5171200,45047776,2681600,2527500,15585300
2021-09-24,53477900,2809000,5669300,26482600,42324000,39042300,13368300,8225300,22984000,1789700,10102400,3306200,18801900,5529300,14999000,217655000,7617800,3985800,6461200,22328600,5836100,6498200,2199500,968400,11128300,3353800,5712800,3010800,1971833,4399300,9682200,6113800,21262000,2366100,16150700,5009400,32406489,1950400,2312900,13360500
2021-09-27,74150700,4152200,5232800,51944300,72690000,49755400,5941100,12697500,21882000,2788500,13220900,4158000,15205800,8195200,23571700,245215000,11533000,4614900,6881100,32972200,4969600,9749200,3033100,1696100,13508700,2526000,7755000,2772800,2224952,5775500,12429500,8600900,25047000,4482000,19955900,5749700,42571764,2608600,1847600,21250800
2021-09-28,108972300,5108900,5511600,74469000,88616000,60781200,7127100,15560800,45772000,2609000,13387900,3266900,21710300,14183500,43186200,343069000,15041800,8352400,6951400,37619300,6445600,9639800,3247500,1441500,14995200,2632700,9133100,3126800,2685056,7610400,19926100,9257400,44311000,5910900,28512200,7015300,43597466,3115400,3093900,20580900
2021-09-29,74602000,2726800,3289600,52224700,51246000,44260200,4361900,10268100,30848000,1955000,7777100,2808800,14452200,11543000,26353700,218394000,12007300,6829100,6432700,23422800,6270100,16808000,2954700,1118300,10563700,1922000,6240800,3299000,2133598,5124100,13941500,7496100,62210000,3326500,18037200,5460000,41619543,2056300,2467400,21375600
2021-09-30,89056700,2743600,4202000,57636700,56848000,47410800,5224200,15319800,37996000,2665700,13161200,4393300,16547100,12258400,32343600,221009000,15649900,5321700,7128500,31289600,7886400,10366900,4978100,2140700,15845900,1836400,13978000,2962300,2968625,6972300,17672000,10186800,66126000,4949200,21103300,6934900,58751838,3779900,2902800,22457700
2021-10-01,94639600,2915300,5871800,41491600,56712000,40987100,4756000,10854900,35360000,2382300,11285000,5227300,14905300,7912700,30086300,240978000,13320900,4560400,7925400,24407300,8611500,9113600,3695500,1468400,13482300,1860700,12165000,4598500,2303052,8568300,16277400,7961100,40908000,4274300,38483000,5587200,41759490,3146600,3014500,30014400
2021-10-04,98322000,3977000,5557000,41967100,90462000,48273400,6393800,13305400,51202000,2895600,14120000,7901500,42885000,9482100,31350700,345635000,10853900,7267200,10283400,33946700,9779200,6946100,2864600,1573800,12423500,2264000,7200600,4645600,2662901,8620700,18973400,6027800,49959000,5404900,28906500,5816000,57892430,3074800,3512500,29970300
2021-10-05,80861100,2337800,4845500,31455200,65384000,54070700,4050400,13017300,32404000,2508100,12292900,4724100,35377900,8850300,24993000,279282000,9788600,6326600,5814000,29641600,7146900,5687300,3074600,2333200,11270100,1808700,6798200,3411500,1578296,5129000,17173100,5434600,95343000,6103100,19342600,6902700,42649350,3269400,2491800,20597400
2021-10-06,83221100,2043200,3484300,39071700,50660000,47031700,4745500,10630100,24364000,2111800,8692600,3712000,26443000,6912700,28002600,297202000,10268300,4615300,5420900,25284900,5710300,7157600,3777700,921300,10613500,1334600,6005200,2794800,1756147,7312600,21284500,6876200,45804000,5499200,30483800,5332900,73923686,2809200,2119200,19376700
2021-10-07,61732700,2648500,3749900,41543100,48182000,46258800,5374200,8830900,25110000,2348000,10195400,3209200,28307500,7959600,20430500,256919000,9124400,5276400,6561900,19513600,7842600,7748500,3510500,1102900,11521300,1966200,7780000,2020000,1874208,5309200,13774400,5753200,35569000,4605100,19778300,5334600,64402935,2813700,2518400,21068100
2021-10-08,58773200,2050700,2217200,30623000,39964000,39389400,2683300,10586700,26526000,1446700,8190100,2336700,15946100,5301100,17685700,151258000,13202300,4095900,3735200,22186900,5019800,4515000,2713200,793100,12310500,1545800,4132200,1745000,1360485,4343200,13786800,3592900,32721000,4186000,12778600,6131800,51635868,2012200,2781700,13847400
2021-10-11,64452200,1410600,3104700,31284400,40684000,36283500,2693000,9794800,17954000,1787400,12154700,2769800,14708200,7003900,19298600,163388000,12959300,5031700,5620200,22121500,4613800,7287000,2015200,1029100,9585200,1011700,8046300,1659700,1371006,4101600,12378500,8798700,28625000,2738100,11984200,5995600,85460890,2164200,1780200,13048200
2021-10-12,73035900,1740200,2678600,34039900,36392000,36898300,5970100,9085000,36332000,2088200,13032600,3042900,31658700,7913300,17974100,162134000,9964100,4289300,5448200,20198600,6305800,8486800,4706700,1695900,7635600,1380900,5188400,2426000,1399839,6686400,19474400,7791200,32273000,3195400,16222300,6734800,101515979,2415700,2615700,15789300
2021-10-13,78762700,2142300,4125000,55631900,48402000,43908000,6573500,9220700,19654000,2391600,22753500,3755700,14761500,10170900,23416300,180652000,9453900,6024100,9076000,14991700,5471100,8240200,3253200,1426400,8517500,1621500,8914700,1798800,1618864,6901100,12143300,6260100,24203000,3599900,28205700,5689800,80546996,3021800,3780400,17937900
2021-10-14,69907100,2500900,4857000,46900200,42190000,82201000,5433900,7648600,31894000,3380900,15176800,4083800,14302200,14766800,27262900,243589000,7911200,7850600,5590500,18594500,7289500,10427300,5212900,1269300,8152600,1480400,7450200,3045600,1442126,4579200,13704000,6486000,26717000,3677100,17590300,6777800,75032669,6038800,4106400,19783500
2021-10-15,67940300,1960100,3931900,34203000,103598000,64264900,5119300,9968100,30274000,6451400,14267400,4053600,21596400,11678100,25384800,226994000,7422800,5007900,6355100,16092600,4634500,8773400,4736300,1508700,6945100,1494800,13943900,2593400,2206033,6918400,17867000,14634200,41169000,4313000,23550300,6923700,63061723,3312000,3153400,20737200
2021-10-18,85589200,1905100,3299000,47537800,63482000,49542500,5163300,10677400,20396000,3832300,12672900,3280900,21585000,8924300,22729300,189494000,7344100,4367100,5580200,18282800,7949400,6553500,2809400,2546900,9917700,2141300,20494800,2057600,1905266,7465500,15861800,4942100,46691000,3274200,21733000,9119000,59807596,2232800,2305000,19887000
2021-10-19,76378900,2470000,3217200,39593900,47722000,32515500,3631200,10362800,20164000,2568300,8053900,2835400,18786300,6189500,17682100,161473000,5616500,3985900,4409700,18933200,4614900,5963400,2626900,867100,6589400,1365300,9669500,1759000,1618257,10081300,11068500,5717500,76331000,3125800,17159800,9555300,46242686,1616800,1974500,33444300
2021-10-20,58418800,1497200,3205000,34244800,42796000,40411000,4487900,10811400,23288000,2453400,8185600,2796200,13639500,7426900,16537100,146276000,6574100,31271700,5401800,14305200,5626800,8485200,2936000,873900,5506000,1352900,9737600,1892700,1676225,6003200,12474800,6942600,106220000,3716500,22788300,7352700,63927222,2764000,1952000,17453700
2021-10-21,61421000,1586600,2794600,34794900,37628000,36848600,2828500,9372600,26292000,2162100,8415200,2516300,16354400,5931400,16918100,187590000,6224400,42508900,5982200,16564600,4811800,8691500,3071300,949200,5836300,1423300,7509000,2057800,2680099,4524100,14388300,4945000,84371000,4164700,22142300,6545500,73916007,2465100,2997300,13954500
2021-10-22,58883400,1786500,3734100,38992700,62782000,36225600,2927000,8673800,50588000,2411000,8817900,2774400,35224500,6761500,17449300,249384000,6819600,24170900,3788000,14266800,4614400,7077600,2632400,655600,7170200,1710300,7854300,2430300,3539406,4304300,12828600,4732400,61860000,3240300,17183000,5265000,49159193,2736200,3735900,21195600
2021-10-25,50720600,1629400,3157100,47834100,44520000,31679500,2993500,9579800,34412000,1824700,10159200,2447900,38409000,3836000,17554500,230235000,5083100,23046700,4938700,17939800,5697400,7239100,3294700,968200,7471200,1903400,9798700,1681600,2742013,6715400,11855000,3987300,38335000,3281200,22846200,5382100,65704956,3553500,4829700,19287900
2021-10-26,60893400,2154000,2497400,59458900,53966000,35674800,3601400,7463000,49236000,1843300,8015100,3320100,65654000,7649500,28107300,485898000,7089700,14404300,7814500,25585100,5047400,11014500,2933600,853400,5898200,2378600,5850200,2298300,2472404,6939100,12086700,6969100,29048000,3684700,29729100,6234900,48187774,3103900,6596500,17418600
2021-10-27,56094900,1629900,3984800,98245300,54044000,45790800,3742700,9096100,85782000,2067200,9847000,9652700,29971800,7542400,52588700,245990000,5941200,19043900,22958100,21764500,4875300,14761700,3406700,1358300,9025600,1741800,7054700,1519200,1666311,7018800,24019800,4356900,22769000,3751800,22317500,9643500,52952056,3520400,3309000,14565600
2021-10-28,100077900,2085000,2668200,58002500,114174000,37209600,3450400,7538200,36206000,1444700,7212900,9505100,50806800,6663000,26297900,234204000,5177200,14288300,23199400,16626400,5193300,8825500,4462700,1377600,5195900,1362400,7884500,1973600,1970619,6278800,15928000,6568400,28594000,3589600,18023400,4538500,70281362,1672600,2236400,12598500
2021-10-29,124953200,1927700,4668700,43320100,129722000,31756200,4251900,15294200,43320000,2061700,8140100,5843700,37059400,8056900,34766000,292503000,7578600,13010800,14329800,23966300,16545000,8559500,4292200,1130700,8079300,2471600,7598800,2301300,2645804,8526800,24463700,7792600,38253000,4558200,30307500,6239500,71775496,2497800,2362000,22022700
2021-11-01,74588300,2215800,2732100,54559800,72178000,36937200,3825100,11213800,46924000,1820800,7435500,5126200,31518900,5432400,27073200,265740000,7327600,14054900,13210300,19656400,7096800,9284900,3215200,1102000,11944600,1548700,8182900,1606500,1717602,5846400,11651100,5135200,31109000,3017100,32681500,5038900,53318010,2203100,1868400,12549600
2021-11-02,69122000,1770000,3318100,53491900,52552000,36283400,4177500,9189700,33482000,3000800,7173800,5375300,28353000,7191700,26487100,294112000,6229600,12676700,14688700,16300000,10357800,6160200,3429600,977900,10891900,2012200,6777200,2701100,2324196,8450600,11498900,7266400,38886000,3464500,69248000,9954300,45810003,2600000,2206700,13638900
2021-11-03,54511500,1970700,4537700,59537800,67944000,42553000,3260200,10416000,27494000,3542400,8402700,3952500,20786500,9009000,21500100,239910000,5746400,14178000,11486700,17372800,6186900,4636100,3137000,1474400,9311800,1856000,6829300,2062000,2081295,6717800,10788300,5723200,23349000,3595000,44593100,7620100,48160500,2438200,1765800,14209500
2021-11-04,60394600,2480600,4685900,84825200,107060000,47646300,3833800,9673000,38412000,3802300,9574200,4819500,22495300,14823800,23992200,1153631000,5857500,14158900,11368200,17720100,4912200,5849600,2543500,1640700,8573500,2615000,7505500,3054500,2347059,8224400,10820200,6594000,48650000,3310100,38172500,6402500,83532616,2517300,2451900,15149100
2021-11-05,65463900,2517600,6787500,64920600,99940000,38271200,4681800,8102100,38354000,2105600,7975600,7201500,26872800,8449600,22570100,851260000,6160200,16665600,14273600,18565100,4635800,16936300,2591300,1275400,6987600,2071700,16859200,2127800,2356367,6215900,12886700,4885400,52835000,3754300,173959100,6062700,58867158,2905000,2117800,15081900
2021-11-08,55020900,1497200,5118300,141493800,61480000,33815500,3893000,7695900,23052000,1728400,6413700,3862200,18342500,7332000,20897000,503101000,5056400,23213900,13500100,17696000,7015000,9456100,5944700,1361900,6957700,2834800,10584600,3686700,1735408,5578800,12828000,5391000,28875000,5766400,57423300,5854400,61161253,2279900,2166100,15373200
2021-11-09,56787900,1128000,3097700,98442600,85898000,36900300,3126500,10945900,19530000,2246900,7990300,4247800,17556700,8756900,21307400,646746000,6102600,63995100,11535000,18781300,3146800,6863700,3310300,949300,6049800,1881800,7293300,2876300,2396631,6112800,10155800,3917600,24156000,3778600,29920400,4873100,60057567,2657800,1552900,15001800
2021-11-10,65187100,2038200,3645500,82989200,80548000,39385600,4350900,10305100,29970000,2243900,6999200,6337100,21872600,9191500,25500900,636206000,5828800,23585900,10063600,20177200,4981100,8197600,3261800,1129100,7484700,1226600,11045800,1876700,1340252,6225100,8813600,5192700,24058000,2683500,42696200,7334900,62271427,2818200,2415500,16803600
2021-11-11,41000000,1271100,3113300,67934800,45288000,31194800,2681900,7317500,16518000,1252400,5815300,4472200,12376600,6249600,16849800,332172000,3620600,17712100,13546900,13319300,3120900,6567300,4819800,1084000,7784500,1227300,62366500,2002600,1614413,4118800,7257700,5370200,28683000,2453000,42370400,4096300,40223517,2246800,2113700,13603200
2021-11-12,63804000,1286500,3538100,52162100,53788000,44268500,3803700,8682800,22360000,1360100,8113400,4724200,25414300,7270300,23831000,413054000,6435300,20954600,7660500,18158900,2740300,6419900,2018000,1211500,5329600,1780200,25638400,2504100,2210080,18995200,10162500,6467100,41984000,3540900,27780600,5687400,36217358,2609500,1600300,18313800
2021-11-15,59222800,1077600,3819900,52271300,58594000,35335500,3595300,11050400,23508000,1436500,6492500,4693200,25076600,5652200,16723000,384909000,5700900,17433100,9596900,18849200,3941000,21921900,2392600,1071000,6181400,1392300,21285300,2362900,1221988,7496200,10289200,5543000,28722000,3357100,27763200,5510200,53290206,2849600,1378300,28896000
2021-11-16,59256200,1422000,3772300,53100800,44342000,35120800,2989400,10566300,18904000,1311000,9706100,4969000,18181100,6448500,20886800,264484000,7392900,16697500,8719600,17028700,3476400,10120200,2138000,1158500,7451100,1690700,15516200,3758800,1667727,7594700,13756500,5497200,20774000,2899400,31297200,7603900,48162354,3383800,2302800,73986600
2021-11-17,88807000,1221900,4567200,54527500,51206000,32963700,3864700,11108000,19594000,2927000,9909600,11727300,13602800,9670700,19053400,428508000,6257600,23095600,38379600,15497000,4361500,10750900,3135700,1057800,7628600,1609400,14695500,2368600,1918721,5414500,13288700,6203100,27328000,3332200,36889800,4900200,42762155,2281500,2542300,33116100
2021-11-18,137827700,1493800,4568000,60612700,114070000,30639000,4443100,8368600,35608000,1847400,8122500,6533700,17487200,6850200,22463500,781711000,5725300,19980100,18292200,16948200,3160300,10983700,2119900,841400,6548800,1664200,14487700,2809800,1707991,6358700,15380100,5537400,20129000,3498900,32872600,5509300,49734868,2073800,3919400,24394200
2021-11-19,117305600,3090900,4864300,41668900,98734000,48429500,4758900,13532600,33682000,2610400,12193600,6954800,26488500,9923400,21963400,533867000,8936600,24607500,18032600,32035500,5885800,20844100,2980100,1162600,8817100,1909800,16776500,2986300,2120548,7620700,15813700,6765100,26137000,5242200,47966200,6274300,66821750,3536100,2677600,28119300
2021-11-22,117467900,2284700,6027000,58674100,96844000,53697100,4474700,9947100,30594000,3058700,14549900,11378200,27116800,10430400,31031100,754335000,6488200,29956600,21185800,21994400,3975800,10764300,2596500,1105300,7445600,2190500,12790400,3913900,2480194,7634500,16905600,5214500,27644000,4157200,27287900,6625400,71414574,2598700,2220500,29126400
2021-11-23,96041900,2502800,7055100,62852700,73804000,49362900,6431100,10366800,27218000,2402300,12354400,7116200,17225000,8559200,30427600,532163000,8905500,20004500,14742700,21185900,8948300,8882800,3127100,772800,9107200,2147000,17382900,3174100,4068304,7734000,13835900,7408000,23202000,3878000,24946200,7912800,58975991,2857000,2345300,29907900
2021-11-24,69463600,2426800,5072800,60677100,46560000,40060000,5091400,8500900,18040000,2186300,9629800,6414400,13566200,7146400,21661300,435162000,10908500,13359100,12026800,15869700,5792800,5437600,3880500,644700,7215800,2316400,14123700,2236800,3304093,5230900,12598900,4553900,18673000,3309500,18556800,5665200,44597748,2248800,2518700,18089400
2021-11-26,76959800,2204000,4009600,36245100,59826000,55110100,4195300,11861800,30470000,2687900,13619300,6613900,14750700,11738200,24217200,283069000,4519300,11080400,10987600,24979600,5016700,17636600,3496000,789700,10258700,1844800,12027700,1805400,3902795,8523100,14754300,4340700,28725000,3402900,66561300,6299800,38851588,2480600,1941000,21039600
2021-11-29,88748200,2728800,4800300,57438900,65312000,50231100,8215600,12003800,32596000,2883400,12104400,6362200,16650900,13793400,28563500,454964000,9552500,16308200,14633500,18946400,4372500,12276200,4559900,1160000,9191600,2919100,21231300,2128900,2628403,9188500,22712500,8712500,25294000,5305800,72660800,7113300,69449493,4079700,3435100,33039600
2021-11-30,174048100,4703600,10816400,75182500,80022000,77193600,13597600,24451200,42068000,4570400,18922600,10237600,25390000,20586200,42885600,622066000,23271200,21144300,16023000,34979800,8172100,12638900,6358000,3459500,15723700,4244200,26011100,3873200,5746552,14981700,30485200,16328300,56089000,7610000,64598400,11696400,184492383,7435400,6267600,64818900
2021-12-01,152052500,2831800,5845600,64039100,74916000,60601600,30723100,12302700,34020000,2476000,12253400,8008800,30329600,11708200,33337600,484368000,12084900,19491300,13204900,30630600,6287500,13268700,3425300,1676300,10070500,2877100,16469000,2825600,3159526,9835800,18719600,10062800,38828000,5385600,59810400,8313500,106323952,4325500,2938400,36621300
2021-12-02,136739200,2675400,6570900,56161200,64726000,57821400,12200800,11392400,29194000,3343700,12969900,6717600,24396200,10685800,30766000,472890000,7089800,20422700,13976300,29216000,4919800,20435400,3445700,1365000,8410900,3277500,18177700,2956200,6074938,11334700,17074200,8303500,33311000,4619800,46361700,9468800,105952835,4738700,2423400,39805800
2021-12-03,118023100,6741800,5056200,65910000,80712000,74605300,8944000,10445100,41230000,2807500,12681800,4732900,27471000,9811800,41779300,544325000,10808600,20737500,10660500,22014700,6428100,10742700,3250900,1216700,6995700,2984400,14975600,3106800,3587258,8750500,21064400,11191000,48293000,6465900,37574800,11200800,93399859,3038300,2606400,44142600
2021-12-06,107497000,3170000,6051100,66776500,68860000,48193100,7123000,9833900,30618000,1990200,11186500,6055000,21758300,9624500,30032600,658938000,8398500,13303400,10722100,19210500,8939900,11587900,2838400,1373600,6200100,2432900,14333900,2972500,4427444,9692000,26624100,8946400,30757000,5403100,53724000,11935100,78265347,4721500,3006700,32589300
2021-12-07,120405400,3943500,4852800,53359400,66410000,40740800,7401200,11419600,32240000,2441000,9851600,4939500,18794000,10674400,31021900,593053000,6803700,17772700,11897200,19800400,6123300,10387900,2818000,1477900,8136600,2579800,14661100,4402500,4842530,8311300,23832700,7909700,31252000,5460100,41575400,7913400,82646331,3105200,2250600,37739100
2021-12-08,116998900,2416200,4018600,40977500,45254000,50560300,4586500,8827900,24270000,1635200,11705700,4226900,19937700,9089700,24761000,475551000,7695800,14433200,11749200,18214400,5278100,6986800,2341200,727100,6313200,3037500,12886300,4819400,5055687,6216400,18026300,5356500,22203000,3891900,37429200,8329300,64794044,3228300,1615500,34496400
2021-12-09,108923700,2550700,3716400,53019900,46062000,37316700,3967000,8334700,23270000,2111500,11189600,3389600,16879200,7749600,22214200,488507000,8615800,11550700,10176800,16910300,8082300,7011000,1646600,878100,6511600,3200500,11862300,4020800,5050224,8574200,13846400,5731200,23763000,3644500,38325700,8334300,68283976,2977400,1931500,32351700
2021-12-10,115402700,2873000,4023500,42224300,60690000,37700200,3480100,9090700,24458000,1893800,10405400,3405900,14528000,10429000,38095700,488825000,45824600,11908100,8882700,17942400,7059500,6040000,3315200,1185700,6065000,6333600,10247900,3039900,3449975,6572200,23153600,4996700,27488000,5025700,26079400,7172300,52988731,2572300,1887900,38575500
2021-12-13,153237000,3829400,4304600,42174000,62170000,38653900,3625700,8533000,27070000,2313300,12069000,4358300,22948700,10057100,28899400,598344000,16317600,11812200,8844300,17793700,7834200,10619600,1868500,1621000,5719100,3415200,10195800,3932500,2926034,11142300,31362800,6446500,25179000,5411800,54923200,8944000,87574921,2724800,1909700,54039300
2021-12-14,139380400,5934200,5066200,50754600,55976000,47099400,7227300,12245300,38446000,2788500,12563600,4518500,20461000,11105900,44438700,667035000,9511600,11414200,9832300,22551100,6381400,8445100,2248800,1413800,6669300,3494400,10872000,2825100,3834812,10482400,24806600,11022600,29845000,4985000,48685700,8677500,102318985,3018000,1930500,46721400
2021-12-15,131063300,4288800,4523900,72425800,75794000,60057100,6484900,11069500,36370000,2802300,14014200,4918700,24681300,7055000,35381100,698297000,14452200,11278500,10892500,19961900,9585600,10535900,2193700,1497900,6805600,2937100,12231500,3378800,2986431,8552200,24923800,9590000,28662000,5507800,75202900,9152600,93643342,4188600,3703400,33489900
2021-12-16,150185800,10961200,6340200,63369600,60876000,69487200,6556700,11344700,33650000,3578200,19542800,5369900,22635000,7889900,35034800,707366000,9053200,12326100,8548400,21187800,9569000,8216800,2856800,1227900,7068200,2683000,11145600,3066600,3028111,8998600,24696900,7623300,31432000,6909900,75183600,10852900,150436190,4080800,2932600,39069600
2021-12-17,195432700,7999200,11164300,55642100,85542000,124242400,12119400,22727900,50416000,7058600,28082000,5898200,40012600,20851400,47750300,713758000,28872300,18899800,11578400,44338100,12631100,12618300,6079600,3035500,22913100,5752000,13785000,7150200,5644172,16726200,51874400,15335400,43869000,10159600,104192100,24349400,142867941,5707200,5625800,78581100
2021-12-20,107499100,3441100,4458400,38195400,57372000,56455200,5580100,13464400,27192000,3735600,15148000,5013900,17901800,11931400,28326500,461847000,17205400,10906800,9434400,21819300,7119200,10256400,3605100,1343400,11485000,2033600,11201900,3678600,3426909,7954500,20879500,10167700,33584000,5263600,55712200,9202600,102088344,3145600,2936400,31017900
2021-12-21,91185900,4104700,6431000,57785200,55956000,47845600,5428200,11368200,28756000,2942800,11291300,3105100,16116800,8235100,24740600,524385000,15823000,12515500,6993700,19798900,6085900,12082300,2303400,1184200,6324800,2472800,10781400,2054600,2658854,7954200,15864900,6287900,23194000,3401400,63877900,6946000,96523307,2536000,2317000,24620400
2021-12-22,92135300,4526200,4694000,46923700,55036000,35715700,4982400,8345200,26322000,1487900,7273000,3456400,16764600,4798400,24831500,395184000,10539000,9541600,6003400,14058300,7070900,8145300,3558700,955800,3775100,1454500,7820400,1588700,3147386,4178200,12447400,4142900,23357000,4362900,62594900,6626300,67746697,1687500,1716500,17028000
2021-12-23,68356600,2147700,3980700,48653800,36788000,34053500,3769500,7416600,26384000,1624000,8055200,2627000,13987700,4482200,19617800,343022000,9655400,7762000,4798200,13543300,5702300,7415200,2669600,876300,3902700,1757800,6572400,1435100,2403814,3501500,11027300,5845600,16211000,3241700,39203200,5640900,57348266,1706500,2573900,17592600
2021-12-27,74919600,1980100,2079300,53296400,58688000,33879200,3531800,7745500,15976000,1430400,6188100,2677100,17795000,4196000,19947000,403686000,7666200,8351800,4818400,12593700,4436800,7818900,1711200,649200,3967800,2262900,7762000,1269600,2515400,3704800,9860000,5410300,20615000,2868800,27362600,4548600,67853676,1349400,1807200,16040700
2021-12-28,79144300,2107800,2449500,58699100,54638000,32492400,3293700,6516000,18200000,1528200,6342300,1920100,16637600,4269700,15661500,420591000,5610500,7969400,4279800,12781000,4237200,8879700,1393000,626400,3383700,1155000,12198700,1197400,1994191,3187000,8979900,3096400,18828000,2332100,36901700,5929400,55695649,1495500,1375400,15783000
2021-12-29,62348900,2484200,1977500,51300200,35754000,25294900,2592700,6957400,17788000,1327800,6398900,1535200,10747000,6923100,15042000,343139000,5628500,7038700,3223100,12733600,5594300,6119000,1334900,985300,3947300,1753000,8737000,1176300,1734497,3662000,9996000,2945400,12872000,2299500,26170200,5346100,44728560,1573900,1154900,13045200
2021-12-30,59773000,1564600,2144300,44358000,37584000,23852200,2950600,6016000,15688000,1160100,6948200,1558000,10593300,3564900,15994500,308864000,7382400,9634800,3812800,11940300,6354300,7012600,1465900,670000,3340200,1338700,7228400,1690700,1287949,4231800,7703900,3716300,16251000,1988900,24559000,5911500,53706074,1309800,1207000,14949000
2021-12-31,64062300,1581400,2075300,49448100,47830000,24253900,3169300,5706600,18136000,1601300,5805900,1984000,12870500,5124800,18000800,266530000,5908200,7360400,4723300,14072000,3963400,8053000,1374500,784500,3453900,1509200,6410200,1945700,1554421,4409500,10021300,4811800,19959000,2914900,28579600,5327000,59608069,1695400,1579900,17947800
2022-01-03,104487900,2862700,3376300,59396600,63520000,58587900,4316800,10717700,28646000,3334300,13120900,4708200,14537900,8481900,28865100,391547000,10644400,12788200,7694500,24282400,6839800,9060200,2055600,1222800,5769900,2714100,10222800,3272700,2608676,6012200,20187300,7864400,30675000,5488900,57219200,9317300,76970210,3033600,2319600,20706600
2022-01-04,99310400,4344800,5281300,80200500,70726000,74606700,7240700,16413100,28400000,3916400,20195800,6854500,15998000,8967000,32674300,527154000,11959000,14198000,10629300,38584000,6298300,11414600,5242300,1220400,9189300,2097500,16582000,2558300,3294381,6748400,26141600,8379100,43931000,4717600,66993100,9253800,72918108,3908100,2741200,33930000
2022-01-05,94537600,7394800,4639400,65403200,64302000,57791600,18882500,15487100,54618000,3469600,17539400,5976600,20564500,10288800,40054300,498064000,11236700,13227600,9594600,34033300,7724900,11564700,5378200,1706400,9034500,2887500,12272100,2446600,4136186,7016100,22507300,6722300,41487000,6564600,52956400,9330200,125367971,3921100,2710800,35418000
2022-01-06,96904000,3913600,6331600,64802900,51958000,52040900,9376100,13318500,37348000,2960900,14047500,4781100,27962800,10059200,39646100,454186000,7918400,14206300,7877500,30668500,4667000,7142200,3913200,1730500,8679000,2503100,11095300,3944100,3308544,7301600,17902300,12658600,57118000,4288700,37000400,7556000,93758133,6555200,2102200,21828900
2022-01-07,86709100,3605400,5318900,58441100,46606000,59082600,6286700,14164600,29760000,2360700,13913300,4551200,14722000,6128400,32720000,409939000,9836800,12627300,10702100,23985400,8630300,9526400,3673400,1401600,10838800,2323900,9554600,2990100,3092352,6986000,12307900,13359300,33829000,4916000,27703400,6098500,98164670,5494200,3014000,19723500
2022-01-10,106765600,5429700,7913200,84671300,87798000,66839500,7803800,12626100,44408000,3009400,12922500,6009300,24942400,8904900,44289500,594681000,11025500,14701600,11978600,22760300,9794400,8229000,3734900,1206700,9125400,4916800,8672900,2683500,3493982,7698400,20954300,11378700,44861000,5055900,34044700,8055000,77030717,5831800,2853800,22731600
2022-01-11,76138300,3422200,6091500,77153900,62806000,40454400,7635300,14609000,28730000,1748800,11854100,4131200,16226800,7320200,29386800,404089000,7249800,12867700,8803100,32936100,7159400,8098400,2944300,1506200,8510600,2457300,8042600,2937300,3570666,8341100,19369600,8395900,30778000,6452300,33576600,11957900,60054124,3332800,1771700,21668700
2022-01-12,74805200,2901800,6150500,69669600,50030000,41378000,6718900,12469200,26108000,4158000,12568000,5783100,14104900,10855200,34372200,383413000,5840300,13588800,6923300,23045100,6589300,9134500,2506900,1516500,7740100,1729500,6995600,2226300,3141013,8116200,15753800,6484000,37874000,5268000,27608500,7127500,48477730,3502300,1865700,18946800
2022-01-13,84505800,3406500,3476900,76618100,52188000,46337500,6680300,9691300,31436000,2497800,13623400,3892900,14797100,6267700,45366000,540171000,6044300,12779900,8867700,21043200,8386400,17628000,5002300,2117500,6814000,2428100,9680600,2591200,3118453,6159400,14318000,7203100,44751000,4310300,28117900,6551000,65005487,3005300,1828500,24252600
2022-01-14,80440800,2659800,4465100,71078400,45974000,72953300,5805100,13281000,29662000,4685300,40158400,4029900,16868500,16724900,39846400,395832000,6054800,14374400,8838100,23012900,10484500,8053500,3970600,2300600,7946600,3872500,16832000,3425900,3382092,5847700,19729600,11084300,78611000,4474500,27072500,10708000,72617163,3665400,1921600,26867400
2022-01-18,90956700,3461000,4265200,56527400,67292000,65877400,6032000,12905500,34872000,13123500,32324800,4933900,22645600,21803100,42333200,424270000,6824700,12721300,9099300,32841200,12341900,8930700,5411900,1764700,10782900,3801900,10419500,3082000,3090632,7815600,21976700,10848100,48391000,5789500,35598000,10988400,80247772,3938800,2339700,21123900
2022-01-19,94815000,2985900,6354800,69831800,53242000,84451800,5332600,12064300,28648000,7426100,22380000,4464800,20814700,19716100,45933900,488315000,10501800,13715700,9399800,26431600,6196700,9382800,4991700,1086400,7370100,2709400,10413200,2460800,2645298,5926500,18654700,9673900,43535000,6424500,27300400,14088300,67442309,4030900,1701700,22674000
2022-01-20,91420500,3208100,5861700,91157300,71974000,46265300,5663700,11370400,29908000,4599900,14860800,5043200,16925000,22637600,35380700,435181000,10836900,13992500,8532700,26774600,6612800,7636800,3545600,1208000,7707700,2893700,11760400,2426800,2598660,6011300,23002400,12028900,126590000,6284200,35105300,10799100,55659239,3228600,1706800,22387200
2022-01-21,122848900,4276100,6608800,95685300,163972000,71303600,9128400,13055700,55652000,4904100,20705400,4867100,28710700,22568300,57984400,718958000,11609000,20051000,16200200,35995200,7583000,11548500,3754700,1668000,10625600,3295600,34491800,3453800,4492595,10550300,26643200,12809100,589043000,6753200,41059000,10900400,79715392,4273200,2570400,27508200
2022-01-24,162294600,7538000,7420100,116210100,155624000,90672700,11664300,19513700,76622000,6569800,28471400,7472800,38878100,19527300,85731500,913982000,16770400,23632200,16054000,41507000,13733800,13796500,5107300,2453600,9505400,4412600,31419500,5654600,5501527,14054600,30185100,14689800,323460000,9263900,59036400,14838100,102910548,4780700,3660900,28699200
2022-01-25,115798400,4051500,6163500,85102900,90824000,73555300,9092700,19984500,46960000,3959300,18915900,6994400,25108500,16060700,72848600,664616000,13469900,13268100,12125500,39278400,10296500,8824500,4554300,2139700,8514800,3076800,14694400,3336300,5298891,14081200,19027100,22925000,151458000,6536900,43983200,9369600,115467364,3428900,3817200,29479500
2022-01-26,108275300,4449500,6090700,94752600,95602000,63735800,10029600,17266500,49130000,3745900,20709100,7438600,28348800,13344400,90428900,755959000,13971300,15966500,10817600,35252400,8040300,19974400,3558500,1735400,9416400,3074900,14569900,3111000,3427111,9963200,19190200,24721700,126840000,6841800,39644800,10707100,188252808,4435900,3074700,26185500
2022-01-27,121954600,5865400,5398600,125954100,77516000,63402400,9462100,20654100,31950000,2573400,17536800,8416100,21629900,17843100,53481300,573353000,10331900,12657000,12009800,29174700,8869100,12670100,3678100,1837700,9624600,2372300,11913900,3384900,2782075,9066700,18893800,21250600,243247000,6543500,36957200,9083000,116707158,3508100,3371000,27759000
2022-01-28,179935700,4339000,5248600,98749500,74392000,51048300,8254900,24817800,34362000,3714600,14117000,8813400,21871600,14044800,49743700,543774000,7854700,9861700,26425300,30595700,8014400,10966700,10747300,2181100,11561400,1918500,10011700,2874200,3431866,9783100,19101500,25537100,119666000,5796000,28590400,9494200,102063320,3364400,3066200,25131900
2022-01-31,115541600,3995100,4187800,97206000,78308000,44793700,7084200,16401800,39986000,3312400,13985700,6345200,21579500,8467000,46444500,564680000,10594200,14260000,12380600,36085500,10300000,15504600,6179000,1821500,7539800,2480700,10185500,4306700,3336264,8054800,22045300,21787800,200475000,5908000,38644600,8950100,129691758,3500500,4626700,20193600
2022-02-01,86213900,2307400,3674700,122467900,59220000,40326600,6387100,16169700,68644000,3303700,14584900,5841100,18023800,7885700,40950400,518925000,8016900,23286900,12247200,61033100,7413900,12265100,4026400,1542700,9424900,2347200,8573300,3036300,3088912,8154700,20841700,12082900,225681000,5952700,27883300,6284100,172591344,3148600,19125300,20323200
2022-02-02,84914300,2494100,4796500,180065000,87330000,41125600,9378900,10906700,123200000,2742400,12441100,6115000,58458300,9596300,36636000,543419000,9287600,136264000,10590500,30299300,11363100,7843700,3492300,2289100,8803400,2547600,9529900,3391100,2868977,7382800,20225600,8397700,143460000,5767000,32039300,7558800,93834925,3026800,5474000,18149700
2022-02-03,89418100,3058700,3381600,103599500,225532000,35879900,12826600,9447700,71518000,2372900,12474900,4209200,188119900,5986500,43730000,410178000,8207200,52101200,9968000,28529400,10272700,7054700,2748200,3139400,13258500,2665100,9820600,2238900,8781138,6240400,19440500,7960700,99052000,4632700,22635800,10474500,63825671,4370900,3503300,20741100
2022-02-04,82465400,2583700,4165800,86212000,253456000,60297100,6176500,13034700,57998000,3762300,16654400,6045400,89342200,7881800,35096500,354829000,5570200,33103500,10848100,32197500,6921500,5952600,3930800,1930600,12035300,2387400,8061100,2217100,5543815,6392200,17403700,12132000,77898000,4592400,24932200,8959900,69719192,3066400,3623100,22036500
2022-02-07,77251200,3120500,3968100,81672500,102624000,44824800,3922300,18422500,54974000,2635600,12572300,4767500,88613800,9129000,28533300,376868000,6292200,30384500,5984500,34949200,9597800,11816900,2402000,1989300,8420600,1863600,10937500,3046600,3498130,6065700,17846400,8184500,82329000,4813300,32358500,6430500,73169536,2937200,3295900,20010300
2022-02-08,74829200,3205500,5242000,84902800,76040000,49560500,5628700,11021600,54284000,3422300,20411400,5825300,94729700,9249000,32421200,410359000,6585300,30862700,7542000,34356300,7559500,7356200,2407100,1987400,7481500,1462000,9231700,2298800,2767709,6296100,18771700,6758500,68185000,3957700,67922000,5048700,42150732,3534700,2759600,19458900
2022-02-09,71285000,2542200,4460100,92948900,68786000,33861100,6107700,10140800,40144000,2250400,9131100,5492800,86563300,11054300,31284700,524282000,8755900,29475600,7772800,40106100,5989100,7587700,2743700,1939900,6973200,2256700,22877400,2259800,3247946,5387500,23595600,7390900,77382000,6780200,38522200,8077400,53029907,2818100,2130300,21473700
2022-02-10,90865900,4735800,4926500,108939900,68268000,47082800,5312600,11012700,39330000,2406200,16455600,3995000,49310400,8116200,45386200,513200000,6336300,30012600,6794600,28527700,7333400,11695900,3538500,1551700,7149900,2558900,42500300,5918200,3702284,10355300,23561500,9673300,84529000,7899800,34200600,7033000,58431827,2626100,3379500,27810600
2022-02-11,98670700,5027000,7241100,164723200,77100000,61056000,8165600,12821200,39958000,3142100,16830000,4345600,46156900,9755900,39175600,605472000,7670500,24624900,7535200,42002100,6475200,11443700,3826700,2154400,9580800,2349700,17975200,3953500,5385591,13125300,22781400,8999100,75589000,7299600,34997800,9341400,60084576,2493800,3821000,23733300
2022-02-14,86185500,3372100,7294400,135146400,83230000,44791900,7005900,15945000,34302000,2585600,17026500,3678400,38184000,11110300,36359500,440424000,5389800,22787000,8280800,34652800,9931900,6481400,2730500,1284300,7274400,1749600,14694700,5284400,3193619,8967600,23641300,8329200,72022000,6822500,42973100,9472200,57458290,2549500,3641400,29363400
2022-02-15,62527400,3743100,4189300,143975900,56440000,42397600,6353000,11746800,26680000,1846400,9500000,5800400,42685500,6714100,27058300,699869000,5712800,19007600,9461700,25075100,9530100,10448500,2752600,1646900,8379300,1984600,12726000,3149200,2861490,6631400,13408700,9102000,53923000,4943800,29150000,6659200,43586610,3001000,3149000,21824400
2022-02-16,61177400,3750500,3416800,119109600,52704000,36664600,7072700,11348800,25022000,2165300,9076500,3424800,45817500,10190700,29982100,732676000,6227000,28938700,9561300,21733800,8028900,5698900,2253900,1671500,6854400,1770800,10656400,2955900,3121589,8482400,15484700,7505100,52777000,4161700,27672600,9315700,60662502,2651800,2226700,28490700
2022-02-17,69589300,4021100,6154900,98179600,64032000,49442400,8820100,10073900,38950000,3102400,11367500,3972500,38747500,15620300,32461600,810595000,9247100,33972200,8131200,23738800,5486600,6176600,4699600,1200800,6842800,2022800,8110300,2401800,3111776,6227600,21468700,10093100,46692000,5156800,21231700,7925500,61712434,2403100,2815600,53831400
2022-02-18,82772700,5194200,5488200,114321200,63604000,37856500,6691800,10691800,45620000,2910900,11733300,4083800,37128400,16321800,34264000,761255000,7790100,28157400,8121200,23394800,7585900,6973600,4385200,1492200,6574800,2154700,10785500,4505500,5097165,6423200,21975000,9558600,68017000,5181600,26955300,8063200,62595410,2992300,2823900,31103400
2022-02-22,91162800,4287600,5749500,141648500,66128000,51905600,8434800,19428700,44990000,2590800,11333500,3897900,39852400,9143700,41736100,633422000,8039000,28422200,9928800,35947800,11576800,10382100,3488000,2425600,9267500,2451800,12227200,3304900,4054747,6868900,21731400,8233400,66975000,7733900,34814800,8179500,62168288,3029800,3558300,25380900
2022-02-23,90009200,4263000,5102400,120299400,64244000,45704900,7784300,16134200,32786000,2217300,11799000,3802500,44481400,8722200,37811200,566511000,6807100,25263600,8669900,25385000,9271000,7326300,3550400,1949400,7355000,2021400,9300700,4055900,3624183,8016900,19248500,7837100,46143000,5812800,25793000,6273000,50233222,2840300,2836000,21030900
2022-02-24,141147500,6448800,6276600,142956600,100786000,80484800,11792600,22108900,54456000,4564000,25655100,7425000,49957200,18518000,56989700,735801000,11240500,35400600,13463400,46199900,12070200,12207600,5919500,2140300,11509300,2859800,12475500,4207800,5968511,12883400,27207400,15750400,70687000,8888800,44227300,13145100,92965719,3933000,3347000,31717500
2022-02-25,91974200,2869700,8694700,127821000,62396000,68530700,5853600,28028000,36406000,2980500,18367700,3817900,37627600,9717400,32546700,528866000,8291800,33806900,8463600,28310300,8320700,8730300,3594600,2660000,10563000,2003000,10149500,3326800,5059329,11340400,21487800,12609500,48416000,6535600,31199200,8888800,59026965,3314400,2657100,24997800
2022-02-28,95056600,3302300,7596600,124666100,57684000,69955300,7904700,24394300,38864000,4245700,31315300,4952400,34239800,17955100,34627500,477319000,9234400,25719300,8409400,32204600,11090600,9859300,5168500,2817500,15096000,2408900,10834700,3069400,4159050,9373500,25879100,16345600,50350000,7677000,35296100,8669200,62788449,3918300,3536700,26286600
2022-03-01,83474400,3352800,6478100,126552200,44874000,74895600,12587300,31159900,26496000,5631500,36840400,5894200,27094900,18341800,31217800,412056000,8752100,19597700,9317800,40002300,7489900,11799500,5110600,1742100,14453500,2316000,8944000,2448100,5526718,8737800,15871100,13930300,32904000,5107900,29854500,8311900,57663378,2917600,2986100,24024900
2022-03-02,79724800,2948500,6545000,118354500,47334000,70834600,16670100,31329500,23520000,3469900,19405600,4997900,29452100,18007500,31873000,389642000,8527200,17023500,8865700,44321400,8247200,7463400,5849900,1829600,16168000,2571500,7851000,2334300,5402991,6793300,17319100,6988700,53568000,5452100,36516200,6111300,45624775,3675900,2854200,23863800
2022-03-03,76678400,2906300,4260700,123916700,65198000,48733800,6559900,22492900,24604000,2393700,16640800,3975900,27263500,12197100,27314500,365095000,8203000,20330800,8610000,30196600,5408400,12424500,4429700,1969400,8704900,3851800,8048400,2607400,5081485,7333700,21262800,10075500,60768000,5352200,30553300,7451200,49218641,3139400,3019500,29885100
2022-03-04,83737200,2751600,7364100,100609400,60934000,75572800,6813600,29034400,30430000,3293100,21016000,4670900,32130900,11950700,32356500,431415000,8841300,20151600,10912300,42802200,5389500,13084000,4334700,1656700,10977300,4417900,12913000,3276600,5121041,6302500,17163000,8996400,53255000,6340300,33217300,8639100,48190952,4170100,2442900,35576400
2022-03-07,96418800,3676100,7982000,92600000,86934000,109779000,7043500,34824700,45112000,3689900,27560100,6874300,38560600,12680900,43157200,450821000,11110100,26529900,13412400,55207900,7137700,12847500,6912300,2196200,13788800,3896900,14549700,3611000,3575016,11663400,29151400,19948900,57084000,6319500,33171300,8374500,50113532,4123300,4043100,45870000
2022-03-08,131148300,3734800,7034500,135348300,91662000,76553800,8229000,57231000,40428000,3596400,19207800,5048200,37508100,11641200,48159500,557467000,9134100,25130900,11070900,72082300,8817500,13715500,9318600,2043700,17231400,3649700,16552000,3549800,4628361,11100300,30242100,14717600,64287000,6163700,32913300,9517200,67277074,3849500,4001000,28305600
2022-03-09,91454900,2905700,5984800,102310300,82656000,78207900,6881300,43430000,37026000,3202100,17536200,4015900,31894700,12994600,35204500,492742000,8959500,20811300,8457600,65466700,5368900,10062100,4798300,2225900,12656200,2789700,14673100,3293200,2933217,7248200,23022700,12710000,65202000,5764900,24718900,7044100,58010928,3115500,3097600,22122900
2022-03-10,105342000,2722300,5247400,102557400,135062000,48804400,5604200,34913600,27102000,2232600,15604200,3771300,24853000,11351600,30628000,428066000,13812600,14703200,7061600,44644200,4635700,8364100,4886300,2739600,9481000,1777700,8447200,2038500,2484039,6171400,20887300,9554300,48078000,6103700,24542300,9221000,53623059,2834800,2284100,27512700
2022-03-11,96970100,4434500,3423600,87584400,68900000,43946600,5196900,28423600,31526000,2613500,20061800,2987700,34694500,8568100,27209300,367209000,22795800,15141700,5432100,35303400,5171400,9373600,4045500,1525700,7666500,1735100,7058400,2229700,2757289,5188000,19855600,7230600,48199000,4762600,33701900,7086100,72142244,2615000,2006600,19162200
2022-03-14,108732100,3731400,3734300,89731700,74086000,54262400,5665500,25156200,38812000,2342200,15786900,4122700,31010500,8280700,30660700,385354000,13306200,20988900,7994700,37462600,8647200,8138900,3530700,2179800,10532200,1950000,9971500,2562900,3037115,7729500,17799400,7133800,59078000,6075600,42314500,7964600,65683375,2704100,2237200,22646400
2022-03-15,92964300,3201700,3901300,112425500,75584000,41395300,5276300,28534400,30920000,2140700,15096600,3738900,31721700,8672400,34245100,491996000,16847200,18032900,8277700,47957900,8384300,8051500,4364200,2657000,8863600,2547900,9834800,2113300,3968554,10554400,18607200,9567000,54606000,6203400,30172100,9868400,47089252,3043000,2865400,22872600
2022-03-16,102300200,4141200,4346600,113689800,84958000,59477600,6043400,22299700,35576000,3468500,20354900,4340800,40640300,17635900,37826300,671422000,14071300,24840500,9232300,37812300,7178900,12077500,4378700,2402600,9314200,3017200,10638700,2636500,4180902,9603300,17347300,8261200,69825000,6299000,29891400,6908900,49791138,3497100,3022000,24615900
2022-03-17,75615400,3556700,4991100,103201700,72934000,50260200,5842600,15750700,28264000,2403500,17050500,3244200,29499700,15156800,30816600,471941000,10462400,21950800,6668500,34041900,7227900,8126600,3600400,2583900,8868300,1974200,6816000,2675000,3190281,7472100,15586200,6341900,58183000,3587600,30598600,6003800,41109008,2357200,3520200,19023000
2022-03-18,123511700,5898100,6258900,105834800,102962000,74470600,12220600,23214700,44566000,5861900,23656500,6790800,52128000,16325400,43390600,730719000,24176000,31997800,14620800,41461500,9912800,12849600,4105100,5173900,16146900,3597800,11308800,4859200,8850639,13809500,30197800,13470800,83248000,12123000,51815000,15570300,89500414,5065600,6278200,31233300
2022-03-21,95811400,3704200,6074000,101905900,66538000,47106400,6448700,13180600,26832000,3401200,12676100,6053800,30142300,8568700,28351200,591727000,8131300,19888900,6101500,33089300,5825000,27369600,2902200,1771400,8107400,3136900,9090300,1987500,3541429,7574900,17440100,7181700,48665000,5122600,34592500,6937500,50990418,2617700,2244600,21350700
2022-03-22,81532000,5377000,4486500,101672600,64086000,52360600,7018800,11063900,35496000,2840200,13548600,4669900,31998800,7565100,27599700,547007000,9292300,16746100,6259900,23132200,5756600,14378500,2461500,2306600,6377500,1777500,8511600,2574900,2397137,8442100,17559500,8516800,42428000,5779200,32253600,7292100,39631954,2752500,2182100,20235000
2022-03-23,98062700,13979800,3071200,90579200,55812000,48539300,8404700,10755000,25154000,2196800,12093200,2527800,23717300,7465400,25715400,502120000,7451100,14430600,6008000,27716300,6300600,8297800,2001700,2072700,7681500,1546800,8761300,2617400,1837282,5254200,15529200,6125800,37290000,4533700,29183700,5531900,38180320,2753200,1939300,19625400
2022-03-24,90131400,5544300,3185800,121961300,56798000,30360800,4150300,9024800,26396000,1944100,10017600,2482700,31502300,6488300,24484500,877379000,7025700,13546700,5487000,19871600,4638100,7094400,2110900,2067100,6192500,1614200,5858800,2196500,2223434,5012300,13151300,5498000,38885000,3160300,25177500,4203100,37218434,2789200,1882500,13440900
2022-03-25,80546200,3283600,3712200,95852400,49032000,38968100,3656500,10254700,24126000,1580800,8383500,2173800,40039000,6592800,22566500,579016000,5682300,12371500,5051400,22398300,5129400,6365600,1581100,1706900,7833800,1974900,5949400,1703600,2572761,4809500,12259800,5481000,35745000,4146800,17429600,5047700,42137094,2551100,1754200,14085300
2022-03-28,90371900,4472600,3486500,92966100,59854000,37428600,4290900,9992000,35050000,2182600,10818100,3134600,26224100,8680800,29578200,425494000,6626700,13868000,4316800,21552400,4516500,6904100,3072500,1402800,6091100,2056100,8456100,2470300,3308645,5604200,11485200,6177700,43234000,4308000,21863700,4234000,50968704,2643000,2353200,20105700
2022-03-29,100589400,4323800,4393200,94143000,66154000,46355800,5370400,15102600,34318000,2378700,11316500,5512400,31417900,7431600,30393400,488984000,5762000,15918400,8032500,27036300,6154100,8438700,3667800,1736700,10977600,2005400,11280700,2461600,3389376,5933400,14720600,8954300,58807000,4440400,39970000,5643400,43979838,3478400,3034800,19934400
2022-03-30,92633200,3889200,4424500,99476900,56168000,36601800,4951200,9906000,19884000,2650200,8771000,2614200,25588000,7289800,28163600,463487000,5533100,16513300,7084000,22079000,5151800,9959300,2507400,1980200,6069200,2086500,7922400,1979300,2455813,6277600,13641000,6829300,40233000,3871500,27599600,5779300,42385080,3041200,2200200,24991500
2022-03-31,103049300,4141300,4589800,147004800,59966000,67902500,7141300,10395900,37524000,2632000,17353900,4095700,24192300,8422700,33422100,523440000,9433300,13928300,10759500,27861500,8670100,6447900,3152100,2226600,9777900,3439800,12306500,3280100,3314210,11490400,16822900,10082800,41347000,6076200,26055200,7538600,69574611,3979700,2858600,27163800
2022-04-01,78751300,2718400,3802800,111867100,57090000,61929200,6007900,8795300,25942000,2444800,15721300,3806800,19544800,8192300,27110500,517235000,6147500,11037800,6559600,18671100,5703300,4862100,2618300,1672100,6934100,1933500,10341000,2302500,2313270,6525600,12644900,6453800,46442000,3239600,19073100,5742600,53381429,2344100,3993600,20939700
2022-04-04,76468400,2974500,2960800,90123900,49882000,53761700,7843600,8718600,25942000,2569400,17416400,3027200,28054800,8098900,24289600,397120000,7882400,15266400,8521200,20869400,6892400,7792100,2181300,1601700,4946500,2201800,8174600,2265700,2075124,6860600,11505800,6465700,70018000,3759900,20462800,5992000,47195569,2657500,3204600,25332600
2022-04-05,73401800,2481900,2906300,79532000,53728000,51781700,7304600,9538200,21418000,2573900,12110300,2215900,29727200,11587400,23156700,436615000,5143400,12778700,4658000,21753100,6683300,9371600,3582100,1933900,5708100,1826800,8694100,2489200,2320554,7446100,15721200,7203200,42345000,4480700,21176700,7653000,43936808,3268600,6270700,18657900
2022-04-06,89058800,3824900,3528000,105256600,79056000,54159800,7171300,9269000,32468000,3151300,12914700,3864500,28995100,10493200,40110400,703833000,5492400,16288900,7430000,24768200,8810800,8173900,2783300,3617600,5680000,2646200,11679700,3413200,2976820,10330900,19267400,7621900,43549000,4294800,31717500,8884700,49327209,3955600,3911700,28018500
2022-04-07,77594700,2757800,3506800,91895500,68136000,54585000,5246000,8018400,26234000,3562600,12994200,2848500,21037200,11902900,31411200,557992000,7112200,12471300,6995100,26122000,7469000,7517800,2253600,3050700,6285300,4804200,9858700,2785900,2227177,7385200,13960800,7817400,49489000,5041600,36305700,6889700,62815724,2867000,3627900,27088200
2022-04-08,76575500,2260700,3140900,92746700,46002000,41018900,3897700,10801200,25142000,3294200,13126900,2235100,18375700,6937500,24361900,524781000,6182500,10521800,5438600,24866500,7204200,6524100,2450200,1834100,6175200,3230200,6702000,1678100,2911365,7144500,12703500,5731600,40252000,3883100,24612200,6045400,73121078,3986700,5465800,23294400
2022-04-11,72246700,2932100,3398200,95527700,52112000,34198700,5173800,10206100,36884000,2747700,10466400,1809200,20516600,8290400,34569300,575207000,5738400,10706600,6942700,21800100,8163200,6001100,2494700,1634300,7002200,2792700,9915300,2574200,2732200,5932000,12720100,6745200,37771000,3825100,22054300,6158400,157485300,3574000,2787300,24712800
2022-04-12,79265200,2199000,3518300,89246400,55178000,42855300,4832200,9528400,32710000,2365200,12989900,4038500,20128800,8057300,30966700,662258000,6174700,12493600,7446600,22444200,8279700,6125100,2508200,1473900,7412100,2142000,7885600,2509800,3134943,5957500,18089900,8714800,38243000,3924300,22810700,7221500,104795900,3575700,3428800,26761200
2022-04-13,70618900,3078900,3386400,77728400,53390000,45484200,8733000,7330700,27928000,3022900,30838000,3048500,19231800,8760300,21907200,516943000,4728600,26481900,8052900,19306800,18312600,7399900,1898900,1701400,7365100,2211800,7694500,2092300,2419191,5643100,11883000,7858500,32310000,4394000,15777800,5247700,64100500,3012000,2296000,29284500
2022-04-14,75329400,2597000,4399900,73354400,51598000,79032000,5126700,9421100,31598000,5460900,18835200,3358900,18379500,16348400,28221600,569097000,5590400,16125800,8191600,24566400,11074800,5144600,5337900,2472100,6337800,2206200,7283500,2719300,4325671,6188200,16388400,7164100,43438000,4834300,17240100,7806500,52731100,4211300,2624300,22360500
2022-04-18,69023900,2594700,2088700,80605800,46514000,80080300,4899500,7639000,20808000,3653400,11834400,1871400,16580800,7897500,20778000,525701000,4955900,15342400,4744400,19032300,6500200,5042600,3644000,1017800,4867000,2161900,10571000,1962500,1980837,6318700,11679400,6279100,51050000,3086000,17065000,6034500,54812700,2087100,2552600,14671800
2022-04-19,67723800,1962700,5089100,77069500,54926000,53714200,6120400,6970200,26490000,2774800,15015400,2999300,20089900,12637700,22297700,512781000,5412400,12768100,5028800,20382600,9359900,7485600,2689400,1707300,5331700,2327800,12767200,2018100,3379664,14380800,11993800,8104800,209069000,3642000,33441500,7897000,57496000,2207600,2448800,15855000
2022-04-20,67929800,2094400,3432500,62489000,59630000,47064300,6015400,7495000,31696000,3040100,13430200,3377300,43036500,11828400,22906700,468974000,9472600,26487000,7178300,20689400,6250000,6824300,2907700,1481500,6059200,1793300,36465700,2152900,2653492,8044900,14827100,8457000,1333875000,4197600,24751800,10196100,48751400,2986300,2526000,19821600
2022-04-21,87227800,2390100,4244300,76680600,63970000,46245900,9119500,14594800,36446000,3097800,12174200,3605300,49954100,9563900,29454600,656209000,5616100,27204100,8850300,29010900,7903300,7446100,3571400,1311100,6290600,2027900,18688600,1865900,2446405,6969200,15120400,17712800,535016000,3701300,19105600,9365700,81259800,2539900,2618200,18168300
2022-04-22,84882400,3198800,4865200,75017700,73078000,50409800,8843900,12160100,56884000,3125200,14318800,2968800,36426800,11455400,29405800,624713000,9357100,21053000,6201100,23591600,7938300,6372400,5053700,1360300,6483900,2878200,19472800,3185600,3076266,8003600,14902200,15284800,375151000,5864000,22156800,9394600,68483600,3453300,3964200,21046200
2022-04-25,96046400,3368800,6587500,93481000,61874000,64301100,7988900,15449800,46128000,3093600,17149000,3380400,29281100,11577600,35678900,641566000,7305900,15683400,6839400,37698300,6932600,6293100,4145500,2958600,11913400,3154500,16491000,3743600,2425463,11176500,25082000,15697900,281520000,7369900,27390600,6986800,71861400,3030400,5354900,18057600
2022-04-26,95623200,2820100,4261100,89127400,77530000,44809900,8073300,9810600,73054000,2791700,17209500,3116400,31747400,10062000,46518400,653143000,7555200,17205300,8155300,28941500,6787800,9277300,4176700,1593000,5970100,2057400,16116000,3937200,2882229,10190000,21982600,10971600,203181000,7386600,25366500,7769500,50825900,2895300,7811800,19601100
2022-04-27,88063200,3080700,4989600,83125100,71336000,39824900,9644600,10396600,91820000,2469300,17215200,5702300,71062900,9522900,63477700,499460000,7279200,24669800,15955800,32773000,6039100,40371700,3358300,1391300,6765800,2261600,15553000,2483900,3089114,11090100,16971000,10989600,222984000,5180300,25819200,6754900,66767000,3353700,3978600,17496900
2022-04-28,130216800,2593900,4623700,91495400,117316000,39567800,10614800,9366400,48884000,2176000,13015600,6843300,100890600,6974600,33646600,570327000,6177900,42836600,10799100,33683800,7465000,13518800,6092800,2037000,9520600,2118700,23192100,2734100,3464442,9403900,22010600,11325600,213632000,5235800,28225400,9306800,67479400,2582700,3176700,14955900
2022-04-29,131747600,3033200,5789500,82647700,272662000,47385200,7110800,14713200,42676000,3129600,14874800,4741800,49193400,8097300,37073900,500435000,7946900,24872400,7965000,34656500,25155900,10880300,3404000,2110700,8777700,2968000,16907000,5424000,7333043,8463100,20137100,14912900,163919000,6505600,28343300,10637000,70195400,2873200,4853500,21088800
2022-05-02,123055300,3010000,4276900,98304100,148788000,46652200,6278400,11559000,35534000,2968100,18545000,3903800,49915300,8737100,35151100,572049000,7379900,21340500,8803700,36335200,9690800,12399200,2639500,2015400,6980500,3303400,14300700,3831700,7182406,7145400,24970300,14338100,145916000,7692100,36228400,10351600,67551600,3184300,5026600,20016000
2022-05-03,88966500,2196100,8013100,126381800,79134000,48926000,5047700,8827200,24968000,2606200,15720900,2686900,41556300,9430500,25978600,475751000,5211500,15227600,6616900,33908100,6163400,10149500,2121100,2112100,5748000,2398000,11149500,2428400,5422314,5898700,21686300,10419900,118394000,5564900,33716900,10344000,62675300,2763400,3266300,17950500
2022-05-04,108256500,3330400,7814600,225394100,110746000,57860300,7563100,9183200,49916000,2629400,17128500,3346600,41375900,10495000,33599300,648855000,6759900,15850600,7191100,46188400,5791500,9550600,3023700,2247400,7989800,2465200,11488300,2561400,5547659,5923000,19780200,10859600,122188000,6231500,28613700,7771000,60771800,4002600,3920500,20022600
2022-05-05,130525300,3507700,6021000,153129800,144392000,48860600,8379400,9807600,45840000,2622100,15055400,3424800,41129200,8556500,43260400,626331000,7197200,22066500,7749600,41013400,6869300,7950800,3005600,1370900,10593000,3977000,12720200,2200100,5826170,7089200,20155200,10382300,139713000,6534300,28333000,8217100,55503900,3359700,3249700,23234400
2022-05-06,116124600,3522200,5885500,144286600,124260000,50440100,7232700,10418100,39710000,2375600,14417900,3635200,34747200,7333600,37780300,633297000,6222500,21369300,8825300,29619300,6145600,7697900,2268400,2060700,9213100,3560800,12525200,2723500,3667078,6434000,18984000,9364900,171855000,5824600,19891400,7304800,51506800,3260300,2826600,34258200
2022-05-09,131577900,4324900,6605600,144523700,128124000,51242000,9997800,14110700,40802000,3234000,14312300,5777400,36303200,11161000,47726000,644455000,7019700,25513700,10314100,45851600,6969000,12593800,2929900,2055600,9750900,3292700,17941600,3663300,3825504,7855200,20055300,10442700,140313000,7269100,25012300,8540800,51563300,3862700,3925400,28207200
2022-05-10,115366700,5334400,6476600,137235500,105434000,60235300,8598700,11636000,39900000,2798400,16382400,5003500,34452500,9261000,39336400,761474000,8129000,21126300,11016500,34483200,6525200,11781400,3040400,1880100,7845900,2729400,15657700,3372200,4823106,8186700,21322200,14731900,138839000,5936700,27335900,7447400,42465900,4275500,3510200,24861300
2022-05-11,142689800,3822000,4809500,136137900,109704000,54969300,7220100,9105500,37534000,2320600,14630300,4263900,31153400,8060000,48975900,670167000,6932100,16770200,9427300,33020600,5630000,11388400,2552400,1345400,6651600,2782900,26933300,3082800,3322202,6138900,19648400,11129000,126655000,5376900,29699500,7692200,50074200,3936300,4934100,27878700
2022-05-12,182602000,4048200,4914400,129214200,132026000,61231500,10187500,8936400,53836000,3408300,16318800,3891500,38262200,10315600,51033800,708728000,11698900,29361000,9308600,29491500,6914800,15891300,3282000,2882600,7244400,2829500,36298800,3429200,4036841,6898600,22574700,15364900,176621000,6473500,33468400,9600800,52687000,3997600,5352400,25244400
2022-05-13,113990900,3379300,6119400,138068100,93684000,49117900,6499700,9229900,35038000,2152500,10443200,3536000,24549800,7948000,34925100,670437000,6700100,17111400,6684500,25798400,6398500,20891500,2323800,2445800,6549900,2338600,16782600,3251300,3275159,7732200,16167000,8010600,131363000,4714600,22423700,5675500,34107300,2453400,3598100,19962300
2022-05-16,86643800,2645200,4838900,131065700,74566000,39076500,5065800,13296300,25990000,1568800,10269000,2062300,27112600,5703600,32550900,521446000,6942100,15432300,5161300,26101200,6565600,10631600,2540800,1953500,7990600,1579700,11993600,2408000,2654807,5516700,13223200,7339500,161450000,5317200,19435600,5971000,40027000,2338800,3003600,21449100
2022-05-17,78336300,2614700,3910900,164227200,76448000,42635600,7317700,12827600,23054000,2096200,11160200,2802300,24872700,6507100,28828800,585830000,5952500,12677400,7265600,23120700,6032200,12154200,2275900,1409500,6577500,2602800,11847600,4076100,2755670,5751100,21300600,8889300,98767000,5012200,19918200,6509100,42938400,2289000,2640900,132940200
2022-05-18,109742900,2915900,5678800,142603200,108380000,47396900,7454400,13107500,35126000,2033200,12664900,4521400,23960000,5949400,31356000,545161000,7977300,15955300,8748200,25451200,6498100,9567600,4723300,1575200,8957000,9511600,11794000,4006100,3223059,8608800,31437300,10316800,96656000,8875400,22276000,9670700,43342800,3240500,4275300,104253000
2022-05-19,136095600,2797200,4576300,141506200,88142000,47002700,8382200,10958700,34144000,2108800,12765800,4380700,24446900,7852800,32692300,621310000,9451600,19779300,9012400,24387400,5994800,8075800,2887700,1679700,6784100,5839600,11285000,3687600,3162662,6874500,31493900,9593500,104485000,6423800,19865500,9694100,41588100,3813800,4382900,71008500
2022-05-20,137426100,3432400,8977100,164126800,99500000,62406500,9068700,9615000,48962000,2201100,13150100,3428700,31465600,8705000,39199300,739105000,7531100,16887400,6966600,28795000,6746400,18822200,5404500,2142000,6717700,5115000,15650400,3375100,3929402,7522100,29133800,9747800,104294000,5768800,31250400,7786900,47415800,3068200,3483300,49356000
2022-05-23,117726300,2337500,7948900,128773000,107798000,69081900,6148800,10216400,37184000,2653000,24376700,3420800,25059200,7787700,33175400,639889000,7370200,12309200,12187400,27239300,6886400,9341500,3246600,1548700,8646900,3687200,14402400,2577300,3769458,7040800,19406900,10378700,96020000,4657800,24035800,7134500,46775100,2279800,2837700,43680900
2022-05-24,104132700,2630800,5889400,123341400,102934000,46146700,6928400,9782700,76780000,1870900,19324900,2561500,50406300,6225700,29043900,588550000,6644100,13309600,7458500,24293300,6367200,9092400,2467800,1634000,6859100,3473400,13970200,3009200,2875552,6419800,16154200,11133500,77064000,6327600,26729800,7207400,49841200,2658100,2865100,34584900
2022-05-25,92482700,2726700,5805900,111771100,93120000,49343400,7436800,10174500,40258000,1929500,12780400,3033400,28030200,6747800,28547900,781132000,7103300,14075400,5457200,29947800,5042600,7707900,3080200,2113400,6707000,3225100,11026600,2771900,2541299,6558900,15360500,11192100,85221000,5781000,24003900,8217800,40179400,3161600,3370100,27121800
2022-05-26,90601500,2419500,6122600,128792700,93002000,60201200,6697700,11213900,37948000,2440400,15990900,2817400,23056500,8573400,25002100,996575000,6758900,21681900,9212300,24314800,6659300,8333900,2016000,1535700,6159000,5917600,11297800,2717600,2264710,6897600,16159800,9431300,80499000,5193800,23516300,5702600,28495500,2705800,2628400,28197600
2022-05-27,90978500,3560400,3891100,104348400,93660000,43365600,7883600,10512300,37914000,2106700,11177800,2658700,22562700,6300000,26910800,738379000,6566700,16874100,4897200,25588800,8405000,7261500,2020400,1544700,6788700,5719600,13671300,2628900,2272601,5853600,17709000,9435300,85860000,6713500,21407500,6028800,34169600,3349100,2959800,25299900
2022-05-31,103718400,7944200,5639200,125102900,144634000,71609200,18114600,20547600,50012000,2722900,17015000,3873800,26131100,10780700,37827700,664100000,16890300,15500000,9586400,44888100,11227800,7953700,3773500,3033500,17278500,4424500,20274600,5037700,3544262,16391400,43159000,29712000,113985000,13610000,66058200,12416700,61515300,4003100,8734300,36912300
2022-06-01,74286600,3409900,6103000,99351400,127528000,35237900,37037400,8824100,36606000,2330200,10768000,2190000,36623500,6543900,25292200,544514000,5804700,11019100,5246100,25815400,5597900,9991600,2314000,1866200,7246600,2319400,11829700,2552100,2388841,5175400,15408300,7994100,84162000,5613900,17430600,7036000,35928900,1765900,3253800,28534800
2022-06-02,72348100,3415700,3987500,120953800,100560000,35341900,19231200,7441900,37992000,1957500,8374800,2484200,31951600,7468700,44008200,648656000,6200400,17299800,5337200,19089100,5998900,12777000,1784100,1573700,5042700,4950600,8829900,2712800,2539882,8666500,14586000,9640600,96231000,4677300,21903400,6479800,27085200,2093500,2317800,23214300
2022-06-03,88570300,2355300,4809200,110844700,97604000,25235200,9224000,8435300,26136000,1238900,8596000,2076600,19465000,5276900,28059000,598779000,8169500,11808300,4352500,21038200,4891800,10091800,2222500,1954600,5387100,2857400,6767600,1547800,2281200,4234200,13539900,9293500,71918000,4222000,18125000,4720700,27796900,1756900,3802200,18302700
2022-06-06,71598400,1563800,4094300,96726900,135269000,40394000,5811700,6734200,33542000,1099700,11323500,2196100,30574200,4022400,22400300,422406000,5274700,12472000,3965100,20682100,3912400,6354800,1565400,1833900,5608400,2297000,7575900,1483200,1604701,5386500,15112800,12716900,53720000,3447800,16544400,4751100,22002900,1781500,2649200,19855500
2022-06-07,67808200,1611200,4555900,79022900,85156700,29152200,6331100,9668300,31590000,2516800,6722200,2158800,18828700,4514300,22860700,388914000,5675700,10423800,4493300,37810200,4991200,5436100,1799000,1416200,8559000,2435500,7279100,2113300,2154944,5447800,17886300,7405600,48395000,4168300,15091200,4918600,24977700,2341900,2984000,47707800
2022-06-08,53950200,1790100,3908000,97641900,64926600,33590600,6226200,8715200,26108000,1438100,8422100,1709600,22267200,6787200,17372300,363252000,5253500,9129600,3646300,31613200,4835200,5833700,4171300,1760800,7010900,1697000,7019500,1810700,1708497,4333100,10211500,5198000,72441000,2646800,12789800,4369600,20732900,3268100,3592200,22522800
2022-06-09,69473000,2572400,6573800,95299000,67029800,49419000,8467700,9764600,25798000,2896500,13560100,2250600,23501600,6951700,26439700,395574000,6824900,11771500,5138600,26607000,5642900,6010100,3045700,2002600,6643000,3087500,8261200,2379400,1694334,5509600,13382200,8354800,69490000,3522900,17572700,4625700,24934500,3148800,2891600,19880100
2022-06-10,91437900,4406100,7237800,102135400,87266000,49318200,7855800,9529700,41452000,3866900,12945200,3300500,27450800,9671600,31422800,465248000,10256100,19125000,5162500,30950500,5464700,7770700,2604100,2140800,7298800,2549900,15369700,3342600,2912276,6647300,14967600,8598500,130656000,5203300,23826000,6630800,33572700,2599900,3220600,25238100
2022-06-13,122207100,4724800,6091700,98148800,99277700,61216600,10726200,14614900,47252000,4218100,16805600,4825100,31749300,10446400,46135800,604153000,16547200,19674400,7119200,33421000,5997000,16778500,3559400,1706700,9516900,3113400,15239700,2752200,4819868,7997000,23064200,11882300,102224000,6300700,26989000,8549500,56215900,3764600,4302900,24897900
2022-06-14,84784300,3197200,5894300,84066600,69728800,49349800,8576200,10269300,33706000,2487700,13357900,2788400,27244300,7400300,28651500,469680000,29661300,19289300,6441200,31264000,5861800,17549800,2359000,2117600,7737700,2224600,12443700,3899500,3492768,7116800,24620000,11412500,115553000,6159200,23290300,9980200,42638300,3814200,3925500,21544200
2022-06-15,91533000,3664500,6844700,95774800,85011100,51540100,7740700,11565300,39698000,2725800,14083500,2357800,30008300,9273300,33111700,563936000,11765500,17165600,6490000,29620800,5981800,25997800,2343100,2516200,7681400,2250200,11751600,4039500,3013948,7796100,19684700,12085300,123960000,5940100,25748000,12178100,38941900,2550700,3465100,25914000
2022-06-16,108123900,5775300,7600300,102433300,82186300,61363400,8090900,18125900,51684000,2777300,16724900,4528500,26944100,11068400,33169200,545749000,10686000,14404300,9887200,35696700,6963400,19543600,4789900,1663300,11848400,2906600,15298500,4134000,4479848,7056700,15053800,12729200,82013000,7207900,20424500,9683300,67896400,3135600,3355500,30706800
2022-06-17,134520300,9475100,17311400,105212300,99772100,80470300,13074600,35575100,51376000,5234400,30919900,6235300,31374200,17285900,43084800,630334000,16445600,17231100,15089300,64610200,10429900,16042500,7226100,2620700,24455100,3623400,15403800,5533000,5699307,12486600,34781900,15919000,121334000,9881800,45047700,17113300,97645400,5277400,7578300,36838800
2022-06-21,81000500,5343500,4745100,87780600,70901200,53537200,6736800,13772000,47416000,2506300,11680500,3193700,50724900,8063800,29928300,483089000,10047700,14934800,6241600,35951500,7160500,10519900,2755400,2348300,10454900,2420600,16649800,2877800,2969738,8219700,17705000,8466900,121776000,4449600,19622100,9017000,49307700,5726800,2845800,23916600
2022-06-22,73409200,3168200,5491100,86634700,60040100,38305600,5864500,13735800,30774000,2463100,9842700,2671500,47267800,6322600,25939900,437135000,8219900,13575700,5138500,29727200,7995700,7713300,4008700,1920500,11284200,1827500,11403500,2909900,2940602,10593100,15207100,12686500,119924000,4706500,20382900,8374500,46607400,5061000,2671000,20235000
2022-06-23,72433800,2534300,6695000,100614600,64345300,44091500,7258000,15713700,28362000,2547000,11851500,2387600,40499200,7958000,25861400,463680000,8775800,16986800,4752800,35757200,7795000,10746900,6667900,1717000,13554900,2030100,11348800,3724300,3372279,10223500,17190900,12502500,95382000,5810700,20061700,6418300,51713600,4687700,2923600,18040800
2022-06-24,89116800,3305300,7883300,88553900,69867600,79504700,12107100,11108300,41164000,3984300,14841100,4318900,68736000,10795400,33923200,472153000,20132600,29843800,7754800,26639000,8527600,13626200,4868900,2345900,12282400,2862600,11681200,2953800,4203765,9374400,18147100,9320500,124240000,5951500,24343200,19440600,47641700,15861100,4826400,31845900
2022-06-27,70207900,2244600,4527500,74663500,62133200,47900300,6170600,9242400,36420000,2091700,11280500,2810800,29174600,5937600,24615100,427968000,8840600,11657200,6121200,25478700,5377300,8457400,3061100,1092000,8986100,2034700,10793700,1725000,2631033,5908600,12142100,6557200,83639000,4595800,16154300,5618500,32339900,3907100,1902300,19889100
2022-06-28,67083400,2654500,3495500,95618600,74942900,49863800,6668600,9183300,35792000,2276600,11590900,3394200,27744500,10259100,27295500,461149000,7252100,14995000,4354200,33096900,5735700,12125400,3327200,1504700,8903000,1754600,16812400,2215700,3218203,9245700,13150100,6140200,71854000,4372900,16417900,6077300,26754000,4978200,2380800,15399000
2022-06-29,66242400,2027900,4804700,104140900,66375300,35149700,5430400,9082900,24716000,2475900,9338400,3779500,28595200,8534900,20069800,482352000,8077900,11344500,4324600,25400900,6140900,7489200,2436900,1733800,7990100,1275600,8653200,1767300,2456622,7097900,11795500,7082200,57668000,3653600,13925700,5174600,26585700,3823400,2101000,19111500
2022-06-30,98964500,2595500,4068700,105368600,97679400,46312300,9539400,10685000,43170000,2669500,15172600,3411500,35250600,10182400,31730900,686070000,9888600,14264700,7045200,39948100,7289500,8455100,4197100,2486400,12748900,3852400,10983500,3568900,2905700,10777200,15514200,8872900,78947000,6295100,33495700,7410100,37655700,3568900,3728200,19166100
2022-07-01,71051600,2471600,3363500,87734200,73021200,40236100,4561600,7684600,35476000,1749400,10573600,2287700,31423900,6017500,22837700,577610000,7805600,9727300,4131800,26327900,4620000,7627100,3423100,2260000,6005000,2660400,10543400,2874200,1996113,5498400,15143200,7718400,52016000,3918700,16143300,5937200,32762500,2426600,2962500,17460900
2022-07-05,73353800,3120500,4265900,95589000,76583700,47411800,4614200,11513100,39342000,2480900,12514200,2112100,28618600,8706900,22941000,651397000,9040400,12823700,4110200,34591100,5478800,10065900,3724900,1722300,13483600,2489400,10660600,2951900,3384621,5676400,15921200,11278600,73343000,4971600,18406800,5760900,36960500,3029600,2471800,18218100
2022-07-06,74064300,2284600,3714700,85458900,66958900,35933700,4085100,12421200,37432000,1774500,10656200,2219200,23085900,6895900,23824400,529066000,6043700,9436600,4111200,33375700,5113600,6608000,3190600,1874100,12130900,2262300,8640200,1920800,2227582,5335600,13450500,7918400,57534000,4209100,21305500,5485200,27645000,2506700,2005000,21300000
2022-07-07,66253700,2368500,4695300,83640900,57872300,40137900,4000100,12741800,40936000,2046500,10347400,2202100,24083400,6258300,20859900,492903000,7814500,10739800,4650700,23817400,6516100,7674400,4677600,2975600,8072400,2125200,7813100,1913500,2788853,5725800,14828400,5498000,63345000,5150200,17847600,6623400,27015400,2385400,2961800,17487300
2022-07-08,64547800,1611200,2751900,83405900,45719700,31153800,2869200,7915500,38238000,1438900,8807800,1662100,19249200,5890500,19658800,467972000,4927300,11734500,3621800,17673800,4078400,5655500,2491100,2408600,5615500,2607800,7717300,1697600,1633634,3828300,11311500,5708300,58357000,3482900,11322700,4294200,22366300,3092100,1938200,14751000
2022-07-11,63141600,1832200,3566500,76150300,53487600,29311900,3689300,7056800,31196000,1519400,7939500,2073800,21885600,4918900,19455200,437321000,4543300,10854700,5353600,15603800,4491000,6176500,2773300,1073500,4685700,1891100,7643700,2435700,3261805,3645200,12702100,6100400,60388000,4921300,12921400,5482900,23326400,1743600,2275900,11532900
2022-07-12,77588800,2639600,3686500,77873200,54280300,39527000,7073000,8653900,29960000,1772600,11250900,2761500,16639700,6558400,35868500,458483000,7140800,12294900,6779500,21013000,5319500,18598200,2718400,2025600,5573100,1775300,8665300,2102700,2789763,4708800,14731100,7553900,68453000,5201600,14633500,5204400,26448000,2706500,4207600,13732200
2022-07-13,71185600,1994000,4195400,79355000,61353800,44153700,6225900,9414600,43722000,1884100,12979900,2442600,16555100,7780100,29497400,521918000,6454800,12037000,7597300,19928600,5221200,9038700,2389000,1457300,5535300,2008400,12006400,2417200,2020393,5291700,13145300,7552400,127344000,4533100,12927300,5075600,25213100,3467700,2414400,12689100
2022-07-14,78140700,2098400,5263800,83493600,51163100,51707800,6096100,10150200,37004000,3171900,26204800,2743900,23765200,13296200,25102800,456235000,4915500,9822500,5605500,26343000,7576900,9456100,2531200,2325900,8890200,3715600,11146400,2274900,1845477,5359600,14433000,6124400,90395000,4218300,14023800,4867000,26621000,3765500,2487000,20905500
2022-07-15,76259900,2488300,4393000,76050600,84317800,77801700,6037700,7051900,46770000,3457600,18863900,3387400,23342800,11663900,29774100,385935000,5134100,14155300,7245700,17243700,4873000,7910400,2282100,1210700,5899000,4265100,14946700,2244200,2214026,5691100,21968400,8780600,163191000,4659100,19885700,6264600,23838000,5742500,5014100,21184200
2022-07-18,81420900,1866400,3431000,90464300,59115400,56382900,3818200,7943900,43164600,6767900,13977900,2468500,23574300,11596800,20975000,670517000,4642300,14053100,4648900,19395800,6838400,13948500,2476400,1518200,7057600,2464100,10430400,2228100,1676326,7605700,10780800,6610800,163228000,3479700,15742900,6047500,22507400,3212000,2289200,14243700
2022-07-19,82982400,1977600,3350000,85047500,60990000,46874900,4373400,9152100,36530900,5641100,11862300,2689800,25933700,9952000,25012600,702366000,7160300,11531800,4927100,18248900,5647100,14183000,2671400,1510900,6674800,2391000,13683400,2097300,2484039,13256400,10998200,6403800,281787000,4201600,13402100,5943600,21813100,2953500,2710800,16995300
2022-07-20,64823400,2746800,3556200,88348600,71268300,35514900,5654000,7856600,35600400,3489800,11667500,2563600,24784300,7653400,22788300,760538000,5655700,13929300,4460300,16584400,5315700,8668600,2175900,1657700,7720500,1740700,15112700,2981000,1668031,7455800,11010500,6323700,539203000,3460700,12774400,8635300,34207200,4327500,1754800,18564900
2022-07-21,65086600,2009900,2740500,90449300,60239900,31244000,3886000,6724200,32676200,2518800,11595900,2230800,27195800,9053400,22404700,557049000,7005100,17900400,4801300,21375700,4066800,8044100,2214500,2092000,8016700,1716100,8611300,3085300,1875321,5729200,11959600,7847600,234301000,3088300,15103800,8310200,123409000,2667600,2320100,18764700
2022-07-22,66675400,2413200,3051700,76989700,51463800,27115400,3804700,5889500,48901200,1830300,7645500,2253000,42583900,6564000,21881300,536671000,6659800,12379700,5071500,15479500,3639700,7594900,1961500,1673500,6243500,1800800,7803500,1501200,2354242,4257000,11644700,11517100,178055000,3757800,10932100,5292700,72016300,1850300,2255200,13616400
2022-07-25,53623900,2340500,3390300,70083000,50221300,30381000,4407900,6210900,34690900,4024500,9394000,2180100,26166300,6208200,21056000,480748000,5721600,11219000,4357200,17536400,4347000,5764700,1845600,959100,5815100,1452700,6726700,1432500,1963841,4437300,14941700,5035600,109352000,3357200,12995800,5262100,39493100,2337200,2816100,20535300
2022-07-26,55138700,2368500,2729300,69180400,67075100,30645700,3886500,6112800,47991000,2054700,10675100,2254200,28468400,7121600,39348000,397865000,7284400,13245400,6141000,15141200,4900600,6053100,1767700,1035800,7127000,3334800,6346600,1788900,2351207,4525500,20118000,6740900,95085000,3732100,16632500,5375700,38885000,2637800,4961000,95391600
2022-07-27,78620700,2678000,2676400,78301600,61582000,30344800,4960900,6223000,59858500,2081900,9337400,4580300,43846600,7751300,45994000,569776000,6677200,30554900,17432200,18047000,4145800,16356600,1856500,1265600,6237800,2060100,9684800,2003700,3546993,4648500,12142900,6056200,105084000,4479000,19203500,5500000,36607400,2268100,2739300,42159600
2022-07-28,81378700,2421700,8878600,79009200,82245500,40176500,4562100,6574300,32816600,1820700,10384800,3635500,73214300,6324800,33459300,474646000,5688100,12476500,7477100,20353100,6572300,8729100,2229200,1754700,4656100,2083300,7970300,2326300,3696517,5513000,10837000,13561500,89727000,3134200,38984900,7115700,41940100,2344500,2452500,33262200
2022-07-29,101786900,2669800,6882500,76630700,148892900,48152500,4751400,17143700,37223400,2112200,12944500,3176800,42065400,8597700,32152800,435460000,5926600,12115700,6059700,29825800,17754700,5743500,5188100,1498000,7394800,2131500,10320000,2522500,2941310,6451400,13734200,11474800,90649000,4215500,25037900,18694700,40819800,2945700,4093100,30141900
2022-08-01,67829400,1910000,4589600,96477500,76846900,32336700,3997100,8017800,26034300,1476500,14740400,2289400,40596700,5439200,21539600,476469000,5227500,11710200,8028400,20793200,8523900,18321600,3185100,1890000,5598900,2256000,7769700,2386900,2360514,5461400,12831500,7004500,55250000,4034600,19709900,12590000,37087800,2335000,2086100,24996300
2022-08-02,59907000,2165500,4977000,116734100,61922400,37884100,4317900,5928300,20236000,1862900,14942900,2878800,27374500,7684700,22754200,489527000,6403400,19673900,9939400,16722500,5197100,10874300,8193100,2290800,4653000,1984200,9093000,2182500,3374404,5794200,15241900,7664200,63613000,3781100,17802000,7495000,43625200,2114200,2075100,19695000
2022-08-03,82507500,2403500,3495300,131142000,71827800,30065800,5786300,8751400,28499000,1770600,14394500,2921200,31721900,7043600,23518900,418146000,6127800,53766800,9520100,23580800,5474200,6709100,4155900,1354800,6783300,1693300,11243000,2784900,2564668,5010000,11317000,7640400,64007000,4401300,16500100,6811000,35524300,1802900,1916700,32003100
2022-08-04,55474100,2745600,3422500,125855800,70585000,28404500,3759700,10640000,21602900,1533400,18033900,2339500,23938200,5722600,18098700,409652000,3656200,20145900,6789700,31821500,7071700,5039600,2478900,1031100,7810500,2000500,7322400,2963500,1721042,5651600,11795600,8679200,71427000,3822500,17026300,6124700,28287800,2368000,1627300,53106000
2022-08-05,56697000,2481400,3359200,93859900,50686900,35874500,4090300,7170200,19159500,1876400,14174600,1848700,25832700,6219300,16774600,386068000,4858100,12281500,5553700,17408000,5371100,4709100,1908500,2037200,5848000,1711500,10100000,3033600,1870262,5235500,10445400,8643200,55397000,3295600,16376600,4580300,32726400,2373400,1785900,32007000
2022-08-08,60276900,2202000,4623400,92606800,52229000,33454300,3396800,5966900,19138300,1460000,10332500,2477600,27299100,5719700,18739200,981859000,4733500,19557500,4063400,14458500,4854600,11293200,2655000,2002500,4788100,1344100,13025900,3130300,2101933,4629800,9165200,7243200,109821000,2846100,16071800,4486800,44042500,1656400,2102500,18175200
2022-08-09,63135500,1977300,4988400,89473700,40434700,40196900,5851700,5842200,19086500,1587900,10233800,2467400,18655100,4920100,23405200,668263000,4243700,12357200,4596800,19083400,3819700,6064800,2460000,1774100,7477700,1877300,8776500,2366400,2308211,5532500,7910900,5154000,61812000,3228800,12095600,3977300,33257500,2147200,2022400,19325100
2022-08-10,70170500,2634400,4742200,83416100,54773800,61415800,4179200,6145800,30930400,2459500,12847300,2443700,30262100,7271700,24687800,597422000,5258500,17077200,5746400,18302000,4075300,7181700,2304300,2096900,5625500,2336600,26398700,2907400,2670387,5603400,8857300,5693300,92548000,4041100,17355100,4641300,50229500,2291400,2791400,25251000
2022-08-11,57149200,1756600,3986300,77516900,44867300,50420800,4175100,7888600,24293700,2360800,11684900,2609400,24079100,8808100,20065900,509327000,5554600,16441200,6639600,18797900,5972800,4996800,2538900,2056100,6481600,2340200,50375000,2640900,2420607,9328700,8507800,7525800,87801000,2743800,44048800,5954300,40798900,3006200,2730600,23854500
2022-08-12,68039400,2150400,4318100,72316300,47643500,31821700,3846200,7244700,19096300,2369000,9906700,2514200,21274000,6259000,22619700,478094000,6692300,12320900,6443700,15058200,5208700,4345200,1864800,1710900,6683800,1918200,21964800,3302700,2284134,14606900,9489300,5262500,60985000,3756200,25835500,5038700,25822300,1981000,1883100,26625000
2022-08-15,54091700,2503400,3152600,61327100,39014600,24908000,2768500,8975200,19494800,2045700,8456200,2526300,15878700,7348900,18085700,457666000,3733500,10125600,5290600,20755200,4513200,4734700,1752400,1001200,6585900,1848000,24628300,2163200,2334818,10072000,9863300,5032700,65274000,3043100,15797800,6008000,28845400,1447300,1618200,26516100
2022-08-16,56377100,2139500,3992000,60220700,59102900,31870200,3835900,7218400,19041200,1740900,9555000,2448700,21156700,5953800,18102900,451240000,6185100,14123800,6564400,14038200,3852300,5259600,1959300,1662500,6924400,2498000,14607300,2504400,1680575,7453600,9569600,5250600,51368000,3395700,12874800,7093000,34241000,1773000,2296000,91773300
2022-08-17,79542000,1894400,3090100,63735600,48149800,27125600,3181300,6741100,22847000,1576300,8149300,2439900,20118100,5499000,18253400,446799000,5185100,10651100,4902500,13678000,3605200,6533500,1576200,2007000,5346500,1835200,9140900,1894500,1680575,7406600,8144000,4178000,56272000,2666200,13607200,4834600,23772300,1471700,1767300,41792100
2022-08-18,62290100,1402300,2064700,76059500,37458700,23138300,2791600,6477500,17987700,1102200,9531800,1934900,18844500,4664800,17186200,415447000,4120500,11268500,4516400,17770400,3525200,4404600,1750900,1878500,5966500,1619200,7343900,1744300,1526803,8312100,6532000,5090700,52804000,3010600,18916300,3829000,33817400,1486400,1913900,19197600
2022-08-19,70346300,2007700,3783000,67221700,47792800,36485400,4346100,6834200,21809500,1812300,13464500,1740700,26240800,6264100,20570000,441588000,4679000,11274700,4178800,16128600,4530700,5736100,2003600,1612900,7067100,1617000,8702500,2091800,2064502,8128500,8921100,5542800,75047000,3704000,15350200,6502500,27161400,2258000,2704300,22918800
2022-08-22,69026800,2074600,3735000,61837300,50461500,31210300,5182900,9147000,21456600,1723900,8967600,2312400,19499700,6452800,25061100,409593000,5757700,12384400,5139500,16019900,4023500,5312300,2008900,1599900,6701700,1860900,11575800,2282400,2618185,5462600,9087900,5783400,86301000,3385000,13601200,6380700,32057100,1672900,3593500,18667200
2022-08-23,54147100,1392200,3682100,52927000,36252100,26588000,5076800,10354800,15870400,1538000,7607000,2240700,18111800,7487700,17527400,369986000,4432300,11397500,3525500,23764700,3768100,3425200,2444900,2023000,8253000,1359000,7180700,1489700,1626350,5566300,8443800,3473600,52769000,2575000,16248900,5268200,27298200,2039600,2088000,16955100
2022-08-24,53841500,1883900,2055900,56520400,38627000,31389400,11438800,9468100,17734600,1530800,9771300,2218400,20891500,5262400,18137000,522661000,3876400,8957700,4230800,17050300,5018900,4211300,2503200,1680800,6286100,1145800,7840500,1796400,1367567,5684300,6844700,5669200,54263000,3340600,15551500,5903200,30647700,1761200,2024000,15766500
2022-08-25,51218200,3062400,2507700,61016200,37496300,40576700,24025600,8050700,16956800,1763900,10758900,2228500,15550500,4943300,16583400,770691000,3523400,8169100,4495000,15305700,3301200,4949400,1888700,1795900,5241000,1483300,6920900,2612200,1650529,5678700,7913900,5595200,37669000,3401800,14460000,5097600,25198600,1965800,1984400,19414500
2022-08-26,78961000,3600100,5647800,65552500,53322700,36152600,11074700,7765800,37245700,1703900,11276200,1925000,24023600,7911500,27549300,769127000,4904100,12286500,5060200,15531400,3838800,4957400,2560400,1521900,6508800,1886800,7807400,3367000,2870089,5667100,10089500,7990000,53498000,5246600,16546700,6086600,30590700,1906700,2203900,21331800
2022-08-29,73314000,2410300,3082500,61142500,48101600,34931000,9329900,8462600,21191200,1835600,8117300,2308200,20052700,7505300,20338500,496132000,4295500,11062900,4476200,23059200,3835800,4727600,1996600,2393800,6479700,1579900,6882700,1773300,2120143,5259200,9115900,5827800,71094000,4184500,13400500,5272100,25465400,1594000,1928000,17381700
2022-08-30,77906200,1835000,2787000,69087100,49203000,48194900,8079400,8814300,27513300,1830300,10745400,2618900,19567900,8849400,22767100,530181000,5099100,8773000,3918200,17086800,4337100,6248600,2691200,1288200,7746900,1872700,8060000,1919800,2249940,6973300,8456800,7394200,57404000,4026300,16303000,5203700,32481900,2013400,2238000,14468100
2022-08-31,87991100,3193900,5946400,64991700,53648700,44917600,9166100,13582700,28627000,2488000,10738300,3129000,40953000,9223100,24791800,573710000,8612900,14585800,6559000,18340900,5789600,4123500,2656600,1580100,6775700,2179800,7353000,2890900,2659967,8741700,14633600,6830900,86159000,5597900,26416800,8406900,46669900,2891300,2627700,22460700
2022-09-01,74229900,2574400,3998600,94854700,56636100,32848900,9924000,8244400,28360900,1575100,9979800,2493200,30145700,7830800,23263400,1178865000,8139800,10452100,5608300,16423000,4521000,7652000,2686200,2427000,6717300,2280600,7718700,1612200,2268757,7509600,14939700,5896300,72929000,4846100,19947600,7446500,30623200,2085300,2343300,21741900
2022-09-02,76957800,2450500,3702000,84924400,57429800,44000800,7315700,7526600,24160700,2215400,10666600,1936800,22634200,9974400,22855400,743157000,11027700,8673500,4508100,18206800,3601600,5262800,2185400,2647900,6096400,1901700,8465100,1496200,2780456,5803700,11809800,5785700,81649000,5801500,14667700,7077800,36489600,1944200,2665100,17234400
2022-09-06,73714800,2564400,4142700,68727300,43888600,40762400,6373700,8550000,25068300,1578100,9751900,2043400,19339800,10689300,21328200,535751000,7090100,9198900,4547800,19201500,4810600,5210500,2141700,1976400,7270900,1933400,9537300,2037500,2578629,7394600,12181800,11077100,74690000,4900100,17153500,8217200,57232600,2711900,3760600,21899700
2022-09-07,87449600,2385500,4000400,67891200,47900300,40742600,6211400,9442100,23167000,1496600,10647900,1998300,16831200,7592700,24126700,512657000,5792600,9529700,4098300,16274700,4141700,5298600,2166900,1533100,6890900,1827900,8193900,3324400,2371643,4590600,13290700,11366600,81493000,6074600,15378900,6609400,55566600,2504400,2902300,17058900
2022-09-08,84923800,2276800,3655900,89089300,43988500,44361800,6659200,9232500,24238300,1755600,11435000,2114000,22530800,8446700,20319900,624873000,6897100,10113300,4377600,18759200,3988300,4949100,2245700,1201500,7147200,1600800,8443300,2390800,3547398,5838400,17193500,8852500,67374000,3888100,18271000,7380500,49770900,1557500,2166300,16956000
2022-09-09,68028800,2998900,4631300,68907700,49387600,37295100,5642300,8261100,23197700,1445600,9299700,1815700,22086800,5976200,22084700,486612000,7762400,12020100,4885600,17158000,4427000,5775800,2279600,1214500,6085000,1930900,9563100,1456200,2943840,5500600,11855900,5700400,66996000,3662000,17501700,6434300,55081300,2495500,1748000,16140600
2022-09-12,104956000,2854800,3484600,71922500,53826900,30534000,6353400,8920800,22966800,1563200,8614600,2097800,23220400,8030800,18747700,484159000,15628900,11236300,3812300,16118900,4938400,5363100,1937200,1723200,6208600,1522400,7923400,1653700,2798969,6365300,13026900,5573800,60474000,5953300,13744800,5818700,43425000,2792000,2382600,14284500
2022-09-13,122656600,4175100,5155200,80921200,72694000,40959600,5463200,10308300,38172900,2242100,12904600,2316900,44444100,7890700,33353300,714956000,29476500,15105400,5217900,18229100,6195900,8724900,2207500,1268900,6977400,2881400,10504600,2387900,4915167,6726400,18532800,5624800,80001000,6926200,16603200,6350200,42274600,3172500,2382500,17687400
2022-09-14,87965400,3004400,4425400,71483000,45316800,32004400,6037300,11160800,26395100,1953300,9345700,2657900,43064200,8341100,23913000,588507000,21601400,15117200,4632800,22655700,4673600,8478000,2295000,1492000,9457900,2007300,8610400,2309800,5007633,9555700,12881600,7281500,82303000,5156900,17162500,6137800,41000300,2648100,2608300,19934700
2022-09-15,90481100,27840200,5775000,81818000,52887200,44863300,7012200,9665000,34188300,1489400,10821400,2486800,34606300,8883100,31530900,523625000,12478100,15043100,6099300,21092300,6416900,9792800,1933100,1822800,9997500,1749600,9739800,3103000,3492364,7174500,11451900,18681000,194541000,5461000,15802000,5320700,38637300,3058100,4041800,20189400
2022-09-16,162278800,14948100,11543400,75300200,115667800,54281800,9882300,43741600,42797200,2946800,14844100,3650900,40122800,20988900,39791800,670751000,23412000,17490500,9398200,37874700,13887500,10310700,5088300,2777900,14608000,3004800,15978800,4565300,6492755,20201500,20493500,19190700,189142000,12012600,30629500,9321500,69825900,3981700,12562000,41874300
2022-09-19,81474200,6593400,3212800,64966900,47279700,29782000,4874800,6813800,23036800,1652700,8201300,2369700,22169500,6011500,26826900,569685000,8364000,10977500,8133600,15342100,5042500,5150700,2923700,966600,6600600,1441300,7979500,1783400,2444381,7380900,12596200,8821000,179124000,3720900,16256200,6056000,33805300,2130800,3018000,16853100
2022-09-20,107689800,6548800,6373400,51129100,47698400,33591100,5505700,8955200,26517100,1569900,9619000,2769600,23217400,8092300,26660300,524818000,8624300,15905800,5292500,14712500,4532900,6737600,2512400,1890600,5655400,1843100,6957400,1622400,2507711,7143400,11984600,6242000,160374000,3872000,15369000,5589800,36187500,2421700,2827400,13963500
2022-09-21,101696800,4913100,4928100,82069700,58498900,51667800,6164400,6877000,31487300,1796700,12606300,2366300,38338600,9707800,28625600,807679000,6768200,14457900,6705900,17332400,5076100,6244300,4061900,1442600,5818000,2082600,9776400,1495600,2534622,8071200,14165300,6706300,91668000,5134500,17505200,6413900,38815600,2427700,3162900,24903600
2022-09-22,86652500,5657600,4988700,101436900,55229200,47527500,12405100,6981100,34298600,2239900,11684500,3176500,34418500,8376300,31061200,759162000,7190700,12996900,6604700,16139400,6161000,6311800,2508400,1417500,4971600,3133100,10953400,2324900,2255908,7401100,11657600,6748700,100180000,4290600,18508100,5061600,37800400,2285600,5238500,16744500
2022-09-23,96029900,4739300,5500600,87690000,65126700,55316100,9175800,13919700,31625400,2918500,18138600,3245900,31710700,9990500,34176000,663309000,9282500,12175900,10755800,27738800,5751600,8927900,4047200,1184300,10157300,5377800,11976900,2297600,3239650,9598600,14824000,6719700,112072000,4565100,18871700,6523600,46225600,2536900,4252800,27195300
2022-09-26,93339400,6746200,5906300,82898700,62723300,40360200,7862400,9444000,27072700,2308800,15753600,3635600,30497000,8496000,27694200,547343000,6897800,16936400,9914600,22043400,5697800,7095100,3213400,1833800,8719000,4001900,9760500,2812800,3309758,8735500,18670100,7702900,82343000,5326400,18680200,7396400,46841200,2867400,4163600,23011200
2022-09-27,84442700,6390900,5674000,94871800,60094700,43396600,7046600,10121000,30072800,2007400,12793600,4073300,30826500,6855400,27018700,553854000,9284800,11627600,9799600,17307300,5598000,6682300,2753500,2166100,8779000,2412400,13360200,4027900,2723803,8686700,23829300,9247000,77622000,5400700,21562700,7722200,41183400,2583400,3371200,17171700
2022-09-28,146691400,4985100,9837700,72389500,55763800,38372900,7908400,8279800,32466300,2289700,12762600,5611400,32658500,6693500,29029700,542414000,8549900,14925900,9751000,19543300,5226700,10257200,3694800,2537300,9207500,2419500,12895500,2338200,3113698,8660900,21480100,8713400,175797000,5480900,16532600,10455100,42670800,3027300,2958100,16838400
2022-09-29,128138200,5155300,7362200,102552400,58969700,35220900,8602500,8197600,31047200,1930800,12713900,3439700,38985400,5892700,27484200,532763000,8882100,10772500,9105200,17896000,5509400,8905400,3518100,1745700,5929800,1963900,9435100,3104500,3153355,7008100,14570700,8291300,189949000,5167700,13559900,7128500,51308300,2392000,2494900,15241500
2022-09-30,124925300,4578800,5209200,81664100,59479600,42294100,7575600,9402700,32941500,1970800,15973400,3804200,33166400,8090900,35694800,565638000,9794400,10641900,9472300,21357600,15359000,8383000,2963000,3710200,7172000,2436700,12094900,5163600,3854741,8985200,16124600,12854300,118486000,5971900,22962300,9431900,63932700,3116000,2823300,19602300
2022-10-03,114311700,3738100,4998000,83841600,50941900,34591700,6819900,9597400,27982000,1938800,12248100,5285200,27723100,8169200,28880400,547478000,9661400,10416300,8842300,23881300,7437500,7962400,3444700,2042300,7701900,2338500,9468400,3786800,3418411,8657000,16277600,8115200,86574000,5093400,22834300,8477700,59540500,2562400,3494500,17574900
2022-10-04,87830100,4509200,4124500,77160500,62812600,39758700,8017900,9520200,28850800,2399500,16013600,3949200,34670700,7875000,34888400,584182000,9892600,11239500,7081400,22133700,6612300,7235700,4008200,1728600,7582900,2175600,10229000,3105700,3734353,6236100,18861400,8193700,139259000,4596800,28198800,7211600,46876200,3189800,3414500,16134300
2022-10-05,79471000,3469600,4040800,87127400,48217500,35791100,4256200,10633100,22176900,1992800,10943500,2845200,27979300,5956500,20347100,507131000,9201600,9803500,6119900,34857700,4777900,6268300,3067400,2114300,10073000,1587700,7562800,3865500,2974493,4539400,14324900,5468700,108256000,3538600,15673400,5071100,38250100,2281800,2811400,14553900
2022-10-06,68402200,4884000,3121600,98325900,42253800,40891900,3853900,9498300,22324000,1367400,11521400,2494400,36231100,6434800,20239900,644157000,6992000,8652300,5163000,29124700,5124800,4454700,2415000,3128900,6388900,2430700,6728200,4230800,2629516,5890700,17192800,8374600,91889000,4623400,22068200,5530800,52923900,2187300,2375000,14200500
2022-10-07,85925600,3495900,4097100,163786300,54678000,52304600,5956700,9972500,27502800,1790100,11681100,2210800,33214800,7180900,37769600,672478000,7137900,9229600,5610300,24507600,4648800,5097400,2759200,2659600,9373500,2568100,7051000,3162700,2996143,6363500,11479800,7697400,98061000,4779200,20095000,6095400,53446900,3273700,3491000,17080500
2022-10-10,74899000,2906300,7099000,112241800,42339700,37669100,5497800,5904500,18225100,1309600,8931700,1783500,24024000,5418000,29743600,698699000,6407200,20930500,4743800,16786100,3830800,6829900,2633900,2111700,5883200,1616300,9532300,2982300,1954635,5315600,10239100,6118000,99911000,4839200,17888000,6923300,43852600,2459100,3141700,11411700
2022-10-11,77033700,3209800,4796900,114054800,56432200,58124000,7415000,7533300,26507100,2392800,12739700,3554900,38481400,6271100,30474000,667482000,7376900,16098600,6294500,17804100,5675100,8508400,2542400,1938600,7602400,2341400,8900900,4892500,2942221,6212200,14303900,9143100,152824000,5222600,20981200,5516200,49661500,2844500,2164600,21276000
2022-10-12,70433700,3044100,3866100,89264200,45728700,36137900,5707100,4942000,21876400,1763800,13181000,2646800,34605200,6411600,21903900,492590000,9008600,11069300,4884300,12635800,4528000,6393000,2260800,1974100,6221600,2043900,6156200,4243000,2759818,4341700,18377400,9715100,129526000,9795300,18803600,6823500,46719600,2254300,2229200,16947600
2022-10-13,113224000,4737200,5168600,131159800,86868100,67671000,6548600,10227500,34574500,2724900,22398700,3322800,34325700,11811500,42551800,850103000,10147100,15397900,8426400,22019100,5066200,7842300,3745900,2200700,7999100,3390900,11025400,7258400,3260591,6465100,16220700,13643700,175050000,8412700,23135200,6910500,60354500,3999700,2574100,20545500
2022-10-14,88598000,3563300,5963500,96959300,67737300,58108500,5736300,7327900,25410700,2397600,33387100,3106300,23559400,13658500,30198600,713432000,8044500,11757000,6449400,15222000,5290500,6093900,2830200,2227200,7646000,2301600,8202100,4711100,3004944,5684600,15997900,8735000,152934000,5937900,16980500,5516800,47185600,5628900,1936400,16641000
2022-10-17,85250900,4600600,4148100,76977600,62782000,88896800,6288200,5890400,28419200,3118600,22276300,3417600,29612200,11412400,28142300,580774000,11368300,19583300,13952100,14283200,4016200,9073500,2940000,1854500,6667000,2097500,7083800,3704400,3477998,6710800,13721400,7563500,210578000,6401800,16678400,6664600,44240700,3282300,2274700,17812500
2022-10-18,99136600,5472000,5350800,103064500,65607400,81937900,16354800,5631200,24060700,6428600,21539700,3096000,25445000,9767800,26329600,659362000,6688600,9921600,5209200,14065400,3540400,6146300,2674000,1697400,6826200,1864000,8533500,3009900,2001677,10883600,11823100,6998500,257767000,4547400,18442800,7114200,49420200,2345500,2282500,16842300
2022-10-19,61758300,5529100,3600700,75704800,47198100,43139900,6220500,9766800,23811100,2363800,17072000,1914300,30691000,7429600,19985700,523131000,5506000,8590100,4927000,20921700,3333300,6321900,2088700,1516600,5500400,1207600,11731000,2611700,1707688,10044600,10182300,8579600,466853000,5200200,23054700,9993700,47349100,2500500,2129900,11339400
2022-10-20,64522000,3621600,4473700,79552600,48795100,39549100,9203400,8871500,25323200,2382300,12207400,2463800,26356300,7638100,21811000,652398000,17600500,10581900,5706700,17649000,3880100,4331700,2953900,2680500,6456100,1709500,8212400,4057700,2718846,5659900,16905100,13023800,172071000,4314000,17715000,8168000,117495700,2390800,2832600,12754800
2022-10-21,86548600,3659300,4078600,95366400,55660500,54870300,8335500,7971300,32458700,3545700,20593300,3599600,46348600,8149000,26299700,609494000,15652600,14423800,7582500,22814100,5419400,5451300,3483800,2418200,5886200,2508400,10193400,2789000,2994322,8487600,15034100,11161300,248891000,5071500,36575700,6394600,81050700,2896000,3161000,18134700
2022-10-24,75981900,4817400,3322800,76305400,49531500,33765600,6259200,7007700,27176400,2232600,12624200,3184100,63563400,8143300,24911200,517457000,11489400,13299000,7299200,17024200,5139700,5177800,2919500,4240500,5734900,2366200,8221500,2318600,3309151,6855500,17416700,9989600,133264000,5316500,24972000,6946000,69196500,2627100,4471300,18806700
2022-10-25,74732300,3814600,3899000,85501900,50934600,37132300,5804500,7280600,40611400,1837700,11289100,3012400,38433200,8173600,34775500,505482000,9137700,18001400,11907200,15719800,5229400,6515600,2545000,2161000,7000800,2130900,7687500,2781000,2941007,5661900,28829900,9216900,151007000,5220000,23127000,6776000,58235100,2411900,7698800,15051300
2022-10-26,88194300,4207700,3377000,79761600,68802300,41104600,6617500,6865300,88114100,2176700,11667000,5278000,82791500,7733400,82543200,532953000,10693600,12101100,15450000,17383800,4727900,29406500,3546000,3096400,8139100,2088700,9203700,2938300,4251921,6123800,15831400,6247100,157141000,5136000,21407900,6612800,65157700,2863500,4819800,20754300
2022-10-27,109180200,2870200,3573300,83871400,129605400,35261900,4987700,9177400,60710900,1998800,10727600,4725800,232316600,6466400,40424600,583113000,7053000,10785800,7946700,18214000,6850400,13754900,7872200,3205800,8948500,1576600,8673500,3367400,4809448,5390900,16026100,7163300,146126000,5424100,20377700,6676700,53975500,2212100,3325300,16602900
2022-10-28,164762400,3008400,4758700,78198600,223133400,31659100,5055400,10773900,43697300,1677100,11859500,3644400,95928300,7816100,40647700,521040000,8758100,16005700,8455600,28169400,10812200,7941100,5161000,2169900,7293200,2369300,7250900,3139200,4949766,6073900,12888900,9123300,99605000,6715300,27854000,6996400,55833900,2761900,4771600,13648200
2022-10-31,97943200,3253200,5647900,73274100,99251400,32565500,4878100,13281000,31675000,2224000,13295200,3157900,121361400,9087400,28357300,486341000,12349000,17709500,8674100,26401800,8604800,6212200,3786100,3529400,7121000,2192200,8814800,3237600,4485109,7810000,14016400,8273700,75051000,4877200,29961700,8346300,47573900,2770400,2908900,22572000
2022-11-01,80379300,2467700,6844400,83806700,153370000,29913200,4545900,9185600,47161400,2316600,13386900,3660400,110189600,8195600,30592300,432817000,7753000,10269700,5919500,22213100,6351200,5758600,2717500,2200900,5875600,1586300,7955800,2889100,4427646,6985000,10659500,5410300,69164000,4084500,30614500,6428300,48025700,3338900,2454500,14814300
2022-11-02,93604600,3480000,6611300,142669400,135761800,57380600,7238200,8087500,57038300,3221200,16546100,3074900,71821100,10907500,38407000,672628000,7524300,13037400,6985600,20654200,5345000,20236100,3150000,3050300,7680400,2464400,9583200,3061200,4747433,6877300,14549200,7119000,103676000,4970600,25813100,7318100,49201100,2696200,2824000,15522000
2022-11-03,97918500,4897100,5603300,95279900,136683300,30046500,5999400,6607800,61288000,2515600,12474400,2860900,60664000,6447200,36633900,500065000,6761200,26962900,8236200,17103700,3850700,16212600,3570400,2068600,13209100,2010400,8978400,3132300,4707978,4819900,9194000,6920300,70574000,3753800,20124600,5204000,41249400,2245300,2671800,10976400
2022-11-04,140814800,5738300,3443500,84791300,129101300,39369400,14265300,7491900,51124900,3172700,14953200,3414000,55638100,6929700,36789100,612576000,7219000,41464900,9680100,17541500,4623700,9396200,4973800,2782500,10663700,1987300,11035800,4813400,4173112,5300900,9725900,7758900,111247000,3922400,24528500,5555400,39458700,3513100,2400900,14669400
2022-11-07,83374600,3980700,3640800,62722500,77495700,37533700,7379900,7578000,34078900,2526900,12011200,2742100,81987300,4599600,33498000,410061000,5394300,18061500,7821300,16008000,4304000,10220300,3405600,1979800,6882400,2036000,11355200,4501300,2702861,6621000,8849700,7008500,79270000,3246100,20304400,6746800,39985200,2540300,2624400,11364000
2022-11-08,89908500,4230600,4511100,75938000,88703400,32664300,9101800,6308200,30429000,3501300,9884100,2387500,52088300,4850300,28192500,595292000,9104200,19481300,6943700,14661000,4637500,11274500,3676600,2132500,5039800,1709900,27130300,2876600,2661990,5148400,10081600,5518400,76838000,3724700,18054500,5266200,43210400,2797000,2715600,15068400
2022-11-09,74917800,2778200,3849400,62940300,90796200,30164400,5588500,8021700,31769100,3047200,9494000,3001200,107677300,5200800,27852900,454414000,6013700,14327600,7320200,19522800,4573700,8893800,6248300,1712100,7069500,1640500,62029800,2742400,3075862,6150000,10115200,4940000,72660000,4723600,15348100,5690700,41838400,2672600,2687100,15932100
2022-11-10,118854000,5502900,4974300,107996300,173414900,45702800,8777900,6981500,51620100,3790400,16351600,3255000,80671000,10013900,46268000,700819000,10437300,20122100,8048900,20146700,5607700,12375000,4590800,2276200,7543900,3098300,36968100,3601900,4405390,7877500,16804800,9315900,96673000,6704100,20480600,8068700,46482700,3426400,3338900,20310600
2022-11-11,93979700,4110100,6332200,111709500,111590500,35688700,7382500,8428300,33090500,3409100,10704700,3734700,59961700,9119100,34620200,655487000,7712900,19916700,9601000,20518900,6786400,8894300,3585400,1442000,8662000,2393500,22373300,3286300,4276099,11074700,18972100,5730900,95738000,7390500,20909800,7175200,52519500,7034300,3851400,19270800
2022-11-14,73374100,3464500,4687800,108892800,99533100,35541400,6580100,9722400,30179500,2609100,11085600,2348900,53395000,4873400,31123300,527852000,7153000,10944100,5796100,20858300,7077100,5598300,3217700,1438500,6163400,1820200,20598000,4782300,3109854,6581500,16361000,7904000,179782000,5633000,26143000,8516200,37316500,5238400,3082500,37525800
2022-11-15,89868300,2948600,6113300,108946300,111336300,46082800,8116100,7747300,41640800,3192400,14038300,2983600,50670500,7336100,31390100,545876000,7618500,14515700,7316100,19373800,5909500,7207900,3371000,1397700,8300600,2502200,15801900,4625600,2395012,9351000,13295800,5594900,146269000,5153600,25440500,7732400,49339300,5103800,3105000,76548600
2022-11-16,64218300,2123200,4581200,79968000,87958800,23813000,6454700,7941100,29105200,2303700,7893400,2579600,33287800,4368600,24093300,649547000,6011900,17049800,6125300,13591000,7358700,4438600,3062000,2178100,7365600,1833600,11137700,3645300,2475439,5500900,14199500,8444900,80386000,4701100,15822200,6193700,32155400,3430800,2713500,32593200
2022-11-17,80389400,2740400,5903100,82320800,82617900,23689700,7357900,6550500,26052600,2297600,8820200,2004500,35093800,4967300,23123500,710894000,5717300,11250100,5385600,12425900,5069500,4878600,3256900,3541300,5735800,1902500,12306400,2755500,2720667,4464100,11212600,8333900,98382000,3920300,13231100,5186300,36007800,4246300,2517400,24791400
2022-11-18,74829600,3421700,3381600,73223200,72428200,32041800,7555700,7661500,28342300,2384500,9468500,2737700,33357700,5450700,27613500,492072000,6107000,9371700,8028500,15415000,5691100,4693200,2868700,3608100,5727200,1584400,10011700,3680500,3009395,6555700,10415600,6664400,84001000,4498100,20666500,5671400,34211300,3566000,3003000,18987000
2022-11-21,58724100,3219900,3351800,51536300,84330300,27935700,8015900,8432900,21647400,1877500,7800500,1965100,24351100,4667100,26394700,404739000,5235400,13839700,10450900,20973000,6492100,3501800,2522600,3246900,6573200,1268300,70273500,3314500,2373868,5706600,15399400,6593800,72565000,4397600,14736000,6377200,31911400,3349600,2465600,21157200
2022-11-22,51804100,2573800,3149200,55450200,62192000,23499300,7017700,9018000,23438500,2019400,9185700,2510700,29029000,3804100,19665700,472866000,8796200,17402600,5273100,17719100,5351100,4370600,2523300,2039000,5604200,1809100,25753700,2334000,2545750,4707900,12319600,4105500,62451000,4109600,16358600,5372900,33771000,2567400,2210300,16898400
2022-11-23,58301400,2240800,2362400,81623600,59414700,18934700,5558900,5831200,18868100,1865400,7316200,1937300,21343100,4961400,19508500,427241000,6347900,8851700,3807300,11546700,3221100,3523500,2311300,1443300,7482600,1288200,15503200,2726000,2718036,5389200,8990400,4259700,59190000,2511000,10710800,4296000,21486000,2238300,1583500,16920600
2022-11-25,35195900,1197800,2160500,26018900,35088600,16118500,3023700,2796400,9701400,1129300,3220500,944400,12007600,2450100,9200800,167934000,2754900,4634500,1993500,7136000,1661900,3476900,1034800,658900,2547800,744200,6664300,1275700,1132962,3058600,5165500,3622200,32360000,1837000,6760200,2411100,13782700,1419200,912400,8777400
2022-11-28,69246000,2314800,3787500,45383800,74943100,35428300,7931700,9365500,26237500,2232200,9906900,2226200,23309400,6147700,24778200,303741000,5112200,11282600,10229400,23015500,3902800,5355500,2862100,1788900,5648600,1684300,13660000,2283800,2673422,6183100,12267500,6464200,47034000,6411400,20704000,6628200,27780200,2699900,2043000,17674800
2022-11-29,83763800,2392600,3526800,51846400,65567300,27048800,6398100,6985400,20061700,1746900,7925300,1724200,23899200,5307100,17956300,298384000,4928200,15491100,8986900,14453200,3689000,5077800,2277900,1623400,4909700,1685700,13205300,2127400,2126213,6700500,10969600,5398200,57869000,4375400,17160900,5634200,24088000,3751000,3671400,13841700
2022-11-30,111380900,4979800,10713100,88468400,102805800,51747900,14591500,10936700,43647500,2964100,14761200,4252300,43348600,10520600,47594200,565298000,9610300,25747300,13918100,23158100,12342500,6778700,3850000,3204500,8484500,3601800,15368100,6052200,4729527,13288000,30433900,9739200,160701000,7915600,35572700,12396800,59293400,9688900,7146900,31338000
2022-12-01,71250400,3365200,6331900,59833400,68488000,46213200,33721500,5217400,28687100,1706300,8858500,3374700,36551400,7310400,26041500,470977000,6127200,15189000,11261500,14398300,5827800,4517500,2504700,2090800,5285100,6970400,13855700,3329800,4036942,6282600,12001400,5830700,146649000,4683300,23592600,6927400,31615500,2997800,3934700,22732200
2022-12-02,65447400,2741800,4422000,64377200,72496400,42295300,15086700,6852300,21480700,1932300,8931900,2015500,39950500,5197800,21528500,371389000,4798900,24238400,5132800,15248400,4304900,10563800,2218300,1757100,4879700,3632100,12608100,2097700,2219893,5823900,13643500,6316900,126906000,3547700,16881600,4938300,33479600,2346200,3661500,20733000
2022-12-05,68826400,2542300,5058400,47022200,71535500,71386600,20294600,8162200,24405100,2329600,10154500,2202500,35474900,8272500,23435300,352255000,9102900,18317200,9006300,19287700,4859400,10456300,2064500,1427600,5478700,2455300,10764500,2212500,3113698,5120600,9185100,5511700,84230000,4083200,17959800,5402500,28698000,2424800,5004700,23608200
2022-12-06,64727200,2182200,3616100,64965200,75503600,84085700,16981800,8765000,24910700,3081900,13966700,2353300,43689200,10424700,22463700,352694000,7656100,14692600,5986000,21197000,5480400,8236900,3633800,1898800,6498400,2995900,11492400,2828800,2547773,7943500,10099500,5027700,71954000,5835100,21787100,6866700,45858100,3097700,5598200,20625600
2022-12-07,69721100,2055900,5662900,59180100,68086900,49234100,12915900,6936300,31045400,2128200,11739400,2454300,29461100,7066700,20481500,372388000,5105500,24695600,7923800,20061700,4637800,5871200,3044000,2501900,6099100,2072600,10353400,2635600,3018298,5702600,12307600,5108800,78216000,4241700,15929900,6175500,45381000,2849100,5124300,17550300
2022-12-08,62128300,2065800,5963800,56734100,73305900,45491100,15156900,8076600,32213300,1967800,8907300,1998600,30619400,6141400,22611800,515456000,5918700,13151100,4896500,21128800,4274400,6707700,2189400,2217100,7720400,2901000,9351200,2065900,2194804,4798500,9946200,4281700,72053000,3800800,26116800,5187100,45761100,2272300,3109600,13512600
2022-12-09,76097000,1969200,5261200,59058300,67398500,36985500,10287500,10754300,28225400,1588800,7957800,2301100,26033400,6488300,20609700,465338000,6850800,11781600,4928400,21298200,4644800,6359000,2257000,2243300,6385700,4211100,10111900,1998200,2286360,4561000,13914900,4460300,143640000,3116100,19933500,5868200,29815600,2852400,3487100,27929400
2022-12-12,70462700,2914700,4785900,60968300,61999800,41060500,11852400,9364900,29420000,1750400,8841600,2427100,24747100,7496200,30665100,457328000,15807600,13652800,5941700,20413200,4109400,8098400,2709200,2248700,5636500,2276400,14140700,2734900,3386038,4882400,11647900,5348900,101486000,4691400,18532200,6142400,31333500,2714100,3214500,19432200
2022-12-13,93886200,3428000,5533900,72458000,100212000,54804800,12579800,7838800,40593700,3062600,10025400,3072200,44701100,10330500,42196900,656589000,22812200,20069600,14585000,24305300,5050400,10975300,2945200,2482300,6285200,2626700,22882100,5581400,3490037,9177500,17521600,7179500,107564000,5634900,29461800,7680600,54142100,3369700,3863700,23408100
2022-12-14,82291200,3236500,6048200,67278000,70298000,48819500,9611800,7045500,28733600,2519700,9966100,2587200,36922000,7704600,35410900,496888000,11183100,18298800,7001700,17597300,4485400,5814900,3513800,1998600,5927000,2145000,11505400,4468700,2575594,9533600,12826700,6111600,75433000,5392500,36260300,7385600,44027700,2654600,3188900,20334600
2022-12-15,98931900,5498700,8012000,58557000,84802900,49027600,10807300,7272900,40107000,3163700,12087800,2774900,34531000,8795200,35560400,478542000,8196800,17639900,10831800,15365100,5268300,5343200,2953200,3223900,6400900,3437700,15957700,3631400,3258973,7602400,12212300,6469100,177246000,6127800,21627100,7117200,47277400,2963800,3478300,17514000
2022-12-16,160156900,11940700,13078300,62438600,146144100,61795200,15464700,23876000,58011800,5008800,21133700,5947100,67064000,17262000,86102000,478232000,19200700,25735200,12472900,54596600,18905500,7906800,7610700,2894600,17422600,4909200,26383900,10623600,7211643,18841800,33631500,16949300,140800000,15708100,65689500,19966400,76412500,7109100,8241400,40343100
2022-12-19,79592600,4086300,6757300,46246900,83531500,38374100,9441400,7131600,29493000,1646700,9017200,2457300,29769900,5129600,29696400,354039000,7738800,15330000,4893600,13611100,4033400,6605400,2622400,1562000,4991400,1939200,19225300,3628800,3125838,5736000,10919700,5681100,61637000,4447800,16081900,5881800,62216900,1808100,3690200,15067500
2022-12-20,77432800,3873600,4214000,52431300,74348300,35561100,8455500,6199100,23453800,1623000,8549900,1895900,28742500,5206800,25150800,403260000,6390200,9470900,5024900,14680000,4221000,6156800,2649900,1260600,5538700,1993700,14918400,2394300,1897780,6174700,10286500,4811900,69181000,3249000,12433800,5646100,40922700,2086100,3062200,17009400
2022-12-21,85928000,2583000,3367500,44167600,59267200,32544000,9313200,5479400,24745600,1923100,8051700,2087000,20392800,5422400,23690600,325025000,5932400,13861600,4086900,13565400,3707200,9175400,4143600,1131200,5433000,1462400,11004800,2269400,2655819,5472000,10411300,5356200,63762000,4236900,12925000,5024700,42316200,2182000,2833000,13726500
2022-12-22,77852100,2319300,3715800,73917700,81431300,30234400,9968600,5755000,27658300,1528900,8648200,2276100,23618100,5635200,28651700,565045000,8181400,16488200,5690300,13213000,3606000,6924800,3129900,1288700,5295400,1906100,15487400,2312200,2245893,5709100,9666700,4491000,78562000,4304700,14822300,5904900,32615000,1851600,2626400,13082400
2022-12-23,63814900,1629800,2344200,45923000,57433700,21378600,5821300,6079100,23003000,1062000,5091900,1914500,17796600,3316100,21207000,349326000,4129100,9990400,3246000,11539400,2685100,3983600,1959900,1269200,5001500,1229500,11171600,1803300,1315871,3683400,6463300,3254700,42511000,2197800,10666500,3401800,25164100,1292300,1897600,9547500
2022-12-27,69007800,1464300,2329800,36086000,57284000,22776100,8300800,5168000,20097300,1035000,5411000,1637700,21392300,7064700,16688600,464902000,4290700,10323800,2904900,11962100,2669200,5014800,3381500,1240700,3849400,1230800,11561400,1698500,1478040,3067300,7320700,4726500,57781000,3045000,12033800,4215100,30382500,1596700,1294200,10044600
2022-12-28,85438400,1672100,2763800,39526500,58228600,30541000,6249800,4494400,19523200,1117200,8827700,1854100,19612500,3714900,17457100,351066000,3794000,8897600,3139200,10702100,2944500,4426300,2270000,938400,3856400,1324100,12399500,1687600,1626047,2645400,7159400,3536400,59644000,2694300,10053900,4197500,26632300,1694200,1455900,15246300
2022-12-29,75703700,1793100,1793400,41428500,54995900,22252900,7628800,4142100,23333500,1273600,6585200,1459800,22366200,3461700,19770700,354923000,3867800,13143000,3675500,10534000,3112500,4518900,1652500,796900,2921600,1465000,13045100,1444600,1901826,2828800,7169300,3378300,95885000,2549200,8971300,3809100,23765900,1379700,1369200,9171900
2022-12-30,77034200,1740900,2351600,37127000,62401200,28198900,5630200,5005100,23986300,1031400,9292500,1617600,19583800,4455600,21938500,310490000,5375700,10175700,4159400,11799600,3680400,4007400,1521100,913600,4220500,1803200,23231000,2055600,1618662,4216600,7650200,4266900,75669000,3136200,11396200,4532000,26204200,1849600,1670900,11505900
2023-01-03,112117500,2229100,3363500,46851800,76706000,35221500,8196400,7565400,28131200,1589700,11054800,2933600,35528500,5108900,25740000,401277000,8997500,27974200,4202800,15146200,4937500,8624600,2651900,1574400,5424400,1978100,14997100,2688900,2245185,6344900,12180500,5535400,67640000,5137400,15603800,6447300,42149200,3525600,2206500,17249700
2023-01-04,89113600,2186800,3763600,47477100,68885100,41998500,14322600,7684500,34854800,1881000,11687600,2661000,32397100,7726800,50623400,431324000,7836200,19144700,6606200,18058400,4440400,9746900,2387900,1679400,4837600,2097300,14957200,2819900,3905325,9788800,13387900,4831100,93451000,4771300,21808400,7313400,43926800,5070400,1965100,13338300
2023-01-05,80962700,2081600,3902300,46159500,67930800,34177000,8493500,6088200,27194400,1397800,8381300,2608500,25447100,5339900,39585600,389168000,7643800,11113800,5246000,15946600,3516000,6913300,2355900,1624400,5177700,2169300,11622600,1920600,4104825,6255300,9814700,5472600,83284000,3647100,20057400,5373800,31081800,5497100,2736800,13274400
2023-01-06,87754700,2216600,2893400,70161300,83303400,34068700,9145700,7191200,41381500,3097800,10029100,4432800,27584500,5710900,43613600,405044000,8641600,14167900,6829700,16348100,5099100,11256400,3945100,1483500,4442300,5174500,9828100,2157300,4103611,5706000,9990000,5235300,89598000,3713200,29635900,7882200,36050300,4841300,3690100,21231900
2023-01-09,70790800,3133800,3014000,69741300,65266100,43818800,13679700,8385600,29003900,1989000,8482300,3913500,26649100,5039700,27369800,504231000,7519700,12966100,6294500,17964600,7833000,9005600,3417100,1903300,5403200,2384800,11675800,2358300,2658045,7925300,9442600,4749000,67666000,3319200,30839100,5727000,51981100,3702800,3214600,17756700
2023-01-10,63896200,1670200,6056000,41149600,67756600,35096000,6527700,8307000,30467800,1610100,9048700,3485900,28684400,4536600,27033900,384101000,5703300,10436000,10857000,15104600,5936200,8183200,3011900,1133600,4042700,1649900,6914600,2244500,1796411,5047500,10134600,4921100,130723000,3817300,29212000,4716400,32869500,3164000,2324200,11970600
2023-01-11,69458900,2344400,5409500,44470100,103126200,36783700,13595000,6962600,26862000,2127000,8703700,3370200,25423000,6122600,28669300,353285000,8359700,10640400,5408200,16710400,7492000,7190700,2402400,1498800,4569900,1576400,8757300,2358800,2953552,6494800,10823000,6153500,95797000,4369900,23022200,8691300,30010200,4274200,2674700,14834700
2023-01-12,71379600,2121800,5012000,70066200,85254800,44230400,11678000,6891400,30258100,2103100,11001700,3291200,30757700,7895600,27269500,551409000,6071100,9381900,4264400,15357300,7665100,8208100,3881500,1459800,5072500,1628200,19764300,2350100,2998773,4269400,13907300,4648600,108562000,4246600,23345300,7801600,31740400,3726800,1832200,12472800
2023-01-13,57809700,2581900,2369500,45757400,85549400,89667800,8378100,5726300,26329200,3310200,20200000,4261000,22423800,8414600,21333300,447287000,5090800,8624700,4283200,12011400,6019300,6213200,3067800,1248500,4360200,1405900,12230200,2722900,2020393,6088000,13986400,4943200,82868000,4720400,18737500,5535800,25480000,5390100,2078100,13699800
2023-01-17,63646600,2512700,3765300,42621300,72755000,56458400,9407600,10697700,32602400,14448300,14292900,2814500,21147600,27914300,29831300,511102000,6550400,11261800,6101100,16542200,8507000,6150700,4100100,2027800,5228500,1539900,14914200,3552700,3319571,6053300,18327800,8410200,92470000,5032600,29391400,9611800,38801000,4495600,2703300,15122400
2023-01-18,69672800,2079800,3565300,39538700,79570400,54517800,7812600,8899200,29116700,5585200,13392600,2747100,20215500,14134800,30028700,439624000,6397700,13601900,6558000,16399700,6190800,5403100,3361400,1941400,5138700,1925500,11384500,3152600,5160900,7047800,19679400,6107700,78141000,5032600,33835000,10461200,38023700,4398200,3085100,22674300
2023-01-19,58280400,2467000,4435300,47189900,69002700,42707100,7070100,5907200,37000400,3100400,13303400,3111200,28625200,13457100,28623000,452932000,5597000,10023400,4853100,12928000,7169900,5813500,4885200,2186600,5049100,1919500,10973600,3025900,4602158,6939500,14894500,7099700,180082000,4720400,26614900,12683700,40180800,4549600,2711600,17342100
2023-01-20,80223600,3149400,3343100,47757600,67481500,45004400,10127100,10477900,63191100,11247200,13092500,3863400,28688600,10785000,35389800,564967000,5567300,12193200,5211000,16515600,7059000,5475400,2964100,1628800,5101400,2588600,14549900,3968400,4023892,8620600,14237700,9429200,284303000,5779100,25197600,8603300,37836600,3525900,2296400,29543100
2023-01-23,81760300,3187100,2354500,84293200,76501100,33683300,19922900,8381300,40005100,4915700,10487100,2743900,27470100,8735300,31934000,655163000,7390200,17407300,5501500,16584400,7616400,5481900,2610200,1374300,3963200,2709400,11479100,3326700,2832354,8425400,12613400,6864300,156469000,5440400,19398600,7473100,32890800,3418700,2240100,13149900
2023-01-24,66435100,2466400,4874900,60822600,66929500,26716700,6390200,5989000,33078500,2372000,6945000,2756200,21970200,4801600,40234400,496204000,7004600,9491300,5274900,13583000,5171400,4753700,3505100,1103300,4216900,1510200,8606700,3048200,3254724,10541800,10103300,6652300,117965000,4125600,18853100,6822500,32858500,3036300,1958400,13669200
2023-01-25,65799300,2239100,5565000,49932600,94261600,28859700,9390500,6727500,42330000,1985200,8967000,3501900,26622000,5891000,66526600,449537000,5896800,9463400,4729600,11914700,5744300,16106500,2424900,2186200,3984700,1329800,10008000,2066600,2179831,7099800,11265800,28527400,77669000,3852800,20828000,6902600,73582100,3037300,1722000,12491700
2023-01-26,54105100,2350500,3335200,49583900,68523600,30035500,13354600,14307800,30114000,1919200,7487600,3718400,25482100,6085100,33454500,489535000,7302800,10566000,7043400,21019700,4577800,7288100,2677200,1359000,5807400,1576400,9204400,2093500,1949779,6946100,11884800,18508700,82568000,4558400,38465500,5398600,47400900,3005000,1627000,15819000
2023-01-27,70555800,2615600,2294200,58118600,87775600,29964900,9872300,19654700,33879800,2427400,7489900,3405600,35771900,7990800,26498900,542142000,5676800,10889100,11382600,15179200,4591500,5237900,2783000,1517400,4857500,2034100,10249700,2277000,2147155,6058100,14087000,13243200,67035000,5451400,23798600,6870800,37094000,3177100,2831600,18412800
2023-01-30,64015300,2663600,2080700,48105200,70691900,27353500,8169800,11476000,27226200,3184500,6729300,2688600,28040100,5870100,25867400,488611000,6255300,10301000,5677400,18672100,4573400,6066800,3426900,2407000,5246300,1855900,8548500,2470900,2575392,23259100,15632000,10669600,51276000,5191500,24402200,6369300,37246000,3606900,4593300,15897600
2023-01-31,65874500,2572400,4342000,71669100,66527300,38917400,6421300,14481300,29870700,2311500,9188700,3137400,29842100,7182100,26541100,498017000,6200400,15730300,11294200,27861800,5628700,5163000,10992100,2400900,5200100,1924100,8251700,3722600,2325612,11612500,14344400,19020400,56607000,4665500,49722500,9373400,36575900,5567000,6872100,14103600
2023-02-01,77663600,3362000,6371800,152548200,80450100,44438700,8853900,11526400,35531100,2889400,8841800,2951900,55661000,9815200,31259900,660477000,6141300,13221600,5792700,19464900,5439900,8462100,6022000,2488600,7282300,2080200,9975500,3054300,5455092,9865300,12535400,15188700,80052000,4147700,24482300,7207900,40172500,3451200,4005200,12849300
2023-02-02,118339000,4020000,10982200,97762100,158154200,33729100,10667100,10463400,69883800,2619600,11822100,2761600,150475700,11118900,39940400,564276000,8269200,16906600,7190000,24562100,6160800,6513400,6130300,4634000,11531300,2287400,13093200,3796600,7267285,10099000,16947200,18604100,78570000,5653800,35279200,6444300,34968800,11169900,4995900,17806800
2023-02-03,154357300,2695400,6736100,66557800,144374800,37411700,6481700,8404900,65309300,2243100,11501200,2739600,76809700,6948600,29077300,429366000,5671800,14786900,5243600,20226600,6553000,5400300,4134700,2215500,13504200,1844100,12472500,4331100,4509692,6868500,15404400,11671500,94020000,5308200,23742000,5993100,31599900,5440100,2766300,17155500
2023-02-06,69858300,2369600,3895400,53008900,81945200,29463200,4310600,7659500,31999600,1816200,8406200,2068300,42483800,4737700,22518000,452197000,4097200,14175900,3402400,13855200,4297000,3903000,3528800,3976600,11516300,1740100,11956500,3050300,2887490,7021000,11330900,9343400,49949000,5640000,18071200,6108100,30929800,4174200,2243300,17454000
2023-02-07,83322600,2476200,3394200,65291900,119501300,44100200,6179200,10256500,49010200,2205500,10447900,2309100,47080700,5060700,50841400,664150000,9226000,13520800,4042600,16013300,5401900,7311200,3467900,2478300,7370600,1927300,10844000,2672600,2982182,7310800,14922700,10855800,62894000,6044700,22999500,6278300,36534400,3394600,2037800,16341300
2023-02-08,64120100,2668100,6025800,54140400,75878300,28032800,7694500,9784700,94743500,1893200,6958000,2193600,36139100,4705200,54686000,559651000,7624400,13569300,4978600,18459700,5753800,4229800,2300300,2152700,6713200,2062900,27719900,3328600,3603748,6054700,11012000,9082200,62532000,5687300,19362300,7123800,29805200,3466400,1970000,11691300
2023-02-09,56007100,2265200,3747700,46525400,64622500,35257100,11512300,10123400,119455000,2052500,6443100,2287600,37118800,4983800,42375100,523876000,4960300,25473900,5238400,17439300,12216900,5018900,2464900,2256600,5768300,1517300,46137200,4403000,3048446,7949500,12515300,13163500,69011000,9619400,20809200,6547400,28320900,3664600,2135600,13064400
2023-02-10,57450700,1846300,3096900,49332600,52740100,32898900,11273700,11602400,54980700,1933400,6582900,2270700,33433600,5224900,25818500,550737000,5318400,37521000,4509700,24918600,8956700,4862900,2820300,1484400,10779200,1536800,15566000,2633200,2924416,7028000,14420700,9883000,72911000,6176000,18619600,8108900,24931200,3418100,2533900,15002700
2023-02-13,62199000,1877300,3838500,45400000,52841500,29163900,8820300,9442900,50076100,1570600,7134600,2286400,31463200,4910300,44630900,474919000,5560900,15898500,4946700,14536200,5602600,5193300,3068100,1170900,6018200,1452600,12341500,1931400,3007878,6414700,16191800,8114200,71344000,5205100,17878000,5081600,21668700,2589000,2481400,16015800
2023-02-14,61707600,2479700,3756200,55979700,56202900,33625200,8393100,8077300,54726100,2155500,9249400,1841400,24034600,7679500,37047900,675474000,7484800,18802000,4829400,12079000,4662800,10033100,2512900,1795700,7308100,1257300,10768100,2190700,3034384,6316000,20505700,7089400,46248000,5203000,17506900,5253500,23195200,2072600,1876400,13831200
2023-02-15,65573800,2088200,4141500,46430200,47957600,23500100,4997000,8885700,50169000,1687200,6728300,2203300,25308900,6464200,28922400,420575000,4329900,14494600,4407300,13663400,5648100,4846800,2398200,1547200,7203700,1422600,8156000,3276800,2561734,12621800,13171400,9344300,39660000,4125500,18994700,5530300,31145400,2242500,1750000,14674200
2023-02-16,68167900,2917000,5064500,57755200,56339200,22681100,7483500,6727500,42462600,1947800,8165300,2792700,25827500,6051800,29603600,412026000,5942500,11461800,3865900,11360600,3757500,4388000,1934900,943400,6531900,1456000,9479900,2150000,2787032,11177000,16538300,7795600,52157000,4973200,17832000,7595700,35161100,2611500,2633000,16312200
2023-02-17,59144100,2985700,5737000,47826600,60029400,28562700,8084500,9612100,34284100,1857300,7948800,2718900,24171300,8133000,30000100,465888000,6398400,15855700,4520200,20758300,4562400,4985700,3759300,1699500,11294500,1340400,9492200,3041300,2883646,12401900,16814700,9436100,52947000,3952100,18293400,8034700,29997500,3891500,2510100,24770700
2023-02-21,58867200,3002700,4858600,44045600,56580400,37068900,5210800,7259700,33629300,2403000,9996300,2730900,34592600,6556000,28397400,410015000,5260300,14537400,7276100,14469400,8466100,4663800,3105900,1243200,7200600,1811800,10648200,3262600,2863918,9423900,14278300,11915600,57103000,5797300,17356600,6899500,28220300,2877300,3994800,54393900
2023-02-22,51011300,2599300,5810400,50286800,59534100,38550400,4343700,6205900,30884000,2203800,11107500,2109300,22433200,5072400,22491100,513184000,5840100,9526700,4621800,13973800,6041700,2920000,3145200,1292400,7929500,1332000,9885100,2070500,2997862,9820200,12409600,9351200,45462000,5299500,17394200,6126300,25308800,2982800,2376900,29844000
2023-02-23,48394200,3154500,4010400,76391300,48467000,28488000,4679400,6445500,41206400,1931400,8068000,1975500,20017800,5916100,29219100,1117995000,8637100,9292000,5533800,11289400,5993300,4139400,3219000,1946600,6095800,1546300,10974800,1889400,2475136,9385100,12222800,9049900,132387000,3801400,21104300,5835400,24845800,2511800,2341200,22021200
2023-02-24,55469600,8444500,4102100,46700000,57053800,27046600,6569900,5330200,36585100,2428600,9126900,2016100,19791300,5414200,24990900,589716000,7659200,12317700,4414400,14351000,5621100,9658700,2105500,1319200,5617900,1587600,8523000,2320800,3344054,8689700,9736200,9127800,68307000,2959100,16806100,5260700,29138100,2940400,2674400,20623500
2023-02-27,44998500,3500600,3591500,45617300,47470300,30137500,6891200,6386800,27502300,2842400,10014700,2200800,19277000,5645000,21190000,452994000,6748800,8579300,4255300,11710500,6828800,4318900,1720900,1357200,7429300,1501700,6641200,2416300,3402326,7267100,8849800,7029700,61426000,3208500,26370300,5820900,22981100,3006200,2925400,16647300
2023-02-28,50547000,2714200,6205100,44220100,43959300,32620600,6912600,10854200,30142000,4945600,11019800,2732900,46051100,6745300,22491000,455963000,7468000,8607400,5385400,18107000,7561700,3589900,2647700,2734000,8771800,1918200,8233700,3155500,3146375,9062300,16082200,11276700,36761000,4317100,31086900,6709900,34154800,3902100,3703000,18054000
2023-03-01,55479000,2377700,4360100,44266000,52299500,29281600,15841200,7470400,31111200,2717400,7139200,1968100,30998400,5429600,27565300,460026000,5119800,7699600,4792700,13200000,5485800,4402300,4117700,2680300,6064700,1759300,7898300,3373100,3269393,6767000,13275800,11809200,49113000,5359100,21104400,7101800,23339900,2996900,2307500,14180100
2023-03-02,52238100,3845800,4008200,60108600,55509400,44607200,37712500,5582000,32204400,3259800,11106800,2526000,17352000,4632400,24808200,389415000,5293600,7729100,5539300,10339900,4567800,5451500,2676500,1666900,5458600,2379200,7776600,2589000,4303920,8762500,11758300,16066500,49110000,4476300,19110600,5924600,24184800,2188800,2334500,14785500
2023-03-03,70732300,3725500,3783500,54536200,55759600,39109100,12087200,6007500,35160100,2396200,9513100,2174900,45877700,6504000,30760100,412393000,5498500,10040000,6055400,13006700,4851200,7496800,2314700,1542900,7075100,5354200,7434300,4061800,3152849,5747200,13101800,10724800,59533000,3627100,20922000,5259400,23501500,2863300,2499600,16888800
2023-03-06,87558000,3060300,4597200,54541300,52112400,36646700,10770300,7703600,32639300,1614200,9261300,2789400,33209400,5215200,24109800,437429000,7424800,9608600,5737600,14347400,4051900,7004400,2317100,1304900,6200900,3104700,6773300,2709100,2753546,8148200,16282700,6888900,56607000,3611400,19434800,4943100,24072100,3812700,2419500,16720800
2023-03-07,56182000,2252800,3540600,70959000,49100700,52855300,9024300,7393000,27835500,2048500,11747600,1660800,36701500,5461400,21473200,515154000,5382400,9680400,4386800,11525300,4606900,4619700,3018400,1206000,4973200,2659100,6951300,2817000,2813436,7457700,13961200,7308900,45531000,4094900,23205800,5606800,27944000,2589200,2822300,17387400
2023-03-08,47204800,2518900,5651400,69529800,44899100,40045600,6749100,5435800,34103300,1584600,10002500,1634400,19432400,4121300,17340200,513573000,5159200,9467900,4194900,13509800,5860100,2406900,2068600,1437300,4576800,1548500,5668700,2450000,2088984,6230500,10851600,5913600,34795000,2920200,16756100,5518800,31510300,3036600,2277900,19090800
2023-03-09,53833600,3798300,7252100,79496700,56218700,112457900,7102400,6214700,28813500,3177800,25888100,2414700,26582800,9162400,26653400,501257000,10572300,17398200,5066700,12961200,5350200,4284000,2518800,2091800,5191600,1629400,8275600,2750800,3225790,7439400,13900900,7678100,74434000,4042100,18585100,4467200,24711100,2780400,2497400,15415800
2023-03-10,68572400,4148200,11354000,70273600,69827500,165330900,14109000,7385800,35941000,4559700,37599700,3176400,25665000,16206500,28333900,474866000,16029300,13123800,6638900,15795700,6825500,8547100,5767500,1796900,5313100,2123000,13978800,2629100,3709871,8504300,13745800,10167100,57593000,4129900,26328100,5928000,32018500,3787500,3442600,20065200
2023-03-13,84457100,4203500,13489800,65269100,72397100,218403300,9154800,10106100,37335600,5660700,42901100,3308200,24728000,15175400,33339700,421890000,10299800,14049000,6810800,20745600,7653800,6671200,4885100,2540400,8789700,1799600,11915300,4542700,3261198,10799600,21956000,8388800,62924000,8265100,35299400,8337100,39835000,2971600,4435900,28142100
2023-03-14,73695900,3850900,8186600,66616300,60912700,154255800,10138100,10035200,36050200,3785900,29648100,3413300,41642600,11089300,33620300,474910000,8732200,12491500,7985600,18263500,6644100,8245700,3754900,1921600,7090800,2422900,10323600,3778300,4909805,8421200,19496900,8635800,59567000,6480800,24583600,9219700,32076200,3258200,4892100,25542600
2023-03-15,77167900,4627100,10302500,86177400,70731800,131104400,7716900,14063100,50622100,6596700,34280600,3082600,42123600,14814000,46028000,524486000,11463000,10548700,8372200,25733800,6304600,10894200,5471700,2281000,10661200,2226300,9543800,3856800,3972094,7757700,21089900,12030300,92153000,7099800,25498400,8823500,34436400,3770200,4306700,33133500
2023-03-16,76161100,6946600,13158000,115839200,84446900,108348800,8369500,12849600,65492000,4399100,24558500,3768100,50447100,15342400,54768800,583253000,10148100,11641700,13674600,27465200,6331200,6747300,3555000,2376000,10111500,1979600,9931700,4859300,3897130,7605500,15658300,8895800,79037000,4734400,21095900,7063400,31731800,2940500,4710200,28905600
2023-03-17,98944600,6725400,11535600,94080800,87300200,130665500,10493300,33161800,61028500,6369800,38396000,8426800,50141100,19935800,69527400,848547000,13065800,27210400,18801200,43199500,42756400,9858900,7203000,3536500,17056000,3959300,12943200,5914300,7469820,20540700,27351200,14137400,69188000,8854600,57457800,16018800,58728600,5290000,20535900,43081200
2023-03-20,73641400,3946800,7182100,92008900,62388900,81441200,5513200,8469200,32960400,3963700,22875500,3864200,25186300,8649800,43466600,432747000,9177300,16888500,9817400,32042100,4408200,4764000,3464200,1616300,7932900,1623800,6657200,3159900,2873934,7129000,12904100,7140100,51134000,4367000,20825400,8379200,27382100,3119400,3974300,33928500
2023-03-21,73938300,4479200,9632500,85285300,58597300,84854800,6982000,9753500,42110300,3242400,17807800,3766800,31827000,8905600,34558700,547408000,6683700,12327600,8971400,31592300,4675700,4673300,3074600,2262100,6770200,1664000,7285800,4087400,3170452,8376800,13716500,6222300,48863000,3812000,19982000,7753200,24313200,3163300,2965600,19013400
2023-03-22,75701800,3878400,5609100,110816300,57475400,76925900,6575600,6315000,43427400,2505900,17250200,2596400,28477800,7299300,34873300,797295000,7233700,11641300,6700600,14952700,4376900,7311600,2930200,1787400,5635500,1299700,8811100,3089700,2375892,7943500,10494200,7038000,58080000,4380800,15444200,5729100,21071100,2632200,2758400,18548400
2023-03-23,67622100,3138600,6555000,84088900,57559300,105335900,8685000,7859400,40797800,2585900,16677600,2598100,27389700,9373000,36610900,564889000,10747100,18567600,6427700,14385900,4584000,6266900,2957400,1583000,5866400,1565900,9527000,2764400,2387627,9051500,15479000,7541200,156533000,4655600,16958100,5788400,28957800,3284900,2901700,22044300
2023-03-24,59196500,2993400,6564500,64712400,56095400,96872700,6102700,6600100,30393300,2456700,22311100,2971500,27716400,10978700,28172000,454920000,5852100,9176200,4791500,13401600,4678700,4511600,2976800,1566900,8385900,1635200,9534600,3608700,2359503,5696200,12975600,5293900,129917000,3713800,17218100,6144800,32058000,2533200,2586700,22752300
2023-03-27,52390300,2832200,8219100,57461400,46721300,102469800,7776500,7006800,31120900,2300600,18853900,2420300,18527200,6626900,26840200,361026000,8170100,11908900,7210900,14805900,3887800,3891700,3209500,1384700,6049700,1452100,7487900,2718100,2157979,6772300,12777400,5515900,86258000,4078600,20262800,5917200,26650500,2271800,2283400,26775600
2023-03-28,45992200,1780800,5140700,59150100,38720100,63416500,4899000,5605400,32057900,1224300,10820500,1695900,19127300,5209900,21878600,356104000,6378900,9252400,6418400,11047600,3532500,5460600,1802000,886900,3792000,1407800,5426100,3004000,2093840,6115300,10925700,5935500,64894000,2850000,13537500,4213800,21547200,2369500,1850100,21282900
2023-03-29,51305700,2497600,5201600,55326000,49783300,62666400,8085200,7569700,28779600,1475900,14595300,2327000,18851100,4873500,25087000,393694000,5233600,8746700,4483000,14219100,3959900,3572200,1857300,1583600,7596300,1643000,5889100,2348400,2715507,6012000,9441000,5680500,62873000,4496000,14429500,4987700,23149400,3733200,2546100,24216900
2023-03-30,49501700,2139000,5933600,59678500,53633400,67427100,6932500,6322400,33086200,1456300,12134700,2480500,22608300,4113700,25053400,364516000,5640700,8429800,5383900,11578200,3635800,6583400,1921100,2259400,5461100,1545500,7669500,2500300,2022720,4555700,9870700,6187000,71315000,2743000,12634500,4117700,19736300,3324600,2075300,21879000
2023-03-31,68749800,3063400,5071600,55861100,56750300,56482100,6634300,7041400,36863400,2281100,13105200,3376600,25440300,6142400,32766000,433933000,10476300,8378600,9509000,14418000,4957300,5147500,2746700,1500600,7708800,2082000,8920000,3205200,2734122,9890000,14440900,10124400,56102000,4479800,23393600,7685900,27130900,3996700,2571200,20868000
2023-04-03,56976200,2712600,4324800,50655300,41135700,51996800,5340800,12868200,25035400,1808800,11775400,2978000,17924600,7728400,24883300,398716000,8410900,8911700,6421500,28087700,4389400,6085900,2242500,2823900,12394300,1804700,7313200,6259100,2907116,6841900,12300700,5778700,44137000,3902300,20817200,5721700,31102500,4729100,2735200,19766700
2023-04-04,46278300,2569800,3905400,43195900,48662500,56233300,4659100,7521400,24420100,1536800,11579900,2198700,21026400,6222800,25824300,368592000,6651500,8949100,5254700,16365500,4224400,6192300,4282100,2234700,5425500,1913300,6794200,5001100,2528248,8314500,11433400,6165600,32981000,3306400,19514500,6714300,34207600,2624700,2498700,18113700
2023-04-05,51511700,2277200,3467900,52979300,45175400,47799400,3953700,6478100,28290500,1329300,9614700,2239600,19396600,6045400,22064800,515015000,7478800,10812700,4813600,16479500,5743000,4138400,4265300,4029200,5806800,1941500,7747200,4461100,3065138,16704200,12789600,8200400,42055000,3826300,29697600,6094800,38673200,4964800,2718300,26540700
2023-04-06,45390100,1835900,3439200,47778400,43808000,41216600,6304700,5803200,48711500,1311000,8760200,2357600,26104400,3877800,29770300,397654000,9146200,10524500,4285200,15778000,5498300,5618100,4180100,1855800,5087800,4114700,7042500,2879600,2814751,9615400,9644200,5427700,46605000,3389700,25931800,5399700,29722600,3472600,2206100,17891700
2023-04-10,47716900,1689700,2933400,52536300,37261200,40572700,5263800,5923500,27067400,1114400,9477300,1559100,16106100,6185800,23103000,395279000,8681500,7591800,4952200,13006600,3309500,3729300,3839000,1452100,4374700,1653600,8016600,2628500,2569828,5354000,7952600,5647500,26579000,2408100,15137300,4891800,23617500,2714500,2157900,14519100
2023-04-11,47644200,2161100,4814100,51935800,60417800,58761200,4907700,5469600,26311800,1559600,10516300,3033800,16710100,5582100,27276600,314378000,8196000,14190900,4513300,11758500,2875800,5277500,3882000,2224200,4812200,1547400,7504600,1804500,2464008,5903800,9913000,6019600,40448000,3586700,15304100,6311800,24664800,3065300,2844400,18370500
2023-04-12,50133100,1978200,4391300,53383100,56735000,44313300,5033400,6157900,24370300,1862400,11821000,2268800,18972200,4641800,27403400,446259000,8040300,10422300,4373000,10919000,4005000,4600300,2385100,1725700,8108200,2063700,9289200,1941600,3699451,5764100,9593700,6786400,39654000,3620900,17035100,6137900,28179500,3422400,3729000,11209800
2023-04-13,68445600,2434800,5068700,40572500,67925100,52261400,4716400,6856600,24843600,1765500,12450200,2611700,23310400,5086000,24222700,353615000,6240200,8724100,7615500,12399700,3868500,4501600,2909100,2098800,7160100,1600500,8745000,3211300,3399796,5640600,9871400,4928600,74064000,4303600,22880900,5489500,25253900,4224400,2355600,13272600
2023-04-14,49386500,1525500,3463000,38734800,51450500,81110800,5073800,4930700,26578000,2275700,43931300,2254600,21591200,7865900,20987900,395660000,6485100,8902700,9781300,11530800,3473100,19066500,2246900,1488000,5052100,1675300,7337300,3217700,1986806,7225100,8946000,4920900,53505000,2572900,20627500,4478800,24948400,4872000,2034900,10464900
2023-04-17,41516200,1614300,4968000,47250800,39919500,83704400,5413500,7006000,37571200,3012100,16050500,2432700,15481900,8876900,23836200,321471000,4772400,9717600,4865000,13260400,4354100,6306800,1751800,2526000,6278800,1411800,6705300,2214300,1702326,8046400,9452400,4393300,61360000,3224400,17608600,4296400,23443900,3660900,1920500,16166700
2023-04-18,49923000,1586700,3168000,46246300,39790500,114498800,4679000,8045600,26596400,7549500,13760100,2087800,12281000,10227600,20161800,604812000,7219400,7558900,4796200,17436100,4996200,7445800,2567100,2657700,7745300,1339600,8180100,1974200,2427992,14571500,9035700,8147500,179445000,2438600,18541500,4158400,28517400,3232000,2461400,13482300
2023-04-19,47720200,1775200,3778900,37344500,58398900,65594200,3665100,5506800,20905700,2625400,9158100,1795300,15898100,13886200,17150300,358660000,4766200,8888300,3833900,10682600,4826900,4757400,2078400,1640200,4717500,1098800,11523300,2125500,1885842,6752000,9769500,3813300,221283000,2209900,17214300,3837600,31537200,5809100,2652200,12433500
2023-04-20,52456400,1947900,4668900,47082700,57696900,43193800,3620000,5851100,27820800,2217900,10586200,2124800,16475400,6776000,23244400,427713000,5815500,8847600,4925700,17038700,3808100,3322900,2826800,1330100,5351600,2936500,7762700,1989400,1969810,9498800,10706400,4350400,99478000,3868200,20131600,5370900,129904800,3283000,3336300,13641600
2023-04-21,58337300,1841600,3912800,41118300,86774200,44759000,4860100,7179000,25800100,2278900,11842500,3537800,17717200,6531000,21676400,345103000,7335800,8591100,6771500,14315300,4812100,3432300,2712500,1210900,5279000,1508600,9468000,2186500,1993685,7014200,12931100,5192600,63480000,3781800,19227100,14876900,76810200,3165300,3371700,25335000
2023-04-24,41949600,1531100,2975400,40423800,69575600,28020300,4449700,7177600,23542800,1966300,7567500,1886300,15750900,5004400,26611000,339282000,4901700,7458400,9124100,15831300,4728900,3058900,2790700,1282400,5215800,1374100,8540600,2153100,1624327,5278900,15532300,5725800,55866000,3540200,17633700,8109800,60001400,2322400,3689100,13579500
2023-04-25,48714100,2413100,2561800,52771500,65026800,49718800,5010000,5807200,46664100,2138200,10629300,2245000,19198200,5806700,45772200,378527000,5768800,10255800,6076500,12179800,5506200,4699500,2505600,1939900,5355800,1789900,6511400,2770800,2270476,6263100,12818900,8399800,54266000,6231600,24492400,8341800,46691800,2937300,12474900,17246700
2023-04-26,45498800,2803200,3127200,47786600,73803800,45848400,4007600,5927400,53347600,2041900,14416100,2594200,41992700,6429100,64599200,406337000,6395500,9068800,8400400,15566100,5192000,9137200,3254700,2257800,4295000,1441900,8634500,2677700,3621148,5518200,13179600,12656700,46232000,4481700,22401400,4843700,42482900,2930000,5845600,12910200
2023-04-27,64902300,2338800,2963800,53087200,149961200,33060100,4794400,6417200,50089200,1768200,9041100,3859900,71196500,6375800,46462600,377161000,5615700,11420100,7128200,16279200,17063000,5105200,7711100,2904300,4196700,1361600,8166500,2285300,3907449,5739700,13795800,8155600,56188000,4574500,22434000,4805600,36926900,2473200,4679000,12861000
2023-04-28,55275900,2061700,3508200,50686100,130715900,45592500,4094600,10036300,36139800,1714100,9887300,3107300,39554000,6374500,36469600,292216000,8498500,10718900,11627900,24381900,7123800,3716100,4669500,2377900,6638200,1170200,11329700,1995000,2896494,6024900,13687600,10005800,42284000,4608900,21015300,5754700,40675800,2398900,3440800,14088600
2023-05-01,52472900,1868000,2789600,59358700,74728100,34076800,2882900,6099800,26681700,1375000,20415800,1745100,29143900,7745400,21294100,570329000,5459800,6857900,4571100,17355000,5601000,3776800,2876400,5846900,3644900,2203200,6909500,3231900,2250850,4893400,9091500,5214700,53415000,3137800,23917800,3844600,35510200,2105600,2807800,11409600
2023-05-02,48425700,2287600,4165200,70483500,73469400,70797700,6051000,10701700,30997200,2397600,14113400,2478700,24350100,6319100,26404400,402730000,5995100,12767000,5244000,24324100,5135600,3970800,2858000,6304300,8100100,1940800,6955900,2576200,2618286,7541700,10948400,7674200,43186000,3712200,38834100,5262900,39398100,2152300,3527800,11329500
2023-05-03,65136000,6700800,3594400,109482200,65051900,51139500,3779900,7538100,21795400,1825400,12930900,1970900,34463900,6546500,22360800,383387000,6744800,11865700,4093300,16212300,6815300,4537900,2635100,3791700,9085100,1426400,7772100,3174000,2807670,5937200,11084600,6265900,50641000,3389600,27721900,5775000,32213100,1749700,3825200,12334500
2023-05-04,81235400,6614900,5424500,122840500,45345500,82173800,4386500,7500400,23419500,2965100,17089200,2814900,17889400,10359200,22519900,321850000,5038200,10230500,5648700,17177200,5694300,6934100,3211000,2003900,6840000,1487000,13260700,3067100,2331682,5128000,11938300,6042300,38797000,4267600,23675100,4892600,27422700,2555700,3495100,14011200
2023-05-05,113453200,4260900,7504700,78491100,56951700,50087100,4284400,5802000,26639300,2413400,11261400,2683100,27000500,8288000,28197100,361494000,8068600,11954200,6237500,14968200,4447700,3872200,2716600,1611500,5566700,1709200,9300100,2588900,2112455,5194500,9039000,6215500,39906000,4146500,19225100,3989200,23712300,2329400,2775300,14556000
2023-05-08,55962800,3135900,3567400,95503200,49430900,34245500,4169400,5028200,26511400,1607300,7484900,1719600,16400500,5825300,21318600,344979000,5314800,22864000,2938400,11187800,3689500,4677400,2414100,2092100,5058900,1015000,10810100,3099800,1511931,4994900,7240700,6751700,54886000,2249900,20101700,4950700,32091000,1738500,2589100,14926200
2023-05-09,45326900,1879400,4876100,68674800,44089400,32188800,6996800,5019800,36360100,1253300,7343600,2036400,16865600,4381400,21340800,314869000,6333500,68702600,4352100,11370800,4201600,9329500,4111900,2509900,4896100,1571800,6829900,4174800,2263799,5520500,9067700,5588100,55449000,3087600,15987900,4472100,29058400,2038600,2180600,15209700
2023-05-10,53724500,3386300,4853000,95619500,78627600,44446400,6535600,6161200,63153400,1752200,8133400,1940800,19119000,4884900,30078000,369350000,5935300,46309100,5245000,14884800,4127300,3923700,2446100,1629000,5285900,1257600,19525200,3008200,2183473,6756600,10134000,5696000,42899000,4352900,15858200,4754900,32892400,2018700,3233300,15827700
2023-05-11,49514700,2183400,4446200,57061000,74924800,34897300,5366300,6666100,78900000,1515200,7057300,1901200,20449000,6717800,31680200,322149000,5144500,27903300,3818000,17165900,4300400,3322000,3263300,2419200,5671700,1046700,57127200,1824300,2904284,5867600,9581500,6542700,80335000,3690200,28566400,3495300,21332600,2384200,3136500,11926800
2023-05-12,45533100,4278700,3076500,53829700,49852700,38142000,4733600,4898900,41102300,1099100,9988600,2044000,16161400,5208900,19774700,274222000,4994700,28711100,3432700,12613300,3526500,3169800,2172600,1323800,5004400,1472800,21837500,2216000,2126517,3904200,8740800,8315000,60824000,2741000,16541300,5252900,27280600,1536500,3346600,16119300
2023-05-15,37266700,3330500,2942900,51749200,53011100,38722800,4518200,5096700,36266800,1178200,7639500,1957400,20653200,5032100,16336500,293926000,4443700,20633500,2843200,13715600,4391800,2842700,1925600,2109800,5838100,1135700,16792000,2020400,1584063,5104500,8150000,5430000,36530000,2946400,16650400,5414900,28697300,2169700,3048400,16113900
2023-05-16,42110300,2558300,4336700,90622900,71472900,33347500,4423200,7007700,45035600,1618900,6477200,2762700,18163800,6862900,26730300,449405000,6896500,17517500,4289700,14795200,4685400,3012100,2771500,1981500,4822200,1229300,17013300,2209000,2074618,5599200,9129600,6215700,33322000,5803100,25451700,5591500,31200300,2178900,3458900,15512100
2023-05-17,57951600,3560600,4081400,75240900,65655200,61750400,5772200,6169600,33323600,2098100,12711500,3260300,21193100,8216700,24315000,432535000,9436000,19938700,4990100,14064700,5482000,6641900,2897400,2742000,5013700,2069500,12461600,2967400,2449237,6840700,11583000,5408600,39588000,4878800,23206400,4286900,34154700,2682000,3882200,26985900
2023-05-18,65496700,2896400,2533200,74338700,73174100,51146100,5165500,7477700,35234200,1645400,10999600,3729500,22943300,5367700,27276000,748725000,10005700,19820500,6621900,12005600,4791200,4349700,2643600,1720400,5503400,2298900,15014800,2775800,2466436,5173000,13595100,6970600,209252000,3709400,27772400,6997600,39142000,3040100,2747200,46768500
2023-05-19,55809500,3856900,2732400,67880200,55056300,50062500,6091600,8100900,41353400,1546100,13492200,3369100,21733600,11183600,27546700,473908000,8560300,19398000,5399400,13359600,5610300,3896200,4402100,1901300,6068200,1635000,16429000,2388500,2700636,6527100,14251400,6338600,78597000,3883000,33068300,4754100,46679400,2317900,2350100,27594000
2023-05-22,43570900,2627100,2632400,65424200,70741100,36473700,3890800,11661000,35253000,1498900,11402500,1808800,27738500,5520000,24115700,372000000,5890500,20220600,3987800,12882000,3867300,3094300,2540600,1836900,5561900,1943800,14150600,2725100,1784271,5675900,15055400,4272600,54064000,5787000,85718600,7876200,42251600,2242800,2675400,16117800
2023-05-23,50747300,2967700,6493800,73099100,67576300,51400400,4256800,10436200,34046300,1550900,9514900,3979000,17748100,5521200,30797200,356253000,10047300,16815500,8537200,14394400,5121900,4011100,2298300,1630600,5415700,1800200,14778700,3694200,2183979,5793000,13932700,8751200,68661000,6382300,75379500,6116000,45314800,2874200,2660500,16302300
2023-05-24,45143500,2666600,3211800,65910500,63487900,50606900,4894000,7064000,34182600,1439100,8578000,2655700,17724300,6827800,23384900,721419000,6815900,14790300,6730800,16340300,4143500,4371600,2964000,2121600,5141900,1600600,15350800,2820300,1764847,5015100,11090100,6879400,79733000,3721000,39326400,5755400,34236900,1904700,2410500,20515200
2023-05-25,56058300,7030000,3798500,108514700,66496700,40517800,6496700,7037700,42317000,1618500,8472500,3752200,22371400,6962700,43301700,1543911000,16729600,24461300,6827600,14316500,6986600,3909200,2243600,2637100,4951900,3421900,13605800,3621600,2449844,6886100,14463600,7716400,62631000,4712700,30266600,6510300,102758200,2684100,2976900,21299100
2023-05-26,54835000,7833600,3115900,92922800,96779900,57879100,6933300,7736200,35635900,2718700,8579900,2691300,25727200,7411600,36630600,714397000,13994100,20632500,5067300,12370300,7590300,3820300,1973900,1771900,5709500,5302600,12892700,3065500,1995000,6845400,12570300,7174000,93604000,4449300,20234600,4716400,50164900,3135200,2291800,15720900
2023-05-30,55964400,5332300,2803900,98902300,64314800,41819600,10421000,7814800,35076700,1998600,7399900,3430100,23816500,5876800,29503100,923401000,10296700,21356700,6916000,11938000,7671500,3978200,2885900,1705900,6721800,2544800,14800700,3002600,2282920,5593100,15634200,6874000,108650000,4331800,24371100,5561000,35346700,3180800,2542200,15742500
2023-05-31,99625300,5158500,9756800,87552200,72800800,61905200,19624000,13346400,37325800,2938000,14219900,10695300,25473700,9559200,45950600,1002580000,13713500,27790800,20460600,24926100,12579100,5461600,5937000,5660200,22757300,3320800,11440600,4150000,3698439,11324600,59432200,11112000,69880000,20414600,46166300,19854800,70109400,4944100,5106100,30130800
2023-06-01,68901800,4443100,3836400,66032900,54375100,57426100,20907400,9887700,30772700,3339700,12248100,3389700,25609500,6857500,26773900,635873000,7835900,16686200,7003600,13551900,11895600,5125100,2989100,2891000,5857800,2407700,11993200,3659200,1931063,7901300,13402700,6738800,71601000,5277400,20256100,6091100,31363800,3376600,2524800,20239200
2023-06-02,61996900,4334800,3782200,52382400,61264400,66578100,11026900,9464300,26980100,3987700,12922500,2501500,19416900,6218500,25873800,482731000,8652400,16438700,5897100,14112000,6661600,7486300,8358200,2806800,4958500,2284800,14350200,3835600,2772666,7659700,15259800,7175400,59024000,4288300,22736400,6124400,105292900,3064500,2752200,19178100
2023-06-05,121946500,3447400,3421300,52602900,47950100,34757800,7804400,6443800,32305500,1462900,8511900,2316200,20742900,6631900,21307100,396094000,7442000,13498300,4858900,10628000,4276200,4996800,3438400,2200000,5153900,2023500,18506700,2513200,1682093,6430500,12915600,5266600,72474000,4311700,18392200,4753700,39528300,2688800,2314100,15553200
2023-06-06,64848400,2342000,4290200,75257500,45695200,46297900,6796000,6176400,26638300,1495600,9329500,2758700,19419000,6903900,20396200,388729000,7023000,13039200,6020100,12209800,4359900,10957200,3230100,3210800,3622400,1410300,12109100,1970800,2321262,5073600,10943500,5652900,49915000,3975600,19508200,4635900,39037200,3816600,2521900,15015600
2023-06-07,61944600,4773000,3684200,81755200,95663300,44502600,9323900,9900000,52539000,3382700,9281400,3714500,26163600,7410800,40717100,511998000,9842500,15511900,8517200,16027100,4645200,6462400,5586400,2005800,4827700,1784700,11082400,2531900,2585205,6504300,16817900,6488100,119324000,5162700,25295100,6194400,43584200,4381700,3435600,24256500
2023-06-08,50214900,6062800,5151200,65246900,62159300,41483100,5548600,7142200,29389200,2009500,7368100,2594700,20899400,6795900,23277700,417772000,9526700,13568500,6248200,13517100,4714200,9359300,3546800,2655000,5231300,1530400,9030200,3156700,1645572,5818400,15585900,9984500,59911000,4036100,17347600,4863700,32833700,2725900,3676000,18873000
2023-06-09,48900000,7928300,3593500,75105000,51396000,32692000,7676700,6669500,23778300,1702100,7249100,2201800,16949800,6282600,22529000,427717000,12597100,17151700,6385000,12251600,4359500,5297800,2488500,1538100,4085100,1287300,9625400,2647600,1780629,6264400,12581500,6011400,123630000,3200100,19775100,5569500,24666300,3174100,2838500,15603900
2023-06-12,54274900,6913700,2926800,85394700,51338000,41011300,11568300,7159600,28306400,2290800,7596600,2407500,15442500,7053500,24260300,388701000,39081500,15945400,8621100,14112000,4888500,8065400,3644200,2401100,6049600,1404500,12341600,3131300,1700303,6510600,14208900,7564300,59595000,4207100,28334600,5354000,27517900,2207700,2795100,14713500
2023-06-13,54929100,7412500,3495400,132461900,50564800,42718800,11698900,7660800,22278300,1772400,7701600,2444100,16164000,6089200,22951300,613208000,39190900,19963400,6868700,13533800,4229100,5881000,4335100,1881400,4904300,1204700,12964400,3630600,2011086,6066800,13397800,8579300,78205000,2838700,26533800,5321200,41578200,3016600,3528000,15738900
2023-06-14,57462900,5150100,4211500,95888100,52422500,38322800,8963400,7721100,30592300,1819400,9068700,2775400,19175100,5772500,26003800,740465000,26264200,24028100,9160700,16627700,6128300,5629100,3122400,1980300,4915300,1841400,15877400,3433000,2687788,6699100,14099700,8893600,84131000,3559300,22056400,5693300,26782400,14672400,4476000,21103200
2023-06-15,65433200,9682200,4709000,85587100,60458500,42044900,7905400,7705400,35246300,3322700,9343100,2558100,25973500,8603200,38899100,568622000,27476700,21527700,12534000,16224100,6614900,5001400,2743900,1835500,4614600,1871600,13354600,3038500,2496482,7138300,15271400,10098300,70999000,4326100,19905900,5863000,30535200,6798100,4162900,18160500
2023-06-16,101256200,13343800,10319300,82007100,84247100,53050200,13672700,22908100,45535600,4544900,13813500,5886900,43127700,13153100,46552000,655709000,19514700,29703700,13628900,43128900,14616000,7803900,5261200,2646100,9928200,3147800,22683400,8693700,5064185,13426600,26738000,23053600,87537000,8925700,60338600,11244900,64149000,7699100,8469300,34675800
2023-06-20,49799100,5331200,4083000,58851800,56930100,39040900,9522900,10438700,26097500,3208100,8428600,3961700,20701600,7382000,26375400,451153000,16273000,31379200,12312300,17514100,4868800,8226400,2979800,1736800,8590000,1684400,14939200,2851900,2109521,7995800,13971800,7801600,47560000,4154800,26881200,5340700,35360500,4597700,3088200,19994400
2023-06-21,49515700,5258700,3984900,82835600,52137700,39553400,7971600,7328200,30306300,2158700,9926500,2301300,20556200,6343100,25117800,551603000,17583000,23910600,7032100,13285700,5828400,5356400,2892500,1641900,6477500,1273600,17873000,2435300,2583080,7177500,13948700,7176100,51464000,3832400,17982900,4649700,40676400,4886500,4935300,19251000
2023-06-22,51245300,3601400,3987100,70754800,90354600,50742900,5689800,7088600,26952200,2409100,10075200,1933300,17563100,6214600,23556800,417737000,12203400,16872500,6275500,12455300,4826900,7057500,2421600,1303600,4967700,1114000,10915300,2563800,1635759,5485900,15193400,6976200,48695000,3185800,18039800,6666800,30272800,3179000,4192700,13307400
2023-06-23,53117000,4481500,5255500,73622000,71927800,55181100,14037600,15172700,34913600,2612000,9919500,3739700,51092000,10026600,23146900,358140000,19734300,27683800,5424400,17933600,7395600,6338200,3354000,2412800,7149000,1434300,13538000,3800200,3361657,9450700,25112100,9080100,82986000,7592600,23492200,13843300,37408500,4862600,11278600,18975000
2023-06-26,48088700,3169500,3348900,68557000,59989300,47519300,4771500,7371800,33969900,2481000,8429700,3327800,24232700,6377400,21520600,594322000,8987000,12224400,5165400,14283400,6468100,3444900,1748300,1397800,4361000,1278500,13132700,2209100,2156462,6978800,12856100,5670200,46400000,3706100,56135500,4353100,28616600,2968300,3763100,14106300
2023-06-27,50730800,2691700,3349800,59381600,46801000,39081800,4014800,6581700,39535900,2156800,8154000,2197300,26108300,6639900,24354100,462175000,6970400,16371200,4628500,13227500,7839900,4465500,2283000,1487200,3816900,1673600,10032700,2283200,2386312,4927500,9068500,5979100,48181000,5763000,32414900,5445400,31457000,3693200,2711600,12093600
2023-06-28,51216800,3229200,3858300,67534100,52149500,37803800,4775900,5773800,27091400,2423500,7558600,2012400,16722100,4781600,20259500,582639000,9240500,15390600,5324500,13084100,6911900,4276100,2200100,1243800,5463000,1245200,12118300,2410500,1995000,6780400,11173200,8735100,88113000,5193900,30062000,6733300,26156400,3670100,2746400,18889800
2023-06-29,46347300,1905400,3862500,58347200,40761000,68376400,3838300,5633500,24090900,3553600,15423200,2524600,15395700,9066500,16997000,380514000,9234300,14894200,7118900,11364400,4947600,3443600,2070000,1500100,4260300,1121800,13402600,2538100,2573773,4547500,17142300,7193200,49323000,5770400,26284900,7343000,27298300,2979300,2301600,21530400
2023-06-30,85213200,3096600,3228900,53378800,54350700,50479000,5984200,6346600,29532200,2361800,14212800,4407100,19694900,6191700,26832800,501148000,13703100,16907100,6879400,13544700,8711300,5488700,2377900,2864100,7000000,2221900,12837500,2736200,3045006,7580000,19739200,9259900,73464000,7635100,30867900,7058300,40465300,3970400,4892900,19073100
2023-07-03,31458200,1491000,2257900,31860000,28264800,30995800,2400000,3272600,14467900,1106800,8021600,1304600,8629300,5839300,12508700,198209000,4284700,8617900,3087400,7397000,2674600,2143000,1045700,1118000,2234000,951400,7979500,1181000,1229272,4033700,9694500,2484500,37332000,2389000,14115800,3996100,18424200,1915700,3330000,8647500
2023-07-05,46920300,2190000,2751800,49501600,35895400,37492000,5069300,6318700,27584800,2561000,8934900,2781800,33865500,6734300,18172400,323618000,8466500,13980600,7601200,12491200,6903300,4921000,1820600,2319900,4154900,1630400,11028800,3073800,2363145,7224600,14716600,8450100,68695000,5277100,26829400,8279800,32988100,5053100,4820200,17585400
2023-07-06,45094300,2100900,4172000,42342000,40639900,52098000,4250900,9203000,24745200,2896900,9709500,2156600,47600500,8546800,28161200,303582000,7982800,17447500,6441800,17961400,6091000,4674700,3079700,2004300,6004500,1750100,12084600,2101000,2126820,6332500,12603900,7271200,49388000,5592100,30177300,7958300,33325300,3913600,3011100,14427000
2023-07-07,46815000,2325000,3089500,37211300,41992300,34288000,3022200,6602200,21709500,2903100,8981500,2654400,25586000,8217700,21214800,355881000,7001600,12341800,5729500,21929200,6873200,4893600,2903900,1493500,7393100,2740600,9705100,2208500,2279986,7022200,14574000,7511700,41651000,6309900,22903300,9169500,28998300,4131600,3145300,19774800
2023-07-10,59922200,3352600,2758300,49330200,61889300,36086000,3820100,5167900,35315200,1775800,9100100,2148600,37058300,6141200,32791400,353908000,6931000,14872000,4858900,14877600,5153300,3497100,2771900,1798400,6405900,1955600,13642600,2312300,3138383,5739200,15480600,7704700,42517000,5508800,17777500,5529200,45305500,4339200,2372700,12967800
2023-07-11,46638100,2842600,2681200,59899500,49951500,40978700,10028100,5060500,23078800,2041700,11260900,2106200,27585900,11053100,26698200,298244000,6117100,14799000,3856500,12576500,5144800,7451400,3293300,1423400,5648500,1262300,13735500,3051100,2834175,6606700,15967700,6623100,45692000,3914300,17731300,5150300,39688000,3086800,2896600,11460900
2023-07-12,60750200,3027400,2709800,57993100,54022800,41855500,8923500,6464000,30404400,2741300,11323200,2273400,36677100,8602300,29995300,481277000,11011600,14458500,6116000,13238200,4944100,5123200,2986200,1679300,6229200,1960500,14912100,2566300,3001606,6940400,14241300,9710500,57317000,6080100,17229700,6764600,46478300,7287600,2586000,16509900
2023-07-13,41342300,3049400,2544700,49206700,61170900,39589000,5800300,8143900,44297900,2787800,11234900,2354900,30281000,6026500,20567200,478204000,9359600,14536300,5819600,26826800,4631800,4291700,1949400,1455700,6054900,1647200,15325500,2912100,2351409,6401700,11269800,6058600,61575000,8223100,16664400,5561400,40508200,7276800,2857200,11859600
2023-07-14,41616200,2303700,3168000,91927200,54487100,58720300,4278700,7065700,33283100,1815200,27028400,1978500,23054100,7732700,28352700,772075000,7723800,12202200,4941200,28181900,5544100,4294800,1936800,1508700,4738200,1828700,17770000,2833200,2186407,5362200,11634200,6463500,71959000,4467600,17915100,6128900,101745400,11379300,2213500,10427400
2023-07-17,50520200,2645600,3859800,68593300,48450200,49477200,3557900,4351700,25716200,1777400,17262400,2344500,25323100,7911800,20363900,510488000,6735900,13168800,4328100,18051300,4033000,3621500,2674500,1299100,4081400,1909900,34503400,1921300,2175785,5486800,10014300,5148800,68917000,5637400,20557300,4625300,160933400,4582000,2556000,10135200
2023-07-18,48288200,4093100,4119400,57980100,54882900,98253800,5092700,6798300,26193600,3887400,13491700,2676200,20731900,21630800,64738600,569164000,8903600,11903000,7674000,24617800,5392800,5895800,3832400,2083900,4396800,1778800,21885100,2279900,3711591,6332500,11152900,7239500,130418000,5684100,22808300,5351200,132538700,8816400,2387500,13437300
2023-07-19,80507300,3383200,4605500,70363100,54531000,70619800,8516300,5653100,37224000,6037400,12510000,1809700,21763700,12004300,39732900,427502000,7609000,12167200,4835500,15556500,4784200,4814100,2771900,1758100,5408200,1261100,17177000,1970400,2535229,7522600,12936000,7464800,209965000,4140800,18589700,6203600,142144700,4956500,3018900,12372900
2023-07-20,59581200,3264500,3340000,76340400,59820600,42128800,5303000,5866600,37906800,3915000,9935900,2570700,23836900,9541800,33778400,537865000,12913000,14221100,4695000,15740200,7009800,5782200,2102300,1385700,6702300,1732800,15277500,2428700,2562240,21892900,11563000,9221600,239897000,5056500,22358400,6445400,76867900,2963100,2703600,14987700
2023-07-21,71951700,8099500,2455700,76815400,133307300,70872400,3529700,8760100,72937900,3217400,10636400,1868100,42139300,6298600,69405400,963769000,9159600,25515000,5427400,17121500,5654300,4056800,2249900,1660100,4957000,5264300,19901000,2694300,7617421,12080000,12815100,11878400,173400000,15022100,24149700,9938400,49225400,2887300,5071500,16960500
2023-07-24,45377800,2260500,2771700,45583600,45591100,64548600,5363200,9722100,29686100,3517500,14381400,3029800,24915700,7259800,26678100,382516000,6200400,8845400,6010000,15090900,4468700,4898300,2195300,1584700,3999600,2086400,13911900,2248700,1868239,15155400,10251100,8609700,82644000,4225800,19414700,5549500,49475700,2279000,2460200,12529800
2023-07-25,37283200,2472100,2816400,44916300,39236700,51208800,3203700,6767600,52509600,2893000,9944700,2490500,19585600,7760100,41637700,348081000,6266300,8536000,4997500,14116100,4778200,6513300,2016600,1464200,3664700,1602500,15335400,2648500,1991358,13790100,13422700,8847800,48598000,3521600,21771000,5883800,59669800,2730600,10006600,15553800
2023-07-26,47471900,2918700,3262800,51721700,53910100,41814600,4856700,6056400,61682100,2281600,8728600,2572300,47256900,7201100,58383700,364237000,8160000,11332500,7551400,15159600,5006800,24923800,2622800,2134400,4006300,1306400,14983700,2196700,3331509,14288200,17145500,7244600,60092000,3898900,20983700,7013800,63191500,3697200,4189100,15094200
2023-07-27,47460200,2477200,3178600,70678000,52610700,45529500,4299600,6470100,44952100,2010800,10778400,3563300,64229200,8427800,39635300,455976000,7843000,11836600,8160100,17677900,13664400,12018300,2284400,3441800,4568500,1485300,16691400,2841800,6672427,12446400,11517100,10185400,65945000,4141800,25346300,7191600,65496000,3028300,3251400,13400400
2023-07-28,48291400,2810000,3904800,55526000,46317400,33296500,4238700,6542300,36591200,1827400,9103800,4501000,39220300,5798400,28484900,331194000,6910400,10182300,6794800,17566400,8000300,7054600,2101200,2344200,3138800,1371400,13638300,2567000,3980390,14138800,9721800,6230700,64242000,5602300,24054100,9397300,51420600,2930000,2299000,11020200
2023-07-31,38824100,4059800,3675800,54187300,41901500,29093400,5571900,13056300,28055500,1385500,8892700,3578300,25799600,5242900,25446000,251055000,6703100,15661100,4799600,24197000,9109200,4894900,3568700,1603700,4126100,1365900,20837800,2902800,3486597,22632700,15577900,10876400,65876000,5687700,40265200,7955200,47585600,2441600,2323100,13033200
2023-08-01,35175100,2274000,3819100,95279300,42098500,32712000,4212600,7531400,23166800,2024300,6853900,2344200,22817900,4468500,18311900,237858000,5246000,14608700,4627300,14177400,4409600,4975200,11823200,1933000,3308200,1445300,13717500,2422100,4019440,15810300,9281600,6723400,57115000,2853900,40931600,5718800,46296400,2161200,2823500,11782500
2023-08-02,50389300,2971000,5055700,173372000,51027600,38855100,5127000,7067100,26273300,2106600,8299400,2410600,20461100,6407400,27761300,530142000,6387800,24567800,4868200,13484100,5756400,5326700,6288300,1950700,4577800,1635000,15162700,2295000,3032563,14595600,11059400,6589600,49122000,4285900,34301600,5636000,41739100,3220500,2008500,12660000
2023-08-03,61235200,2183700,3865000,90605400,88585200,27933400,5515200,6680700,20089500,1840400,6084000,2190500,15180200,5137700,18253700,324176000,5193800,51260800,5033800,16280400,4674300,3282900,4743500,1783200,7285300,1463400,14145400,2880500,2538163,17424800,8037400,9075100,62439000,2857400,25676500,5792700,40781600,2442900,3692800,13202700
2023-08-04,115956800,2462900,3240700,83169700,153128500,30768100,4800400,10185400,26147200,1725300,6209400,2215800,17612800,6191700,23741500,362666000,5579300,25279500,5169700,14279600,4231200,3500700,3888200,1317700,6928700,1142000,11533900,3043500,2436389,23415100,9359300,9140500,54418000,4651100,25746500,4785900,38965000,2411200,4437100,14262000
2023-08-07,97576100,1777600,2560700,65854800,71213100,31745200,3615200,13927400,22746300,1260300,7251800,1559800,16236500,4663300,17741500,322154000,7347000,23738000,5649800,12410800,3800600,6068000,2438200,1496400,3635100,1015400,10818400,3604500,2875856,17736400,6982600,8397200,47813000,3323400,31069100,4107400,38109900,2430900,4411700,14268900
2023-08-08,67823000,2626100,2277900,54141800,51710500,45951800,4843800,6451300,23535200,1917300,8623400,1747000,15183500,6921200,22327600,353843000,4694800,17683700,5080600,14065600,4013400,5149200,2519500,1346300,4281300,1020400,16767900,5240800,3299743,27378700,7956100,8890000,37672000,5017900,25225500,4625500,39075100,2422600,6433400,11017500
2023-08-09,60378500,1843800,2133400,56257100,50017300,30732100,7847500,10531500,24912900,1326000,6277800,1806100,19955800,5200500,22373300,586449000,6542400,13788700,4055000,19919600,3737100,4044400,3088600,1405300,4818800,1471800,32517900,3219200,3262311,42974400,7904100,7453000,38466000,4413100,17210500,4293200,33951700,1916900,3249400,13209600
2023-08-10,54686900,1901700,1895700,57297800,58928400,26062600,4004700,8647100,20857800,1345900,5995100,2154500,14358900,4250100,20113700,492705000,6004100,13119100,4778000,15837200,3275800,3710800,2647100,1101600,3589300,1107200,56716800,3635500,2844494,48213800,7870300,7959900,54676000,3727200,18955200,4307800,33556400,2179700,3964800,15169500
2023-08-11,52036700,1930600,1732200,55667700,42905800,35720700,2930800,6682600,19591100,1256800,5180700,1464600,14046300,3922300,24355500,533085000,5288900,12419300,3607100,14047000,3454800,2652100,1874100,1127800,3771600,1043100,21998900,2428700,2731491,45905600,8483900,6524200,39279000,2873800,16609400,3862300,31237100,2029600,3558500,14195100
2023-08-14,43675600,2052500,2207800,57421800,47148700,32563700,3304700,6060100,24695600,1347000,5044300,1638500,15641900,3637500,18836100,690286000,6494200,22668000,4351100,12973400,2570900,2486300,2194000,1227100,4252400,1247600,13676400,2340400,2472708,64036900,7176300,8021100,39660000,3385600,20295500,4297600,26901400,2127200,2980700,20813700
2023-08-15,43622600,1824300,2911100,53816600,42781500,43406100,4076400,7876500,19770700,1657800,10300300,1753200,11623600,9308700,16966300,676512000,10412200,32003500,3770100,14909600,3636300,3201900,2593600,1595300,4214900,1124300,13677900,2669700,2278266,88958100,7187400,7703900,33680000,3331800,20484300,6921100,26393600,1817500,2269300,14559300
2023-08-16,46964900,1541300,2305800,54327300,41675900,47220400,2759600,7920500,25216100,3340300,6978200,2002000,18547700,5746300,20698900,527451000,5722000,16592700,3218600,13695100,3214900,2273300,2831300,1870800,3767200,1340100,12182700,2382100,2267441,85832700,8372300,6433500,39670000,2633700,22215600,6356800,29440300,1454100,2500300,26980800
2023-08-17,66062900,2455800,2879300,59064300,48354100,37202200,4062700,8270500,33446300,3135200,9953900,2118600,23950100,7611200,21257200,452395000,6183900,20616700,4177600,16709500,5285700,4359400,2534700,1337600,4044700,1941900,14206000,2578600,2509836,70904200,12873500,6677600,60315000,4503000,31113600,6419500,36036700,3009500,2986500,53614200
2023-08-18,61172200,2140100,2584700,59916700,48497700,31430400,4267200,5999200,30504800,1730500,8517500,2001800,35347900,6650000,24755000,583768000,9412800,19035900,4344800,16224000,4050900,3583200,2533000,1296300,4267600,1878100,12364400,2766400,2077653,49631700,11083800,6291300,43122000,6020300,24145100,5448200,32213600,2364400,2868300,27954900
2023-08-21,46311900,2428300,1900400,49319200,41442500,34959000,4023300,6802300,25248700,1983500,8327000,1869400,20181500,5385300,24040000,692573000,5811200,14133700,3573600,11092400,3944800,2734600,2207400,893300,3271600,2076100,11215000,3910700,1953320,151319500,8648500,6856100,38616000,4284100,28496500,4504700,47841400,1533500,3512000,15679200
2023-08-22,42038900,1495500,3135300,47295200,32905400,37564200,3153200,6080800,22054900,1810300,9673300,2422500,12980200,6002300,16084600,755293000,4960300,17340200,3848400,10518800,3209300,3011000,1668800,1235900,3194300,1286000,9835300,2365900,1732980,56834800,9411500,7370400,35997000,3489300,18524100,4195600,43191500,2079400,2701000,16670700
2023-08-23,52722800,2336900,2360600,54656300,42801000,44686600,3833200,4975600,27819700,1429000,7858000,1943200,18287000,5878600,21166400,779046000,16517300,13105400,4947700,11435600,5414800,3004500,1677800,1345400,3136700,1295800,7576000,2231500,1921452,119011400,7749500,7721800,81747000,4042700,19370900,4522500,29371100,2011400,2375200,14210400
2023-08-24,54945800,2950200,3379300,109179100,43646300,31934800,3960300,5989600,28500700,1185600,6534000,1970000,18360900,5023000,23281400,1156044000,11995900,12846900,4570700,10818500,3986300,9132600,1433600,1023600,3538500,1587500,27531000,2376000,2419292,70755100,8955100,9242500,56878000,5709800,19380800,4088900,29780100,2311100,2207400,14033100
2023-08-25,51449600,2308300,2286900,74793100,44147500,34253200,3068800,5291800,26762900,1159600,6695500,2154600,23701400,5461400,21684100,925341000,8758100,11150100,3541500,13579300,3275100,12352300,1291700,1462500,3710300,1511500,16050900,2374600,1966573,18185500,7629200,10114100,53909000,4710700,16421300,3541500,22107700,1923500,2506900,12267000
2023-08-28,43820700,1684100,2048700,55386800,34108400,33075200,4086900,4386100,20543300,1440100,5094100,1901300,14239300,6439700,14808500,685192000,4514800,10459300,3741500,10382100,2806900,4641800,1550700,1345900,2821600,945800,12166400,2128800,1963740,18458000,6254300,7152600,29286000,3189800,15101900,3614700,30173700,1344500,1967800,11871000
2023-08-29,53003900,2167000,3136100,50850300,38646100,30428200,5850400,5374800,43075600,1831700,6337000,2188800,20844500,6212300,19284600,701397000,11920500,11627600,3975600,9665000,3419100,3716700,2065800,1514700,3213700,1468500,11210700,2279700,2205932,12208600,8189600,11209700,44867000,4368600,21076500,4034600,45429000,2113700,3261200,12702300
2023-08-30,60813900,1930300,1865800,54847300,36137000,33366400,9946000,5534900,28315800,1131500,6277300,2516600,17717000,5051800,15222100,735206000,5601800,12041000,4573300,11922100,3486400,3328300,1431000,1074300,2847500,1292800,11816600,2250900,2232539,9939100,9447900,7461500,36254000,3153400,16833000,3712200,26065300,2283400,2713300,10967700
2023-08-31,60794500,3919300,3113300,58919000,58781300,37243000,19268400,7003700,30053800,1271100,10933900,2535100,17229900,5581200,26411000,528570000,9109800,13840200,5532600,17479800,4110700,6953800,2579000,1988600,4395700,2086500,10448000,3139600,2628808,15333000,14663500,11797800,38030000,5566700,27919500,5451400,45406200,4927700,3549800,19582800
2023-09-01,45766500,2234100,1995500,54856100,40991500,35228600,5600900,6663000,21543700,1201400,7903500,1841700,12842300,4981800,14942000,463830000,6189900,11715200,4112900,14843500,3357800,3658400,2336600,2417800,6398300,1437700,27701900,3777700,1614413,8610100,11262300,8296600,47934000,4801400,17522500,4126300,20292900,3165900,3286600,12553500
2023-09-05,45280000,2349700,2428600,66042200,40636700,46543600,5807300,9755800,19403100,1846000,7854700,2045600,14956000,4919400,18553900,382653000,11089600,12739100,4459600,18304000,3911100,3246500,2515600,2474100,5785700,1714300,12741700,3155500,2255099,9019800,12474600,10002700,61559000,5081800,25856100,5097000,28402900,3443300,4897500,15209400
2023-09-06,81755800,2299900,2787400,47736700,41785500,45022600,5066700,7195500,18684500,2120800,8629200,2292100,15418100,5384000,17535800,468670000,8728500,13621300,4520300,13325500,5304300,4233500,1688900,1869800,4664000,1476600,15518500,3249700,2254796,9753800,13923500,9250300,38623000,5933800,35370200,3877400,43010100,2596100,3883500,14594700
2023-09-07,112488800,2089400,4405200,49080100,48498900,35023600,4201900,7925900,18844300,1471100,8373700,2502700,33748700,5504200,18381000,433330000,11864400,12712700,4007900,13248500,5142100,4929600,1593200,2344400,3503900,1340000,14768000,4765200,2110532,9931800,17628600,9981100,29227000,4934300,26777700,4824800,30699100,2928000,3013200,19120800
2023-09-08,65551300,2262000,2060600,46232000,38348200,36513900,4578900,7434400,23558300,2026400,7107900,1868900,17548000,6127600,19530100,473069000,10595500,15367400,3309100,14283200,4339800,5752000,1240100,1950200,4368400,1075300,16220900,3302700,1790341,6957000,14312300,7484800,26975000,2995000,19467700,3384700,28281300,1858400,3561500,12667200
2023-09-11,58953100,2083300,2719400,50611300,56764500,34168300,4418000,7155100,20763400,1283100,6854200,1544700,19489300,7780900,16583300,473966000,22155600,12280100,2995800,14383600,2911600,4522300,1515300,1570500,4294500,1388600,26579100,3992900,2140073,6309300,14767400,7981600,29138000,4512700,27574400,4288500,28625000,2059200,3638000,11912100
2023-09-12,90370200,3961300,2091300,44413600,42668500,42284000,4002300,7521100,18405500,2054700,8363200,1997600,13480400,8942600,17565500,349256000,68605700,12224300,3499600,20145800,2424800,3256500,1587300,1520000,4486600,1055500,16594600,3689300,3710276,6045800,12292700,7171300,31240000,3331100,17987200,4537800,27383300,2195200,6232500,11757300
2023-09-13,84267900,3465200,2723700,44702300,60465200,37215700,4173600,5759500,20749500,2165000,8325900,2142200,13210900,10617400,16544400,398355000,27171000,9426600,5657000,13472800,5953700,3538100,2119300,1352900,3879700,1162700,9772700,4383300,5116286,7397500,12641400,8925700,118430000,3781400,23853300,4040600,30916600,2197800,4071900,14364300
2023-09-14,60895800,4786900,2556400,45920600,64033600,44634800,4297200,8822800,24751000,2822700,10034900,3557700,19343100,8109600,20267000,370097000,19849700,14564700,12000000,15210700,6336900,3974800,2660500,2014400,4686200,1257300,22371900,4594400,3725147,7758400,12311600,7944900,107090000,4118300,23759900,4606800,55155000,2334300,2796400,14923800
2023-09-15,109259500,9774500,7130500,71103600,102909300,61661100,9939000,17439700,38919600,3063900,19863400,4755500,28131100,17629500,37679800,506831000,23215000,21843500,13077900,34568400,8868300,4670600,4940900,3474100,12441000,2945300,21631200,9702900,6084144,13392100,55727500,18391400,91167000,11661200,58063800,10262400,80594200,5334300,4382300,63925200
2023-09-18,67257600,2650700,2704300,49061300,42823500,25752300,4279400,7027600,21861300,1356600,6512400,1808000,14234200,5501900,16834200,500271000,11744100,14050000,4771600,14045300,2967600,4299200,1363200,2551100,4945300,1003100,11894200,3701700,2323589,5789000,13617400,7534100,47047000,3182600,25421900,3536500,29972500,1997500,2729200,12997800
2023-09-19,51826900,2385800,3029200,41704100,61482500,34888100,4001500,6615100,20353700,1660200,7943400,1730900,15924400,5769000,16505900,373064000,9536100,11441800,4709000,12562900,3509700,4039900,2313500,3248600,4190700,1144700,21478900,3291000,2905599,5550800,11998900,8215500,40768000,3369300,30323300,4704200,33190500,3230700,2348900,14019600
2023-09-20,58436200,2626000,3144900,55180600,46263700,26641100,2990900,5939100,29927500,1224400,7332000,1580000,19379500,5268200,21436500,367108000,8777100,11138900,5756600,11879900,2744800,3738800,2380300,4068000,3444600,1311500,12715200,2855800,2401790,3837400,14766600,5804000,38666000,3695800,24651400,5446400,45303600,3724800,2300300,10120800
2023-09-21,63149100,3844600,3698300,59704300,70343300,39906000,4957300,7150000,31503900,1685100,8052400,2450700,21319600,6933900,35560400,450736000,12645800,15361000,6881500,14400600,3660300,4745700,2277600,2670000,4470700,1687700,14378000,3129300,2951528,4526700,15941800,9458600,55479000,5351000,26980600,5096400,33709200,4703900,3801200,18782400
2023-09-22,56725400,2702100,2670300,52169400,59904300,41284400,3848300,5963000,26397300,1669100,7071700,1885000,25369600,7420600,21447900,479236000,11150000,12756700,5935500,13197300,3049200,4450900,1707800,2580800,3641100,1527300,11495300,1973000,2857241,4976700,14644100,11796500,36928000,4542300,28570800,6327000,33964400,4558500,3206200,13215000
2023-09-25,46172700,2219500,1988900,43223700,46017800,32749200,4067300,5510000,20094600,833300,7044700,1846500,18987000,4748800,17836000,419091000,8410000,11493800,5921600,11316000,3740000,3527100,1257400,1695100,3291300,1313300,11034400,2376500,2754861,6722500,12358800,8656500,37573000,3553600,19443700,5527000,30428700,2758500,2900500,10459500
2023-09-26,64588900,2375400,3072400,42866500,73048200,42237400,5404500,5659200,25718700,1481800,7468400,2940400,19417200,5557000,26297600,402282000,13209000,11111900,6193200,11805400,3936300,3666300,1756400,2182800,5204500,2425100,14867900,3000600,3439150,4904800,11194700,9042600,40894000,5213700,26015500,6366500,35412000,2420200,3461800,14435700
2023-09-27,66921800,3311100,2387600,51261500,66553400,38296300,4123800,9124400,22746500,1493000,6717800,1987500,36429800,5708200,19410100,444935000,8916400,19171000,6006700,23976200,3621300,4015500,1991600,2241500,5364100,4591400,14662500,3715400,2261776,10211600,13766300,25606200,38435000,5729900,26430100,5403700,27561600,2593700,3419500,15711000
2023-09-28,56294400,2720000,3172300,72542100,54555000,36734300,4344000,7151800,22513100,1389600,8868100,2216200,22167100,5665400,19683600,424663000,7373600,11387600,4203900,16808100,3697400,8009500,1994700,2471800,3964600,2192400,12229800,4489700,2946268,7861900,12484800,31153800,43699000,4841600,28197600,6237100,27817600,2922000,5571600,11617200
2023-09-29,51861100,2796300,2913900,56078600,62411700,40645900,4405100,7396100,30859800,1403900,11917800,3032300,25373700,6830500,24147300,397830000,7299100,10550300,6045200,18813600,5581600,5158400,2257800,2807300,5308900,1887500,11261400,3900500,3369750,7680700,12271600,19047600,42053000,5194200,42421400,6683300,29640900,3006200,5034600,18842400
2023-10-02,52164500,2411500,2982900,45118600,48029700,50388600,3745700,6839600,22288000,1303800,9170600,2856800,16265600,6722200,20570000,433298000,5963500,12961500,5175200,14395000,3827800,5244700,1778200,4085700,4769500,1831700,9128100,6498300,2732301,7259700,11792500,54022800,31021000,3838800,44620600,5153800,36600200,3550400,3243600,12992700
2023-10-03,49594600,2004100,2865500,48117000,51565000,62144500,4622400,6168600,22989400,3118600,9431100,2527900,17362300,7526800,21033500,470850000,8783300,12014000,5585700,13297100,4580900,7285500,2187900,4346800,4162600,2007400,12586200,5606500,2519346,5740800,13604200,36257500,88781000,4873400,31059900,4670600,36830800,3143200,3687600,11253300
2023-10-04,53020300,2027200,2980700,51023200,44203900,55696400,3656400,9664700,26752300,1872000,8128700,1813400,16880500,6848700,20720100,361821000,8842700,11019600,5430900,19622200,3159600,7419800,2970100,2805400,7287600,1798800,12010500,3322900,2325511,4955200,12100500,28467400,43037000,4134000,23722300,4727800,37089000,2801700,2600400,15755700
2023-10-05,48527900,1818800,4251700,51789700,39660600,49044100,3592600,8073000,19832600,1584600,8576200,2116600,19130000,5589300,16965600,393483000,7651500,13037200,6126200,20128800,3599500,4331700,2639300,4882700,4070100,1579700,15466600,3716400,2314888,5993300,29878100,29911400,50348000,10556400,21279400,5205700,32171500,2790700,2922100,14269500
2023-10-06,57266700,2526300,3304600,64864100,46836700,58177300,4989200,10190400,27597600,1595100,10270600,2484000,21803900,6306400,25673600,434436000,8247000,18348600,6401300,25367500,5370100,5364300,2293400,4374800,4209700,4246700,15391100,3511900,3814781,5802200,30298900,24718500,47781000,12774700,23760400,7406700,53313500,3647200,2383500,42616200
2023-10-09,42390800,1713500,1856900,39593200,38773700,39953700,2781100,8183500,19278100,1094400,6964900,2475100,22503700,5125000,19891200,409675000,6012400,10376600,5372200,22369900,2903300,4575800,1640800,2430400,6532800,1781500,13604400,3008500,2305480,4414100,15704700,20644600,32998000,7244500,17468100,5062200,30659800,2341600,1765800,21022500
2023-10-10,43698000,2090900,2472700,57105500,42178600,51960100,4503500,6512900,27786600,1193800,11288800,2713800,19038000,6245400,20557100,368582000,6910400,17455200,4644000,13892000,3729000,8062400,2009000,3019900,5705500,2176800,9450600,2619500,3300755,5273500,20909700,23164300,72889000,11456400,19212100,5988900,35746800,2455700,2083400,16014300
2023-10-11,47551100,3307500,3050900,51085600,40741800,38508200,3971000,12570700,25884300,1672500,8698200,2055600,22036300,8928700,20063200,378137000,5641700,10866200,4760900,57939000,3189800,7394000,1538200,2110200,7300700,1449800,9499200,2658900,2235979,6922900,21138900,22401400,91514000,7371500,24221200,5469100,31793500,2819300,2209800,12026100
2023-10-12,56743100,4624000,2739400,60959400,55528600,44249800,3548500,7397000,24765500,1727700,10484400,1779000,20530500,11654600,19313100,481325000,6598500,13497100,4472800,31183000,4554400,5668300,1910500,2619700,3859500,1458000,9554900,3172500,2442055,5792400,19330400,27972800,73761000,9024100,21809900,5965600,38543700,2377300,2340300,13514100
2023-10-13,51427100,2832600,2313300,52881500,45786600,55089700,3677500,8042800,23420500,1785200,29427000,2235600,21341000,6442800,21072400,474115000,5879400,12048500,4966800,30276500,4304700,8215700,1918300,1916800,5589100,1243900,10808000,3277000,2271792,5359800,14494600,22319200,63126000,6757100,32388100,7078900,34104500,5245400,2759600,13809000
2023-10-16,52517000,2179700,3022300,42464500,42832900,56817500,3623200,5446000,28501900,2273900,12663500,2202100,16536100,7901500,22158000,375099000,5488000,14267700,6227300,18452000,3704400,4701000,1678600,2377900,3769500,1428300,10275100,2993500,2461377,6408100,12816800,17089400,51289000,5605000,63317400,6509800,31727900,3827600,3349700,14348100
2023-10-17,57549400,2355300,3377000,49642100,49344600,95344200,4006100,7538300,23515800,4123000,11482700,2176000,16387800,12324800,18338500,812333000,5261800,10325200,4527600,19775400,5372400,5121800,2110100,1536800,4213800,1404600,9985700,2911500,1870465,12244400,16457200,13365500,59084000,6411300,40015800,6160100,34771800,2586000,2937000,10893000
2023-10-18,54764400,2614500,3269900,50450000,42699500,68371100,3380800,6893500,23375000,3460300,9620300,1951400,16851000,34732300,23153600,627294000,5123900,10514500,9528300,23380300,4910500,6268100,4257100,2748000,4781900,1311900,10047000,2790100,2288383,9097300,12809500,13593300,114296000,6650600,30307600,10508500,36230900,2551400,2974700,10559100
2023-10-19,59302900,2809300,2388000,52734200,60961400,58611000,4995900,6580200,26066000,3211800,11143600,3472800,18709200,17486100,25052100,501233000,7989200,16298500,5927400,20972500,6147100,4043700,3850000,1800600,4491300,2019600,14316800,3134300,2595625,7733800,16202200,11580400,280744000,6336800,26880300,8146000,97636500,2351200,3035100,11745900
2023-10-20,64244000,2729200,3142400,61317900,56406400,62058400,5539100,7458300,26335700,2329000,13332900,2652500,22312300,11270600,25027700,477266000,21831400,20982500,5748300,22445300,4223800,4523500,3103500,4017500,5289400,2295400,10437000,3468400,3078897,7207000,15686400,17798900,127829000,5486500,39407900,7284200,68058400,2811100,5022500,15056700
2023-10-23,55980100,2172600,2821100,50817400,48260000,59857200,4564100,16232400,26317900,2959800,10133400,1771800,17796800,12847100,24374700,478530000,10722600,13629400,5071700,18185000,3903300,4146200,3193200,2796000,5969400,1776500,10772500,3172100,2097684,5874000,21212700,15200700,73900000,5795800,29412100,5981800,53938600,2357700,4552700,17097000
2023-10-24,43816600,2358100,3001400,51982900,46477400,55975700,3959600,17689900,44814300,1697100,8881400,2003300,19525500,9265500,31153600,401463000,6174000,9733900,6844100,16786100,3362900,4652900,2304600,3971900,4664400,1678600,11499500,3213100,2582069,6155300,25290800,20060300,64592000,5265200,26923800,6322000,66404200,1978200,2802300,17535000
2023-10-25,57157000,2526000,3594000,53424500,74577500,45522400,4490000,10502400,84366200,1809300,8242600,3504500,42192500,8461700,55053800,398379000,7081700,22784100,10365300,22047300,5461500,13806400,2542400,4649400,5010600,1757500,9372500,2652800,4195773,5880800,16701000,19262400,62996000,4534600,28857900,6172900,42605800,2380100,3565800,16621800
2023-10-26,70625300,2876700,2788200,49896400,100419500,60921000,5149100,10830400,57061100,2011200,9109400,6920100,66684100,10903200,37828500,541001000,7565600,17045600,6414500,18768300,5569400,6961800,3859200,5237100,6066500,1925300,11651000,3033500,4873790,7612500,16228400,17357800,68497000,5147000,27162700,7582100,41165100,2675800,10581400,16220100
2023-10-27,58499100,2985600,3097600,52458700,125309300,64709300,3168600,24524300,44566500,2601700,17434700,3624900,29596300,11099100,29856500,416784000,5207900,18382700,5540900,23092000,9427200,4606300,3229900,3007200,5312500,1503100,10300600,2764300,3439959,11385800,13626500,11921000,49976000,5078000,33877100,8131800,35849200,2585600,6594600,13829700
2023-10-30,51131000,2806900,3075900,43716600,72485500,41891900,3438300,13857100,28940100,3065200,9855500,3386400,28435100,9769600,22828100,388028000,5433700,13168900,5170300,19379900,9258500,5507100,4478300,2833700,5830500,1696200,10291200,2426900,2664519,8205300,15014300,11017700,53171000,4625900,33063500,5412800,41832200,2555400,5665500,12653700
2023-10-31,44846000,2052300,3996400,79547100,51589400,50106700,3425400,14261300,26292300,2611000,9672500,2978800,19434200,8949000,20265300,517969000,6258400,12942500,4828400,22185200,10394000,5043000,12093300,2582300,4505000,1394700,8672200,3094500,3814275,7576900,16639400,19978300,38776000,5947400,42648200,6762100,33688400,2464200,3996900,14168400
2023-11-01,56934900,2644500,4790100,138641500,61529400,44046300,3593600,10819600,30082400,2345400,9432000,2354700,20434600,9429000,28158800,437593000,8602400,25259700,4996200,28984900,4207800,5832200,4932800,2481100,8350900,1735300,9093000,3944500,3397874,5733000,14110800,13428900,48061000,6682500,23568300,5896900,41502800,2747400,3566800,14899500
2023-11-02,77334800,2634800,7287200,71377000,52236700,63278300,4963600,11099100,27124600,2597000,10186200,2816000,21631800,11638000,24348100,409172000,5918300,35348000,6286700,25212700,4066800,4313000,7749900,2053600,9068700,2100600,11518500,4553000,3095286,5349100,13087200,15076500,44760000,5413400,29640900,5859200,35788800,2350900,3904600,15492300
2023-11-03,79829200,2066300,5002300,65632200,44059800,62613600,3861900,13160000,26393100,3742000,9538700,2269100,16764300,14951100,23637700,424610000,7280000,18742100,5029800,30555600,5414500,4485100,3929500,2426900,5935600,1826800,11331800,4022900,2994524,4926800,13958700,13938000,36671000,4063300,28071000,6587700,42807500,2739500,3272000,17240100
2023-11-06,63841300,2593400,3111900,49270400,44970400,45548000,3729700,10634200,19052700,2087600,7625100,2020500,12887700,8140300,23828300,400733000,6062800,17246800,5254100,19097300,4377000,4222200,2891500,2378300,4610800,2056900,14160900,3370700,2367191,4851400,12673200,9299500,30032000,5784600,27381200,6480800,32805500,2684900,2931300,14529000
2023-11-07,70530000,3993600,3392600,50550200,53553500,33081900,5467100,15054600,29757300,1505000,6297900,2324200,14055600,7657700,25833900,343165000,7412600,13038500,4219700,20272500,5024400,4012900,4074000,3038600,5491000,1373100,10540200,3054500,2511050,4840400,10449300,9615500,32911000,4687200,18086400,6003800,26425500,2604800,2952600,15023400
2023-11-08,49340300,3079200,2648100,41880600,44521700,31896000,3433500,12654100,26425800,1484400,7618200,2838400,13609700,8075200,26767800,346719000,10994900,20518500,5117500,19184100,5299100,2984200,2532500,4098100,5884300,1343600,26942600,3623800,3230747,5460000,13744000,12781600,23568000,4926600,29398300,4832600,28224500,1769200,2896600,15591900
2023-11-09,53763500,2336600,3118300,61146900,36235400,32267900,4731400,10359500,23747800,1787900,7992500,2657100,16103100,9497200,24847300,540496000,6853900,12568700,4866600,18380500,14970300,4576300,2708800,2691100,4306200,1288400,51062700,3441800,2750005,6973600,12021100,17147900,27355000,5639300,28737700,6581500,26080800,1819600,3411100,15080100
2023-11-10,66133400,3062700,3636300,75135900,49287800,32858500,4112600,11988200,26913300,1781400,7983300,2807000,19096200,8924000,28042100,421245000,5233900,9682100,4094400,17825500,4586400,4788500,2525200,2755600,4602300,1908800,25175700,2491100,2204010,6930700,11678900,12776100,44406000,5552900,33844100,5387200,23755800,2480800,5683900,14319900
2023-11-13,43627500,2505100,2492900,46741900,35680600,28521800,3306600,8747700,18324800,1403300,6676300,1614600,16908900,4868400,19986500,384136000,5740500,11861100,4088500,15308400,4454700,13040300,3035700,3265000,3225700,1650700,12834400,3396400,1695447,5889300,12798200,8951800,28961000,5402300,35519900,6297500,23876000,1507900,3211500,15408900
2023-11-14,60108400,2884900,4617200,61017400,56674600,66676300,4743800,11224400,32395200,3592700,9927700,2733900,17179400,12287700,27683900,416954000,6733700,16775400,14092000,18260500,4509200,7280100,3441800,2470300,5421700,2037600,13152000,5739200,2986026,6713600,12697100,13399500,40609000,6238900,40084300,7982600,31504200,2454000,4258800,19792500
2023-11-15,53790500,3088900,3436500,59555600,63875700,46968900,4800700,10052100,23861500,2534500,8365300,2434600,14531200,9841600,26860100,475497000,7386200,15222100,13258900,20137600,6473200,5205900,3739900,2038000,4733300,2165100,20593100,3175600,4124350,6729100,10201900,11295000,50353000,5611200,43614600,7672600,25233500,2473700,4766700,35769900
2023-11-16,54412900,2040400,3166400,49661900,49653500,36952800,3712300,14031300,28013200,1620400,8126200,3060600,18932600,6757600,27182300,339756000,7476100,12748600,7051600,22469100,5257000,4655100,2625000,3112600,6733200,2954700,12923900,3872300,2158384,6875600,16010400,11155400,36560000,5386400,32407200,7590500,26214200,2360300,3729300,97658700
2023-11-17,50922700,1968500,3343800,38508900,49636700,38493300,3634900,11075600,37240600,1465200,7812400,2365500,14494400,6080700,40157000,325205000,4791300,12138000,7238200,22984900,4332300,3564600,2792500,2110700,5799100,1773600,12189300,3340600,2233450,7023300,14475800,10136300,27985000,5583100,27009200,8495600,27162600,2676900,3320200,42487800
2023-11-20,46505100,2393900,2472600,43138700,41951200,46783400,4599300,8062400,27815500,3146000,7019000,2768300,16960500,7644600,52465100,414120000,5728300,11406700,8604200,17458800,4490000,11568100,2661400,1958300,4046400,1624100,14105300,3637300,2023529,8851700,13051000,8404900,36176000,4886200,26335700,6856500,30868000,2518400,4733300,26663100
2023-11-21,38134500,1906200,2852800,41064800,71226000,41611900,3852300,6783300,22635300,1900900,7083500,2567500,12027900,7394800,28423100,565747000,5995300,13729000,7213700,14989000,4690800,5362100,1765500,2274100,3720200,1173700,7654800,2483900,1899297,5916300,13891600,11952600,29977000,3980000,25988700,7310400,25680000,2115700,3080700,29382300
2023-11-22,39617700,2064400,1857800,56862200,45669100,41422700,3893600,7216100,17813900,1235200,5174500,1967900,10702700,4265400,23345300,899420000,4343700,11451600,5701400,18072000,3428500,5384400,3593700,2233600,4559000,1068600,7328200,2553200,1903546,4633500,11320600,9626900,28416000,3235600,19226800,4372700,21301600,2234500,2640200,26416500
2023-11-24,24048300,942700,1457700,19001000,22378400,15815600,1869100,3861000,12514300,460100,3496900,1053500,5467500,2398000,10176600,294645000,2168200,6846600,1640900,9480800,1636500,2312100,982200,858200,2159200,645800,5440500,1472400,1087032,3351400,4816000,4629400,14047000,1751700,11129700,2132500,12431000,1135000,1644400,13975200
2023-11-27,40552600,1854400,2706700,32743000,53762400,42039500,4885500,9850800,23436500,1250500,6259100,2665900,15684500,5237800,22179200,395662000,5165300,15183800,5478900,18013500,5529400,3691200,1743300,2950300,5289500,1627400,11049500,2439400,2509431,6449700,16246500,9779100,36259000,3664700,26066700,6021300,29976200,2675800,3320000,23393700
2023-11-28,38415400,2302900,2336600,32047100,42711700,29705800,5535300,9746500,18730000,1419000,6582700,2645000,12637200,9197900,20453100,401491000,4892600,23957900,5234900,20629500,5347200,7817800,2149900,2458000,3469100,1286800,18660300,2774300,3367929,5909000,13739600,9473600,28902000,4056100,29497700,6110400,24258400,2859300,3073900,23535000
2023-11-29,43014200,2595600,2496700,37876300,40610900,57954900,12327400,16417100,23967200,2038100,9126100,2151400,16024500,7420700,28963400,382005000,6127200,19258300,4955100,26802100,3996500,5424400,2224700,2296900,6065300,1319800,13857000,2986800,2269161,5190000,11263600,17019100,28555000,4722400,26185200,5342700,26623500,4550000,2981600,29896500
2023-11-30,48794400,3960300,5325600,44494200,65814000,52547700,24425700,16276000,38988300,1903600,9869800,3203500,23146400,8480500,30554400,526247000,11075600,19039400,6874700,29254700,9297400,8736200,3210500,3234700,10242700,1755200,13396700,4959400,3150320,12481900,22727500,15381700,42873000,7346700,45356600,9771300,50630000,7121200,4664400,29925900
2023-12-01,45704800,2490500,3439000,37048000,39951800,46133300,14538200,11906500,31442300,3623300,8916000,2171400,15276400,9617100,33040500,369317000,5739800,18435700,3939400,17845300,4903400,6956200,3731500,3880100,4675800,1475300,11898200,4016400,3148398,10342900,15371200,10510200,43415000,4897400,103624000,5685400,35407200,3462200,3945300,39273600
2023-12-04,43389500,2541500,4116300,39854400,48294200,37811300,11429200,11842800,36669900,2178100,9607500,3097900,19037100,6713800,32063300,437543000,5587500,14107900,5247500,21523900,4845300,5228500,3028700,1843700,4824800,1624000,12602800,2796500,2749196,8920300,14942200,10239600,51577000,5323300,47410400,6578300,40542500,2709200,2717800,24883200
2023-12-05,66628400,2577700,3634100,39191600,46822400,45723100,5771500,9597600,27384800,2429700,9135600,2755600,16952100,6103200,23065000,371718000,5913600,21506500,4199100,22250300,3961700,3589800,2682200,2511500,5821400,2349700,12357000,2601200,2614341,7268200,11891500,12544800,33807000,4553800,39853000,11895800,72091000,2645600,2485300,21883800
2023-12-06,41089700,2080400,4221900,60599000,39679000,49803100,5374800,18079700,23576200,1869300,9366000,2224200,11294300,7321800,21182100,380590000,7815700,25245600,3874000,31154800,4978800,4740600,3632600,2280900,7489500,2233900,10462000,3260400,2256920,6642900,14868500,13235700,41788000,4726600,33410500,7610000,45867500,2239700,2995800,26447400
2023-12-07,47477700,2605200,3790000,118579100,52352800,32699600,6568200,14786700,56767100,2162400,8130900,2363000,15905100,5430400,23118900,350823000,6772800,17422400,3589300,29990700,7225100,6363700,2162500,2082400,5816800,1690400,10264700,3813000,2465323,6532400,11587900,12230500,35067000,4934800,35782900,6119600,31309100,2511700,3241200,25362600
2023-12-08,53406400,2499700,2922200,89341000,41906000,34794300,4605800,10821700,32260100,2238800,7369400,1959300,14087400,10343400,20154400,359224000,7766000,15467500,3732300,22074900,5695200,7171200,3258200,2281700,5713900,1502100,9498200,3271700,4598314,6254700,11178700,9408300,34584000,5115200,31890700,6385300,42137200,2039900,2845900,34069500
2023-12-11,60943700,3270600,3675200,98668300,50907300,32254000,4766000,9849600,31138000,1636000,8093900,2236000,25802500,6378100,27708800,509728000,19544200,12082700,6479300,22252300,6343500,7545000,2898300,2559100,7250100,2139300,10811000,4989100,3749427,6090400,14524800,11005700,49297000,6912600,37833900,8471200,43835000,3655300,3742100,31883400
2023-12-12,52696900,2968900,5163900,111677800,44944300,34566700,5827600,9863900,29032800,1597600,10223000,2736500,18485500,7395300,24838300,372387000,57666500,13845500,5946600,26084000,5882200,5719200,2375700,2640600,6888800,2374400,13218400,3942700,3129986,5324400,12899000,9931000,33027000,4515800,48587500,6069200,41348800,2706100,3039900,21381900
2023-12-13,70404200,6188500,3612000,70651600,52766200,60311100,6567600,10641300,30104800,2876500,12379100,3694200,16353300,10144600,30955500,447792000,29392200,19128100,4859900,19915400,8104500,5513400,3708300,2646300,8570100,2436900,10173200,3970200,3099130,10764600,16196800,13013400,58202000,6082100,158100700,9055500,53889700,2876600,4058100,35348700
2023-12-14,66831600,11315300,5215500,76115200,58400800,107190000,6613200,14960500,38722400,5376300,13643000,3989700,19607300,19849500,43277500,391232000,22865200,27947300,8168700,26165700,7869600,7883600,6464100,3043700,11490400,3839200,12439300,6870800,3829855,9240700,22478300,16809100,51764000,7119300,101889800,10565200,54485000,5386800,6401900,30891300
2023-12-15,128538400,8666500,7661900,70211800,110089300,83771800,13739500,30850900,50847100,4522300,20309300,5566600,31776900,16905700,78502300,479948000,30212300,24011000,13374000,55527000,15203000,14995900,7321200,4149300,30860400,8807700,17551600,8742700,7611048,21727800,65177400,28901500,78410000,17734600,138388400,14550000,65906500,9030100,8738200,70003500
2023-12-18,55751900,5452000,2710800,45199500,62512800,40694700,7498500,11561700,32258000,2740900,8469600,2686900,18993900,9145500,21802900,412587000,13473100,13800100,6041100,21610400,5379600,6140100,2691700,3406700,7000500,5733400,9083600,4277100,3005349,7231400,16717700,10755600,64107000,5439500,63329400,8421800,34621800,3260300,3883800,26316000
2023-12-19,40714100,4150700,4097000,63739800,43171300,44534800,4665500,8738100,25476800,2091800,10345700,2256200,17729400,8114900,20603700,464444000,10108500,19929000,8731200,18904700,5476700,6089500,3659600,2055600,6379200,3437300,8804000,2711900,2627189,6651500,14612200,11509600,38490000,4855900,70094700,5233600,28077400,3645600,3926500,24417000
2023-12-20,52242800,2587300,3759400,54671700,50322100,44711400,4510500,9370000,49107200,1836500,10734700,3058300,16369900,10467000,26316700,397894000,9242000,17421000,7240900,20988900,4716400,5151700,3818400,2005200,7767200,3782700,13060600,3428500,3388668,7008300,17701000,10091200,45637000,5157800,56184300,7663800,33476300,3847800,5624500,21967800
2023-12-21,46482500,3192800,2006600,47179400,36305700,32325700,5160700,7264700,27488300,1301600,7601700,2213600,15289600,7748000,17708000,300425000,8168000,12195100,6246700,19250900,4036100,6487200,3209300,2022600,4149300,2388400,13037200,3072500,2183777,4598600,11725100,12604200,27562000,4374000,51056600,6104700,36327900,2491600,3778600,20087700
2023-12-22,37149600,1660600,1518300,35396600,29514100,37265900,3110600,6396100,26532200,1538200,6576300,1759000,11772800,5800800,17107500,252507000,5680000,13175400,5111500,12927800,3373400,4434000,2833800,1602200,4299400,1641700,9419800,1927500,1911741,3798900,9029400,9799400,27027000,3030400,35162300,4413800,26740400,1759500,2332500,19405500
2023-12-26,28919300,1595100,2815700,47157400,25067200,24845400,3218800,5165600,16780300,837300,4683600,1258200,9898600,2726200,12673100,244200000,5767400,9940600,2085100,16835100,2073400,3938600,2019000,1067200,2893600,1774800,8086900,2228300,1881896,4170000,6422500,6791600,20345000,2779200,30119100,3634900,22750400,1390800,2384000,11679900
2023-12-27,48087700,1394900,1507600,49033400,31434700,24498600,3387000,5337200,19628600,1367200,6428600,1324100,13207900,4073200,14905400,233648000,5627400,11112300,4034700,14558800,3747400,3484900,1876500,1847900,3441400,1875900,11123500,1987600,2367394,5288100,8560100,6787500,25613000,3502500,35000700,4569400,27728700,1851800,3116400,19896000
2023-12-28,34049900,1702600,2245800,63800700,27057000,21799600,2958700,8148000,16045700,1024700,6320100,1505000,11798800,4089500,14327000,246587000,5689100,11233400,3020500,16329300,2601200,5096400,2267400,2828500,3711400,1496900,8479600,1912700,1666918,4377500,8400100,5981900,17105000,2911100,30472900,5023000,32112900,2001000,2254900,16776000
2023-12-29,42672100,1893900,2498400,62079200,39823200,28060700,3706600,7658600,18733000,881300,6435100,1706100,14987100,4772100,18730800,389293000,6899700,16807400,4074900,17746400,3712000,3686600,2300600,1538900,3643600,1947500,9211000,2295300,2282718,4313700,9244300,6814600,27406000,3291500,30363100,5300900,33285400,2080100,2186500,21948300
2024-01-02,82488700,2840200,3897700,64902000,47339400,36668600,4741400,8879700,23711200,2263100,9977400,2463700,19042200,6132200,25258600,411254000,9597500,15248400,5471000,23483000,8059900,5815200,2433100,2188100,4688400,2657700,10587600,3352200,3169238,9622100,16322600,10064300,50494000,5743100,57948700,7238400,47624300,3415700,4363800,23539800
2024-01-03,58414500,2478000,3970300,61988600,49425500,45988700,5097100,10255300,24212100,2265300,9852300,3093700,15451100,7487900,23083500,320896000,9455600,21245800,4148300,23490800,5301400,7219900,3043400,1908000,4881900,2612600,11929800,3687400,3858485,8232000,14830600,10306300,34437000,5588200,43426500,7697500,33612400,2891400,3257200,18756000
2024-01-04,71983600,2092100,4146100,58610300,56039800,39834600,4489800,8220300,27137700,1618300,11972500,2042600,12099900,8735600,20901500,306535000,6822300,16680400,3843000,19395200,8332200,5170700,2995400,1829600,5891500,2171100,12087400,2423700,2571649,6766600,12912900,10568100,36365000,6283200,45558200,7067400,35703700,2994400,3173400,19282500
2024-01-05,62379700,1923200,4870500,69657700,45153100,49242400,3676000,7455400,22513900,2913900,10066000,2415900,13920700,6027800,21004600,415039000,6133800,17420200,3748400,15827400,5607600,3849700,2684800,1675100,3984600,2233500,9092100,2192100,2713889,5602500,10412800,7803800,26313000,5252500,33612800,5294200,33311400,2815400,2537300,21709500
2024-01-08,59144500,2830000,4098100,71756900,46757100,40253900,6626000,10038200,21404000,1902600,11229900,2125400,13890200,6738400,23134000,642510000,7038700,14264400,4659000,23370100,6001600,40730400,2369100,1934800,6769600,2245300,11103700,2453400,4066887,6569800,11554600,7766600,36758000,5735600,32972100,8255300,41215100,2648900,2469500,20680800
2024-01-09,42841800,1926900,3479300,67875700,43812600,39268800,4571800,11784700,24759600,1708800,9923600,2439300,13463900,7594100,20830000,773100000,6725200,14877300,7055800,19496600,4454000,20687500,1974500,1213300,5935600,1886200,11255100,2024900,3118048,6357000,10493700,6921600,35268000,6268800,39856900,9786800,30338400,2677000,2639500,23322300
2024-01-10,46792900,2135700,2943400,56951200,44421800,34904000,5128300,8490400,21320200,1547300,9670200,2709300,22117200,6929200,25514200,533796000,7270500,10137900,4355800,18206100,6609900,12883700,2048000,1412900,4445200,1801900,15091600,3076700,2399868,4945100,12258000,8100100,43424000,4394900,37413300,8591100,26893800,2180000,2399200,20121900
2024-01-11,49128400,2331800,2788000,62764600,49072700,48790600,9012600,8612500,24008700,2209900,11919500,2320600,17205400,9400700,27850800,596759000,6119000,11900700,5599000,15833400,4591500,11830500,1941400,2718400,4212600,1670800,9642200,3063500,1963335,4946000,13754200,10686000,79933000,4800700,46884700,6659400,59137500,2814100,3341800,14355300
2024-01-12,40477800,1477000,2473100,48293100,40484200,74344300,4847600,9386900,18785500,2223800,19436500,1892400,19310000,8303100,21661200,352994000,9703800,9282600,4656100,18041700,4971400,11285500,1955600,2787400,5549800,2388400,11919400,2791900,2457533,4496900,13218000,7796900,50037000,3546100,30373500,5684700,32658900,6327300,3474500,13629000
2024-01-16,65603000,2126100,2906400,112711400,41384600,58420800,5858700,9380400,22670500,3926600,17206400,2398000,15306900,20369000,27202300,449580000,7547200,20907100,6196400,20235700,4747700,35290000,3140100,2759500,6677500,1626700,16780900,3527100,3541227,6923200,11826900,11633100,46790000,4576600,38826000,8120100,39033400,3736700,5331400,17032500
2024-01-17,47317400,2588300,3691200,104085000,34953400,48811300,4706500,8167000,20968600,2415100,11107500,2690400,12724800,17198500,22234100,474394000,7771500,29527400,5118700,18384000,4423100,20140100,3789200,2353100,4864100,1786800,15735200,3272700,2539579,5072100,8982100,11543100,48946000,4392300,33312600,6541400,39261000,3791300,3930000,14827800
2024-01-18,78005800,2793600,3580500,131864900,37850200,35484400,4752400,11187800,25746400,1771200,9382300,2075700,16354300,15016400,23392100,491650000,10362300,25339500,6694300,20940300,5074300,20046800,2479300,3001100,6150900,1900600,12203200,2453700,2634979,5368500,10397700,9626500,40544000,4709400,50321100,6526200,35127800,7367000,3095800,18190500
2024-01-19,68903000,3760100,5098600,140367900,51651600,49493600,7413600,11192500,34271900,2603300,13115700,2400200,21670800,14787400,29331100,543501000,11163800,38264600,7226500,20088400,5863000,14345400,3116000,1950900,5702200,2267900,19790100,2965100,3125636,7071300,14392600,12762600,56724000,6528600,35549300,7848100,52563000,6143400,3097600,19175400
2024-01-22,60133900,4488000,3091900,122973800,43687500,43903400,6735900,9184600,32200400,2922700,12837500,2715500,17680500,11626500,27016900,452955000,7485300,44006900,5984300,19955900,4864000,10760800,2072200,3195800,5740200,2452900,15119400,2465500,3631063,6824200,14314300,12979900,52123000,5697400,41663900,11084100,44093400,5922900,2631600,13938300
2024-01-23,42355600,2723500,2562200,76830500,37986000,30003400,6573800,6767200,21636100,3313300,8360800,2328600,15506100,8555700,20525900,294654000,9185900,19883700,5883000,15863400,5784700,9076900,1866300,2350900,3969500,2208600,11559400,2903000,2057521,9149800,14481600,16081000,155060000,4932700,33466700,19101600,59713000,2672900,3443000,12066600
2024-01-24,53631300,2999000,2736100,125516400,48547300,36403900,7037800,8100000,25233500,2235800,9967100,2725700,15698500,12480900,24867000,560271000,11702700,21694100,5021700,17330600,5422200,15119100,2765900,2136100,5332000,1946500,10454900,3869800,3524534,7247900,16370500,14471400,264328000,4984700,42720700,11592700,79217000,2918800,3187600,22932900
2024-01-25,54822100,3806200,3968400,127171400,43638600,46204000,4178000,9773600,29149100,2376300,8873500,2977800,15091100,8792400,21021200,482777000,8877200,43452600,6894900,22089500,4465800,22112500,4647100,2436200,5958700,2751900,8661600,2460800,2684146,5478900,14899700,15702600,94519000,5373800,47605500,10352500,54457900,14671000,4070000,16369500
2024-01-26,44594000,2137800,2564600,107381200,51047400,30839800,4877400,9151900,26115500,3464700,7443000,2725400,13163700,6384400,17803300,390309000,5541800,18430700,8586500,20817200,4654300,9911200,2920500,1865800,4156000,1825500,7812800,3554100,1947149,5591900,13025100,11650000,127706000,4849000,47073800,8356600,38567300,6212200,2818200,15746400
2024-01-29,47145600,3212200,3167200,89384500,45270400,30269300,5762300,10494800,27784300,1632300,6971200,2314200,18742400,7440300,24510200,348733000,7014400,15913900,6574500,18317500,4704100,7535400,2101400,1546600,4705700,2215400,13422200,3149000,2222422,6483200,14547100,10102800,69054000,5713600,67082700,8987400,38264800,4554100,5459700,18240300
2024-01-30,55859400,2007400,2966800,122265700,45207400,60315700,4810900,9902900,36331800,3897900,10822100,2663600,18614700,6569300,33477600,410735000,8231900,18786100,6549000,19610900,3819600,13321200,2150200,1916100,6206500,1610500,9139600,3201200,5711852,7200500,22061500,7807700,61818000,4804200,86072400,7794700,54946400,4931200,16983600,15270000
2024-01-31,55467800,2666800,3690900,133157300,50284400,54716000,4557300,10428000,71910000,3421100,11521800,4740500,20180800,8414700,47871100,453795000,7386700,15623100,6139300,22415300,4993900,22409400,2813000,2891700,5501400,1928500,9592300,3678500,5690101,8256800,22837000,11124900,48576000,5769200,81192100,8870000,52968100,5358100,10906800,26134800
2024-02-01,64885400,1687600,4304200,91576700,76542400,57084800,3218300,8641100,40466500,2138500,9354800,3292700,29727100,8365000,30657700,369146000,7882200,13449400,7065000,19240700,5584400,10679200,3196300,4020900,5255200,2039200,8484800,2745900,7910298,8012000,15870900,8687600,31740000,4920800,53883000,7601100,71660400,4242600,6774900,20792700
2024-02-02,102551700,2542800,2808900,82134300,117218300,40416000,3629600,12839100,62499600,2180900,8607600,2050300,84707600,7728600,28256700,476578000,6499400,14618900,4848700,21973400,7870400,6275300,4661500,3221100,4610200,2377400,9321300,2519400,4368059,8295900,17544900,14952900,40328000,5307700,51718500,7937700,33248500,3804500,4343000,21670800
2024-02-05,69668800,2131200,2929300,76349200,55081300,43573000,5274800,8277800,38505400,2231100,7820200,2438800,40832400,7788700,25352300,680078000,8084500,10223300,4899100,17190900,6486700,8682500,6557500,2323000,4520400,2276900,11679300,3142600,4686228,9121600,12759600,14293600,41431000,5142700,42633400,6931900,31496900,3646300,4536700,19145100
2024-02-06,43490800,3436200,2910400,68854100,42505500,27188000,4207200,6198200,29128200,1487800,6764800,2201900,21655200,7335500,18382600,683111000,4637500,17564300,4400000,13347900,7037400,7556900,2825700,2505600,4777100,1920200,16455500,2171800,3785139,9229900,12775200,10305400,28403000,5182700,56958700,6185400,25734200,2745400,7566800,14181300
2024-02-07,53439000,2313800,2844100,53665400,47174100,29660100,3621400,6252000,25208900,1963200,7225500,2544300,23066000,4952200,22340500,495575000,7672900,33211300,4785900,13826800,6409100,7747700,3203000,1907700,6100700,2145500,28886300,2470800,3065138,8690300,10259900,7761300,43736000,5769700,36843000,7209300,33871800,4109100,3985200,17082600
2024-02-08,40962000,1815700,5242200,43385300,42316500,36852200,4488400,9237000,22563800,1913700,6060300,2081300,18815100,6218200,21225300,414422000,4472800,68272700,5833400,19636900,5709100,5787700,1986100,2128100,7715500,1918500,60558400,5581100,2545548,9755000,12874800,8143000,31755000,9269700,29048400,6121600,66974900,3343000,3316400,14427900
2024-02-09,45155200,2091400,3217300,56375700,56986000,36176000,4376300,9194500,26829500,2028200,6296700,2155400,18413100,5664500,22032800,436637000,5787100,31421400,4618300,20410500,3502700,4349700,2823000,1604900,5974000,1426100,21509100,4642800,3729295,6529200,15235300,8003500,30557000,12731700,29062700,5978000,44427100,2715400,2825900,14329800
2024-02-12,41781900,2317200,3770600,58177100,51050400,34160400,3750000,6713000,21564100,2797200,8539300,1794500,19382000,7888000,21202900,613710000,5439600,21768200,3676200,18173100,3477100,4077400,2483600,1706300,5802000,1572600,13424000,3925900,2860883,6701500,13516800,9622000,36085000,7867500,30323700,5482000,31151200,3194000,3253700,14795100
2024-02-13,56529500,2985200,5328600,63071300,56345100,43801500,4956600,6987100,27837700,3030800,8397600,2407700,20916600,11339400,27824900,602580000,8171700,19540200,5493800,18917400,5480400,8263600,2923200,2487300,6321100,1951100,14594500,3428000,4483794,8621000,24195700,12759700,35115000,7302000,37927500,6046800,29734600,3436000,3706000,18574200
2024-02-14,54630500,1615100,7507300,57402500,42815500,27833900,3850700,5995100,22704200,2041300,7056700,2202700,16858400,5973700,20401200,504917000,5946100,16520600,4218400,17651300,4348500,6503000,1887100,1833900,7248400,1472500,11405500,3062300,2139871,9098800,15872500,8831300,56342000,5731900,25270200,5727300,26468100,1918500,3831400,18484500
2024-02-15,65434500,3677400,5656300,51126400,49855200,41683100,3986500,8950300,37590700,2218900,8723400,2354100,24212300,7993500,21825500,420122000,8455600,13321000,4834800,23196300,5276200,5309100,2362900,1900400,9421900,1264100,9961900,2951900,2019584,7462500,13695800,9880000,52209000,4451400,36111600,6249200,25926700,2292100,3855400,16948800
2024-02-16,49752500,10328400,5139600,53940300,48107700,33290700,4159400,7570200,31468900,2376800,8152600,2237200,23324600,9673900,22296500,495327000,8936000,12195800,6630700,20151400,6689900,5986500,2513200,2081500,6967800,1764900,8782200,4120800,2358188,8541000,13947100,9943500,43257000,5246000,35935300,6617600,28848800,2135500,5442400,22373400
2024-02-20,53665600,6567600,6814600,66550000,41980300,30372900,4295500,6977900,25144700,2358900,9668000,5044200,18015500,6626400,24307900,704833000,10975600,12598700,6157200,17650000,5484100,5248400,2701600,3457500,6458300,2407300,9770900,2590700,2793304,9501700,18339300,13014600,31242000,6117900,34232000,6622100,29103900,2600200,4254900,71788500
2024-02-21,41371400,4486600,3969200,48365700,44420100,37847100,3797200,6628900,23223300,1772500,7024000,2895800,12921800,6444000,18518900,673755000,7865300,13377900,4770100,20991300,3818500,4171600,1779700,2883900,6925500,1564200,10427500,2781500,1992471,7472500,14373000,9322100,22706000,4192600,27348300,7121000,22644500,2095900,3017100,40501500
2024-02-22,52292200,5023400,6031800,100684700,55392400,42756900,5264300,8874900,27191900,2326800,9296500,2572800,21625800,6782100,27009900,865100000,8957800,17293000,5100200,20470700,4852300,6513500,1875800,1762400,5104900,1801600,9266200,4131500,3677397,8065000,12982800,10426000,35266000,7539200,31957500,6619500,59974500,3186800,3027500,29512800
2024-02-23,45119700,4546500,4246100,69207400,59715200,30586000,4416800,6561600,19493800,2247400,7105800,1764100,18374300,5810100,16295900,829388000,7504500,13357000,5107700,15975900,3941800,7433400,1575000,2084800,5206200,1265800,11724000,2494500,2478778,6726000,13612900,10563900,25689000,6409800,33182600,5486500,32270900,2502000,2414200,74365800
2024-02-26,40867400,4251200,5154600,45435100,44368600,31129200,8719300,6900800,53641800,1797800,7145400,2066900,12101400,5608100,16193500,503973000,6342900,11065600,3856900,13360800,4327400,4807200,1650000,2207300,5751200,1707000,8694200,3797700,2052261,5465400,10336100,12753800,23937000,3837000,45685500,4531900,26815900,2308900,3052900,32154800
2024-02-27,54318900,3247600,3217500,43665200,31141700,40536300,6178800,15093800,33099200,1724900,5717100,2011100,10809600,8066700,14835800,391705000,6593100,11467600,4145200,16360000,3888500,3932900,1640900,1815800,5060000,1471300,7595000,2962200,2480397,5078600,9931100,12421800,44894000,3567600,38598400,3868200,28350800,3780600,2382200,18012700
2024-02-28,48953900,2313200,3557600,35914400,28180500,39548600,12490800,6715900,37328600,2572900,6131600,1931900,12715500,5624100,13183100,393110000,5278300,9851600,4358800,14810500,4331300,9654700,1471000,2614200,4578900,1365000,10773000,3255400,2695173,6071100,8076500,13240400,26052000,5275300,31010200,3802900,33531100,9558600,2258700,14803300
2024-02-29,136682600,3844400,5300200,105538500,53805400,43863400,21737800,9334400,42133000,3139100,9643000,3072500,17732000,7657100,31947300,507289000,12193900,17117300,6633700,17566100,7485700,6670300,2699800,3940600,6624000,3361200,11658300,5245500,3477391,9849100,18152700,19993600,35721000,8489400,54643200,8348100,46155200,6833200,3338600,29245100
2024-03-01,73563100,2968100,4631700,103820800,31981200,38432300,9450200,7459100,31151100,1697700,6311800,1748300,16273600,5523700,17823400,479135000,7605100,17590400,3955700,18460100,4028700,11609500,1815500,4294100,5094300,1678100,7242400,3367600,2817888,5670100,10927600,15398200,42703000,6109900,46392100,4819800,27552700,7315000,2936200,19030900
2024-03-04,81510100,2556400,4030400,86835300,37381500,49136400,9350000,12503200,55999400,1955100,7063600,3212400,12324100,19876000,17596000,615616000,6588100,17125200,5920300,18138000,4723600,7213900,1551000,2857800,5877200,2133400,11558900,3724600,2173964,8532900,10150200,11674600,30203000,4303700,86777700,3841600,32690500,5239800,4562200,16033300
2024-03-05,95132400,4286800,5310500,65407100,37228300,47591600,9015300,6985500,40194800,2697800,6617800,2015100,15325300,13883600,26919200,520639000,8242000,18056700,6227900,19952700,5309800,5034700,2030000,3849000,6247000,2353400,14929600,3679300,2561734,8298200,12310000,16026100,38496000,6631300,73646100,4481600,43337900,5296200,3614400,19676900
2024-03-06,68587700,3209800,5327400,86687000,32090900,49149700,8270000,14692100,35318600,2692400,7572900,1917100,11757900,25614600,22344100,582520000,6706400,17187400,4535200,20472800,6047100,4736600,1542300,2809800,4888700,2400600,14743900,4229900,2745048,5773700,12378800,11074900,24696000,5302500,84919500,5405700,35356700,5577500,3471200,12698700
2024-03-07,71765100,2660500,2945100,63869000,34063300,35900700,6788900,8739300,37738200,2033100,7618300,2178100,18586400,9145700,18718500,608119000,7670100,19447900,5668500,15195400,6125200,5965300,1732500,2298100,5097300,4187900,8609300,2610600,2476046,5188700,13686900,10227300,27428000,5801600,46423800,4783900,27325100,5102000,3514800,16195300
2024-03-08,76267000,2833200,2338500,120815200,37893200,42769900,4851600,7528400,39370400,1657200,6172200,1596900,18597100,9689300,18002200,1142269000,8312900,18283500,3928800,16281500,6195600,9010200,2307400,1959700,5227600,8590200,10009200,2266700,2164353,5284000,13239000,12735600,27772000,6065300,45906600,5080200,30812900,4673600,3448900,12143600
2024-03-11,60139500,2857800,2336400,73098600,28484800,34131500,4895500,7577100,32437800,1654200,5762600,1774500,20428300,4737200,16120800,678364000,20438300,11172700,4614000,17577300,5134800,14160600,1868000,1596100,5899300,3762500,8794300,1966900,2471696,4620800,14114300,9681500,25009000,5404800,52600100,5170900,29541600,4410100,3266000,14154000
2024-03-12,59825400,3469200,3656000,68951700,36610600,29260400,4832000,6432900,27563400,1703900,5708400,1853900,15448200,5110900,22457000,668075000,48536100,13485100,7988700,14957200,5391100,18714800,1645900,2015500,5653000,3727400,8085000,2878100,2973077,8018700,12684600,9634400,28216000,6158500,48758200,4229100,38700600,4153800,3879500,16613100
2024-03-13,52488700,3466000,3645000,70526900,30772600,38289600,5548800,8065600,23347200,2370600,7795500,2103900,12090700,10345800,17115900,635713000,15870300,19983400,5783800,17122200,5987900,10196100,1818800,3042800,7685400,2270300,7267900,3519200,2567197,6260000,13909500,17495300,21921000,4585800,39273000,5410500,32339800,3669000,4244800,15935200
2024-03-14,72913500,5908100,3869100,84490500,43705800,40178100,4828800,9047200,42753400,3029500,10310900,2757700,12620000,9235300,34157300,602318000,10965900,19342000,5484500,22121000,6999400,10016200,2110200,3025500,7800800,1826100,10520500,3540900,3882765,6988300,13996600,16996100,31205000,5155300,36428000,5848100,37237700,3378500,4101600,16584700
2024-03-15,121752700,19580800,7185000,95289500,72147400,69646400,11885100,20387200,49475400,3763900,17214200,4179300,29153600,20363000,45079900,642086000,17844900,20040000,9845000,38264400,20957800,10800700,4406000,4804000,17549000,3390700,15364200,6197000,6383698,13165500,36849900,32424500,66716000,21887300,75727900,10956900,93104700,5713500,8821700,50946300
2024-03-18,75604200,7052700,6434600,59306900,31250700,50617900,5240500,7242700,69273700,2069000,9013800,2072300,11755300,5960000,20106000,668976000,12231400,14219900,4095600,16770500,8569000,9497800,2528200,3269100,4827900,1595200,11820800,2736700,2510645,6602300,15856700,17073700,33442000,10478500,36226500,6086300,35177000,2970500,5181600,16801700
2024-03-19,55215200,7081800,5565100,83509500,26880900,46113800,3329900,7736700,24070400,1858200,8478700,2049500,10903100,8546400,19837900,672171000,10221000,9089300,6595200,14878800,7625600,7648000,2207600,2297600,4457800,1322700,10999700,2492600,4577575,7840600,15030600,11433900,21426000,7653700,29026600,6148100,26144600,2511700,4210000,12353600
2024-03-20,53423100,4239600,4132900,81773100,29947200,40519000,4946600,8449100,21311500,2157400,9367000,1691100,11711100,10811700,17860100,479063000,8373300,12641400,6105000,16119700,7326600,12770000,2563900,2252400,3597000,1398700,11699600,2682200,2746059,5982300,15258800,14564500,26395000,5046700,34468000,4870300,28961700,3548200,2862300,12007600
2024-03-21,106181300,5206600,3860800,75265600,32824300,43219500,6083900,7899100,24755600,4613800,11203800,2580300,9712500,13659900,21296200,480372000,17842400,14022100,5057600,14878000,5743600,7436400,2616300,3123100,4925600,2106900,10353500,2744900,2844595,5915800,13067100,18090300,25077000,4343000,29633700,5211500,34446700,3693400,4036400,14265900
2024-03-22,71160100,5413600,2914400,57899100,27995400,29001100,3779000,5974700,29211800,2190300,8108800,2277800,8120600,5909300,17648500,586719000,6660000,10208100,8744100,14701900,4084400,7827000,2052000,2726700,4976100,1794100,7144800,2308600,2085342,7248600,11502800,10046300,21357000,4106400,28830100,6393200,26169900,2847300,3939400,14029400
2024-03-25,54288300,4277000,3286800,71935300,29815500,30480200,4141200,6058700,19229300,1683900,8620000,2600300,8380600,3670400,18060500,552136000,7446100,10224300,8519200,14011700,4366400,12953000,1774800,1845900,7054400,1604700,12103600,2016000,1984176,7498100,13144700,11423500,18033000,3941900,31110600,7145600,30944600,2786100,3807700,14186600
2024-03-26,57388400,2813300,3861900,65322400,29659000,33673400,3893900,6677900,22149100,1407000,5961500,2515100,11205400,4211900,16725600,513648000,7063900,14826400,8752400,13152300,4392400,8972200,1637200,2277500,5203400,1353500,11870000,2823100,2728558,6864100,13277400,13829600,28045000,4593000,38220300,5842700,33048600,3113300,18208800,13738300
2024-03-27,60273300,4228400,3474100,55685600,33272600,36350200,3859900,7416900,22879200,2353600,8725800,2309400,9989700,6394500,16705000,586067000,8115900,10591200,5190700,12415700,5073500,7372800,2262800,3561400,3847800,1246700,10782800,3166200,2792292,8461600,12551200,13409000,26283000,4911300,34247600,6599700,37488400,2653100,7078800,14363400
2024-03-28,65672700,3897000,4292900,57628600,38051600,42262500,4892300,8331600,24485400,2409700,8628300,2214500,15212800,6707700,21871200,435212000,6587400,10775800,5844400,18482100,5418700,4471700,2028600,2363600,4657800,1713300,15367400,2637600,3636020,6181500,13683500,12830800,37088000,5710400,40466700,7191500,33461500,3820000,5197000,17535100
2024-04-01,46240500,2056000,2329300,74299900,29174500,33908000,2918100,6285700,31730800,1863900,7309000,1648200,9247000,3416000,16316000,452441000,4133600,9840500,5084000,13817000,3502100,5107800,1953800,1619100,3036000,1600700,8419700,1859700,2247815,4364700,11668700,13175200,21159000,4815400,26596600,5971900,31980100,2928700,5421900,13837600
2024-04-02,49329500,3083300,3335100,61598800,32611500,34806800,4746100,8815400,24586000,1976000,7014700,3265100,11081000,5245400,17912000,433064000,4862400,10329300,6912300,19919600,4523800,4477200,1968900,2343200,4969700,2326700,15517100,2305600,2645601,6102300,13017300,9905300,20292000,5158500,32451500,6771200,40169500,11867000,4935000,19510100
2024-04-03,47691700,2604400,3380800,49835100,31046600,33338500,3047400,7819700,24705000,1549200,9353400,2265000,12099200,4821100,16502300,370067000,7430000,7176100,4536600,16504300,5893000,6609300,2623700,2166800,3707300,3205500,22480400,2278100,2525112,8098200,13672900,10551400,29312000,5828000,36828600,9601800,38155900,4460400,4314200,14615100
2024-04-04,53704400,3403300,4013100,88280000,41624300,42888200,8351000,9269700,34724700,1704700,9243800,2552600,26476300,5466100,19370900,434965000,7588300,9933400,4018600,18467400,10539000,6513800,2492200,4843000,3908400,2252400,13815400,2694700,3454527,6947400,14320700,10690100,30643000,5422600,41922700,6801700,31850300,5182000,3689100,14436100
2024-04-05,42104800,4972700,2999900,66080300,42374000,30823500,4918200,7432800,23459200,1694900,6532300,2462700,19263300,4654800,16554800,399678000,4899500,8062300,4392100,21720600,7030100,4130400,2068300,2713200,3595500,1552900,9653900,2525200,2238609,6783000,10157800,10278100,33788000,4412200,39880500,5121200,37769000,5747400,3374000,10335900
2024-04-08,37425500,3439200,3027600,43997500,39221300,29470300,3142900,7253200,20702000,1181900,8001000,1961800,13260600,4601900,14272400,283220000,6119200,8421400,5542400,17513900,4745000,6176400,2690000,2154700,4481900,1459000,6266000,2348500,2412514,5935400,10284500,8054900,21457000,3755700,24431400,5476800,27372200,4532300,3196400,11070100
2024-04-09,42373800,2547500,4389600,42886100,36520100,30967300,2997700,6576200,31079500,1247200,7351500,2217200,10863800,4951600,12496900,501700000,5564100,8446300,7313900,14132300,5933200,11427800,2042700,1927000,3756000,1386400,7451100,2460300,2065817,6135300,10779100,9188000,21436000,3773900,45127800,4608100,32785000,3521200,2664300,10013500
2024-04-10,49709300,2487900,4501500,59600000,35879200,37610700,3036400,7525800,22838600,1903300,7681400,2710500,11418500,5994200,16216600,431929000,4509900,8566300,5276000,17409200,3231700,9727700,2148500,2466200,4402400,1832000,6746300,2475500,2941209,6809500,11861900,10783400,28062000,4581500,44541600,7784900,39046800,4493500,4024400,15097600
2024-04-11,91070300,2978500,3833900,48994500,40020700,38604000,3468600,7682500,27166400,2176200,10137700,2299900,10369500,24631800,17966400,431637000,7315200,8785500,8102300,17555900,3307000,7625100,2535700,1425100,4328800,2107800,6559400,2116100,3061597,8374400,11109000,12145600,26627000,4241500,32814500,8209800,40831200,5844100,2232500,10987600
2024-04-12,101670900,5621900,4176500,63519600,38608800,47126100,3820000,11071000,25353700,2815800,31532300,2486300,11984500,12789800,19253800,426805000,6196900,9934000,9038400,21556200,7029400,7568300,2072900,1361100,4955300,1481800,12155200,2279800,3540316,7100200,12250900,9039500,29593000,5453500,43034100,6770500,41785200,6045700,4123900,12280600
2024-04-15,73531800,3353200,3584500,61461200,48052400,44392000,18365100,7236900,27136500,6177000,14766600,2070500,13512900,9553900,20273500,443077000,5101500,11008700,10267500,15029500,5433700,6490700,2171000,2248700,4219300,1808000,9637100,2623100,3216989,8502300,12425000,11147100,30854000,5133200,35660200,5754000,40249900,5376800,3271000,10557200
2024-04-16,73711200,2660100,4653000,55302100,32891300,95566100,7624300,5541900,20779500,3459700,16451800,1787200,9847900,18291600,16765600,370453000,7000000,9912700,8237100,18082200,4881300,7986700,2513900,2046200,3878600,1412300,9291400,2655500,2834580,12774900,11236800,11594100,35191000,4569700,28885300,6103300,56368800,11816500,4197100,14726300
2024-04-17,50901200,2034800,6222900,75909000,31359700,65951400,4199400,6733900,21763100,4373800,9017100,1735000,12193700,9544600,15855500,495400000,5366600,8000900,5940900,14538600,4792200,8162600,2313800,2023300,3869700,1376700,7379000,1768000,2452576,9378100,13805100,15653700,33122000,4069200,43828900,6621900,27177500,8759800,4165700,15329700
2024-04-18,43122900,2389700,3162100,52669800,30723800,44506200,5918200,4979200,19883000,2776300,9557700,1998900,14808700,6752000,21029900,447260000,6662400,9240000,8231800,13821400,4480100,5123000,2380700,2283100,3588200,1846400,8235600,2639200,2168096,9887700,11125900,10135000,84684000,5574700,35788400,7819300,29566500,8880400,3430600,12061500
2024-04-19,68149400,3282100,3510500,71618200,56000700,56273700,4913600,7734700,32615600,2805500,13402300,2548800,25215400,8143000,30565800,875198000,8251500,13177900,7905400,21572400,5532400,4693900,2929600,1743900,3984800,2190400,9436000,4212800,3611639,9750800,21207900,13419400,164497000,6636700,38372800,12034200,45820400,6618600,5118500,14165800
2024-04-22,48116400,2604300,2769900,49397000,37924900,43867100,6747200,6779200,26446200,4165600,11529700,2157400,17271100,7294400,20286900,596341000,7125500,9958200,6463700,16340700,5580700,4724900,2085400,3424800,4194900,1437100,6901700,2933000,2394506,10118700,15624500,14747200,85977000,7288700,35678700,8926300,54178100,4697700,4578500,14910000
2024-04-23,49537800,2205800,3011200,46051900,37046500,39180300,6285200,5597600,21151600,2662300,9144400,2029100,15079200,6393900,15734500,438559000,5494800,9913000,6438000,13929800,4084100,7632100,1810700,3175400,3773600,1176200,6839300,2148800,2587127,10110400,13689100,14349200,49755000,9145000,24297800,7707300,47805000,3646700,6371100,17963900
2024-04-24,48251800,2338000,2684600,43412600,34185100,28670600,3938800,7610300,22779100,1575900,6964900,4043100,37772700,5100900,15065300,512208000,5791800,8189100,8807200,12101200,4074700,20889300,3032700,5468400,3846600,1206600,6157200,2652700,3620036,9756300,19548300,12149600,53553000,10016700,24547800,7217600,74197800,3724400,5284700,18529100
2024-04-25,50558300,2250900,2987100,41471400,49249400,41116000,4811900,9702600,57109700,1970100,9802300,2006500,82890700,6770600,40586500,424641000,6796600,11711200,8064600,16041000,5503700,12504700,6459600,5007200,3666400,1613600,8045900,2540700,3939721,7642700,19048500,11418500,38071000,7441500,47661400,7094600,46680400,4329700,3553300,19263000
2024-04-26,44838400,2460300,5027200,42510700,43919800,28668700,3754600,9736400,64665300,2322700,6413700,1963300,32691400,4606100,29694700,551011000,8355100,14200900,6840600,27289500,10721700,7208100,3324600,2386400,4823100,1524400,6304800,1994800,3076772,6183000,10994300,9982800,43326000,4472100,46526500,5659800,37852700,2727000,2607600,11045200
2024-04-29,68169400,2954700,3582200,43478200,54063900,26438800,3576400,6364000,45610000,2453000,5387800,2120700,21502600,4416100,19582100,388971000,4994100,19142400,4128600,17309900,6219000,7788600,2171400,4502400,3609400,1526900,7151200,2043500,2623850,6149600,13409300,9795800,25089000,3224500,39995300,4621000,42383300,2192100,2654700,9785100
2024-04-30,65934800,3222600,3377300,60742800,94639800,30283800,5218000,8457300,33562900,1829900,8153700,2698800,18429500,5860000,28781400,363709000,6234700,43903400,6376400,21083300,5484800,8248800,4201700,3496700,6296800,1734800,8156600,2565900,3164382,8817700,19349200,10042600,33615000,4465100,38017700,8106100,31822800,3367500,2402900,14209200
2024-05-01,50383100,2490200,4548300,89413200,94645100,32272000,3761000,7713700,33493200,2310100,7445300,4979100,20344900,4713600,23562500,559863000,5583600,17966500,6119900,27777700,5176400,6191900,3520600,3489800,5423500,1609100,6338400,4860700,5143904,14470900,16729800,13991100,34732000,4340500,97388900,7543000,39350700,2729200,2842200,15464300
2024-05-02,94214900,2516400,6490300,50034700,54303500,34860300,3859900,8597100,24294500,2087500,6501700,3866500,15221300,4449200,17709400,377898000,5001000,14480600,5061700,25513600,5904300,10223700,2492000,1539600,7685900,1826900,6799800,2808100,3458574,8459800,10991300,10815900,30682000,3964800,69649000,5647500,32205000,3561400,2038800,17574100
2024-05-03,163224100,2833200,6715500,49361100,39172000,34082700,4041600,11664500,34662400,2406300,8922800,3711500,16489100,5043500,17446700,398341000,4485000,15435200,3862000,28023300,5849900,5416300,1977100,1543300,5020700,2323300,7411100,4338300,2277659,6532700,11628700,12687500,33075000,3491900,60568900,5581500,24023200,2487600,2039300,14207400
2024-05-06,78569700,2104000,4669100,44624500,34725300,28422300,3744800,8430300,21871300,1914300,7911100,2536200,15094600,5105100,16996600,376203000,6052400,11257600,3958700,31401300,5834600,11913400,1653900,1910200,4848600,1773300,16303200,3081700,2283932,5042800,9310700,14042100,36863000,3576200,59899700,5472400,24182300,2029500,2073600,11119400
2024-05-07,77305800,2518300,3644100,37374900,34048900,29119500,3507700,6869900,28039700,2058200,7688800,2345300,13406800,7418000,20018200,437342000,6437700,9232200,6377100,30122000,5301700,5097500,1965600,2509500,5902000,1897800,55084600,5229900,2076136,7333500,9807000,13621100,36141000,3708000,65606400,6433000,28086800,3752100,3403500,14520200
2024-05-08,45057100,2165000,3137200,28728000,26136400,32803300,3283300,6706400,19569100,2006700,9227600,2332400,11683900,4662600,11792300,325721000,4636000,11183800,9029700,18957200,5906700,4956800,2260300,2227600,4200200,1511900,15238100,3497900,1809158,7735100,10484400,9915000,30939000,3400900,39087800,4579400,25292100,3078900,2799600,11015700
2024-05-09,48983000,2301600,3193300,33018000,43368400,26855400,4709700,6683300,15346700,2710200,7977300,1970100,9437700,6766700,14689700,378013000,3236200,8368700,8948800,17564000,3570000,5107400,3208900,1788800,5430500,1716200,15096000,2996200,2723398,6546200,9113700,16627900,20654000,2421400,47831100,4671100,22547700,2342900,2510600,14550500
2024-05-10,50759500,2741100,4034000,37652800,34141800,27359100,2912300,5490900,29799900,1823900,7529800,1729900,10750000,6118400,13402300,335325000,4122500,8745800,8986400,13648100,3509500,3715500,2210600,2002100,4515900,1652700,15884600,2778700,2345441,5710600,8371700,12046700,26536000,4201600,25849800,4879400,19229600,2784600,2504500,12356600
2024-05-13,72044800,2458200,3745800,27859200,24898600,24060600,2998700,6848300,31327600,1579600,7049200,2069300,14668800,5379000,15440200,289680000,4140000,7311600,10528400,15060600,3505900,3105200,2051200,1898700,6421200,1596800,9666400,2185300,3546184,5628500,10137600,7685500,20862000,4408100,39609800,5725500,28014800,2454500,4185600,19260500
2024-05-14,52393600,4287800,3141000,31938300,38698200,27594800,3056800,4924000,25127100,2412900,8596200,2991000,10478600,6216600,15109300,296507000,17811200,7556500,18526100,15079100,4025000,4686500,1563400,1362900,6144700,1327700,11278400,2168200,2406140,8254200,10852200,8176600,27924000,3508600,23530900,6009800,23545300,2949700,3597300,18780100
2024-05-15,70400000,3491600,2911300,43195900,75459900,34084400,5828500,7603100,26948400,2217700,8370000,2437800,13100500,6938500,22239500,417735000,6604600,10972600,21288400,18244300,5261300,5858900,1913900,1746600,6138600,1661700,20745600,2636100,2707009,5548000,9838900,12470600,56706000,4785100,38376300,5102700,30877900,2981200,2695900,22240600
2024-05-16,52845200,2562900,5725900,76726700,38834500,32554200,3559200,6409400,27867900,2070300,8497900,2412200,16608200,4339300,17530100,323952000,5159300,8113600,10341500,15745200,4642000,6993200,2821700,1369600,5002900,2000000,9476700,4143300,2596738,7591000,10228000,10414200,30564000,5984700,40077800,6793600,24686200,3655800,2298700,60545600
2024-05-17,41282900,2260900,6778800,65944400,33175700,25537300,3478900,5497900,24479300,1655900,9260500,1985900,10807300,4690800,15352200,359691000,6179400,8204800,6177800,15104500,5152200,5562400,2104300,1639900,4450300,1309100,7356000,3694000,2293643,6521800,11539000,9490300,37827000,4449100,26106400,4700800,25891200,2657200,1956700,29330400
2024-05-20,44361300,1881100,4312300,45618000,30511800,28369800,2799300,4913800,22554400,2591500,17373300,1397200,11745100,5690200,16272100,318764000,5989000,6429000,5460900,11551300,3058700,6228600,2247900,1539600,2814700,1347100,7667400,2088800,2031724,7742300,11000900,7179700,38579000,3221100,22423300,3804600,28266600,2476200,1812700,15001400
2024-05-21,42309400,1915800,2944300,30005500,50839100,31799200,3492100,4783300,16989400,2762600,14420800,2166000,11742200,8337100,21453300,328946000,5549500,6576000,6578200,14495000,3645200,4349100,1841100,1804600,2756700,1375700,7333300,2753600,1763127,5492400,9796200,6420100,29202000,3288100,28119900,5147100,31173300,2521900,2750200,17131700
2024-05-22,34648500,1875800,2949700,47426700,28148800,42837600,3309200,6260500,17880000,2729500,9425300,1713700,10078600,5194300,18073700,548648000,5705000,14532200,4202500,17879300,6904900,3785400,2104200,1967100,4468100,1192800,7190300,3124900,2036782,6609800,7419400,8773600,21762000,4047000,46987500,4536700,30647500,2299100,3590500,14879400
2024-05-23,51005900,2219900,2887800,91888800,33670200,39033900,5456600,6718400,21024900,2254500,8069400,2084600,11747900,5594500,17211700,835065000,6108600,10533400,6115900,15979800,5672900,17116000,2749200,2479500,3757200,1519200,10504000,2529800,2646916,8000400,9834300,9097800,23139000,4009000,42031300,4729800,32477700,3055400,4437200,16222900
2024-05-24,36327000,3085600,2045600,54868600,27471600,22166300,8325100,4477700,16579400,1932200,7356200,2162100,12024300,3550500,11855300,429494000,7173400,8176800,4339700,12212900,3691700,9489400,2635200,2134400,2851100,1623000,6451600,1864500,2388133,9520600,8203100,7601100,26153000,3447400,22589100,3820100,24996000,2527800,2995400,11795000
2024-05-28,52280100,2575300,3665300,66495400,29927000,31217900,9294100,6928300,20572200,1930800,6910200,2670800,10175800,5541600,15718000,652728000,6911400,11159600,6212100,13978300,5533500,5274400,2264900,2028300,3830700,1986300,7813100,2472200,2445494,10499800,12347000,11986600,26095000,6178100,32371200,6466200,25458300,2912800,3314700,13349600
2024-05-29,53068000,2214800,3747900,56537500,32009300,26677500,13397900,5909600,23388700,2315700,6120000,1876900,9226200,4679600,15517100,557442000,4735100,8142800,5469700,13902000,4254500,3666400,3040000,2743500,14290900,2282800,7376300,2527900,2879397,8263800,11861800,6896300,36959000,5352100,24241700,4360400,23503800,7521600,3996900,11538600
2024-05-30,49889100,5604400,2868200,46367000,29184700,50989100,66763300,6369600,22931500,2135000,6829100,2189900,10719600,4548800,28394500,484553000,10839600,11867500,4901900,14683700,4311100,3924700,2745800,1890400,9914300,2277800,7300600,2423800,2339775,8490300,9433800,21762300,23889000,3903100,23298600,4748200,33262600,5169700,4077000,13051900
2024-05-31,75158300,7487500,6188900,64331900,58903900,58188400,36807400,10334200,37638900,2638300,14417900,3917100,16919800,7155500,47995300,613263000,12755600,14269000,8910000,29037400,15664400,5774500,8319400,3483600,13830200,4360700,14735800,4000800,3200397,14621200,19816600,16196000,40710000,8155600,78290100,10341400,67619500,6694800,5887400,27632200
2024-06-03,50080500,3967700,3435700,59157600,30786600,31898600,19962700,9009900,27459100,1930700,6444300,2123800,11279400,5671200,17484700,438392000,7256300,9039800,4838800,19589300,4467800,8951600,3878600,2244400,7129500,2008700,6908600,3429700,2472000,7329200,9369000,15410500,23235000,5032400,38177200,5828400,38332700,2795100,2728300,11578700
2024-06-04,47471400,3183600,4187600,48157200,27198400,26974200,11197500,6360500,26879600,1835000,6848300,2096600,7088700,5409600,14348900,403324000,7368000,9046100,4188500,19412200,4215500,7176800,3706600,1264100,7683600,1754500,7269100,4822700,3399999,8876400,11895600,8484300,30082000,4619100,46309500,6277000,30089100,3178400,3874800,14780800
2024-06-05,54156800,3295000,4693400,60507500,32116400,34140300,10772100,7058500,22068500,1678900,8351600,2157000,15690500,4499700,16988000,528402000,5973700,8846100,5368700,14863500,5100500,5944000,2616300,1247700,5119100,2080000,10796900,2228200,2754557,5891300,9632500,9264600,26826000,5370700,27346700,5243300,28101800,2464400,3109000,14982700
2024-06-06,41181800,3235000,4163500,47153700,31371200,38676400,11693800,5215100,23251000,1598000,7640300,1887100,10667300,4741200,14861300,664696000,7347200,22068800,4862400,13154100,5186700,5942200,2452100,1335500,5355200,1735000,10294700,1945300,3308949,5016300,8658500,6550600,24667000,5536700,35360400,6302000,22319200,2419600,2852500,13256000
2024-06-07,53103900,2684200,4543600,44796000,28021500,25928700,6883800,5887700,19661400,1736100,6964500,1664700,9380700,4018400,13621700,412386000,11545000,13195000,4515600,13289200,3781700,3374500,2499100,1383400,4375700,1593600,6047800,1886800,2593096,5111600,9523100,10059500,18766000,3521100,27526200,4558200,36626700,3416300,3209300,20213200
2024-06-10,97010200,3209700,4630500,67444600,34445600,37176200,7656900,7074700,23726700,1698600,6070800,1954500,11220900,4566000,13982900,313434100,10164700,11972300,5213800,15239700,4247500,4385000,2640500,2299300,5307300,1401600,7621900,1915500,2679087,5749900,15685300,11218500,20644000,9429400,36977900,4110600,32414600,3332800,3633000,21659500
2024-06-11,172373300,2723700,4068900,40497100,27265100,44629000,7264400,5132000,21540600,1938200,9235300,1777300,9673700,5330000,14551100,222551200,18373900,15108700,6244600,12462400,3790200,5010100,3247000,2412300,4181900,1690500,9134200,2434400,2331581,5661200,8396000,22781500,21674000,8284500,29573500,3947700,29957000,4599700,2659800,13367500
2024-06-12,198134300,3647400,4089200,48325800,33984200,38964700,10260100,10017400,27864700,1733000,12751300,2738900,11983200,5435700,22366200,299595000,40871300,14137500,7536600,13606800,4725600,5245200,4817300,2958700,8650100,1838300,9041800,2397300,2500023,6180500,9569600,13930500,20944000,6281100,32507900,5474500,35652200,4048200,3484600,11704700
2024-06-13,97862700,8558000,4322200,44442500,39721500,40018700,13566700,6163000,20913300,1849100,8587800,2916600,9954600,3955900,15960600,260704500,13733200,11985400,7361200,14466900,3690800,4201000,3183900,5760800,5939300,1322400,10164600,1811200,1982557,6840400,9668900,10023200,18636000,5432600,33945200,4902200,30692000,4951700,4944200,11196600
2024-06-14,70122700,14846600,3298200,34054000,25456400,32347900,8833700,6159100,18063600,1559100,6874000,2161500,10243300,3406600,13582000,309320400,11330800,10366000,8537300,13313400,4377600,5106000,4195300,3655900,5690400,1395500,7087600,2668000,2265317,4075300,8179200,6568500,44471000,3603300,29461900,3695000,22652300,3188400,3800200,12590100
2024-06-17,93728300,7163800,3451200,44507700,35601900,26135400,10563700,6321400,19618500,1531600,8725400,2351900,11266600,4874100,20790000,288504400,11232800,13558500,9258200,21147900,4076000,4790000,3198900,1912300,5754200,1904900,10389000,2953100,3136764,6666600,10532700,8445300,36312000,5412200,32194600,6759400,27451600,2407200,4117600,12103000
2024-06-18,79943300,4225900,3919300,51852000,36659200,30804500,7119800,6942900,21869900,1798400,9023000,2636500,13060400,4558400,17112500,294335100,11629400,13500300,6707500,17762900,4250900,6179900,3275300,3496900,5690200,1763800,7044700,2469400,2471899,6156600,10651700,29169800,29438000,3519500,29817800,5112600,33711100,3692700,4104100,12093500
2024-06-20,86172500,5752400,4748000,93245700,44726800,29383300,14809600,8336000,20160100,2080600,8731100,3006800,11801200,3956800,19877400,517768400,8940000,12928500,10164400,17433200,5847500,5479300,4463300,2893400,5442400,1944600,7886900,3084800,4089144,8749700,13306300,14857200,25851000,4942400,29693400,8483600,32100600,5258100,4165700,13860800
2024-06-21,241805100,6568300,14037800,61293900,70792500,72244900,15719600,21289800,57759000,3780800,20972100,5007800,22359200,10785300,34187100,649445800,14844100,18848700,14594700,52212500,12228100,8628200,8265100,4489200,27096700,3833100,14137300,4986000,8021480,15172300,28278100,19465500,45064000,10899100,52487000,14682000,72558200,6368600,9144100,25883000
2024-06-24,80727000,3067800,4085800,45954100,50610400,31064900,7545700,7971600,18298000,1882200,9785900,2597100,13525300,8418200,15913700,476060900,7793300,10464700,24149600,16266700,6249900,7388300,2447300,1802400,8802700,1722900,7393600,2026400,2967411,6914700,13212500,12063700,39163000,4476900,35414100,7565200,42162200,5139800,3695900,12470400
2024-06-25,55549700,3128600,5295900,40572300,45366400,30596000,6037800,5985400,23130200,1555900,6862500,2299400,12063200,7439700,16413400,414192600,8205500,9248800,18325800,14188900,4844600,7434000,2990400,1934300,4956400,1564200,10296100,2115600,3000290,5912500,10235300,10753200,22706000,4217300,24721600,7968200,32354000,2916100,4818700,20869200
2024-06-26,66213200,2931700,6713300,36973400,65103900,44310200,4524700,8637800,19839000,2131700,7758600,2451400,8882300,6514200,16507000,362975900,8036300,12599400,12172000,15771800,5576100,6553900,2198600,1535100,5366500,1505300,10122300,1958900,2199255,5267800,9402500,11481500,35458000,4778300,30745800,5164000,32029700,3153100,6104300,14177500
2024-06-27,49772700,4734100,3531400,34018200,74397500,29464200,12869000,5568700,18848900,2835200,7913500,3313800,10121200,5437800,14806300,252571700,7518200,11648900,10529100,16812700,5382000,8199000,1995100,1513500,3846500,1254900,8365200,2358000,1935515,5739200,8494100,9824500,24048000,4326500,28399600,5007000,28916300,2991900,3732500,12899200
2024-06-28,82542700,5084500,9261700,56204600,76930200,52028200,12619300,11283400,29156600,3839700,15307600,4105000,15855100,9058800,28362300,315516700,25814800,28102000,13957300,24565900,24463400,5899900,8891500,3123900,7191800,2131700,21439400,3898700,4860841,10495700,17358800,23935600,34124000,8755900,33189200,9253100,52825200,22734200,6609600,18816700
2024-07-01,60402900,3070200,5714800,50436700,41192000,26770500,5871700,5584100,16006100,1850500,10205800,3149700,10328200,7420600,17662800,284885500,6552400,12237500,7955800,11972900,5194500,9056700,2950200,2382800,3925100,1989000,15299000,2097600,2173559,5144400,10033400,11036400,22128000,4508000,26209000,7638600,36095700,4523100,2668200,8666000
2024-07-02,58046200,3054500,3778700,57838600,45600000,35626100,5130600,7216800,17372500,1491800,7802900,2061300,7739500,5570900,13979800,218374000,5920500,13231600,8697800,13326700,5965500,4110500,2119800,1766200,3836700,1377900,13340300,1856100,1930557,5492000,8878200,9415200,24114000,4650800,21989800,5449200,31606900,3312000,3280400,9436500
2024-07-03,37369800,1664400,2341200,26980900,31597900,17100700,4755700,3264200,10242100,993900,5560900,3192400,6005600,3112000,9932800,215749000,3560800,6908300,5017800,7732900,3527600,2764800,1352200,898200,2326200,814400,5030000,1072700,1099375,3246200,9154200,4487200,14035000,2879600,15180100,2980500,19463000,2239200,1539900,6287500
2024-07-05,60412400,2808600,3485200,61857100,39858900,23489000,6562100,6183100,20967500,1593800,8093100,2220700,21354100,3633200,16000300,214176700,5365500,12243800,7986400,12631000,5978300,3290400,2280900,1561100,4188300,2620700,8550800,1929800,1371108,4888500,11735500,7688800,26591000,4208200,17268700,6509200,30727800,3499000,3237500,21586100
2024-07-08,59085900,3007400,5067800,60223400,34767300,26728500,6539300,4990700,21035900,2214300,8707000,1802700,14917500,3884400,12962300,237677300,8622600,10320400,8561100,13350500,3500200,9878100,1913400,1980900,4199600,1611300,8167600,2535100,1859539,5260200,11235100,5368700,19308000,5268800,25694400,5144500,23277400,3450600,2773700,12077700
2024-07-09,48076100,2167600,4763000,43395600,32700100,34697200,7014900,5301600,15121400,4525100,9058900,1608400,8753200,7113600,17207200,285366600,14334200,8473600,6431300,11727000,4224600,3942900,1896100,1730600,3460400,1356800,9044400,3200600,1391442,5890400,11657500,6220100,25961000,5801200,36867800,4393100,27803600,3056800,3116800,9758400
2024-07-10,62627700,2368400,3280600,90247000,32883800,25333400,8947700,5416600,15952500,1946000,8328500,4760900,10983300,5619000,18196100,248978600,6350300,7697100,9635500,10004100,3887800,3583200,2904400,1920800,3867700,1755800,7761100,3128400,1812699,6093200,11930400,6740900,26519000,7372300,29873600,5037100,33408200,3189800,2834800,10803400
2024-07-11,64710600,3189200,4117800,59231400,44565000,33824600,5341800,8322500,25625800,2251400,10658100,4032600,16458300,7761000,23111200,374782700,5245100,13082000,8803600,13082700,3689500,4840600,3016400,1740300,5839100,6021100,7422600,3329800,2731593,6350400,11431600,12188700,51066000,10258600,47322600,5831500,23623400,3535100,3449600,15624800
2024-07-12,53046500,2014000,3491200,50827400,30598500,31856600,4705500,6446300,22898400,2727800,15443400,2645600,19750500,7060600,16324300,252680500,7361800,8166200,6627800,11684900,4133500,5129300,2451300,1878100,4505900,3288400,6465700,2715300,2113567,5336400,9201500,11099400,33552000,6677000,28397000,4684600,37919400,3570600,4801300,12145300
2024-07-15,62631300,1887800,4072700,42202700,40683200,36648100,4404300,5661200,16474000,3568200,10719700,1727700,12539200,10093900,14429400,208326200,8687800,9443000,6845200,13032500,2395100,5189000,3394300,1758000,5118100,2064000,7417700,2863400,1752404,6711400,8207500,19575400,32088000,4551800,30534400,5752500,33910900,5128000,4164000,10171100
2024-07-16,43234300,1539900,3874200,40633100,33994700,75953300,4780400,6924200,18290700,3981700,11557000,2846600,14075800,16716400,17175700,214769500,7181500,9198800,7869900,13614100,3829500,8546400,4637000,1897500,4633700,1687600,10755500,3057000,3013240,6469600,9025100,10551800,26857000,4461700,26912100,6378300,23923600,11062000,3805100,9836800
2024-07-17,57345900,2316300,5191500,76954200,48076100,65713600,5625300,7296600,20734100,3908900,11572500,2925000,28076600,11412000,21778000,390086200,9157000,8322100,5324700,13602800,6983200,4899600,3061000,1864100,6484000,1783100,9456100,3374700,2719453,13801400,12508200,11878900,40173000,7671000,45395000,7982300,40611500,10330800,2863600,13533800
2024-07-18,66034600,2184700,2988900,69420300,51043600,48549200,6351600,6577700,25315700,3320200,12415100,3339900,19267200,9130700,20794800,320979500,5998700,9102000,5550800,13033600,5957800,5354800,3876300,1579100,5957100,2338500,7529400,2638700,2190656,10166200,11128200,10212300,75758000,6228600,47279700,5926300,34793900,6834800,3412900,10682700
2024-07-19,49151500,2601900,7045200,47513100,43081800,43903000,4468900,6427700,18881900,2032700,8095900,2121700,15149400,12555900,20940400,217223800,6111900,9352900,6839900,16157700,4293600,5121300,3462700,1817600,7559100,1984400,9301000,2163200,2691632,7398000,13775700,7752100,98156000,5332800,30021200,6597100,29910300,4290400,3073800,11665500
2024-07-22,48201800,2391700,5171400,43912500,39931900,42838300,5647600,5577300,24100300,1792500,7663200,2111700,12023100,8931200,15808800,258068900,5387200,7489500,5313600,12065900,4066900,4883500,2659600,2040300,5172800,1920200,13377000,2373200,2817078,6840600,11794200,9034700,52191000,5308400,46483200,6383000,44083600,3377300,3629800,12666100
2024-07-23,39960300,2363900,3613900,31950600,47537700,36705100,3905500,6238700,36352700,2020500,5557300,2385500,9455500,7400600,13107100,173911000,6697400,7572000,8109200,11251700,2933800,7614300,2027800,1488900,5714300,1744100,22534700,1512000,1812092,6261900,11810300,7027500,24636000,3344300,25528300,4863400,70161800,2785600,25353900,9263600
2024-07-24,61777600,2630100,4129700,49203100,41532400,36567200,5204100,5971700,49585200,1598600,7119000,3764800,17649700,7967400,26805800,327776900,8018800,11801700,13065900,14925200,6117700,5109100,2835800,2311200,4808000,2511300,11768500,2875500,3565709,7168200,13244600,17813700,48882000,5867000,29579400,5907000,64465000,3156200,11642500,22490800
2024-07-25,51391200,2136500,5303700,60578500,44464200,41593900,7155800,5432100,44852000,1489700,6403800,2384300,18240500,5582300,29943800,460067000,7654600,12515700,8573300,17021700,9442200,6128000,3291300,2846700,5492100,2183700,10765300,3165200,6761655,10019600,16328600,13934200,45545000,6270900,42296200,7338300,54049700,3102900,7761900,18821200
2024-07-26,41601300,2090000,3681500,49435800,29506000,52049300,6127300,5232500,41336900,2249700,8027800,2039600,14222400,6599600,23583800,293399100,5139400,11323400,7062200,11252500,6948800,6272000,1894900,1609200,5198800,1441500,11301900,2270500,7539321,8356900,13530100,7076200,31207000,5746300,35657100,5581600,30844200,3201900,7271300,16789300
2024-07-29,36311800,1590600,3973800,47447200,33270100,37133100,5101400,5072000,20293800,1599500,6533600,2248600,11339600,5183400,15125800,248152100,4054600,12346800,6068100,8861800,5458500,3608600,2190300,3074300,4629500,1320400,13024800,3445100,2907420,5625000,12140200,5977500,24005000,4152700,41713700,6797800,30788300,2965000,5414300,10315300
2024-07-30,41643800,1566900,4736200,68801700,39508600,44163200,3944300,5740900,18959700,2642500,8850700,2266900,11390400,6225500,32687600,486833300,6505700,44232800,5941800,12483900,6032200,4789000,1970800,2399100,9794200,2017200,9896100,2929800,2638924,6545700,13258000,8505500,34966000,4994600,89857500,15746300,27855000,4139100,4747700,12522500
2024-07-31,50036300,2776000,4025100,114306800,41667300,50851600,4647700,6209200,25729100,2658900,9071600,4313600,24285800,5444600,42891400,473174200,7188000,25825900,7642500,15137700,6473900,15417000,2568100,1570000,7554600,2135000,10241800,3946000,3362668,8293200,15576800,15618100,31349000,6245600,40978700,9660900,39522000,4713200,7025800,22908800
2024-08-01,62501000,2075400,11090600,94731900,70435600,60107800,5527400,16689900,24531400,4006800,10918600,2590100,43083100,5678100,30296400,523462300,5906800,19086400,7269700,15051500,6595500,13887000,3747900,3400500,9704600,1861400,9263600,3975500,3786656,7213400,16495900,11136600,37206000,5994500,39753100,12532700,44379300,3680800,4790600,17275500
2024-08-02,105568600,2729100,7453100,78562000,141448400,76728000,6504500,13278600,29130100,6115500,18041700,3808100,24044700,11120700,29437900,482027500,8251600,23117100,7017900,20403800,6303900,11742800,4246700,5154200,7445100,2598500,15433600,4606500,3417096,11280400,22514800,14513100,35230000,6856100,42364700,11899000,45240100,5094000,5099000,23578700
2024-08-05,119548600,3432200,6335200,76089400,83149400,76075200,6899300,13037200,53630700,4177200,13927000,4496700,21396200,9659500,40709200,552842400,10355000,17445400,9631300,18025900,6459300,9255100,4681300,2244300,8475000,2820900,19103200,4918700,3960966,12032200,25484300,11877600,40442000,7502300,37838000,10338800,50898400,4587400,5243000,20770500
2024-08-06,69660500,2076300,4514600,64455600,59950800,40614100,5673900,9692700,49004600,2209300,10605800,2758900,20955000,6068300,24946500,409012100,8373900,14358900,21586800,13647800,4273200,5817300,5071700,1788600,8424900,2476300,21717500,4289800,3671428,7607100,12969100,9050900,43191000,7287100,29031800,7454900,33776000,3216500,5608300,14815100
2024-08-07,63516400,1663700,4821200,54676500,48408200,44952400,4035500,8867900,25138600,2587600,9204400,2059800,20105300,7215700,20650900,411440400,8617700,13464400,12908600,13660700,6351000,5186400,3011700,1984500,7735400,1702000,30581900,4921300,3330599,5993000,13365300,8193200,31878000,5428900,32866100,8385500,30036700,4320700,4741900,18499200
2024-08-08,47161100,2155100,4444600,49037500,44616200,36557800,4474300,7531100,25578800,1936400,7761200,1585400,16156800,6592300,20203000,391910000,6243200,9761200,8223700,13851000,5744600,6063800,2268300,1410800,5392900,2345000,21890500,4716700,2489805,5094800,15240900,6935900,32835000,5112500,32094400,6386900,25588100,2860800,3823200,12489800
2024-08-09,42201600,1272600,3541200,40583000,36401000,26411200,2975300,7653100,28602300,1622700,5540200,1760200,13696600,3542600,19276700,290844200,5597300,8605300,7228100,12151900,3206500,3635600,1668100,1343900,5776200,1710600,16008400,2218700,1910122,4579200,12080400,5041200,19808000,3223000,25795600,5377300,22819600,2976700,3825000,13805600
2024-08-12,38028100,1450300,3998000,39724300,30072800,33040600,3679700,8442200,15895300,1839300,6936000,1760000,9767400,4196300,16762900,325559900,5600800,7519500,26769400,13228900,4808300,4715600,2127600,1902800,5906900,1748200,11754600,3058600,3109752,7605400,11012300,5955600,23317000,3802300,21141600,7208100,22979900,2532400,2549500,17385300
2024-08-13,44155300,3063900,3076700,42218000,39237900,21553500,4031600,7794800,18551700,1243700,6387800,1816100,13743800,5941500,19414300,312646700,4324000,8638600,12005700,11585100,3477300,6475500,1503800,1689400,5866800,1484100,14615200,2732900,3782812,9711400,9877600,5108900,26396000,3894700,34620700,3770000,21508000,2369400,3057600,26557900
2024-08-14,41960600,1915600,2362600,35506400,28843800,25658900,4145200,5874200,40591100,1545600,6999800,1654100,11444200,10161700,18267000,339246400,4044600,8944800,8552300,12194500,4153400,3852700,1610900,1410200,6388000,1341500,9475100,1979200,3511686,5141200,14328000,4620700,40143000,3555800,23677700,5476600,19158600,2344400,3155700,22928600
2024-08-15,46414000,2182400,3019300,43582400,51698500,37379800,5167900,6304200,31524300,1732300,7001000,2130500,13482100,5885100,20752100,318086700,4698100,12968300,7397800,11579400,4719900,5942200,3232600,1925600,6307000,1923800,12401000,2658200,2934026,7237800,11285100,5946500,32102000,4472100,28676800,9491400,42608100,2751800,4448300,49567500
2024-08-16,44340200,1541600,6155400,31123900,31489200,26886600,3494900,6874400,24208600,1587000,7931200,1921900,14776700,4159700,22775600,302589900,4893800,9526800,5111100,10056000,3674900,6731500,2483800,2009800,3819100,1516300,10277700,2642700,2843887,5012800,12651200,6344200,35110000,4614600,50332900,5640800,24724400,2728900,3255900,19872100
2024-08-19,40687800,1423300,2307800,60766900,31129800,27268900,4501300,5967400,22416200,1027900,6090800,1690800,9879700,4070500,15234000,318333600,3641600,9578100,6555900,12417500,4309300,3894200,2252600,1354300,4335600,1318400,9723600,1716200,2068043,4408400,9843900,5617000,30162000,3521700,26382500,3885300,20506700,1847900,3157800,13709300
2024-08-20,30299000,1219600,2672300,76851200,26255200,44440800,5731300,7497600,18341500,2122700,5640000,1763300,7944400,3396900,16387600,300087400,3738300,23546000,6803600,15632000,3631800,9549100,1479500,1310800,6783300,1104600,8863400,2822600,3096095,7275100,11957400,5967300,48131000,5330100,21301300,4513600,20260900,1677500,2342300,14434000
2024-08-21,34765500,1401700,2823300,42791200,35599100,33751100,4648200,5985000,22902000,917100,5202300,2105900,13423300,3576000,16067300,257883600,3776800,10455500,6639700,11752400,4250400,4493600,1433200,1035500,4011900,1465500,7637600,2798600,1805617,5019400,8792400,5125300,22353000,4020700,16729700,4082000,20055500,2844300,4895900,14832000
2024-08-22,43695300,1627700,2726400,45737300,32047500,35421600,5111400,4027000,22493300,943800,5247100,1538200,15708300,2777300,19361900,376189100,5162200,11811100,4425200,10609500,3676700,2788000,2021400,1003900,3644500,1440900,7613000,5459600,1970316,6552100,12509200,8006600,27294000,5265900,20241500,4097300,17596700,2282000,5083000,16511100
2024-08-23,38677300,2023500,2387700,43694600,29150100,45616600,4711300,4824100,13955700,1751800,7214000,1986300,11323900,3814800,18493800,323230300,4544600,8222200,3697400,10381400,4720300,4405900,2183900,2165900,4024200,1305800,7369200,2732500,2982789,7093400,11834700,5052900,23545000,5283600,21885300,4771300,21519300,2376400,6310300,12299100
2024-08-26,30602200,1387500,2552800,49893300,22366200,44659500,3818300,5780300,14190400,1084200,5105200,1434400,9584000,2679000,13152800,331964700,2729600,9063000,4612200,13671000,4182300,4034300,1718100,1249100,6253900,1737000,8043800,3038900,1856200,6870600,12912200,5378700,13542000,4146700,16506000,6472400,22599700,1800000,4501400,9508200
2024-08-27,35934600,1404400,2628400,35102700,29842000,32323900,5276400,5100000,11821900,977900,5185200,1635900,6282700,2537200,13492900,303134600,3872200,9396900,6594100,9991600,2504500,3295800,1210800,1915800,3521700,2098900,7237400,2136500,2389650,4388700,16988400,5086000,31649000,3520600,16184600,4456400,20321900,1581900,3214000,11557800
2024-08-28,38052200,1289700,2386200,34075800,29045000,40700500,10981900,5614400,16407400,1568100,6506400,1445300,9106100,2836800,14882700,448101100,3022600,9277700,5455100,10742900,3910200,4550300,1514500,1675900,4506400,1668400,8569700,2429700,2366079,5187000,13272600,5462400,24306000,3915500,19874100,5644800,20435500,1657000,3361100,9814300
2024-08-29,51906300,1955600,2435100,31602100,26407800,34810800,14301700,4466700,19699800,1566300,6416100,1893400,8317400,3325600,17045200,453023300,4588400,13181600,5565100,10753900,4538300,4119500,1664500,1625000,5270200,1709900,6181800,2021900,2396833,7390100,17201700,5179200,21870000,4654300,19229800,4413200,20775600,1953200,3477600,11856800
2024-08-30,52990800,1983000,4385400,31169100,43429400,49098200,10507700,6414800,22123800,1838900,8574100,2982100,9157500,4951400,24308300,333751600,7980700,9635000,6296100,13284700,3820800,4146200,2974100,1826700,5559500,1933500,8403600,3022400,1945834,7971000,18624200,6808200,32667000,8677300,37137600,7301600,29362700,2944700,4116100,23230000
2024-09-03,50190600,2757900,3440600,42172700,37817500,48489300,6190400,7944700,38945300,2373600,8956100,2063700,12459100,6634000,20313600,477155100,6831200,8571300,7278300,15725100,4872400,17925400,3107200,2004600,6369900,1784200,8465500,3792500,2080891,6956500,14755800,9883900,31610000,7032100,44499600,10101400,50352600,3175500,5821200,22666100
2024-09-04,43840200,1615800,3128500,42130600,30309200,39629600,4706500,9820700,19353800,1509400,7389500,2156300,8335200,4212500,15135800,372470300,6243300,8369000,6107500,12620600,4214300,7316300,2782500,1603300,6251500,1425200,6317200,2795000,1759789,6939100,18140800,7517700,17853000,6188500,23510500,7517500,57532400,2935000,5710400,18442800
2024-09-05,36615400,1573600,5059400,25023000,40170500,34214500,4083600,9371100,18688700,1828300,8067900,2293500,8640900,4462400,14195500,306850700,8733200,11473800,6447400,17200800,5902800,4717500,2525500,4366500,5582400,1998800,6234100,2585900,1529838,4600400,23866100,8494900,18101000,5743100,25927200,6061900,44199100,2144800,5311100,13082900
2024-09-06,48423000,2096800,7205400,39993500,41466500,47007600,6259400,7836400,37912100,1995600,7777000,2116200,14744500,9246800,19609500,413638100,11154800,12315800,7187700,13467700,4312600,7328600,2676600,1748100,5229900,2074600,7791500,3482400,2570333,6016900,17485700,8181500,29913000,6395300,31214500,5785700,53079500,2926400,3590200,14548600
2024-09-09,67180000,1997100,5544500,27194500,29037400,37610200,4588800,9892300,39260500,1714200,8935100,2343600,11047800,5281500,15295100,273912000,20233400,11869300,10933900,21645300,3606900,9091500,2355800,2466300,6477000,1954000,8750200,2829800,2327231,7538200,12939300,6918000,26831000,4666200,36558400,6450200,58958400,3411400,3770800,22260200
2024-09-10,51591000,2030100,4717000,37217500,36233800,53983900,3544800,8202500,31118800,3583100,28406900,2234100,9899000,7798600,19594300,268283700,37374200,12317500,5314400,20913400,6333300,6367100,1869200,2632400,5611500,1360800,6858300,2594200,1411675,6559600,10277600,9588000,20792000,4315800,32378800,6396300,60944500,2863500,2590100,17686300
2024-09-11,44587100,2681000,3441500,50935400,42564700,41190000,4822200,9534000,29607700,2426500,13658700,2480000,10782500,6764100,19266900,441422400,12630100,12344900,6281800,19571900,4909300,6664800,1934700,2272800,6803100,1796100,10779000,3667400,2769631,5920200,11418200,10216500,23919000,4036000,31943100,6828200,37328500,3563600,3404400,19518800
2024-09-12,37455600,5506600,2814300,29233700,33544200,39921600,5219700,6591500,29621500,1480500,9054400,2299100,11970500,4751200,17395700,366052700,16161300,8369100,4160800,15919500,4165200,4742700,1747000,1714000,6775900,1867300,7173300,2390300,1967382,4540900,12337800,7856600,25821000,4222800,32511800,4838900,34564800,3395800,3443500,14877700
2024-09-13,36766600,10423500,3661600,25117200,26495400,31887300,4998900,5900700,29591200,1794500,10226700,2204700,10321400,5354800,15874600,238358300,25727800,7572600,4987600,10035400,2718100,19003400,2518600,1304700,5441600,1327500,7084200,2311000,1996316,3693400,11073800,6734400,22765000,3290400,19987700,3918000,31451300,2241900,5214500,12994100
2024-09-16,59357400,5248200,4081500,27677800,26065500,26336400,5367000,6864300,18379800,1500300,8634900,1589200,9527600,4467200,13834700,248772300,27384400,6495000,4458900,11729000,3235700,9955200,1648200,4142200,9325300,1661000,9028600,2212000,1580421,5187800,10786500,8791400,18437000,4940100,29224600,6892300,53733400,2548600,4589600,15346400
2024-09-17,45519300,5164100,2675900,29889000,26091700,27769400,5423400,7338800,20715600,1444900,7573300,2202800,11690800,4748600,18874200,231925900,12580100,6187200,5135700,12202600,3534100,8123200,2088400,2166500,8661300,1387000,8193100,2251500,1458414,5066500,12974400,7415100,22986000,6305100,27055300,4757100,29304400,3416000,3141700,21065900
2024-09-18,59894900,3997300,3648100,26320100,34448100,42527800,4436700,6180300,23677300,1699500,8259900,2193800,10323500,5195900,18898000,310318900,12274400,13498200,5890000,12569900,3236800,7714400,1990700,1506200,7424100,1338200,10289800,2265300,2419292,4722800,10719700,9286200,29844000,5307900,25812800,5102900,27825600,2988300,2939600,15684900
2024-09-19,66781300,3582500,5346600,44500000,39543200,57977800,11022800,7247400,26587700,3060700,11635200,3517200,15647000,9091900,21706600,293506400,10075900,21662400,10382100,12660600,3929300,9570000,4066600,2268900,7990700,1747500,10912400,3952300,2726635,4956100,13635600,13965200,42285000,5504000,22653200,8692000,40942200,2945700,4092300,21525700
2024-09-20,318679900,6100700,15499800,40248200,100378600,70725000,11463200,23162900,40896400,4452600,20885000,3470200,22066800,14513400,55167100,382462400,12187700,27274600,27810900,36206200,11661200,13919400,5440500,4018900,33515100,4658200,19251500,6277000,3874469,11839000,48578500,26032300,39981000,12198400,56877400,28647500,94156500,5398700,14211500,39534300
2024-09-23,54146000,2107000,3770500,21728500,36993100,31714800,6034000,6960600,24150900,953200,7223500,2191300,12830700,3962400,15128900,206228500,7916100,12839800,6505600,16066300,3178000,12476800,2442700,2406500,8197600,1697600,7338700,2332400,2290204,4671600,11613000,7916000,32243000,5350300,23126200,10265000,25550300,2386100,2991700,12147300
2024-09-24,43556100,2842100,4821100,27531200,43478900,32534900,7154500,6014200,23332100,1035400,7323200,4143700,12993000,4749700,17015800,354966800,6155100,14724800,13690200,11984900,4286500,7414900,4024300,2503000,7787400,2432600,7860300,2925300,2611812,6041600,13330600,8205300,35657000,7837900,21446200,5422400,25905500,3188500,3829500,14651100
2024-09-25,42308700,3211600,2789800,35233300,26391100,28866000,7920000,7888400,18869200,1763900,8976500,3483200,16543400,3825100,13396400,284692900,7142400,13822400,11671300,13816000,5589300,9587700,2661500,1829000,6561400,1728100,8408200,3496700,2891435,5420000,12329100,8354700,22598000,4505100,30712700,8916500,28334800,2658800,5048200,14163800
2024-09-26,36636700,3282400,2578900,38044900,36334900,39601400,5253400,8046200,20319300,1378100,7807500,3073700,14400800,5183000,14492000,302582900,7096800,13316700,9552500,16887900,6215700,11414400,3906800,1467100,9524000,2738600,10061600,3425700,1616638,6122000,10815200,8462500,28330000,5673600,32310400,4957200,25497500,2751900,3997100,17061100
2024-09-27,34026000,2718300,2851700,27876000,36002300,27861100,5220100,8049200,21101300,1420100,7032500,2177200,9398400,3113300,14896100,271009200,8974400,11575300,6509600,15964000,4891900,7637000,2683700,1508700,5489500,3459100,10155400,3523000,2482926,7553800,11175700,8200900,23956000,7545800,25013000,4599500,23577700,2986200,4104400,11899100
2024-09-30,54541900,2587000,3475400,21881600,41583900,35055200,5059700,7491700,20413900,1602500,8663800,2862400,12792300,3378600,16807300,226553700,10210300,6846900,5969900,13247600,4550200,10902200,2251300,2546600,6584000,2142900,7982300,5539400,2655010,6010000,18015300,13884400,17099000,5054300,27464700,6296600,26260200,3009700,4115600,18997000
2024-10-01,63285000,3730000,3619800,31831900,36044900,26291200,4369900,9489100,28338100,1528600,8540100,3748100,15259300,5437400,19092900,302094500,7595100,10608700,5781600,23235900,3924600,12588800,2091400,1993300,8067600,1836700,10099200,3729700,2327130,4408000,13294500,9112600,28135000,7095900,30725100,7130600,32705500,2648400,3658500,16054200
2024-10-02,32880600,1981600,3004400,24630400,23704100,23302700,8512300,8105400,17760200,1445100,5810900,1736500,6524700,3293600,16582300,221845900,7073000,8073300,4741600,17129700,2946900,4357000,1767900,3910900,7559900,1317100,6144200,3360200,1863282,4684400,11155500,8403800,17582000,5786000,24957200,6212700,29820100,3667000,2258400,16618300
2024-10-03,34044200,1921600,3303800,29598800,30204300,26030200,3868400,6553300,15073100,1290600,7251300,1382200,11581000,4587200,13686400,277118000,4735700,9121300,3036700,16524300,3453800,5704800,1866100,1284200,7397400,1451900,6180300,3856600,2071482,4791200,9374800,7031500,22564000,5090300,25678900,4794300,28894700,2645800,3635000,11640400
2024-10-04,37245100,1949300,4192600,44556500,40890300,34209900,6129900,7892400,19047400,1721600,10211700,1935600,14169500,5608900,19169700,243678100,6386900,10070400,4259300,19752300,4749700,6657500,1675100,2218400,7585100,1516400,6308900,3512900,1662669,5331100,12684800,8341800,22290000,4390100,28769000,6002800,24539300,2462600,3270500,11583400
2024-10-07,39505400,4870500,5018900,38379900,42364200,27177500,4794700,5895900,22463100,1173300,6718900,1990500,12014200,4439900,20919800,346250200,6791000,9206600,4339300,15714400,5033800,6267900,2224500,3017300,4899800,1963200,11043600,5955000,1822411,4266000,14512000,11971600,33605000,5459500,51426600,6325300,23116300,2591100,1955600,16791600
2024-10-08,31855700,3551600,3551700,34730200,26372100,26023600,5211200,5892700,23072700,1296700,6021800,1750100,7857400,3679400,19229300,285722500,7845400,8618500,4370900,14818500,4419000,5336300,2438800,1591600,5579800,1697900,10209100,4810600,4180598,4766300,13549700,10098300,31874000,8297800,29126600,7473000,22716400,2231400,2618200,15270000
2024-10-09,33591100,2869400,2499100,33890700,26343100,27421000,4851000,4973500,31181800,1695900,7024000,1707500,9529700,4445800,14974300,246191600,8120900,6926000,4115800,11144900,4478900,12488500,1757900,1364800,4217200,1956500,8654500,3601500,5141881,6047200,9037700,10102500,19811000,7177500,44244800,8758800,25365400,2207700,2703900,12413000
2024-10-10,28183500,2775100,3434200,75113600,27785000,26182300,3965500,4420900,14144100,1309000,7927100,1491000,7740400,4065500,13848400,242311300,7115900,11326100,4063900,10243300,3562500,11275800,1331700,1487800,3946400,1765800,6698000,6301600,5015423,4793900,8635200,7928400,27679000,5292400,34347700,6932300,28738500,2143200,2462600,10812700
2024-10-11,31759200,2992400,4322900,42136200,25751600,50660700,3597000,5051300,15344300,2409700,18320700,1919900,8587100,5826200,14144900,170209500,5869400,7744800,4746300,8294800,2973000,10688600,2110400,2277600,6820300,1527300,8089100,3406700,3853932,5253500,8786300,7057000,22995000,4720300,29617600,7036500,25249800,1909700,2429800,9570700
2024-10-14,39882100,3411500,2624000,31757200,22614400,28098900,3642500,4214700,19016100,2174900,9048900,2127000,8252000,7179300,16653100,232347700,4688700,5865400,3996600,9808100,3623900,9737000,3006100,1329600,5174000,1431500,6262000,2807100,1871577,5964000,7659300,5815200,27971000,4535900,23594200,5909000,33512200,2447100,2319600,9914500
2024-10-15,64751400,3605700,3340300,50768000,32178900,61490000,3850800,6704600,20247200,4525400,9235800,2885900,9564200,8925200,18900200,377831000,5848600,7291600,5807000,15771300,6553500,11241700,2715100,1648000,6395700,1613900,6535800,2863200,3994452,10548000,10358700,15824900,29328000,5802300,29009900,7172200,35942600,11939400,2957500,13276200
2024-10-16,34082200,1859100,3144900,30575800,23456800,42437800,3497000,4303700,16406000,2649000,6382500,2956700,11268400,21458500,15508900,264879700,6383000,5434800,9442700,8426800,5576000,8356200,1551600,1739000,4602900,1475500,9936300,4776800,2626683,5982100,7937300,8061600,24943000,4400900,28414800,6117000,23926900,5103900,4056700,11123300
2024-10-17,32993800,2769200,5200600,29491900,25039400,31708600,2830000,6593100,21453400,2123500,6470200,2227400,8701200,9357200,14820000,306435900,5474000,8654000,8815800,11204900,4419000,6291800,1561500,1344800,5093400,1321500,9542500,4589900,3171565,4798000,14674600,6153000,89267000,4125900,23779200,7045600,25471200,5588700,3800700,9424700
2024-10-18,46431500,2011100,2658700,23823000,37417700,30593500,3087900,5208200,19757700,1779200,7000500,2604600,7694300,6852900,17145300,176090200,5001300,8844300,5350900,12898600,5607900,6030200,3024100,1706900,4326600,1654000,8609700,3562300,4080747,5908000,15087500,8595300,159741000,5097000,24244900,8372500,27277400,3687000,3237500,12324100
2024-10-21,36254500,1679700,2291200,25781200,24639400,26589500,2712600,5074000,20946500,1752100,5870000,2217500,8171900,7469100,14206100,264554500,4198400,7450300,6313100,10177800,4496500,13277600,2375900,982100,4387000,1184900,8189900,2703200,3733139,6082700,11981200,7053800,60571000,6436300,23395700,5522500,29366200,3018000,4414000,9750400
2024-10-22,38846600,2388700,2872500,34997400,29650600,37104400,3100100,4416400,16568100,1588000,9586800,1855800,8544500,4429600,25482200,226311600,5510100,7571300,5736500,9201400,4210400,7380800,1523900,1307100,4710800,1189700,5344300,2877000,4058288,5680300,18603300,8358500,29873000,3790500,29036400,7511400,47781900,2593800,3280100,12240100
2024-10-23,52287000,2021300,2485500,26095900,31937100,28569400,3227100,5248600,18280500,1263200,6180500,1759700,14248400,5661600,19654400,285930000,4830400,7632100,5249300,8320300,4266700,15931500,1500900,2296500,4541300,2193500,5388500,2286400,6255925,7441600,24655200,10825100,37490000,3800700,22217600,4837800,71932600,2911900,3454500,13058200
2024-10-24,31109500,2100300,2025200,22877000,21647400,28392000,3210700,5474300,22412500,2058200,6002200,1911900,7184700,5611800,13581600,172354900,3488000,7398800,4679900,9905600,6741800,9774400,1844100,1236900,3504600,1649600,5015300,2283700,8801675,5386300,17568800,9705100,26430000,4244900,31473600,5861200,38783100,2590200,11959800,11645900
2024-10-25,38802300,2426800,3148000,29758500,29362100,27466900,3351200,6839900,19828900,1633200,6369700,1582200,11337900,7271700,16899100,205122100,3674700,7201000,4464600,10714600,4017400,8153000,1606800,1475600,3823100,1425800,6638100,2406300,6158906,6400400,11138100,6580700,28195000,4442600,26091100,4877900,26050400,2513700,4916700,8959400
2024-10-28,36087100,2302300,3389900,36010100,27930800,24527600,3867800,8892000,32138600,1687100,6843000,2186400,10925100,5994000,14882400,173586700,4330000,15243500,4306200,11844500,5383700,20992500,3213900,1272000,4438900,912500,8146400,2214300,6165482,4842500,10761400,8679600,28624000,5186400,37922500,5753800,27923800,1826500,4069000,7990200
2024-10-29,35417200,2089500,2772500,71896000,35690200,22313500,4280700,6014700,42169000,1281600,6580000,2066300,13019100,4622200,17644100,157593600,4122900,35206400,7534800,14731000,6131500,66387700,2186400,1729300,3809400,1361700,6834400,3478800,6141607,5216900,16525900,19232900,36604000,5127900,102267000,5681000,32711100,2600300,3061700,9682400
2024-10-30,47070900,2728600,2763500,87701700,37707600,38100500,2826500,5784000,68890800,1441600,7110900,3121000,26864900,5673000,29749100,179418100,5822500,14910500,9606800,12303700,10396400,50738400,4037500,1966500,6413100,1412200,7718200,2480000,5416649,5820500,14177800,11650200,17220000,4801500,47104000,5518100,36264900,2323600,2754600,9268800
2024-10-31,64370100,2978700,3509200,44386600,75146800,28138200,4301800,8400900,44769000,2061700,7829900,5523300,26838400,5374600,53971000,270039600,9477500,13919300,7950200,20512000,8829300,29388200,2394500,2128400,11969400,1771900,8147700,3835800,4708889,8613900,13383700,13034700,30577000,5582400,37909600,6056500,59566700,2490000,3303600,15539000
2024-11-01,65276700,2851600,3416300,39027400,99687800,31220000,3527500,11728000,31796500,1625000,6923500,3753700,15303200,4372100,24230400,207127800,5680600,16473600,5470700,20939300,4493900,18894500,1633300,2807400,7428000,1625200,7944900,3713100,4536603,5256400,12163100,14615300,29968000,6339000,46894600,5454800,37170000,2548300,2266700,12181800
2024-11-04,44944500,1954900,4528400,29117400,38492100,31110100,5107900,6130000,21492700,1797800,8229600,2165100,12064600,4366300,19672300,187528200,4804400,10257000,4281600,14965400,3531800,10290400,1793600,3611200,5441700,1576700,6088000,3050100,4076903,4644000,10984500,11759100,19022000,4885500,41347800,5130200,24318500,2656600,2422200,11731000
2024-11-05,28111300,1588100,6643000,27067300,30564800,30851400,4456100,5978900,18242100,2169900,5600700,2132900,9775400,4798400,17626000,160537400,5456800,6573900,3753700,10436700,5109300,23126600,1724100,1519800,6003100,1622300,6561700,2558500,7463649,6547100,8780200,9051700,22006000,3678300,44175800,4397400,26461800,2608100,2537900,10612500
2024-11-06,54561100,2969900,7202900,32911500,72292200,110086700,5874900,12118900,33695500,8042800,23987800,3673700,18305400,22798700,26681800,242043900,11085000,11546500,10320500,20807700,7194800,28069300,4720000,2929800,7733600,2437400,11325100,4236700,6223956,8926600,22899300,28637800,36908000,7849300,65749500,11473700,32259200,6591300,5624600,19974000
2024-11-07,42137700,2640300,5037500,30326400,52878400,48339700,5722600,8143200,25352900,4475600,16451100,2382300,14653700,7780000,19901800,207323300,7759400,7994300,6237300,12184400,4520200,14709200,3211100,5889100,5442000,2145500,7805100,5593500,5435870,7522800,14856100,16311300,32951000,5333500,48484800,9056700,31471800,5254300,3075500,12665800
2024-11-08,38328800,2856900,6826100,27560300,36075800,38331800,8485000,6041500,22006200,2714000,9502100,2215600,9415700,6979300,16891400,175665800,8520400,8144200,6240600,12836000,4596900,12996800,3345900,2759900,5314000,3277100,7982100,3788500,5761221,8926100,14719300,14657100,19106000,4618300,55951300,7506200,29901600,3875800,3111700,14396500
2024-11-11,42005600,3536600,4795400,29868100,35456000,43293500,13954200,7771700,17450400,2510800,9017100,2213400,10209100,6861300,24503300,182325600,5973600,15459400,4674100,11969700,20760300,12799100,1858900,1981700,3820200,2181800,9137900,3243400,7383525,7146800,13980900,10275700,23992000,3762000,54329300,6364400,23465000,3003200,4684100,10433200
2024-11-12,40398300,4125300,3900000,33560300,38942900,38155900,7659700,5681900,25134900,2392900,6861000,2577600,16287700,5683300,19401200,198634700,6629900,10036900,4616400,11972800,10557000,16746700,1737100,1982500,5175700,1691400,9366200,2876800,11218033,7181400,15021000,12569800,28141000,5386600,53035200,6507500,39579500,2809400,3243500,12860200
2024-11-13,48566200,3470200,4302300,35146600,46212900,36903900,6902900,8824000,23184000,1763100,11472600,2681500,10757600,6134800,21502200,191903300,5695400,9256600,4046400,15127900,8483500,21249600,2001900,2203700,5961600,1757600,17701300,2193000,5595612,7161900,13177600,12451500,27678000,4145000,47983100,5412300,29345600,3409400,5345600,12802600
2024-11-14,44923900,3098800,3285900,31681400,42620300,35733100,7630600,10111200,31007500,1670500,10172200,2480400,11053700,7344200,30246900,194463300,7804300,8468300,4415800,13041800,8442500,15646700,1372500,1911800,4389900,1859900,47436100,3685800,3881753,7716400,15910800,13780200,30382000,5422700,45262200,7444300,20825100,3079200,2971300,15740700
2024-11-15,47923700,4612400,5524200,44217500,86591100,40488900,7093000,9022800,32504600,2007700,11518800,2408100,17712900,7281900,28247600,250132900,8986300,8083200,5106300,19051700,11265400,12120100,2165500,2677400,4124000,2269900,32048000,3868000,3751147,11328500,26284300,12930300,36737000,9108900,131074400,9939400,40207300,3423900,3337600,17370600
2024-11-18,44633700,2259000,3277400,38705400,36409900,32360300,4250400,6075400,20135300,1848900,9051400,2493400,14327300,6434100,24727000,221205300,6289400,10148100,4585600,14239700,8336900,12251600,1626200,2284200,5089000,1797300,14226200,5030800,3486294,7510600,16062100,9044300,40812000,6991300,64221700,6681000,35656400,2577100,4037800,25093800
2024-11-19,36211800,1961700,3145100,23131400,31197900,28534100,5469900,4657400,23434900,2217400,6792700,2716000,9522400,7244800,18133500,227834900,8117000,12442700,4885500,11584400,5246000,8247300,1793200,2688300,5100000,1690500,12166800,3862000,3739614,8233700,16254800,7942200,38142000,8248900,52381200,5683700,24727700,3198300,3835900,36340900
2024-11-20,35169600,1874900,3998300,28843100,32769000,28021000,3763500,6391300,18997100,1528600,9015300,2409400,9797300,5125600,19191700,309871700,4860200,6076300,6349900,11360900,7135600,9232100,1859600,2111300,4092700,1452100,9319300,2325500,4686632,9061300,18904900,7065200,40938000,5067300,46170800,7081100,20423100,3928600,3848600,18183200
2024-11-21,42108300,2002100,4108000,29311400,58800000,45336500,8364200,7945200,59734400,2281900,8783500,3077300,11154700,5547400,20780200,400946600,11394300,7250100,5757100,14675400,6847700,7845100,1833500,1512400,12535500,2320500,10261000,3095300,5696475,10141100,17292300,8908500,45113000,5977000,45048400,6240400,23080900,2722900,3014700,18729200
2024-11-22,38168300,2287200,2853100,21784700,31530800,37996200,5649400,7005900,38604600,1733700,7997300,3130400,9164000,6334100,24814600,236406200,6879400,6786000,5919200,13323400,11328600,13353100,1893000,1311000,7516200,2078700,10098000,2008700,3879021,8266000,19562200,8165400,32140000,5846300,41897000,10609800,35732900,3197900,3677500,23990600
2024-11-25,90152800,3320000,6513200,30923100,40685700,42718600,7117200,10702400,33135300,2940800,10295400,4503900,13599800,8012300,27691100,344941900,15138500,12998300,14189300,26580300,12465000,11479400,4398000,2644300,23447400,3240900,10397800,4163000,3882461,12256200,36805300,20803100,60142000,8580400,57707600,19357000,64729800,5146200,5029000,25078600
2024-11-26,45986200,2415700,3640900,32092400,41673700,30301500,4492800,7369500,20486700,2846500,6212100,2326800,10356600,8817300,23458900,190287700,6427200,5610400,7071500,14827300,6947500,8235000,1796600,2265700,12073700,1438000,6808100,2850500,4252123,5683500,14473300,10563600,31383000,4653600,33001000,6276700,30080300,2693600,3424800,16657000
2024-11-27,33498400,2324200,2461600,30175300,28061600,23278400,7471500,7674500,19266500,1424500,5472300,2086300,7200200,5507800,18332400,226370900,8368800,5477900,5204300,11079100,5271500,5210100,1371900,1763400,6237600,1499500,8142400,2221900,2903474,4140400,13263400,8689700,25782000,3622900,28242100,5522900,33206300,2269800,2453400,14358900
2024-11-29,28481400,1450200,1939700,16085700,24892400,23262000,3517600,5077000,14257200,1170200,5494800,1760600,7130500,4068200,16271900,141863200,4628000,4469700,3853300,9426500,2710700,7100100,1962100,1354100,3918700,1095900,5095200,1899500,1939865,5687800,10648400,6186500,20272000,2799300,22023000,3823700,19673900,2010800,1533500,11041200
2024-12-02,48137100,2006900,3544000,33102400,39523200,35891500,6063400,6229600,23789100,1804100,8899700,2355100,12522400,5512100,20207200,171682800,8859700,7273500,5597500,12687300,3936600,10097900,1548500,1406700,5939700,1955800,8390500,3429900,3263019,6946500,16500100,11361500,23890000,4967400,43866400,5728200,44160600,3364900,2832300,17173000
2024-12-03,38861000,2119300,3456600,22665300,32214800,38123800,12632400,5900100,22248700,1718100,6657700,2319400,14907200,4791300,18302000,164414000,8917100,8189800,5009900,11756600,4107600,6130300,1716200,1939200,5862600,1653900,9194000,2440600,4070226,8674400,24874500,9806900,24016000,4277400,49064300,8127300,63128700,2329900,5604700,17775200
2024-12-04,44383900,3307000,3234100,25942700,48745700,24941300,24733100,7862700,31615100,1617300,7346300,2630000,14697000,6203700,26009400,231224300,8906300,15536000,5981800,19520600,6125500,9269300,1193800,2913300,7291000,1784700,7996200,2218900,2685764,10333100,28137700,8310200,26896000,6964600,42541500,6823500,41534200,4147600,4793200,17312600
2024-12-05,40033900,2629100,4392700,29576900,41140200,31572100,10942100,6358400,21356200,1672800,6572500,2538600,8081200,4991900,21697800,172621200,6398100,9025600,5200100,15751200,5444200,7119800,1291400,3652000,7074700,2089400,9823600,2178700,5244160,7898100,21040400,6487200,28353000,5229600,43647900,5022200,40155600,5943700,4632500,21932300
2024-12-06,36870600,2964100,4292800,33576800,44178100,28931700,5738900,9701700,21462400,1405700,5519700,2122700,16935500,5013200,18821000,188505600,10503400,6955500,4302700,16171100,4839600,8182700,1331000,3485100,5365600,1737300,6677900,2808800,3216989,8389600,15581100,7079200,29554000,8359200,31830700,5741200,34218800,13003600,5745000,18803500
2024-12-09,44649200,3588700,4950500,57055600,46819400,34660900,6475000,9404500,25389600,1633200,7076500,2942000,11426000,7753900,19144400,189308600,20158000,10714200,5785300,17412600,4394500,13540000,1739800,2827200,6526500,1855500,8666100,2573900,2572458,8410300,22348300,9269700,33501000,8380400,37464800,7164300,38385900,7684700,6139500,20931100
2024-12-10,36914800,2762900,4323400,38907200,31199900,35665800,6033000,9126200,54813000,2600800,9108300,2003200,10938900,6551300,18469500,210020900,26502000,6697500,4539500,20990900,4089600,17149200,2251000,2626400,5860800,1556800,7526400,2941300,3589281,9398700,14949400,8619200,23886000,5329400,43280500,6219900,32851500,5360600,6415900,13164500
2024-12-11,45205800,6690600,4579300,45588100,35385800,36790500,7546600,13764700,67894100,2195300,7884400,2181100,10837200,8835400,19200200,184905200,13188700,6657200,4321800,32392200,9492200,13116600,1651600,2187200,8195500,1903600,6426800,3820800,4433615,13446700,32819000,7472800,35017000,7925900,39569400,5237500,38518100,10363000,7485500,19682100
2024-12-12,32777500,17344900,4692600,34267100,28204100,24017300,5422000,7621500,34817500,1218400,6113800,1860400,7474700,3610500,20834800,159211400,8154200,4711100,3218500,14543300,4999500,10617700,1804600,1706000,5908600,2344300,5285100,3087600,2747273,6176300,17542100,6969600,24862000,6849500,38705100,4072800,22015000,9403800,4980100,14298600
2024-12-13,33155300,11395500,3613000,67544700,28768100,32902300,5538000,5816200,25143500,1215000,10392700,1608200,8453300,6091500,20177800,231514900,8351100,8358100,4682200,13106100,5471600,9754900,2034800,1946600,6887800,2951900,6864500,5141200,2460568,8324900,13429000,7671200,24858000,4353900,29043600,3884500,33693900,8202900,4284800,11495900
2024-12-16,51694800,5807000,5695100,42090300,37552100,27330400,5482300,11961200,44934900,1713300,9032000,2923000,10885600,5659700,23598800,237951100,9572000,7402500,6562500,20256100,8157900,13050700,1311100,5059500,7441800,2581300,10528500,5673900,8292909,8732400,24559700,9767000,26749000,6696500,40194000,5943600,48018100,8880000,4515900,16742000
2024-12-17,51356400,7514500,6070700,43314900,35948100,33054600,6911000,11909300,43504000,2314100,8083600,4055800,12897800,7141400,22733500,259410300,8940200,8395600,8843900,17554000,7664700,13557100,2138700,2998200,8737800,2050200,12238600,2784900,5445178,10343000,21902400,7723000,24595000,6572600,71440300,6069200,39844700,14132700,3549500,23560800
2024-12-18,56774100,6511100,5767800,49724400,43281400,41771900,8400000,10174500,34166100,3271600,11322400,3190300,17075500,7858800,24444500,277444500,8817900,12583700,10479200,17114500,5471600,15437200,2820700,2044700,8466500,2725300,12292800,4713900,6503883,9336100,20946100,12496000,29382000,7620900,47575100,7517100,38897400,10147600,4849400,24665600
2024-12-19,60882300,6479500,6352400,46160700,39918700,38583600,7423400,16544300,32265200,2753300,11790800,3050500,14958100,8632400,22963700,209719200,8386400,9522400,8317100,20565600,6110500,14777100,2616700,2152300,9951200,2610800,9468500,4237600,4927307,9516700,21300600,13731700,28155000,9829500,50324700,8585200,43160800,7418100,6391800,16606500
2024-12-20,147495300,8220000,12134100,53591200,88279200,74222200,14932300,32209200,63462900,4515900,32348400,7317100,48989400,14884000,64263700,306528600,13810500,22052700,24387000,40141200,18950900,23233700,5142000,3507800,29542200,5373800,17955300,6044500,6912899,17702800,42458100,27547500,45305000,19205200,116340100,21999300,93984000,10956900,12899000,49350600
2024-12-23,40858800,3781200,2768900,47777900,28070000,35374800,5330300,8156500,25675000,1519500,8611500,2270300,10205800,5074100,19152500,176053500,6518200,5633100,7984600,12285100,6945600,8486400,1804900,1334600,7892300,1856800,6037200,2757400,3508247,8720800,13010800,7509000,23394000,6822200,35350400,6983900,24655600,4286000,3419000,26205400
2024-12-24,23234700,1685000,1295000,24829600,15007500,12054400,1811000,3556100,10403300,913400,3729100,955000,4726100,2902800,7164500,105157000,2451500,3276300,2684100,7807000,2692800,4317000,886000,800700,2677400,939000,2475000,991900,1895453,3164100,5019100,3001800,23203000,3399800,19716400,2460800,9605900,1824400,1579200,8992400
2024-12-26,27237100,2131200,1653000,24998200,16146700,16077400,3483300,4492600,12046600,1092000,4451800,1109600,6081400,3013500,8194200,116205600,4100100,4800600,2856000,9652400,2759300,5905700,1097900,867600,4325600,969000,4781400,2914600,3107324,4656300,7943800,4503800,23403000,5528500,31406000,3629400,16440500,3387000,3011100,10994000
2024-12-27,42355300,2947200,2488700,32924000,27367100,17972500,3220400,5296500,18891400,1486000,5730200,1541800,8084200,3088100,18117700,170582600,4344300,5125000,3489200,11943900,2745400,6806900,1245800,889100,5889700,1943400,4523800,2127200,3089317,5588300,8542800,5458100,32262000,4287000,35218300,4367900,18547500,3471800,2904000,11384400
2024-12-30,35557500,3473200,3059500,30501600,28321200,16109800,3411100,6194800,14264700,1265900,5723800,2101600,7025900,2637900,13158700,167734700,5254800,5855000,3478500,11080800,3405700,18082300,1422200,1678700,5238800,1881200,5716300,2217200,2399261,6268700,8972200,8399000,22030000,5397000,32859100,4354500,25420000,5408600,2953900,9790200
2024-12-31,39480700,2285100,2063300,30203400,24819700,16110400,3026000,6137800,17466900,1055800,4871000,1942600,6019500,2970000,13246500,155659200,4307500,4533200,3963800,12387800,3326400,9748600,1168100,1086600,5556400,1742900,4757500,2987400,1959390,5811400,9256700,6216500,18759000,4274800,27085500,3957600,22342800,4214000,3400800,11267700
2025-01-02,55740700,2504700,2422000,34256200,33956600,25610600,4807100,7170300,20370800,2219000,9220900,2818800,12682300,5014300,16896500,198247200,5360800,6224500,5369500,12685400,4092000,12450000,1802600,1297400,5080600,1765100,5688100,2865500,2113871,6051300,12991000,5344800,23123000,4970200,32899200,5401700,27108200,4234900,3050500,14820400
2025-01-03,40244100,5617000,2964600,36785300,27515600,23455700,4101200,5809000,18596200,1422600,9491100,1627500,11436800,3988400,16662900,229322500,5876000,6132500,4271300,14237900,4380200,10513800,1390800,1267100,5758200,1612200,5393100,2299300,2667858,5878800,10403200,5088900,29673000,5218100,33417000,5256600,26874900,3019500,3490400,10834600
2025-01-06,45045600,3994400,3789200,48020200,31849800,30518500,5785300,5888700,29563600,2257000,9917800,2920800,14560800,6665200,20573600,265377400,6845400,7869200,6567300,15623700,6302100,11133400,1590700,1009700,5935500,1970400,6274400,4358500,3873963,7910500,17924200,7025900,34577000,9470600,43951000,8731700,34416000,4444800,5049200,14519900
2025-01-07,40856000,4181400,3235400,39220400,28084200,41111200,4643100,7736000,26487200,2021900,8753400,2211800,12071500,7268800,18139100,351782200,7712200,6080800,4958600,12625900,5905200,7045000,1607400,1579500,5074700,1888000,7878800,2976400,3051177,8422000,17799600,8975400,26498000,7473300,35030000,8447400,37143500,3914500,3725300,11238000
2025-01-08,37628900,3508800,6850300,46723100,25033300,40246000,3788200,7640900,24864800,1513400,8675300,2456700,10085800,5744500,15054600,227349900,7596200,7400000,5161600,17858100,4488500,5108700,1828800,1323900,5119900,1774800,7805300,3209300,3156896,11175600,14412400,7930600,23479000,6791800,35430700,4974800,35517800,4141700,4536300,13453600
2025-01-10,61710900,5564300,7175200,59415600,36811500,40741300,6540000,11074700,26665200,2817900,10256800,2815500,19256600,6873800,20201100,207602500,13593900,11341200,6660100,19304500,5372200,7556800,2773900,2559600,7013200,2765800,8835500,2998100,3626915,8821500,22425000,16261800,48033000,9632700,32836900,8501500,41572400,5467500,5231800,18140900
2025-01-13,49630700,4558800,4117800,39128900,27262700,34353600,4583000,11774100,21823700,1871200,10005300,2885500,10785000,5433000,17604800,204808900,8828500,7402400,9568400,17073400,4734100,6049600,2746000,2183000,7342100,1693800,6690200,2387900,5455193,10376400,18016200,17056600,30245000,8101400,28359600,6772200,37865600,6472500,6939200,18617100
2025-01-14,39435300,3577100,4827300,37005300,24711700,36379000,5935200,6830200,17174900,2221900,12407400,2704800,13598000,8999900,16935900,195590500,7410200,8958400,5107600,11191200,4779100,7966900,2331700,1741600,4808100,1683800,5501600,2866200,4068607,8681700,16658300,10699100,30377000,6996400,25856900,5982200,25627300,3978300,4247600,13549200
2025-01-15,39832000,4345800,3856500,38185800,31291300,57154800,6042700,7900000,21776000,5119800,18448500,3024800,15524300,11349500,19637800,185217300,10701200,10024100,5222000,14521100,8048700,6451000,1984500,2119700,4566900,1839400,6296900,3791800,4702010,7434600,16187200,12416500,31814000,7141600,35949700,8059200,50559900,4103900,4315900,17348200
2025-01-16,71759100,4185600,4627400,29414100,24757300,56339300,5047700,5578900,17815400,3224500,15292300,3275600,8355300,16235700,15300000,209235600,9210600,5816400,4606700,10366600,5236000,5812300,1974700,1983200,5273500,1353000,7872800,2899100,4665489,8964000,12585500,11469500,40285000,5068000,29981100,5774400,25639600,9059900,5471300,13267700
2025-01-17,68488300,4012700,4899400,35765900,42370100,44486100,6303600,9260400,27735100,3425200,17678100,2374800,17280600,12481500,26197500,201188800,11618300,16499700,5805800,19298500,7852500,9557100,2605900,1922900,8559300,2375000,7144300,2928400,3388162,10773100,17948900,12664600,36176000,7338900,35380300,7262700,33638000,7495700,4261100,15868200
2025-01-21,98070400,3833300,3965200,31578800,39951500,52089100,6397200,10131400,29971300,5076700,13712100,2706900,11674000,11213300,26085700,197749000,30232000,12629300,5653000,20416300,7548500,8755300,3144500,1786000,7144700,2042400,8643700,3144100,4710912,11111700,19817100,12153800,98514000,7456200,39745600,13914700,36777600,5682100,5282700,23247500
2025-01-22,64126500,3391600,2484700,35023800,41448200,40296200,7259300,7232200,26200600,2835700,9021900,2037600,12274000,7177500,27803800,237651400,48028500,7345700,5026500,15718000,9465000,5134400,1994800,2536900,4839100,2155000,8781700,4276900,3007170,16834700,18191900,14415200,142732000,5905100,41890400,14356700,31676400,3756100,4420700,15567100
2025-01-23,60234800,2716700,3193100,24921100,26404400,35324100,4355900,5979800,26951400,2582700,10749700,2196500,9910200,6911000,18389300,155915500,17314600,7540600,5297100,13726800,7116200,7097300,2587400,3509600,5734200,1352400,7608300,2612500,3072017,10506400,16528400,10780100,77521000,4759100,40987000,7614300,32125200,4580800,3282600,14198400
2025-01-24,54697900,2631800,3628300,31570300,25890700,24655100,3299100,8003800,23877500,3183500,7666300,2472900,19065300,6475500,15549500,234657600,12147200,6004700,4327500,14235900,5584900,9304200,1938200,2215700,5962100,1562400,8304500,2695300,6406764,9887300,19244600,24588500,45504000,4509600,31300200,6199800,44409200,3671200,3212300,14973800
2025-01-27,94863400,5086300,4188800,61067900,49428300,44260000,15661100,7141000,41728900,3351700,7522300,3074600,28399200,6460700,35647800,818830900,42201600,6923800,6636500,15926700,6985200,7148600,2964400,3877100,6831000,3044700,10176900,3585100,3146880,15152300,20742900,19128900,46342000,9820600,50648600,9170800,92445200,4263000,4944400,18880600
2025-01-28,75707600,5376400,2914700,40554800,41587200,27156600,12099300,6425400,24157900,2338000,7375400,2727800,20950100,5885100,23491700,579666400,20319300,8666000,5999600,15862000,5603700,22768900,1788900,3195400,4742100,2166400,6516800,3664600,3641179,10320600,14956000,16630500,34340000,6349700,40589600,6716300,55731400,3162700,3094500,14641600
2025-01-29,45486100,2997600,3340700,40199100,26091700,23681500,6266700,5630600,18218300,1918900,7684900,2549000,21377800,5719800,23581400,467120600,9866600,5234500,5087300,12345500,3748300,12263500,2675800,2044000,4130600,1713700,7607100,2744200,1938651,7156400,11325600,9496700,29307000,4874100,34418200,4850300,34420400,2737600,4262100,11261400
2025-01-30,55658300,3290100,3199800,29788400,32020700,31199900,7591100,6931900,24354700,1812800,8753500,6005200,29322900,4545700,54586300,392925500,14981700,7708500,8081300,14346300,5209200,6996300,4234600,2674100,4046900,1788200,6236200,2204800,1834551,8911000,13201000,8639200,38678000,4671300,32289600,4136500,45653000,2924700,41170400,11012200
2025-01-31,100959800,4684300,4453600,40463400,36110200,30388900,5778000,16726800,32001100,1995100,7193800,4505100,19303900,5502700,34161900,388161100,8704600,8331400,8624100,20376500,11926500,6104000,2858000,1812400,6264900,1873800,7793400,3537800,2510544,8457800,12096800,10708600,36151000,4905500,37307000,5464700,40341800,4120500,15844600,16391200
2025-02-03,73063300,3348700,4056200,34586100,37285900,36497700,4549400,7605000,27838300,2102600,8381400,3195500,21415700,5307000,25679100,371235700,8250600,11215000,8004500,14623200,9830000,6501700,3079300,2454300,5948600,2751000,8870700,4830200,3258163,6687500,12067900,9128300,37242000,7196200,49626200,8668600,59555800,4083600,12635200,20484200
2025-02-04,45067300,2647700,2641400,69412100,29713800,32894000,4965600,8458100,43856400,1743400,5626000,2638900,13826300,5997300,20532100,256550000,6777000,58801900,5532600,14835700,7377800,4503600,2709800,1733400,5310900,2001600,13521100,2087900,3483056,9645000,15678000,10574700,60001000,12804900,68748300,6410900,30540200,2869900,9347800,15201200
2025-02-05,39620300,2937800,3148500,110385200,38727300,27696600,4521000,6533700,70373900,1908200,5704400,2404700,17778200,5871200,16316700,262230800,7866700,23631900,4939100,13364400,6449600,7430400,2134200,2700900,6961100,2047600,23310000,4858600,4650516,8947000,10686800,9026100,39934000,9248100,50426800,7536800,29511700,4621600,7122900,15926700
2025-02-06,29925300,2568100,3153400,50426600,60897100,39793400,13240600,6420500,29297400,2439200,7264400,1738400,13080700,4576600,16309800,251483600,7036900,14440500,4294500,13411400,4586400,6919400,3007000,3448900,8543400,2218000,12470800,2593300,12327423,7418100,13423400,9145300,31343000,5604900,45182000,4957900,24522500,3926800,6318200,13088500
2025-02-07,39707200,2693500,2904400,46082500,77539300,26504700,7626100,4724900,49315000,2616700,6857900,2008300,16427100,3529000,22886800,228186300,9991300,13597300,4261200,10051600,3805900,5392300,1804800,2904300,12121700,1632900,8669300,3476900,6774706,6204900,13184700,9320400,32129000,5872300,36512800,4535600,26290100,3349100,4830700,12451100
2025-02-10,33115600,3946700,3839700,34905400,35419900,26725200,5981900,5653800,23105600,2351600,8627400,2357700,12904300,5517700,20817900,216989100,7625900,11815600,6067000,12142200,3685700,3989100,1944400,2224700,10338500,2036900,8239500,2606700,6705508,6936200,16154300,9121300,32966000,8715400,39632700,7062900,31913400,3143100,6101500,15274600
2025-02-11,53718400,3257000,4672900,35033800,23713700,20314900,5455900,6011800,21239500,2711400,7196400,1847800,12998000,5096800,18140600,178902400,6528800,15769400,5154800,12713100,3977000,4366700,1516900,2434900,8063700,1748500,7456700,2404700,3113091,7554500,30589100,7020100,33318000,6354000,36593300,5438100,35150300,2631900,4589100,11953600
2025-02-12,45243300,3308500,5532400,25319700,32285200,29777100,5643400,6693500,22072600,2295800,6683900,1722200,12016500,4688900,19121700,160278600,7454800,11782500,6760100,18244100,4525000,7686800,2833100,2119500,7585800,1662300,6521200,4149900,3452808,7746000,26033800,8574000,33890000,6658200,31671600,6037400,38970300,3859200,5172900,15162100
2025-02-13,53614100,2794400,3641300,40911800,31346500,26815400,4312100,7836400,21402500,2031800,8398700,1709500,12569100,4699800,23891700,197430000,6421700,9958600,4279200,15460000,4108900,6846300,3547200,1864700,9329100,1623300,6553200,5658500,3421547,10704700,24393100,15173000,34761000,7175300,30612500,6328300,35115100,2835100,5854000,12604400
2025-02-14,40896200,2623000,5336400,32477200,27031100,25960500,5879700,5828800,20448400,2246000,5688600,1927400,16901200,5044500,22758500,195479600,7260900,10504600,5720300,15733500,3976900,5044700,2045300,2237100,7960800,1410700,5964500,3581600,5413816,6411800,20779100,14184600,31454000,5001800,33214600,13179500,31687800,3705300,5942300,14109500
2025-02-18,48822500,2973800,4305400,31720300,42975100,37824100,5262100,5981500,29916700,2350100,7919800,2064100,21938700,3797000,21423100,219176600,11430500,11281200,5822000,20060300,6065500,6929600,3120200,2278900,11777700,2090600,8362900,4726600,4955027,9670700,15569100,12090900,42293000,8738700,40499700,7075300,52442500,8759300,5407800,18247300
2025-02-19,32204200,2965500,4189900,28807700,28566700,38967800,5012000,4945800,19549400,1953600,7007200,2459100,17535500,3623100,24114200,167536000,8688500,9082300,4152300,10964700,4888700,7264800,2211000,1378900,7515100,1349600,8452100,3860600,5123671,7974700,16032300,8843000,26000000,5777300,37292400,7910700,30551500,4380300,4252000,18508000
2025-02-20,32316900,2337600,5043800,27219600,30001700,40001100,6393100,6256200,20441500,3929000,13846700,2181900,12587400,8860800,23508700,143903600,8737000,9319300,5697000,16325800,5067000,7863000,2174100,2145300,6309200,2000500,5970100,3159500,3678408,7224000,13398000,9340500,31118000,6789800,37139000,6162600,32753900,4144300,5801200,55450900
2025-02-21,53197400,3376000,5936200,41353700,55323900,43485900,7353200,6689800,35199200,3000800,12835600,2256100,15660400,6704100,27524800,228217600,9713900,15171700,6924100,14710000,5889400,8980300,3225200,2150600,8562200,1816300,9082100,4424000,6294671,12546900,21662300,16742500,37387000,10604400,54611500,9813700,58421500,19864900,6459900,35014800
2025-02-24,51326400,2807900,4967900,29072200,42387600,35512200,6652900,5925000,29854200,3274100,10372800,1752500,15677000,7784500,26443700,251381100,10639100,12873300,5055900,13153500,6305000,8392900,2513300,2043300,6277700,1759700,7093300,2731300,6820838,10201900,21418400,11970900,44262000,7187000,43823300,8564100,54549600,6919300,6269900,29755900
2025-02-25,48013300,2612700,6206400,39169200,58958000,38119000,7360100,6810900,41913400,2885900,9608400,3609500,20579700,7458500,29387400,271428700,8316100,20647200,6191900,14497000,7746800,5613900,3323500,2722200,5822000,2083800,7289000,3111900,3842703,12303700,21555600,14063400,47383000,9474600,43560100,7314900,52497200,9101000,4985600,29331200
2025-02-26,44433600,1947600,3684600,29178200,39120600,32251700,12638500,6005200,35431300,2001200,5943600,2028000,14488700,5493600,19619000,322553800,6915100,15277600,5960600,10446400,4766700,7111700,2397800,2869100,6292400,1555700,7831600,3021500,3163168,11396400,14531200,8010500,33972000,9076500,30103300,5519000,39296500,5108400,3445300,19069700
2025-02-27,41153600,2340200,4883300,47263700,40548600,28477700,16691400,7517200,39991000,2396300,8204400,2436500,12500000,5538700,21127400,443175800,7436800,11661200,7298100,15293200,5696900,4695200,1971000,2635500,6306300,1629100,7854700,3239100,2787538,8364600,16789500,9379800,37666000,6731000,28268300,5467000,32943300,4216800,4821600,16431500
2025-02-28,56833400,3936900,10011800,45194600,51771700,62621100,10863100,8828500,48130600,3337200,10467100,3205400,17534200,7424200,32845700,389091100,12843300,13601300,15857300,18821700,13136400,5803300,3210300,3228100,9002600,3307100,14609400,5403200,4022981,12037200,22167400,11247700,47174000,8455500,51531700,10240100,62510800,6146300,8754900,25451300
2025-03-03,47184000,2607700,7009000,38958000,42948400,46946000,6298200,9059800,40770500,3152300,9058300,3092600,10843800,5969400,23007700,411381400,8081800,15753700,9099600,18706900,7016400,6045600,2569700,2409200,12640200,2422500,7884700,4264900,5395707,9191500,21717600,9492200,39074000,8321700,54048600,7615300,45078600,5700200,5165100,18372200
2025-03-04,53798100,2942200,8103800,54156900,60853100,78278100,9096300,8826300,45388000,4061000,13465600,3318100,21495200,12996500,29342900,398163300,13171900,20180000,8955800,19394900,7554000,15870200,3500200,2573800,14000500,2536800,12658000,3888700,7042999,11999700,25411900,17869500,43928000,10274200,51315000,12117600,89479700,5864100,5387000,25227700
2025-03-05,47227600,2406200,4689200,27855500,38610100,52588900,6612600,9288300,30954900,2600600,7861400,2795400,13770000,7291900,23433100,284337900,7141000,14464300,8244200,24822200,5752800,7355800,3189100,2031900,12081100,1898600,9956100,3491300,5357568,8744800,23933600,7722400,38079000,5578700,37062400,6989100,42010100,3637100,6812000,17639000
2025-03-06,45170400,2732100,4287300,28985000,49863800,58103500,10396800,7314700,28302000,4332300,9983200,3133200,13446500,8611500,23304600,321181900,12321200,11226900,8611100,17150200,4346000,6892600,2234100,2224700,8679000,2594600,11618800,3756100,5101212,8037900,21694000,7482300,78526000,8421000,46998300,6702500,32211600,4964000,5742100,19957800
2025-03-07,46273600,3039500,4439100,33254400,59802800,50651400,8248100,8562600,27385800,4069600,20498700,3161300,21375700,8513500,22034100,341755500,12646500,16388300,6358700,19625000,6806100,12526700,3063800,3049400,8603700,5510700,12715900,3479200,5748980,9637600,28393300,13469300,77375000,8997700,54337700,9566700,35341900,5434100,5635800,35913200
2025-03-10,72071200,4001600,5444400,38733200,62350900,77498400,10040200,11750300,43604000,5272100,18887200,3893400,21999900,16765700,32840100,366487400,21486100,15035200,8204300,22749100,8604000,10204000,2809100,2952200,12086700,4459900,10947100,5022400,4225820,17559000,25251200,25263700,69953000,11156900,53013500,11047000,57820800,5108900,6279900,35148800
2025-03-11,76137400,3145200,6174600,34078300,54002900,50608400,8313400,10466300,39587400,4190500,18143000,4582600,17401500,13490400,30380200,354865700,27200200,12133100,9776100,19904700,7144500,10030500,3190900,3398200,14544100,3204900,16906000,6297500,5304658,9890300,28076400,14836800,73989000,7981600,44841400,11032300,74574300,4101000,6498300,28687600
2025-03-12,62547500,5515900,4357000,34241300,43679300,42290700,7463900,9710200,28372400,3078100,16054000,2810800,15747000,7925500,24253600,323857500,15373900,11545800,6295400,14051500,6139800,8706900,1816700,2365000,10147300,2331600,11891800,4668300,3856967,8010700,18923300,12110700,68658000,8330200,37331000,10158800,62383200,3680800,4970900,33301600
2025-03-13,61368300,14386600,6233900,28575200,41270800,37766100,9494500,9022800,31756200,2529100,16467900,2375800,16480300,7435500,20473000,299033100,14187700,9778300,7915300,17767800,5559500,5701600,2490300,1609900,11354700,3447200,11059500,5370300,3572184,5286700,15746600,11252600,50017000,5351100,36717900,6609000,37698500,2876600,4629100,31507800
2025-03-14,60107600,6134800,6241300,24715300,38096700,35979900,6976900,6671500,31995900,2808100,11962100,2369500,12364500,6879400,19952800,277593500,9330000,9828700,7810600,15890100,4511600,5215100,1936100,1801800,7625800,3186400,10199800,5709900,3929706,6235800,14205100,8699300,52007000,5277500,30298300,6790500,37591300,3915900,4020700,35500600
2025-03-17,48073400,4258500,4710100,43689500,47341800,37242800,4484300,7615200,31184300,2695600,9586000,2544800,15473900,8374900,22474300,255501500,9885000,7971200,6149400,19908800,5075400,5602700,1683800,1786000,8031100,2256100,8332100,7126500,4466596,6669800,15634800,14954000,75431000,5449500,32676900,9931700,45570000,5152300,4427900,26297800
2025-03-18,42432400,4297300,6080300,27152800,40414900,37644500,5881700,9289500,42074800,2641000,10344900,2363300,20297700,7234900,19486900,299686900,9402500,7520800,7778300,15998700,5088200,4195200,3310000,1837300,7861500,2182000,6727000,4384800,3855450,7348800,12657600,15212100,60094000,8158600,32958700,6099900,30365600,3617600,3930700,17850900
2025-03-19,54385400,4349900,6745900,32287500,39442900,42471100,5245400,11503900,34275600,2769800,10120600,2804300,20537500,8430800,19185500,273426200,6909500,6876400,5614900,17315000,5412900,14114800,2407200,2270100,8784600,1908500,8614600,4220600,6483043,5936400,14780000,9457000,66624000,6080100,42522700,7569200,30145700,3317600,5010300,24555900
2025-03-20,48862900,4009500,5679400,26871800,38921100,41018100,5504700,9545900,28138500,2531300,8328500,2598600,24336500,7026000,18470500,248829700,7051600,7453600,5432700,16230800,5836100,4934400,2782900,1896900,11577800,1891800,7836500,4343900,3624689,7485900,16295300,11815600,44663000,4536400,35378900,8789200,27272300,4965400,3655600,18185500
2025-03-21,94127800,7607300,15949400,30767900,60056900,65011000,9804100,21625500,36625800,3565600,19326900,5973400,25015900,10989900,39675900,266498500,17620200,14603800,17279700,41102800,16657700,26802400,6766100,4949700,55090400,3447600,15089900,5850300,6621439,17047100,47479500,15782000,59054000,11574800,349996500,16027300,91268600,10244900,19575300,26797200
2025-03-24,44299500,5223000,4379700,53342000,41625400,30646100,6763800,8068000,30879100,1877700,9422700,2758700,15741300,6184400,21004500,228452500,7848300,9911000,5675100,14207500,7393800,9986100,2277200,3677800,6768300,2208100,8224400,3904700,4297749,8046400,12575400,12385400,46779000,5968900,37944400,6102100,26863300,3840900,6611600,17900700
2025-03-25,34493600,3648600,3492400,29077500,31171200,25445300,4301700,7869200,24174400,1875500,9287700,2138200,15312500,4326300,15775000,167447200,8521200,6690600,3931200,12081800,10089100,7174400,1678000,2271300,6556500,1623000,7365200,5551600,3854741,7456200,12513900,12618800,37822000,4763300,47607600,8366700,42339700,3015100,10645500,27908600
2025-03-26,34466100,3425000,6965100,39824000,32855300,30012100,5070300,10076100,28901600,1944200,12779300,2681600,12609800,5084600,16108400,293463300,13210000,7449600,6187100,14110800,6742900,6615900,1703200,1700500,7168400,1644700,6314000,3095900,5311942,7223500,14478200,9154600,35274000,5882200,49487400,7756000,42589400,3253800,6609200,27228800
2025-03-27,37094800,2729700,5337700,32773700,27317700,25619200,3757200,6862700,24508300,2100900,8022500,2901200,10436500,8239400,13766800,236902100,9148300,7883100,7254800,12740800,4995300,4788600,1481100,1624400,4712000,1547000,6598800,2833500,3626105,6752500,11663400,8748800,30472000,5397500,51302000,6211700,43000100,2822200,4031700,16782800
2025-03-28,39818600,3830300,5574900,31069100,52548200,34253000,4973400,4923000,48669300,2773100,11978400,2656400,17602800,7349400,21632000,229872500,13144500,16536300,5687600,10233400,6478100,8211100,1965200,2717800,3745400,2100500,7679700,3941400,3291346,5760300,17412900,7846900,44227000,8550900,32352500,5479100,35085300,2379100,3284100,14790600
2025-03-31,65299300,3960700,9834100,30865300,63547600,36390000,7585800,10675300,54603500,2455100,13603000,4741800,21124700,7616600,35184700,299212700,15509900,11562000,9950800,21652300,11093700,7477500,2837500,3304700,7905800,3102000,10554000,6465600,4014584,12481400,24016900,13347100,46341000,9985700,53498100,11520100,50156500,5238700,6536100,30269300
2025-04-01,36412700,3847800,6705600,23523200,41267300,25578500,4598200,6378600,30672900,1869600,8054700,2714900,12836600,6651000,19689500,222614000,9518500,8000600,7473300,12425400,7853200,8252800,1955300,2314400,6809500,2041500,8762700,2934100,2593703,23303100,15309100,8715800,35200000,6072800,54444200,7021100,43986400,2962500,5877400,22080300
2025-04-02,35905900,2859100,4944200,20794000,53679200,28216100,5396900,7044900,25041700,2560700,7758800,2994600,13470800,8415300,16092600,220601200,11594400,8123000,5682500,12614600,9262800,5826600,1747600,2172000,6527500,1719900,7959900,2541700,3463835,10356900,14606500,8480100,32569000,5866200,41965000,6274500,41574800,2378900,4540000,19384100
2025-04-03,103419000,5324400,6291100,50472500,95553600,115497900,8872600,15501000,46883400,5193900,17188500,3443500,34777500,15186100,30198000,338769400,14433800,18479900,8792900,21204600,7593100,15877400,4638700,3543300,13870900,3096900,19353400,7427100,6586638,13249300,24959600,13652700,58646000,8216200,53501800,9393300,48912300,6457900,10057700,33012900
2025-04-04,125910900,5867600,6406300,65847000,123159400,107761200,9705000,20374700,62259500,8105200,27170700,6125100,38589800,18876900,49209900,532273800,14986900,22125000,13201700,30841300,13505200,22282000,7216800,4395200,15158400,5167000,22580900,8332600,8543802,16601700,26517300,20993500,67988000,12911400,80002600,13454200,61361000,9919000,9567700,36209000
2025-04-07,160466300,7690900,10099700,70515400,109327100,137329100,11965200,17817000,76794100,6353800,22914400,6009400,36606100,20721400,50425000,611041300,19482700,20263200,12163400,35068500,12581100,18825000,7824700,4384700,12870200,4626600,20456000,7214800,9461279,18083000,34258400,19494900,66568000,14423200,86106100,15708000,74875400,7356700,8729800,36884900
2025-04-08,120859500,6650800,7738800,69910200,87710400,79116300,9340300,12904400,52200200,4240900,19485700,3555400,28034200,10710100,35868900,476243400,11950300,16533600,9569300,27147800,12517100,14527900,4989000,2986800,11509800,3545400,14845600,4976200,7033085,12018400,22774400,14232600,56254000,9488900,72406000,11541100,55717100,11762300,8233800,34351700
2025-04-09,184395900,7186300,7565200,97827400,116804300,161173500,12491100,16846800,70406200,7024100,24022400,4698400,39216600,16919500,50199700,612918300,17762000,22502000,11361800,30063300,18977800,16775200,6457300,4262300,17841900,5084500,24970900,7414700,9247920,18773700,27918700,23207800,74980000,14067000,95954400,10670200,77738700,12691900,8849800,46632800
2025-04-10,121880000,5695000,4402300,65210600,68302000,90451800,9692300,20991200,48022000,5374500,18896400,4105300,28173500,10956700,38024400,437812400,12401600,14398100,8709800,33999300,13970000,10375000,4116800,2777200,15621900,4209100,16377000,6360400,5889197,13830500,22450200,12801900,51298000,10980300,72960700,10581600,51467900,8646000,7553700,34735300
2025-04-11,87435900,3941800,4039600,57892600,50594300,63671900,6089000,17224400,33636200,3770200,20284500,3736200,17642300,10573200,23839200,313417300,10190200,12919400,6804500,22884600,9047700,8810700,3197900,3467100,9233400,2721800,10204400,6054400,5162418,9943900,19988200,14856900,40736000,8563300,55078100,8602800,32057600,6121500,5544100,25508100
2025-04-14,101352900,3286000,6105600,36003000,48002500,46830600,6038100,9628200,30333000,4392600,13017800,3005500,14130900,8224500,19251200,264705000,8217700,8997500,5011800,18020000,7164400,7288700,2758400,2175100,6537200,2219900,10841300,3226200,4544494,10685300,13930200,11588800,40359000,5393800,61900900,9877300,27042800,4839300,4926900,27742900
2025-04-15,51343900,3030400,4550000,28116500,43642000,84677800,5227700,9334800,27551500,2501200,10912900,2210700,15558700,6003800,17199900,228966900,8630000,9140800,4386200,13164900,8078500,11541100,3611300,2686000,5739600,1788200,7840500,2340900,3054718,10847700,14965500,7851700,77120000,5459600,51814700,8765000,25721300,3871300,5767000,21871200
2025-04-16,59732400,3687900,3468300,62109000,51875300,52872700,7190900,8637200,28187400,2765600,9322300,2501000,18735100,6520100,21967800,397016900,8295200,9833600,5850600,13607000,9459300,6809600,3017200,1811100,6093300,2531700,10144300,2506800,4177057,7986900,15276200,11356100,60661000,7878600,37641200,5897500,27835900,4192100,4632800,22229100
2025-04-17,52164700,5229700,4021400,34801400,44726500,47144400,5566900,8434400,33046600,2593500,9557900,3329800,14593500,5233100,21120200,292517500,8925500,9023700,5655900,17916500,8998100,9227300,2717600,2186700,7804400,2711100,14810900,3409800,3253105,10981100,20754500,11212300,88937000,6131400,54073700,7227100,24870300,29120200,4740100,21393900
2025-04-21,46742500,3691200,3637500,33855400,48126100,34928300,9240000,9967500,26049100,2859300,8716200,3345600,16166000,7784500,20807300,288501100,12201200,7354100,6362300,16926500,7364600,5703800,2978300,3544100,6213500,2841300,14166800,3076200,5006217,6285400,16037200,11568700,97757000,7412800,32021000,8062400,46226000,13029900,3930800,18361200
2025-04-22,52976400,3250400,3545000,35236700,56607200,42288900,7145300,7984700,26971800,2514600,10701400,2384000,17399400,6571300,19485000,241004800,11233700,9390100,5435500,13147000,6191900,9147300,2231200,3842800,5556800,2230600,9578500,3522600,4397398,7136300,15613500,14352000,93689000,7144700,36052600,7907400,50906800,10156900,4305300,15407800
2025-04-23,52929200,3168000,3086100,41102600,63470100,54428400,5818900,10002000,31128800,3048100,14126800,3051800,18173900,9243800,20545500,247526000,9528900,9838900,8906000,14235700,7119700,16264700,2458300,4695100,7699600,2109700,12089100,4036000,4206193,9099400,16353900,19476200,64719000,7760000,50781000,9309200,43351000,8345700,5817200,18046900
2025-04-24,47311000,3085100,2620800,33681900,43763200,42457100,7857600,7745800,45894000,2223600,9055200,2209100,13910000,6640700,22232300,220815000,7305900,10877000,8055200,9849600,8789400,10984200,2874400,5981800,6520300,2468500,10310000,3199000,3277486,8310400,16893900,13724700,63819000,15577300,35009600,20077700,43640800,7629100,6641000,13444500
2025-04-25,38222300,3499300,2657600,28575300,36414300,32694200,5651700,6878500,56034000,1612700,8588600,2006100,17098900,5013200,18973200,251064700,5476400,8693400,4452800,11245800,10482100,7644200,2162400,3216600,4736600,1780900,7749600,2717200,3681443,8643600,16316000,9640200,39500000,11544700,35847700,12892800,37050300,9263800,4577700,15317200
2025-04-28,38743100,3163400,3055500,30456700,33224700,37428000,4977700,6715500,29745800,1459700,7394300,1735400,15179000,4171200,16579400,207708500,6985100,14251500,5422900,13890900,10408000,9302600,2189600,2647700,4667600,1616200,8491800,2119800,5756972,5815200,15997500,7123500,38311000,8498600,55888900,8127000,24156000,6614300,8664600,12950000
2025-04-29,36827600,2198300,3331600,20700600,41667300,33792500,3139800,7343800,26809000,1695600,7216800,2041500,11835000,4689800,14974000,170444300,4851500,19706800,5519500,9483100,6671400,6795000,2651000,4362500,4828800,1523100,6359900,2323600,8846593,5246700,16244100,8891500,37773000,7010700,98540200,8266200,25015800,9909100,10314600,12679000
2025-04-30,52286500,3305500,5777400,29730700,55176500,40994600,4624100,13858000,34981100,2438300,12991700,3783500,29244000,6502400,36461100,235044600,9443500,10293800,9526700,20379300,8400700,6266800,5124800,3799500,8415300,2212400,8474800,2999000,5090691,9598200,21074700,13763500,42667000,7923500,53941700,12475500,38877100,9192800,9305800,21639900
2025-05-01,57365700,2848800,5974900,29591500,74266000,33569100,5208900,10199800,30203200,2583000,8689600,2839900,31159000,7743600,58938100,236121500,11525800,10073000,5849900,18610300,5823600,7322900,2961000,2643300,8027600,1829900,7790600,2609900,3633491,7325800,18034200,11487900,34995000,6807000,46891700,6792800,37367600,9316800,7501500,13171800
2025-05-02,101010600,2340700,5783300,29957900,77903500,41613000,4323400,12393200,25715000,2883000,7165000,2632600,24739300,6894400,30757400,190194800,11346000,10081500,6113700,16581900,6424800,8695900,3765200,1771900,6895400,1547400,7594000,2720100,4429569,5974500,12629600,13333200,37743000,7169700,41685800,5750200,22928400,11392900,5689600,16031400
2025-05-05,69018500,2095600,2619000,41268900,35217500,32829200,4219600,9665000,21341800,2197200,5450700,2130900,13887700,6540300,20136100,133163200,5187400,12000300,3865300,19624000,5121500,5413700,1829100,1871100,9275000,1952600,10231000,3875200,6358406,5464100,11932700,7117800,56623000,8972200,40811800,7576200,21335300,8157200,5406800,12439100
2025-05-06,51216500,2970100,2482300,54264300,29314100,29541800,4681600,9916200,21277200,2902500,6369900,2341700,10600700,5739600,15104200,158525600,5108600,7659400,3438500,16303400,9392000,4948000,1724200,2958300,8902400,1381200,11839400,3959100,5189024,8644200,12705500,7943000,32567000,6889900,60872600,7703800,32491700,7858600,5154300,10626000
2025-05-07,68536700,2153000,3325100,86474400,43948600,30925900,4267600,8422100,127490100,1954900,8724100,2493700,13139100,4680600,23295300,206758800,6049600,8103700,5454000,12332200,5771700,6094800,1555500,2798600,9200900,1316000,36155300,3466700,4384550,7853100,15018200,9961300,43497000,6313200,48270500,6430000,28352900,8517200,5890000,11301300
2025-05-08,50478900,3383900,3710000,54231400,41043600,41861700,4789900,8669300,57498700,1994600,8320100,2004300,14622800,6449300,23491300,198428100,6113600,11791500,4156400,19196500,8816700,15344100,2553400,1961800,15884200,1882600,19265400,3571300,3947106,7606100,14371100,13030100,37609000,6392400,55669800,7230800,30141500,7218300,6649600,14461100
2025-05-09,36453900,2031300,4926000,31704300,29663100,27222800,4324200,5965700,32435300,1522500,5087600,1528000,10427300,4240100,15324200,132972200,4707100,7470500,3086600,10992100,7806100,7669900,1646200,2475700,7569300,1176700,10438200,3036900,2421922,6520400,11228900,17326200,25696000,4770500,39059800,6453200,29206900,8381100,5619000,13697800
2025-05-12,63775800,3157700,5265100,50543400,75205000,44875100,5937400,8028200,44138800,3527700,9603900,3000300,21965100,9162100,22821900,225023300,7875500,12513000,7985400,14244600,12792700,9340700,4592000,2472000,8799600,2069000,18366600,5661200,4079533,9023800,21539000,18943800,64791000,8392700,77480900,7378400,57106100,11004800,8336500,26783900
2025-05-13,51909300,2664100,3285800,55659500,56193700,43232500,6711600,8536800,42382100,2765800,8589000,2370200,18570800,6086700,23618800,330430100,11955200,8076200,5406200,13350800,7523800,13509500,4132500,3115600,8293600,2917000,14076700,7359400,3903200,10549600,14389100,22962500,39979000,8650200,41193200,7780800,58767100,59478300,7031800,19746700
2025-05-14,49325800,2409200,4188400,86743700,38492100,42419500,7926200,6453600,48755900,2874400,8643100,2237500,12348200,6273400,19902800,281180800,7499400,7724000,6207600,15494900,12212000,16872300,2052200,2629100,7605200,2215000,15352200,4203200,3272731,10216000,16286800,15238900,39101000,10463000,59394000,5988900,31519500,40029600,6175500,25620100
2025-05-15,45029500,2763800,2856900,43843200,64347300,47379400,4635600,7545400,33146700,2428100,9214600,2034200,14341800,7209300,21992300,226632600,10169200,8116500,5826100,15004300,12073300,9583900,1580400,3233500,6696200,2470700,8322400,4177700,4181104,7945800,19817100,17789900,44640000,9165100,51800100,8727300,35278700,121849200,4523300,44026100
2025-05-16,54737900,5391500,2570100,43419700,43318500,49488100,3846000,8200100,42846900,2021800,8932900,2225900,18519000,6303800,23849800,226542500,8515500,8717900,5838100,14042500,6152800,8496800,2561700,2410500,6696200,2033700,10961000,2966700,2929777,8051200,18441200,12829800,46984000,8896400,37786800,7100800,31106000,71094300,6321200,33746200
2025-05-19,46140500,3008000,2035300,37737400,34314800,37915700,5781200,7713600,30426100,2842100,12145000,1875500,9592400,7703500,21336500,193154600,10268900,7434900,5081500,16802700,5216700,5740200,2277700,1710100,7190100,1879800,7209700,2773000,3455033,12639900,13282800,14438400,28534000,9406200,31513700,8119900,30996600,62524700,6217700,20041600
2025-05-20,42496600,2453000,2172000,29030800,29470400,33424300,4032300,6503900,46607700,1601600,8436300,1964300,6743500,5220100,15441800,161514200,7576400,8403200,5281400,12429300,5505100,5876000,2266000,1236800,5313200,2271200,6433300,4459300,3372481,7351500,12137800,8046700,21331000,7624200,57047500,5576600,24966600,41487000,4671800,15609600
2025-05-21,59211800,2495800,2644100,43594600,42460900,55594100,5689800,9073200,73416000,2635900,7464000,2505300,11464600,6371600,19216900,270608700,6011000,8094300,6125500,16716100,5140900,6616300,2093400,1531600,8639100,1438900,10150600,2769900,3653522,7032200,12094400,16133100,29766000,9243700,42984700,6424200,29684200,45506900,5298600,15742300
2025-05-22,46742400,1889500,3172800,29252000,38938900,29026200,6642700,8877600,74864400,1939600,6514100,1869900,8228400,5689200,18025600,187344000,7603300,6451000,4936600,13417400,4689200,3634500,2174100,2191000,6587200,1660900,7903700,4702600,2949505,7535300,11101800,40207600,18616000,7140200,38602800,6245600,25901600,27159600,5179900,13712200
2025-05-23,78432900,2087700,3313900,30867300,33393500,34875100,8887800,7025900,35211400,1530600,6671800,1948800,8454100,3361400,16883500,198821300,6527500,7683600,5345900,12061600,4027000,5255200,1936600,1948100,6789600,1413900,8086100,2683700,2566793,6727300,12822100,17161100,21865000,8122500,35405400,5349800,31766300,16873600,3318500,13668600
2025-05-27,56288500,2680400,2840900,37885000,34892000,36322000,10958000,8348900,37995700,2364700,7506600,2655200,9508400,5472400,20974300,192953600,6976800,8770900,6316000,13043600,5726700,5857900,2240100,1933300,7227100,1868200,10201100,3742300,3126850,6990700,10666100,10910700,29205000,13974800,36155400,11423800,33329200,20144600,6117400,17180900
2025-05-28,45339700,2246500,3288000,27483700,28549800,35673800,12758600,6876300,34784000,2001900,5535400,1702900,9042900,4050900,17086300,304021100,8090700,6292100,3299000,14292400,4787800,5481500,1924400,1781100,6793000,1674700,5787900,2797700,2612823,8459300,8710900,7835700,18559000,9431500,36737200,5385900,32270200,16114200,3816500,11220100
2025-05-29,51396800,1780400,3004400,30501400,34650000,28545100,28053100,7554300,29317300,1736100,5081200,1347800,8858800,4337500,13974800,369241900,6994700,7058300,4590400,13825300,4925900,16334000,2290300,1770800,6999800,2016700,9682100,2292800,6818713,6810600,10291100,11570200,33007000,6656900,26091400,4842500,27189100,16221100,4593900,14338000
2025-05-30,70819900,4231300,7861700,36088500,51679400,66537500,12388500,12858900,52639900,2129500,10977700,4581100,16241000,6436100,34770500,333170900,17547900,14937200,8726900,28645800,11609000,7485100,4867100,3560600,20170600,5403800,12881100,8078800,8396402,15529700,28019500,18802700,46968000,12992100,56618600,12587500,47964900,16309300,6763200,29980100
2025-06-02,35423300,4153700,3300300,34078400,29113300,28582600,9213500,9076600,38612300,1221200,6011200,2089100,15766300,3607900,16626500,197663100,7166000,7518200,3845700,17290500,4435600,7561800,2552700,2784800,8634400,2148000,7546800,2820300,2560925,6669300,10202700,9366900,22942000,6723700,30443900,7574400,26935200,19074400,4274800,16999200
2025-06-03,46381600,2737500,3187300,37161500,33139100,31320200,7838500,9001300,45084900,1730300,6998400,2116900,11585000,4145600,15743800,225578800,7155300,7316400,5221300,19194300,5335600,8106100,2614300,3788800,5642900,1992900,9738800,2609600,2841864,8209800,20139800,11014300,23638000,7339500,37887100,6223000,26085900,12805700,4098100,15598600
2025-06-04,43604000,1843400,3686800,31025000,29915600,30591700,7372500,8735600,26900800,1294900,5915700,1530200,14031900,3123200,14162700,167120800,6375800,7712300,4202300,15648500,4382200,5705300,1616300,3966400,7268000,1422100,5614900,3288300,1854076,6983900,13565900,10894900,23594000,6519700,24500100,4939000,33913500,11255600,3933800,11115600
2025-06-05,55126100,2275500,2838800,34091000,51864200,32020900,8642900,6342600,36379100,2086700,8173800,1480000,13083100,6193300,20131700,231397900,7707800,6323600,6881900,13924800,4417900,4733800,1753300,2387000,5110200,3289400,8547200,2443000,3287502,5295400,13531400,10967200,28172000,9560800,33173600,10351800,29186800,13529000,4584200,15817100
2025-06-06,46607700,2146900,3823900,27042100,39832500,37013000,7507000,6563500,35731800,1675900,7738100,1528600,11728000,5004400,15285600,153986200,6833700,7240200,5008500,15487800,3607800,6079700,1608000,4439400,6042100,1855400,5790700,2094600,2241543,5391500,9524000,9286000,25570000,7628200,30426200,5697700,22403100,12589000,3043400,15599300
2025-06-09,72862600,3034200,6854600,55437700,38102500,32414000,5728300,7159500,28935900,1610700,8285000,1936000,12773200,4838600,16469900,185114500,9668900,6166500,4999900,17087300,4661500,9419200,2147100,2927900,6212600,1696700,7960400,2407400,2590971,5319000,12281300,7062600,24031000,8453100,42542600,6544200,23353600,12170300,4037200,13655700
2025-06-10,54672600,2627400,3328100,41691900,31303300,32229100,6309700,9841500,61766100,1376400,7538100,2133700,10850100,3816900,15375900,155881900,11056700,9510700,4109300,17634800,4087500,8190100,1894300,1603800,9687600,2255000,18948400,2095400,2696184,6791600,12265000,9888000,44544000,11852900,40439200,7680000,39959100,11384100,6902500,17162500
2025-06-11,60989900,3385400,3499800,32261900,39326000,47873500,6568100,9256700,31646800,2063600,7434100,2238100,9582500,5810200,16399200,167694000,18002900,7706100,5562700,22648200,3908000,5398800,2551700,1944800,8738500,2459800,10439200,1929700,2522785,6016000,12718500,12000200,23823000,9168400,38558700,5960100,32164500,14711400,4917400,16389600
2025-06-12,43904600,6313300,3526500,44718400,27640000,30165400,8054000,6999400,20941900,1634700,6618000,1984000,7322700,4258700,18950600,162365000,54610000,8644600,4874000,17469400,5781400,30586600,1571800,1736900,7862300,1720100,7980300,2432200,1617448,7075500,12806900,11022200,20846000,11444900,42465400,6509900,23311700,15957200,3106400,17845700
2025-06-13,51447300,10629700,3429700,39702700,29337800,43281700,7659300,14148000,27663100,1674800,7098300,5905400,9274400,4367500,16814500,180820600,53707400,16744400,14181700,28540200,4965700,16093500,1609600,1900300,16849700,1786000,13204900,2789500,2526124,6587500,17467200,13213400,22103000,9581000,46368400,7104500,22428200,13762400,4240000,18694700
2025-06-16,43020700,6798300,3468600,100968500,33284200,34103600,7177000,10105100,27389200,1870400,8566000,3108200,13720300,6240500,15626100,183133700,22665300,7195500,7234700,22986100,4203900,6902700,1579800,1965000,10330400,2109300,9592100,3276000,2467447,7024000,15045900,14546000,21128000,11183700,35102100,6332000,32761400,14240100,4293700,14881700
2025-06-17,38856200,6866300,3385300,86623900,32086300,27489600,9110100,11330300,24973000,1479300,6739300,2246600,10066100,4767700,15414100,139108000,17819200,7374300,5559600,19451700,4733900,10844600,1560100,2267800,9468100,1668200,9241200,2344100,3141620,6407100,15437000,12971300,18921000,10235200,40408800,6809700,35258600,11593900,3800500,14935600
2025-06-18,45394700,4808900,4097200,49627100,44360500,37684700,7628000,9841900,28707500,2423100,9586400,6966800,10068300,6170400,17526500,161494100,15055400,20427700,15008600,17968900,3573200,7928300,2000500,2393200,9116000,1509600,8181200,2937900,3640269,8325200,16227600,7203300,22810000,8785800,37076200,7211200,27985500,12205600,4363000,11333700
2025-06-20,96813500,8126900,9182800,79931000,75350700,64591600,12859200,23705900,75659900,4115400,13969700,8202800,22538600,8904400,37576200,242956200,20879100,18497900,19332100,36273300,12158100,8934700,6268300,3506800,16026400,3255700,17180400,6203100,5943624,22605500,40859400,15182700,53482000,23001000,63098100,16173400,51495200,16177900,11096600,20604900
2025-06-23,55814300,3841800,3886100,65152900,37311700,42683600,9283800,10540600,57671000,2020800,8094600,3681100,11080100,5232400,24864000,154308900,13418400,11447900,7553300,26631100,5157900,5875200,2927400,2090200,9749700,2082900,8348000,2440500,2609788,7397900,21822800,8671300,26673000,12840400,31959100,6588200,32957200,12274700,5077200,20432400
2025-06-24,54064000,4797100,3174900,78572000,38378800,45437600,9713900,10778400,40524300,2307800,9267900,4503200,13823200,5599900,22305600,187566100,19030600,9500900,10172000,24828300,4074400,5900900,3841800,3461900,11016200,2385100,8350200,2477800,3625600,9544200,15216100,9001300,26633000,9226800,34404200,7470100,26007000,8781400,3686800,22403700
2025-06-25,39525700,3718800,5057000,74607200,31755700,33532400,6074300,7386100,35479000,1566400,6826900,2889200,9320400,5736400,17495100,269146500,11804600,7851900,6836300,17483200,4471100,4690900,1737700,2583900,8380800,1827700,6976300,2966300,3038835,7153700,12540400,12839000,21465000,10922600,25603300,5933700,26189400,8722100,6058100,11154700
2025-06-26,50799100,3139700,5110700,58180100,50480800,40127000,6708000,7415700,31796700,2849500,8942100,3764100,13964800,6013200,21578900,198145700,10531100,10235600,8829500,18304800,5734000,6931700,2575100,2003100,6545000,2262800,10439600,3143600,2660574,7156900,14454100,8010800,26059000,11538100,31835300,7410400,25118500,6532700,4161700,19361400
2025-06-27,73188600,5083800,8170500,61937900,119217100,56705000,21741400,9213500,108140200,3650500,17868600,3837500,18775700,7249300,34539200,263234500,14127500,10449500,6601900,22002100,29264700,14805400,4455000,2439200,7555700,2129200,13435600,3578700,5052753,10010800,23470700,14275000,40709000,26536500,39528800,19257000,37337200,15304400,5869900,31431900
2025-06-30,91912800,4645500,4597200,42972500,58887800,47921200,8541900,6980300,63378900,3976400,12689200,5054600,15402100,8034400,28369000,194580300,31844200,7738000,7080100,19199000,6482600,9087100,2791400,2749600,6518900,2127600,13456200,3486700,4108365,9039300,15429000,20894500,32829000,11402400,44730900,11238200,42590800,10074100,5446800,17803000
2025-07-01,78788900,4516400,3622900,55257200,39256800,48540900,6256800,8508200,35904500,3301000,9338300,3827000,13431200,6166700,19945400,213143600,16962200,8633800,6653400,15536900,5937600,5978900,2393600,2246800,11895200,2200600,9815700,3498600,3967137,10896700,21729300,23841100,49936000,12846700,59259900,10664900,25976400,17865500,6819300,15635800
2025-07-02,67941800,6912200,5205300,39228000,30894200,48003600,6115200,8228700,29128900,2906500,8158700,2502300,9336700,5494500,16319600,171224100,22326900,9361500,5131400,11892200,4658200,5870900,2713700,2291200,9436000,1606100,7317100,2834200,4151159,5544000,13050200,11240100,30488000,9388700,36772100,8848700,47012300,18177200,5243200,12502000
2025-07-03,34955800,2863700,2804200,28646000,29632400,21620300,5031800,5173300,21689700,1502000,6541600,1528700,8601700,3974700,13984800,143716100,18441400,5263400,3702800,11223600,3706200,4476100,1737800,1413300,4331500,1101400,4252300,1953900,1925398,3482500,9440500,8560900,20062000,4941400,27104600,6999600,21085200,6161100,2961300,7686200
2025-07-07,50229000,3545100,4335100,37395000,36604100,35567900,6283500,9460900,34175600,2863700,8825700,2478300,9457100,5991600,13981600,140139000,16584300,5918600,5138000,15415900,11049100,5807400,3012900,2990900,6287100,1832600,7023500,2050600,2742215,6270900,16984700,11368300,22737000,7773700,34905900,7225700,22448700,9031200,5299800,12930900
2025-07-08,42848900,3708200,4205800,36124600,45692000,88086500,6661200,14082100,40442500,3100700,15440900,3083800,7770700,6620400,11846600,138133000,20401800,8758400,6966800,17913400,7106900,6769600,2003600,1968400,12934700,1716200,6622900,3135100,2800082,6438200,17115500,19550700,32925000,7718300,51275800,12034800,24955400,9613800,6511400,16875000
2025-07-09,48749400,4726600,2852200,37013100,38155100,46227900,6373600,9495900,43025600,1763400,11273800,2454300,11418000,4837000,18659500,183656400,10871600,6755700,7297100,10652100,5594100,16462300,3101000,2326600,5351500,2922600,6724900,2102800,2202391,6147400,33704100,8818700,23845000,7762600,38362200,18770900,34453800,12816700,4566500,13702600
2025-07-10,44443600,4022500,3287100,61101500,30370600,44225000,7244600,8395100,29252400,1733500,8410900,2577200,9913600,5622800,16492100,167704100,11486300,6380200,6121300,14901700,6049400,6116600,3382800,2288400,4065100,2897000,6888700,2072700,2290507,6732900,14608400,6955100,42308000,8869700,39499200,7200500,25053100,11355600,3645800,18894800
2025-07-11,39765800,3548700,3324200,50049200,50518300,31653000,7011200,8333200,34282900,1681800,7384700,3221400,10873900,3647500,16459500,193633300,10208200,21877700,7580200,11683900,4991000,6632000,2072600,1760200,4903400,1942000,6112400,2098900,2445393,7872000,12916700,8094100,39572000,7963600,34864400,8053800,42713300,9808200,4342900,14595000
2025-07-14,38840100,2898700,6953300,44718600,35702600,36381200,6533900,10706300,32536600,1909300,9079900,2500900,8939400,5376100,12058800,136975800,11337000,12993900,5598900,13220300,4072800,8750200,2497500,1574000,5504200,1679300,6853300,2684800,2945155,10185600,13983200,10420500,27810000,8480300,25918000,11491700,30747000,10681400,4030600,13779100
2025-07-15,42296300,2551000,4796300,93370100,34907300,55145000,5201500,7346300,33448300,1981200,12526100,2449100,11529500,7392200,14927200,230627400,10728800,7333600,4891700,10959300,6729200,9156800,2167000,2109000,4152400,1878000,7943600,2431500,2382771,6873200,12639800,8880100,28017000,8933500,54458000,9142600,32266200,16019000,4033400,10450800
2025-07-16,47490500,3592900,4054600,59492800,39535900,61296600,5649500,7923400,33104200,3323200,9979800,2424200,13067600,10610800,15154400,158831500,12597500,9671100,5544200,11158900,6202600,7474300,3242100,1592800,3773700,2950300,6747500,2160600,2857646,22134800,13178300,8906300,32270000,10941600,44218200,8479000,21934400,9714000,4782700,11181600
2025-07-17,48068100,3340500,3999300,50605100,31855800,56480700,5837400,8359600,31992600,2046100,8509500,2722000,11803300,7695800,17503100,160841100,17631300,8522700,4747100,13151400,4853100,7892600,2444700,2011500,4899400,2280600,9933700,2430900,2535836,11295700,20464700,7174600,64699000,26161000,47393900,8320000,24546400,14792700,3949900,11165100
2025-07-18,48974600,2459200,2967400,48859800,37833800,48314200,6381200,45782600,34014500,1925200,12217000,2579600,12779800,5572300,21209700,146456400,9678100,9011600,4927600,32366600,5332000,5974500,2526600,1583700,7968000,2115500,9486800,2475600,3655950,9792600,14928000,7986300,106933000,13752800,36309400,7337300,27427900,14979700,4572400,14636300
2025-07-21,51377400,2770400,2928800,39021100,40297600,32199700,6714700,17982200,45803100,2006500,7898100,2194400,9404400,5853400,14066800,123126100,7348400,8200400,5216300,17010400,4954800,4183300,1833300,1305600,4436500,1742400,6392500,2232100,2927754,8254000,17811700,8349900,56276000,9025600,33663400,6328400,36229500,10319200,3750200,13450400
2025-07-22,46404100,2449000,3329900,49028000,37483700,34749400,5001400,26196500,44660200,1978900,6717500,2010400,8921100,5257200,13868600,193114300,11380900,9094400,4614200,13970900,4432100,4737700,2185000,1525600,5545500,1799900,5614500,3194700,3448862,9288000,22339900,9032600,50630000,8281500,48091600,8187000,35255800,14600300,5751700,9049100
2025-07-23,46989300,1994600,5584000,41510900,28294900,31380100,5620700,13162800,58681900,2395700,7083500,2180400,8771600,6612900,16396600,154082200,7255800,9283200,4385600,12002700,4344500,7302900,3254900,2673800,6921500,2401600,8258900,3309500,3873761,10617600,21030000,21219500,45043000,6166000,42073300,4804800,65616300,13111100,5079500,9729700
2025-07-24,46022600,2692100,6072100,48440100,42902300,42967600,5877100,15701000,74881700,1974700,7001200,1874700,10920800,3817900,16107000,128984600,8237900,10504300,5887200,15647200,3462700,6160200,2511400,1905300,5047900,2057100,6702200,2133200,11324865,6636900,12511400,11166100,38456000,9749400,25672400,7027400,47332700,22585200,3676800,14991500
2025-07-25,40268800,2053200,4476800,53432300,28712100,24461200,4015400,7875500,39785900,1851400,5918500,1513300,8271700,3463000,19125700,122316800,7149600,6888100,3915400,10548900,3786800,4628500,2218400,2035900,4501800,1827700,5656600,2317100,6038721,6254900,12574800,8074800,26293000,7021600,35643400,5799900,33987800,16486600,5473600,12868500
2025-07-28,37858000,2984200,4499300,68267800,26300100,20590400,4533700,8755400,38139500,1464800,5840400,2492400,8715700,3729300,14308000,140023500,6756800,15978400,3921000,12353000,3776900,7923800,2550300,1944100,4632400,2006300,6042200,2930100,4879354,8014600,13668800,8157200,34470000,10639100,31096600,7885000,29164400,15779400,7045900,12293100
2025-07-29,51411700,4234200,4504400,108154800,33716200,26216500,5137100,6446000,41389200,2136000,7635700,2393800,13267000,5158700,16469200,154077500,8415300,42890700,7402300,15928000,6715500,20163600,2383700,2165600,5157700,2065900,6283700,2848000,3808407,7663400,16223400,7588500,27525000,6282900,38499800,11466100,34202400,41706000,26112300,14034300
2025-07-30,45512500,3295200,4479500,64820300,32993300,32265900,3928200,9191700,32445400,1816200,8061700,2833200,27077300,5236800,26380400,174312200,8441400,20790400,12129700,12996900,5008400,9354600,3172600,2505800,6607600,1699600,5281500,3432300,4801456,6189200,10448200,6940300,29227000,9738400,35649500,8162900,30096100,22371800,20976500,13864100
2025-07-31,80698400,4513100,5026500,71765300,104357300,40016300,7340300,10237100,51329200,2358100,14749700,4568300,38831100,5523700,51617300,221685400,15548700,16657600,8641700,17233700,10347900,7825000,4116400,3890000,5648100,2564400,7235000,5490800,3090430,11036200,17193400,8845200,37129000,11689700,62768300,11845400,34120000,29606900,15782000,15651300
2025-08-01,104434500,4307900,4438100,75396100,122258800,52310400,7646900,10706500,34832200,2999100,12007100,3316700,19028700,6678500,28977600,204529000,12718200,15181100,8658700,19652000,8082000,8572200,4027300,2926300,6349200,2934500,8637800,4642700,4013269,8927800,16107500,6628500,38910000,7630500,51332700,8594200,38817000,39989200,11276600,16750400
2025-08-04,75109300,6449300,4757900,52951000,77890100,31038900,4403500,10116600,31547400,1753700,6649500,2984700,15801700,3851500,25349000,148174600,8614800,11756800,7335300,19129500,4217500,5997300,4059500,2467300,9384500,2389900,8845000,4066000,3492566,12679100,10701500,6543600,22447000,8384700,57010700,7679400,29972400,17427900,8579500,19050200
2025-08-05,44155100,3909000,2788800,88808500,51505100,36798300,6761000,8604100,31602300,1977300,7182300,2883200,11640300,5331100,19171600,156407600,11197300,10714700,7295600,21314300,4153400,5687400,4329900,2046300,7716200,2462300,15365700,6746900,2508723,7934400,11993400,7178900,26607000,5535100,113955100,6670100,25317400,23795900,9513400,17977000
2025-08-06,108483100,3347200,4238500,133641800,54823000,27916800,5834700,7840900,21562900,1477100,6330200,2245200,9733900,3765800,21355700,137192300,9930200,11913000,5944100,15321800,4057200,3898800,2630800,1853400,7078500,2753000,22153700,3813100,2825475,8957200,10783000,7720200,33622000,6747400,65689200,7376200,39247200,12946400,6331600,23738400
2025-08-07,90224800,4661800,5966900,95448300,40603500,30609900,10010200,6510400,26321800,1400400,8057100,2979600,9019700,3728600,16079100,151878400,11954200,10129300,8797100,13468300,4683300,4563100,4261100,3072200,10307300,1893300,15484400,2832100,2936353,9315900,15790800,7418600,26283000,7674600,45494400,6719000,35331400,11369900,6839200,12509500
2025-08-08,113854000,3507800,4170700,68866700,32970500,37131600,8812000,6332800,39161800,1275400,6634100,2907700,7320800,3943500,15531000,123396700,8313300,9683400,6073900,14417700,4101700,4724200,2965200,2571400,8765300,2189700,9491000,2643800,3095184,7686800,9232700,5575700,38167000,5315100,36377000,5811000,23598200,10185700,6285100,12394700
2025-08-11,61806100,4366200,3839900,70651000,31646200,35559400,10740100,6169700,25832400,1273500,5510100,2116600,7612000,4024700,20194400,138323200,9012100,10118600,5715800,13570700,6067800,4872700,3416000,2404300,6491400,2290100,8532600,2244500,2439424,7256800,10909400,8420000,24556000,5773400,38115700,7331700,20602400,11779500,8701400,12856700
2025-08-12,55626200,3569400,5093700,52243500,37185800,35481200,13178000,6641600,30397900,2418100,8570900,2593800,14563100,7111600,18667000,145485700,9998400,9747500,5682800,14109400,3049800,7396400,2765100,2583400,7524800,1588500,7274000,3826300,4400635,7916700,11061100,8671100,22788000,7668700,34402700,6938000,30755100,12171800,7308600,17915300
2025-08-13,69878500,4375100,4293700,108305100,36508300,29465100,10209200,6581900,28342900,1862600,8420400,2352900,8811800,5542000,19619200,179871700,14182100,12344700,5693400,17958700,3558500,6670400,4403000,1799900,7263300,2352600,9025700,3009200,3670416,5878700,10356500,8122300,27624000,6147000,40176500,5812400,26382700,19480300,13633200,19398500
2025-08-14,51916300,3745600,2524100,66308800,61545800,21073800,7544800,7337300,25230400,1371200,6322400,2642300,8116200,4188600,20269100,129554000,10285600,10695400,6224000,13683500,4635400,5320800,3676000,2263300,10057700,1808700,6800900,3410300,3007069,8241700,10722400,6781000,39047000,6892500,32514000,6343700,24530200,25011100,12487300,10858400
2025-08-15,56038700,3718700,3437800,51543100,39649200,26276900,12942800,11617000,34931400,1645900,7340500,2263800,13375400,4986000,25213300,156602200,11554000,8128000,4946600,19271900,4430900,6291400,3107400,2491500,6564700,1638300,6768600,4024700,2772970,9477600,12381100,23398400,27678000,9162200,31844800,7121700,37020400,68198500,8897400,13604900
2025-08-18,37476200,2923000,3330000,35937500,25248900,43125100,8809200,8174300,18526600,1157800,5386900,1812000,16513700,3548700,23760600,132008000,6759900,8410200,3999600,13040000,6083500,8456000,3185200,2067300,4849500,2078500,5798400,3224700,4161174,9284000,14094900,12568400,21111000,9901000,35623300,8274500,20420600,39600500,9385600,11656100
2025-08-19,39402600,2808000,2671900,64455000,29891000,33783400,8642200,8567500,24240200,1856400,6031500,2334500,12286700,4257700,21481000,185229200,16819300,9052800,4457200,16113600,3975500,9061100,3543600,2838000,5412100,1673400,5914000,2908400,2404421,9274200,13862200,8047300,37077000,8596900,29170500,7868100,18890600,22348600,7227600,16999000
2025-08-20,42263900,3727900,3424400,60233200,36604300,30822200,8195100,8076300,28955500,1872700,7374200,2884600,11898200,4619300,27723000,215142700,11256400,9992300,5834400,18959700,5782100,5016000,4060200,2144400,6133300,2229600,7046700,3455700,4108871,9030000,17530800,11011600,24344000,10023500,38111000,7840400,34843000,16679000,7076400,18655000
2025-08-21,30621200,2363200,3459700,37880500,32140500,28713200,5646800,7533600,19774600,1162000,6624000,2349200,8876300,3269400,18443300,140040900,7403100,7039500,6073600,12194900,5323900,6101100,2504300,3325700,5342100,2145600,6337100,2084700,2718744,8859600,8840400,8637100,20472000,8153600,37068100,6417500,32991000,13359000,6193200,51825100
2025-08-22,42477800,3058600,3123700,43998600,37315300,45078900,6694300,9084300,42827000,1948600,8552800,2388900,10612700,6759600,24324200,172789400,9343600,9394100,4973200,13586700,5516900,8678400,3785100,1807200,6338400,3136000,7161700,2182900,3321089,9524000,12999600,13128900,31281000,5218000,34560500,5797300,34012000,14930000,10230700,32695200
2025-08-25,30983100,2259500,2445300,36134700,22633700,34715700,4957700,7030000,29928900,1381200,5856300,1984300,6861200,2596500,21638600,163012800,6308600,6460300,8019800,9744900,2796200,4757600,1857900,1461800,6850800,2284300,5424900,2454300,2283426,6229100,13634600,6337700,28120000,6624300,32684200,4692500,19405000,8917100,6029900,18956100
2025-08-26,54575100,4067400,4164200,52138600,26105400,40609300,8862300,10270000,28464100,1511600,6714700,4774600,7601800,4453800,30835700,168688200,11805200,9471500,5876200,18143900,3702900,7380200,2792200,2494500,7052100,4341300,5787400,3102000,4104319,9145000,17964200,7162700,19857000,11208100,43938700,6338000,49407900,16303200,5478000,22270400
2025-08-27,31259500,2353800,4508300,37031000,21254500,42428200,6506900,7483000,23022900,1534800,6056500,1480900,8315400,3329200,17277900,235518900,5637600,8648200,5531100,15262600,3459100,4757400,1970900,1516000,5759500,1893600,4378000,2560800,2136330,5951100,11562700,10119000,16645000,8092900,31840300,4551200,28026200,9982800,5482200,12925700
2025-08-28,38074700,3803100,3269600,36285200,33679600,32949400,8461200,6502000,32339300,1411200,6410500,2159800,7468000,3898100,18015600,281787800,8691500,5882000,4987100,14189800,4523100,4039600,1651700,1519400,4241000,2067900,5687700,2496500,2630629,6424700,16209900,10917200,19503000,9265100,44306800,5857400,24658100,11235000,8618500,19241600
2025-08-29,39418400,2639300,4039900,37516800,26199200,32496500,7363200,6934800,39728400,1467000,6796400,2111200,9070500,3629400,20961600,243257900,16618600,5636300,3671900,14597900,4264700,5008600,3673800,1487200,4594300,1609000,5212600,2151200,2014323,6942300,14601100,11280500,32098000,7760700,37030000,5318200,26562400,12065400,6838500,15600300
2025-09-02,44075600,4229400,6011600,38656100,38843900,52719800,9312500,8947300,47523000,2296400,7221900,2284500,9350900,5330200,18128000,231164900,10461900,12882500,4940300,15206700,4335500,6339100,2329500,1886500,5192300,1793900,6015900,2449100,3289930,9049000,24770100,8661500,23033000,17348600,44725000,6432800,31571100,10957100,10058800,15351300
2025-09-03,66427800,3035300,3612200,30752800,29223100,38344200,17417900,9556100,103336100,1485600,6316900,1959400,7699300,4338900,16345100,164424900,8900800,11808200,4176400,14920100,3973500,5999000,1496700,1936800,9793500,1670500,6288700,2152100,3562674,7111700,33581500,7722300,24715000,11259200,30957600,6592500,27245400,9654600,7430900,18995900
2025-09-04,47549400,4918300,3464500,32103500,59391800,34796900,30967500,7243000,51684200,1778200,6605800,1653700,11439100,3955000,15509500,141670100,10303100,14063500,4324000,12864400,3531600,4093200,1634600,1560000,5612700,1471900,6949300,3069700,4709799,7854800,16736000,14596800,30235000,6342200,41695500,6934900,31845400,7725700,10741500,15640900
2025-09-05,54870400,4662600,4665600,78256000,36721800,40063300,13029400,11011700,46588900,1822800,9837700,2432100,9663400,5697300,31994800,224441400,15386100,7794300,5448300,16826700,4465400,8203600,1843200,1540800,8510300,1928500,6669100,1980700,4152778,9733800,23978000,10067600,23797000,7186300,34613200,6436200,25105900,14126700,8585400,13748500
2025-09-08,48999500,5043300,5387000,41849000,33947100,48033100,12602200,9462000,32474700,1400100,8188500,1948200,13087800,3820800,16771000,163769100,18803000,7954900,4711600,15440500,5525500,5955000,1876700,1705500,9750600,1737000,6450700,3069000,4617030,8382500,21671700,12596500,19151000,11127600,49242900,7178400,40649300,18438600,11783700,13685700
2025-09-09,66313900,4324900,3999600,42802500,27033800,40060100,10901900,7769200,38061000,2611300,7848200,2266000,10999000,6673200,14410500,157548400,41178700,8776500,4646200,14899500,3097100,5510400,1710700,1479500,5838300,1496800,5444300,2182800,2979450,6005700,14120600,7294500,22197000,5866400,32751300,4984900,35105500,46408900,7889700,11819700
2025-09-10,83440800,4552500,4137000,52465300,60907700,31706300,11363600,7440800,35141100,1996200,7787300,2535200,12478300,4945600,21611800,226852000,131618100,14352500,6557900,15837600,4520600,4949500,2221000,1798600,4353800,2277500,7484900,2104400,4335180,6891600,16041900,9254400,27010000,6015100,32975900,6205500,25689400,17804300,6684600,17934900
2025-09-11,50208600,11804200,3960700,48817700,37485600,28055200,6944900,6417400,30599300,2075700,7942500,2407000,7923300,7399500,18881600,151159300,69986000,11154400,5157600,11534500,7647700,12010800,2737900,1618800,4721000,1532000,8399100,2178000,5645588,5792500,15128700,7418300,56823000,6144400,36784100,5819500,23581000,18943500,10453500,15900800
2025-09-12,55824200,14146600,4754200,42232800,38496200,27851100,8386400,5546300,26771600,1099400,6846700,2242800,8248600,4341600,23624900,124911000,51781900,7505600,3518300,11105700,4418800,11094900,2341800,1911100,5170400,1461600,7640900,2136400,3205962,7220200,18712400,9345600,37849000,5713700,81378200,5957000,22794000,14016200,5545500,11641900
2025-09-15,42699500,6768600,5193200,36808700,33243300,29043600,7244600,5030500,58383800,1292000,7122000,2222600,10533800,4829900,17143800,147061600,40004000,9597900,4367500,12880500,5162100,6896200,2255800,2803100,4932100,2199400,7150900,2202600,3835924,4768100,15986100,10399100,29093000,7279600,50760200,5995000,31486400,11035900,6389000,10756900
2025-09-16,63421100,6697000,5740400,27946500,38203900,31624400,8779800,8011000,34109700,1529500,10525600,2537000,11782500,7539500,19711900,140737800,51923300,9353900,5527700,17208000,4251000,6330600,2366300,2012100,7860400,2012600,6844900,4158400,3378754,7959300,18555900,7930200,24047000,9283500,57010800,6559600,28118200,12695800,6185500,14481900
2025-09-17,46508000,6449900,6869700,41823800,42815200,38337900,10124000,5736800,34108000,1945300,8657800,2930800,9400900,4604200,15816600,211843800,27707900,18607800,5763500,13302000,5258400,6019500,4512200,1941000,7072700,1556800,7333900,2437700,5475426,6714900,17372300,10799600,34598000,6092900,46351600,6764200,25967200,8467700,9007000,25382000
2025-09-18,44249600,4752400,8328100,84549500,37931700,35246900,9344400,6244200,31239500,1501600,8050700,3294600,10955000,4323700,18913700,191763300,24673100,14330500,7526600,14628700,4445600,6414000,4331900,2005300,4416600,1860900,9460500,2541100,4505545,8200900,17722900,8488500,31691000,6106600,34419000,7651500,30142900,11255600,8067300,14869400
2025-09-19,163741300,7693000,13509200,55448100,97943200,98970700,11813900,16734000,55571400,3789800,23568600,6745300,23696800,14902000,52474100,237182100,40776200,19774200,13674300,38746500,14415100,10513700,5069300,5110600,15284100,4606000,23398400,4842000,11134470,25621000,31192900,14819300,49476000,12365500,86577600,17224800,62155700,13656800,18120200,34791600
2025-09-22,105517400,4709600,5241300,46505500,45914500,27468000,7523800,5244000,32290500,1151000,7520200,3241700,11706900,4421200,20009300,269637000,44437500,13298200,5621800,15611500,5990700,7467700,3180000,1964300,5798800,2794300,15479800,2062000,4861448,7193900,13298700,9856700,25468000,5797600,67863300,8712900,25835300,8903700,10224300,12861900
2025-09-23,60275200,3831100,5096300,39448300,70956200,28278200,7669800,7181400,26628000,1758800,8584400,3223000,10872600,5335900,19799600,192559600,35280200,10449000,10142700,25369100,4629900,12760900,3856600,1706000,8241900,3258500,13145000,2123700,6308025,8350400,15072800,7795900,24991000,6356500,38955200,8853400,28805800,12504100,7486300,13158700
2025-09-24,42303700,6140000,4273200,38464100,49509000,27010400,6707100,6285200,28201000,1402500,7310500,2867200,8828200,5195200,13533700,143564100,33765300,9180600,5207400,14756100,5074500,7354800,2776700,2015100,7935600,2149800,8755200,2173100,6230633,6676800,14759300,11281800,27731000,5949100,39669400,6483300,28858700,9016300,6988400,11391800
2025-09-25,55202100,3336700,3001400,36809900,52226300,22957900,8145500,6311000,31020400,1413100,7083200,2700600,10591100,5351100,15786500,191586700,39274900,10773700,5398700,15012600,6666000,6649300,2979200,4981800,8076300,2991500,6365500,2285600,4121517,8475000,14395000,12916500,19978000,7101700,56738300,7511400,25658500,8104900,9021100,13366700
2025-09-26,46076300,3073000,3152700,30316900,41650100,20025800,4974600,7015200,18503200,1376200,7258100,2106500,9696300,5326800,16213100,148573700,25990700,8431600,9619200,18568900,4185600,17281700,2329000,2200400,6812900,4812900,6145700,2644400,3593024,8634400,17821600,8271500,19450000,6224700,33374500,5721100,25455100,6774700,6845800,11859300
2025-09-29,40127700,4075900,4056400,39828800,44259200,23701000,6373500,8315100,32505800,1059000,6462400,2615600,9246800,4186000,17617800,193063500,25778500,28497000,7217800,19189300,4958400,11290600,2892100,3034800,8700500,4107000,9304100,4210000,5703759,8597100,14818500,10366000,30332000,11930200,39184300,8139700,28739600,6878900,7275300,15477200
2025-09-30,37704300,5360700,3969300,29669300,48396400,29945000,10801100,7755700,34724300,2463900,11823300,2379200,16226800,5547100,19728200,236981000,23880800,21464800,8164400,18076200,9187300,9289300,2315300,1969100,7318300,3096700,9303700,3719800,4231080,11569000,13815000,9392700,38303000,7583400,164867300,7762600,34049500,7429700,9876200,13873400
2025-10-01,48713900,6505700,3850700,39895200,43933800,27709100,10016600,6768400,31658200,1788900,9235200,3685100,20419600,5467400,22632300,173844900,23378300,17050100,8381000,16614000,12243100,7178000,2964700,2237700,4794600,2642100,9736300,2489200,3932538,13063800,14877500,15044800,41102000,5880800,150879900,7566000,38415100,8825500,7074800,16142800
2025-10-02,42630200,3955400,2727300,55475200,41258600,22757200,7679200,7562400,25483300,1553700,7600000,2483500,11415300,5087400,21222900,136805800,16215500,13461600,5198000,13062600,8107700,8281100,2648600,1793700,5428600,2063800,8695100,3098800,4357842,7728100,14350700,9266600,46855000,4497300,69684100,6892100,39597200,8564200,9815500,15605400
2025-10-03,49155600,3122100,3753700,42699100,43639000,24565700,8849800,7249300,30249600,1470500,6029900,2331600,16154300,5182100,15112300,137596900,13688400,12219800,5199700,12950100,6547300,6634100,2996500,2808200,4321600,2319200,7148400,2761900,4376962,8675100,12249200,12116600,31374000,5425700,70524000,5212600,34891700,13494800,7098900,11867500
2025-10-06,44664100,5340200,5067200,248859600,43690900,25386300,13922600,4778900,28894700,1632600,7214500,2573500,21654700,4696300,21388600,157678100,14076800,16769900,4735600,12036800,11940300,7665300,2629200,2910200,3454100,2504000,6141200,2289000,5217452,5806100,14333300,15767600,29686000,6750700,62945600,6737000,63474300,7181700,6987000,13303600
2025-10-07,31955800,3275500,5923100,115748100,31194700,24107300,8387400,5479600,23181300,1547200,8454200,2120700,12062900,4589700,14615200,140088000,31723400,31977500,5044600,11945000,4901000,7610600,2135400,2791400,4071900,2601800,5409800,2723300,3918577,8776800,13328300,16109700,33091000,6110300,47744200,6844400,43249600,7236200,4726800,15538900
2025-10-08,36496900,3285000,3485700,159983500,46686000,24014200,7120200,5678000,21307100,1939300,6489900,1934700,10790600,4038600,13363400,130168900,18982100,17904800,3927500,12301000,5412800,6189700,3959400,1886100,5289400,2376900,7074400,2423000,2846922,5751200,12606700,13775600,28514000,8256700,48693300,5254700,36913200,9438300,4896000,13584100
2025-10-09,38322000,2895500,4137300,94290700,46412100,21816900,7929100,6178600,27892100,1575000,7060300,2579800,12717200,6092600,18343600,182997200,26479800,15774400,4434800,10976200,4607600,12974800,3113900,2604800,6940000,3742900,6502400,1500800,3798695,7484800,12705200,7486100,28241000,13706600,47278700,6134500,33129200,8759800,5784700,19508000
2025-10-10,61999100,4282400,5021100,118656600,72367500,31831900,7988300,7796600,33180300,2457900,8597400,3553900,16980100,5531700,24133800,268774400,28895300,22326500,6296200,13811600,6156900,10647900,3889100,2161800,7892400,3142500,9635200,2955400,5597231,9598000,17991700,10285600,42798000,17545200,64963900,7374000,37980100,13141900,8506000,18519400
2025-10-13,38142900,3020100,2726800,63104000,37809700,34462800,8276500,5978800,24995000,2766000,10788700,2996500,9251800,4735800,14284200,153482800,21703700,20036800,4030700,10296500,5411900,5657300,2618400,1927700,5887300,2169600,7435100,2136200,3766929,7979500,13690000,8424300,24608000,7272000,45356600,7511100,36313700,5659400,6132200,10871200
2025-10-14,35478000,3036900,3483500,71216300,45665600,42462600,9123900,6419400,22111600,4710800,16178800,2627300,8829800,8023800,14684300,205641400,17346200,12968500,5731000,11167200,5527600,5975700,5459800,1619800,6003900,1925900,7898000,2712900,4097440,13613300,14245600,8912900,23624000,8371100,42277000,8585300,43644900,5974800,6306800,30859500
2025-10-15,33893600,3929900,5347900,108481000,45909500,69992200,8389200,5824900,27007700,3217400,11354800,2262400,10246800,13673700,14694700,214450500,13698900,11247300,3778200,12182900,5459400,5055600,3447100,1884800,6036100,2009800,7012600,3023200,4481973,9473000,11193700,9268600,20252000,6101100,47729800,10003100,34674000,6579600,4903000,21416300
2025-10-16,39777000,4570900,10396800,69726400,42414600,49027700,24869700,5276800,27997200,3160900,10549400,3210600,9017000,10477500,15559600,179723300,32500900,19258500,6241500,11782200,4737500,5555200,3463100,2070000,7816600,2721400,7531200,2785200,3137978,10611800,15707200,8333700,28326000,8532900,44390000,8809700,49513100,5872100,7056200,16366200
2025-10-17,49147000,4035000,4031600,55804200,45986900,48915400,10851200,7735500,29671600,2884700,10153500,2756700,12232400,7965000,19867800,173135200,37653000,11151500,6267100,13460100,7150000,6482700,2814700,1805900,5774600,2502200,10090500,3120800,3918577,7764400,15541800,9142200,29571000,6710100,40101900,8612900,61491800,8608400,9396100,13735600
2025-10-20,90483000,3903200,2760400,56741700,38882800,25786000,9963900,5676500,22350200,1925400,6894900,2046400,8900200,5741000,14665600,128544700,32810700,10016100,4665000,9523600,5246700,5865100,2170800,2002800,4636400,1523700,8047500,3759300,3954795,8034700,17786800,5225700,39862000,4810600,35856800,5601300,66161100,5996500,5456500,10581200
2025-10-21,46695900,4389700,2643300,47122400,50494600,27303400,13354700,6304900,47312100,1782200,7372700,2722400,7647300,4220600,15586200,124240200,18370800,9032000,4121800,9202300,3298100,4209500,2259100,1613100,5895500,1448200,8163200,2628800,3844321,6716000,33651300,7282200,65082000,5614300,40726900,6013400,100445700,6885300,6181500,10899700
2025-10-22,45015300,3436000,5152800,59668800,44308500,34955000,9370000,6036700,35029400,2141400,8054100,1820500,8734500,4360200,18962700,162249600,16474000,8173400,5074400,12938800,3523500,6310300,4149000,2014400,8307800,2372400,7569200,3143000,4314441,6343100,18293000,9208900,147890000,6486000,48662900,6394400,95468000,7833000,5258500,12296500
2025-10-23,32754900,2408100,3207000,39024400,31540000,26028800,6110100,9810900,19901400,1615400,5438800,2187500,9856000,3735600,14023500,111363700,16872200,8199000,7217200,15001100,5818000,5356200,2619400,1619000,7866300,1974800,6945400,2531000,9578835,8882500,13989400,5630800,68497000,6091800,34219900,8205400,107294100,5756700,5764800,11408200
2025-10-24,38253700,2016900,2634300,71221100,38685100,38923900,5490800,4979900,28655100,2505600,7228300,1839600,9151300,5547500,15532400,131296700,13194900,8638200,3576700,9919400,3554700,5238100,2392000,1684100,7886600,1639400,6235200,2175000,8134584,6903400,15688200,6249800,60280000,3580200,27429200,11968500,80553700,5462100,5256200,10318000
2025-10-27,44888200,2828200,2822400,65613100,38267000,27345800,4942400,4884400,35235200,1645300,5642200,2981000,11321100,5056000,18734700,153452700,13855800,18821300,5400300,10975400,2784400,6084300,2493800,1592400,5716000,1967600,6029600,2308300,5457014,7126000,13800000,18741000,46911000,4744600,34974900,7775300,86220400,7766400,12012900,16375900
2025-10-28,41534800,3005600,2604700,47448700,47100000,29575200,6435600,5066500,29738600,1242000,6336000,2916000,12193800,3601000,29986700,297986200,12448500,83722300,7445400,9535200,3724200,7027200,2775400,2285300,5234800,2090800,6839400,3159200,4290971,8329500,12730500,13998100,40209000,5626500,50152400,5819300,77662500,18858700,30027000,13323000
2025-10-29,51086700,6746500,2845000,49335600,52036200,29158800,7904200,7344400,43580300,2251500,7520300,3763400,26818600,4963500,36023000,308829600,18007100,38505400,8361700,12570600,5469300,20940100,6948500,3758400,5476300,2449600,7097100,3686400,4235430,10551100,19789600,11681500,33995000,7767600,65438400,7405500,102715000,11874900,10789200,11986400
2025-10-30,69886500,4373200,2770000,45162500,102252900,37548600,7767800,8971200,74876000,1829500,7514600,4284700,88440100,4960500,41023100,178864400,27954200,19550800,6411800,16172900,5020700,19417000,2574800,4015700,6114200,2677100,8311300,2666400,6208429,7072500,14751700,7620100,41581000,5752700,157478000,6760700,82167800,11441900,10073600,14065100
2025-10-31,86167100,3763400,3250100,34449200,166340800,39295700,6878300,11136100,39267900,1328100,7721300,3567100,56953200,5323500,34006400,179802200,16898700,18370100,7301600,20213400,10825300,10696600,2974800,3715800,5635800,2456300,8700600,2961900,3878647,8791700,16742700,9407300,68665000,6313600,132697400,7930300,89936800,8390800,7305400,20237000
2025-11-03,50194600,3916600,4197200,36351400,95997800,31252300,7054300,8512200,29786000,1569100,7770000,3175500,33003600,4719200,22374700,180267300,15709200,14619000,5538000,12290300,8874300,8103900,2439400,6864200,5310100,3206600,8542300,3365700,4732602,7542600,15660400,8508200,58634000,8331500,140871300,8946400,89327700,11181400,7693100,14811700
2025-11-04,49274800,3694300,5270900,56491800,51546300,47226600,6792200,6976800,30078400,2046000,7085200,2653900,27356600,5739200,20958700,188919300,19772600,19711800,5920200,16860700,6184000,8619600,3440700,5959800,5740400,2554500,7950100,3169800,5460695,7209400,12743800,6474500,38718000,8302900,166162000,9295400,75032700,9646600,6457700,12636400
2025-11-05,43683100,2646700,7972100,67366600,40610700,54353600,5241200,5894700,31010300,1832700,6865200,2198500,20219900,4133000,23024300,171350300,11991500,13606100,4984600,12400900,4928200,9885700,2701300,2724900,6384600,2974800,5746000,3822300,4010802,5049400,12850100,7291000,35539000,7136400,107240900,11199900,61112200,9697100,6215300,13356800
2025-11-06,51204000,3888700,4023900,66049700,46004200,55296000,11041800,6466300,37173600,1572500,7206100,2593600,23628800,4292900,27406500,223029800,18678300,11480200,8507900,14219700,6615300,7740500,2245800,2751200,13101800,3247700,10291800,4674700,2890345,6767400,15906700,6212700,36532000,6449400,124137200,10024500,71665300,7922100,6571800,14866000
2025-11-07,48227400,4112600,4259500,52162600,46374300,40537700,5741500,9835900,34479600,2098400,7302300,2510400,29946800,6323300,24019800,264942300,20969300,13449300,5318400,17181100,4647900,7869500,2320100,3008300,7567400,2584000,8782100,5456800,3534529,6959200,25108300,9167100,44125000,7592300,117794500,8500100,62440000,9402900,7741700,17248700
2025-11-10,41312400,3087000,4416000,43361600,36476500,26094600,6486600,8436800,29557300,1698200,5794100,1978300,19245000,5015400,26101500,198897100,16698700,11129900,5295800,13048000,4530800,7447400,1829900,3147100,6071400,2612700,9158700,4442000,3643037,5323800,15318000,11701700,36929000,6617500,148958600,10208100,52677600,9283800,9771900,14507600
2025-11-11,46208300,2827200,4581900,61336800,23564100,22244300,5762800,6361400,19842100,1521500,5030200,1832400,13302200,3237600,17980000,176483300,20686600,10032500,4453300,16077100,4802400,5783400,1517400,2052200,6561600,1663400,9713300,3101600,4001363,7465600,16160200,11733900,27966000,7683600,139673800,7332500,40962700,7157800,6859200,13182100
2025-11-12,48398000,2990200,4892900,108942000,31190100,40536700,4278200,11670900,24829900,2954100,10578300,1761500,24493300,6892900,26574900,154935300,24195000,10134000,6389600,13790900,8583200,8288300,2645100,2172100,6941500,1829700,15248700,3238900,4392679,8803000,13612600,7604800,39221000,5790100,96008000,7851100,44097000,10403300,5814500,12084400
2025-11-13,49602800,3084600,4681600,63178600,41401700,37716100,5542100,7998700,29494000,2557400,8973300,2031300,20973800,6090900,25273100,207423100,30009000,14185800,4961700,17291900,7968500,6739300,3458700,2135300,8207700,2430600,44045400,3277900,3968658,8631600,14002800,11859300,40144000,6663300,123083100,7566800,49785600,7788700,6119500,18088500
2025-11-14,47431300,2761400,4337700,47655600,38956700,32363100,5512900,8484800,31647200,2552000,10327000,2567800,20724100,6691200,28505700,186591900,36053800,21979900,6422300,17064300,5461500,6189800,2764500,1990400,7628400,1739100,16691400,3878200,3552169,8824800,13172000,8352100,47607000,5770500,96507600,9150800,37390200,8676500,6583000,23424200
2025-11-17,45018300,3300000,4019400,37942200,59919000,35546800,5280900,8745000,52670200,1850600,8344000,2557900,16501300,5727200,19092800,173628900,16143800,20632700,6494800,16034900,5023100,5877800,1941100,1573600,8610800,2481900,12296400,3879900,2705556,13257000,14772300,11607900,26082700,7320200,88042200,9902300,34519900,6485400,6488200,15289400
2025-11-18,45677300,3286400,2422200,45619900,60608400,35189500,8045100,10813400,49158700,1673500,8077300,3594700,25500600,4864900,33815100,213598900,21098300,18446600,9170400,15808500,6232600,8195800,1918600,1875400,6876800,2984700,11796200,3774300,5790129,12468600,12838900,11061200,43440600,10821500,66511800,10735200,41527600,9182100,6347800,17604500
2025-11-19,40424500,3738400,3518300,52093400,58335600,28112300,9710700,7539900,68198900,1521100,5546600,2723100,24744700,6413600,23245300,247246400,21679500,25061900,7066700,15919200,7618400,12550400,1880900,2273100,5092900,3462300,12790000,3411000,3234844,14690800,12401500,11138700,31868100,8123200,62000200,6367000,34296900,8181100,5604300,22157000
2025-11-20,45823600,3884800,3270300,66342900,50309000,36661600,7521100,7623400,62025200,2599000,7501600,3240300,20603000,5258600,26802500,343504800,27459600,21059300,6510300,14401000,4283600,13706400,3195000,1774100,4911200,2648300,12609900,2639200,3502396,10612600,15396500,10967000,36918500,6878900,51983200,9021300,44631800,7337600,7452700,50375900
2025-11-21,59030800,4825400,5545900,67421100,68490500,43867200,7479300,9248400,74137700,2284700,11766800,3807500,21052600,9021300,31769200,346926200,44834100,20849400,8930000,15667600,8017600,10134000,2921600,2421700,7046600,2870100,10785400,4407000,4492415,13189100,26492500,13930100,41232700,7911800,73079400,12018000,59017100,8406300,8913200,41420800
2025-11-24,65585800,5414400,4706300,46749600,54318400,52852100,8563300,14181100,85165100,2319500,10940200,5941000,23554900,10125700,34421000,256618300,31144700,21013500,9337100,18034900,10225900,9386000,4653500,3652900,7143900,3661200,15024800,3442700,5057555,14803900,39818600,13291500,62918300,9391400,63074900,13846900,66605900,10773800,6554600,42519200
2025-11-25,46914200,3765000,4063300,69773500,39379300,41310100,10233000,11447900,88632100,2252900,8877200,3132600,25213000,5561000,28019800,320600300,29595000,11065200,5854300,14434600,7134100,9676200,3105100,2753000,6926400,2534700,10574500,2835100,3493052,10275300,17451200,7916800,35122600,8954000,39130300,10477700,44336200,6149100,5840200,20212900
2025-11-26,33431400,3025000,3134100,43270200,38497900,32045600,8506600,7578900,51373400,1862500,7910900,2185300,15209500,4844200,25709100,183852000,26544100,8335300,4309900,11650600,5920800,7644500,1995100,1726600,5066000,1936200,10130200,3374400,2975778,6729000,11795100,6550600,27951000,5180600,33461000,9238500,27713000,5504200,4685800,17783300
2025-11-28,20135600,1802200,1427800,18658000,20292300,18920800,3691500,3848600,26018600,868300,4322400,1254800,11033200,2133700,14386700,121332800,13848500,7875900,4586200,7240800,2655600,3757000,1019500,840800,3304700,1092600,6525500,1439800,1567649,5638300,7423000,4123300,15021600,2969300,22627600,4707200,16345800,2464500,2554800,9846500
2025-12-01,46587700,3651300,3973400,30768700,42904000,30536500,5634700,8209000,41183000,2133200,7727300,2227000,13029900,4393500,23964000,188131000,13461200,10923300,7082300,12658100,5208300,6763700,1764500,2723800,8525400,2149400,12628900,4050600,3070461,8473700,14388100,7986600,24873400,7623300,53198600,8240700,34681900,6154600,4772500,17236800
2025-12-02,53669500,3959500,4289800,42002500,45785400,46073500,7626200,9196300,35854700,2254200,7249000,3076000,11640900,4338700,19562700,182632200,19664500,10834100,8201900,14607700,5096700,22624000,2749500,1635600,5135000,2160600,8548200,3554400,4269010,8393600,19871300,7087000,25763000,6830300,43827000,16376800,30839700,7978100,4854500,18711800
2025-12-03,43538700,3082200,3808000,28545200,35495100,37134400,13782000,8060200,41838300,2347900,8535300,2687900,11134300,6223300,34615100,165138000,19060500,24402800,6296700,16819100,4872900,14139900,2545700,1818900,5647600,1886800,10177800,3328400,3986584,8363300,17001700,9615100,53593400,5109200,56121200,9125300,29138400,9770000,7259000,24478300
2025-12-04,43989100,3592300,3455800,24478200,45683200,38529600,20912100,7254700,31240900,1670800,9627800,2878800,29874600,4813200,22318200,167364900,23316900,15994300,6277500,13686900,3732900,9513300,2313600,1904100,7312400,3787800,11471400,3151000,3819912,9049900,17710000,12489600,51779100,6803000,35454000,10479300,33035200,8061600,9451300,25905100
2025-12-05,47265800,7650400,4223000,33292400,33117400,33986500,15852400,12659800,28851700,2277500,6518900,2126700,21207900,4641600,22608700,143971100,24208700,11152900,5266600,12516900,3985200,6857200,2177300,1882700,9873600,2359800,10680100,3983100,4094615,7785300,13978200,8194600,133363600,5971300,47443700,12791700,28075600,5906000,5523600,23956400
2025-12-08,38211800,4293600,4153700,30943200,35019200,34386600,10805400,10237200,33909400,2238100,7417200,2453800,13161000,7271700,21965900,204378100,24711200,12544000,6059400,14904200,4006100,8823900,1822500,1682900,7974900,2407900,13727700,5217200,3089149,7785700,17775100,18136600,100906300,6327400,45209300,17507500,41475000,4782800,5617400,22700700
2025-12-09,32193300,4267700,3672400,25166100,25841700,47189300,8045900,8916700,30194000,2274800,18049200,1965300,12997100,4191200,14696100,144719700,17643600,13214700,4325400,23790800,4267900,9101900,1755300,1511200,6177200,1899500,8549400,2929700,2643102,7509400,13010600,13760400,51745600,10035200,43483800,10375700,41499600,4628400,4738300,24326700
2025-12-10,33038300,6789900,13424400,23279400,38790700,54424400,8894700,10976300,33428900,2394300,18874100,3023400,16910900,6591200,35756200,162785400,47928000,19985100,5467500,19845200,8735200,15159600,2797900,1832300,10640100,3318300,11237900,3366400,5308897,11599800,29789400,13341100,74129300,18526400,43635400,13650400,48955400,5910500,7188100,22859600
2025-12-11,33248000,10158700,10529100,30694600,28249600,35686900,7783800,8414200,42353700,2683000,9721900,3659900,13056700,7598700,24669200,182136600,100612700,14023800,12953600,14781800,4170600,7917800,2779500,2724700,8225500,3041600,13281400,2992300,3560083,9009000,23124200,9494100,43949000,7854000,35570200,11798000,38931800,7513200,5264200,21586600
2025-12-12,39532900,5483900,6717600,37073900,35639100,40539400,6006600,5848100,35940200,2715200,8982900,3515400,14016900,4961500,21248100,204274900,55201600,15964000,6942300,14459500,5467600,7069700,4581100,2347200,5731300,4808900,13059100,2955700,3169911,6922700,18444500,7783100,49323100,8143100,51599700,10268800,34207700,7979000,4510200,19092400
2025-12-15,50409100,5480100,7679300,27222200,47286100,32881300,10271800,7503000,29151900,1976600,10864100,2714000,15549100,5219000,23727700,164775600,43897500,18187500,7004600,16358700,5971900,6721600,3968600,1982200,8942100,4771400,14318000,3797200,3302257,8467000,18660100,9489800,40016500,8409600,60360000,13877700,37162500,6447200,5061700,18713700
2025-12-16,37648600,4118200,5994900,23467600,39298900,32931900,6145300,11290500,30585000,2161600,8331300,2748700,14309100,6840500,20705600,148588100,32433500,17316800,7269300,17638700,6405900,6120200,2319400,2419500,9060400,3843300,15580200,3222300,4514250,9949800,17370000,6616600,34265000,7520300,111695500,10251700,35702000,6334000,4841800,19642300
2025-12-17,50138700,4371600,7404500,31595400,44034400,35304100,6269000,8805300,43930400,2213300,8718700,3287100,15598500,5796100,24527200,222775500,50222000,16357800,7263500,18502200,5243400,7301100,3753300,2631800,9661000,2363700,12142500,4436700,5998564,8457600,13672700,10212000,50472800,8067100,61255300,9833300,39455100,4685600,5978800,16177800
2025-12-18,51630700,3352700,4960800,29720100,50272400,87452700,5654200,6998800,33518000,2066300,11444900,2259000,20260300,7993400,28573500,176096000,36297300,23734500,6805000,13705600,4760400,5652100,2193000,2752700,7336900,2467500,12913900,4611000,3974474,7499900,15524800,9201300,37244700,6643200,47062500,12239900,31038800,6354900,7611600,21476700
2025-12-19,144632000,8706300,10255400,58445500,85544400,73001900,20732100,21701400,59943200,4808300,24494400,7262100,49977100,10639400,70836100,324925900,77008600,31927500,18623900,45412800,18968800,14793700,5355600,4796600,14612600,10097600,21138400,6898600,7500708,24803900,36911100,30492300,78990200,17543500,87590000,19345600,89822300,10553000,17317500,50043800
2025-12-22,36571800,2960800,3037400,24950700,32261300,33408800,5664200,8143600,26429900,1442300,8354600,2500200,15659400,4574600,16963000,129064400,27148000,13976100,5043500,11768600,4828100,5458900,2387700,2055100,4850700,2373300,8803300,2477200,4180144,8187800,12828500,7136200,39484800,8818700,38758900,11731400,29049300,7872400,5464400,21473900
2025-12-23,29642000,3052500,2086200,20272300,29230200,22274600,4745100,4663700,25478700,1210200,6668300,1794700,8486800,3514800,14683600,174873600,18301600,12153600,3703200,12567600,3612100,4496300,1731000,2399700,5671100,1903300,7634500,3627800,2307184,7047300,9471000,7875000,25896200,7254800,43692900,9541600,20869100,4463300,4645300,20319900
2025-12-24,17910600,1166500,1170200,7956800,11420500,13634400,2076600,2227600,10097400,771800,4289300,1058900,5627500,2648000,5855900,65528500,9282700,5491700,2023600,6137400,1744900,2943500,947000,719500,3079200,1822200,4606700,1060600,1411275,2376500,4515300,3011300,12427900,2618700,19328500,3259200,13904100,2842700,1845500,9009600
2025-12-26,21521800,1455100,1174500,15792600,15994700,15259400,2456400,3706900,10899000,995300,4158300,972300,7133800,2564700,8842200,139740300,11262000,7537800,2017000,8066100,1593900,2801500,954400,1244600,4575600,1324100,5428900,1440300,1390108,2316700,5711400,3636400,22068300,4975500,21617800,4711500,16070100,4359300,2856700,9003800
2025-12-29,23715200,2794000,1806200,20326900,19797900,21040100,4300100,5589100,19621800,1578000,8635300,1274900,8506500,2464300,10893400,120006100,14748100,12910100,3989900,14782500,3803000,5292000,2585700,2223600,5256400,1792500,7966000,2489100,1971743,4348900,9686900,5854600,24493700,7201900,33067700,7662100,30322100,4346800,4352600,12979600
2025-12-30,22139600,2252600,1714400,16409600,21910500,17427600,3291800,5150500,17380900,1833300,7904300,1512800,9187500,2365500,13944500,97687300,14197400,11277900,3366500,11150500,2348000,5653500,1216700,1027400,4553600,1680800,6883900,1834800,1815559,3937400,8610900,4075900,23422000,4713800,28821700,6006400,21047900,4432500,3397900,11730600
2025-12-31,27293600,2116200,1923500,17591600,24383700,16293000,3367900,4953100,16377700,1221500,5048500,1736500,7940400,3098100,15601600,120100500,10341500,13027300,3503200,10559900,3196900,5563000,1163900,1064200,3551700,1490000,6608000,1973900,1933031,4083800,8127800,5036200,23495200,4380300,29409200,5293200,22911000,4285200,3926400,11487400
2026-01-02,37838100,5643500,3053200,36446200,51456200,25503600,9680600,6862100,32009400,2817600,8054000,3901900,13726500,4509900,25571600,148240500,14540700,14693100,5403800,14175100,3336800,11261000,2761600,3128200,7005600,2373400,8906200,2619600,3009532,6325500,12151300,8852900,41155400,7182100,35976700,8946100,28718400,6863600,5032000,14306600
2026-01-05,45647200,5012100,2984700,31941100,49733300,36096600,6421500,35094900,30195600,3742000,10752600,2865000,12213700,6787400,25250300,183529700,22635500,17115900,7592200,30112200,9341300,8278800,3444800,2794200,15706500,2805600,12029000,4310300,3667352,9477000,21186600,8301900,39183300,9031400,52620900,12297300,48958100,7956600,5733600,19557600
2026-01-06,52352100,3187400,12729300,40033200,53764700,31791900,6103300,20564900,31212100,1966000,7660800,4056100,11074400,3795600,23037700,176862600,16474500,11110800,6775400,23328600,9151700,6714300,2706800,2244600,9026900,2742300,7388300,3303700,3818768,8107900,21019900,7254500,43331000,9576500,50977300,10421800,59966200,9441900,6936000,20120800
2026-01-07,48309800,3183100,8419300,29715500,42236500,49695500,5976200,13537900,35104400,2683300,9815200,3653900,12846300,3532400,25564200,153543200,11171200,18044300,6333900,20353000,10285400,9693100,3312400,1869500,7988400,2680100,8296300,3227800,4850550,7545900,20223400,9859900,36525700,8539800,51395800,14369100,46998400,7461400,5688200,23306000
2026-01-08,50419300,3107700,7042600,27505000,39509800,30933700,5243500,12929600,31896100,1960800,11737100,3390200,11921700,3745900,18162600,172457000,19468500,13105200,6357600,20232700,9365900,7126800,2075400,3097900,9605200,5207200,9778200,3214100,4951049,6557800,19237000,8696700,40068700,8762800,42977300,9297100,43770400,5059300,6294100,24058300
2026-01-09,39997000,3250100,9380400,24217300,34560000,30768800,5174400,12549600,26214200,1334100,6738100,2221100,11634900,4630900,18491000,131327500,26152700,15061500,4902900,16137700,6714200,8621600,1822000,3028100,8940700,2895400,8935200,2884800,5442292,6154300,19638600,5842200,55579500,6767600,34190200,9528500,30811000,4129100,5504400,21902900
2026-01-12,45263800,3541400,8420300,27287300,35867800,45860600,4927700,9796800,33923900,2179600,12805100,3486400,14797200,5635400,23519900,137968500,25428500,19898900,13281300,15314900,6546100,7894000,1856800,2670200,10232900,3246400,10833800,3007800,5264846,11794300,20582500,11088100,36290600,12223400,50256300,12812000,40700100,7146400,4335900,49182100
2026-01-13,45730800,7217300,8388700,56894900,38371800,43542200,13661000,12068600,33517600,1969600,19371200,8721600,18030400,6594800,28545800,160128900,15857400,15900500,20383500,21619700,4872600,11460500,1959100,2781100,7868300,2222100,8945700,3284100,3929564,11379600,18324800,8543000,45221100,9030200,47656100,15549200,40890600,5605900,4706200,31222100
2026-01-14,40019400,5712600,11677200,40466500,41410600,84750000,10149300,16414900,28525600,2513000,25951500,3943700,15527900,8434000,28184300,159586100,22473200,16039900,9388400,27593900,8426400,7748600,2105700,3498000,13563700,2894900,8950900,4554900,4215519,11858800,16739100,10282400,49737700,8329500,53738100,13475000,51414800,5740900,4042200,32764000
2026-01-15,39388600,4774300,7061900,55270200,43003600,51018300,11489600,8097400,28442400,3773700,14751400,4005600,13076100,12957100,23225800,206188600,16418600,16405300,8587700,17400000,6954200,6517200,2052800,2697600,7461400,2185900,7958500,3716400,5310423,8492100,15464100,7419300,36945100,5797800,55263200,10102800,35919500,6943500,4133300,34559400
2026-01-16,72142800,8534400,5744600,42545600,45888300,52178400,13902600,9745800,40341600,3071600,14652500,3496200,17012500,8398100,34246700,187967200,19224700,15116900,8341600,16592400,8649700,5944200,2554900,3184900,8939200,3862900,12049600,4499800,8132878,10021500,20027500,12874900,48130500,10313500,59470600,11729300,46504800,8039100,4669300,415144600
2026-01-20,80267500,6962000,4154000,44327700,47737900,49172700,13050800,11142500,35361000,2629100,12900600,4098700,15169600,11302600,26130000,223345300,29129500,19744400,8279900,16477300,8251400,11293200,2659000,2701200,10796700,3209900,9818200,4595000,7839677,14057100,22152200,10054800,109729700,9982800,55425400,12901400,51781100,7596500,5601000,45334000
2026-01-21,54641700,5645300,3791200,62385600,47276100,36340000,12616600,10918500,35386600,2251300,10270100,4937700,14494700,11715800,37980500,200381000,38190000,15117000,8974600,18879900,10727100,8160700,2490700,2785600,10599100,4073700,10041400,4751700,5392519,14762900,21660600,8296600,127940700,7679600,47264100,14126800,40672100,8933300,3950700,34811700
2026-01-22,39708300,4974500,5589000,37945000,31913300,31229200,9483000,8957400,26253600,2468300,10535800,5114900,21394700,8966900,25349400,139636600,21141900,14540700,6938700,16600100,5650900,9742600,1565700,2286500,7771200,2074400,12437700,3807200,4150872,13160000,13962800,9802300,69113300,8167400,49883900,18501900,30388300,7491400,3487300,24547300
2026-01-23,41689000,4368700,3859700,47525900,33778500,34553500,9408000,8368700,27280000,3872600,11107900,5002900,22797700,8532800,38000200,142748100,23011300,8758900,5667900,17758200,5816400,7078700,2267800,3946600,6972800,1680600,10819800,4491000,3642275,6950600,18307100,13301700,64520400,5870100,45402300,14562600,36056800,9082200,4049600,20806900
2026-01-26,55969200,4115300,4053300,30672500,32825500,27728400,7239600,8912600,26042100,2655900,11752700,4839700,16327400,6389800,29291200,124799600,21100400,9971400,7540200,16056100,6553400,8469200,2532900,2352100,7278200,2458700,8859800,3955600,3531669,6856700,14017400,10990600,40941900,6589600,41441900,12655700,44376000,10399500,8194000,19552200
2026-01-27,49648300,4166300,2973100,25691600,38029200,26494300,9838400,9784900,21636200,2012500,11527400,3850800,13297400,5138100,29213900,143711600,27093700,14240700,6365800,14517000,5747400,20509200,1827500,2326000,7276900,2077900,8956900,4812900,3357083,8154100,13239200,15472300,37790800,7114900,75575400,9546000,72164400,65836900,14449300,22968600
2026-01-28,41288000,3942800,3293400,27061200,40882700,35030200,8465900,9200200,27434400,1674100,9556700,5483000,25709600,5538800,36875400,148552700,35882700,19222700,8106000,15637300,5215800,9999200,2720700,2599200,6817400,2474800,9016600,4463400,4870001,9026500,14633700,8200000,37762600,5954100,44976700,7465800,84121900,23396900,9254900,16342000
2026-01-29,67253000,7410800,3470200,31685200,47229600,35200500,18555600,16786600,39785600,2335400,11580000,5488300,59852900,7473400,128855300,171764400,37254500,19463500,10214200,35760600,7834000,9142500,4441900,6988100,14466900,1825000,11079000,4298400,6622248,9645300,20862100,11202400,42278100,9062300,44373800,11035600,73255300,13456400,10939800,16381100
2026-01-30,92443400,5713000,3389100,40035700,46585000,34549100,11090400,22946600,31024000,1893700,11953200,4306900,23744600,7434900,58566800,179489500,27362400,18607800,11199100,29657700,6622200,6916100,3300100,3931100,9169000,2396300,17895200,5603000,6406757,11045500,26420500,10205300,45755000,12641300,51599400,12651400,78227500,12022200,7186700,22215400
2026-02-02,73913400,4357000,3405000,36308100,37546100,34624500,7950900,14235300,32006100,1802000,9839400,4603300,14365200,6827200,42219900,165794100,47421000,27452900,8502400,27735600,5413000,6105300,4450000,3057100,7514000,2451300,37778500,4273000,4304576,8187500,19301500,9423100,41445300,14660500,52129500,10554900,66564000,8664200,8662400,31210100
2026-02-03,64394700,8324900,4320500,53097100,53831300,41208400,20194200,18425400,36506700,2321900,12688000,5706700,13760700,7751300,61424100,204019600,43260100,141690600,9081200,37577800,8158500,7655200,3524700,2565700,9346600,2960700,24827100,4169300,4320690,9346600,27007100,9600200,49789000,19096400,91964900,12424700,61110400,10809100,7698600,32018700
2026-02-04,90545700,8554200,5515400,107173300,51299900,54522500,23010000,16170500,70618400,3561900,9848800,4448000,16882800,7571900,45012400,207014100,42323400,58018000,8472300,29426200,15319700,7053400,7146700,3600800,10367100,2631500,19070400,5679700,5666746,8641400,28607300,12182700,48963200,13322900,83025800,12178500,52448300,12944100,11371500,27531800
2026-02-05,52977400,6293600,3548300,62196400,103509200,32959700,21956300,10474100,88205800,3214300,9388000,4621600,17131800,9571800,66289200,206312900,42789000,42842800,8339000,18431700,10794000,7377300,2792800,5310000,10441000,2988800,11859500,4224100,4784186,10267500,21633500,9799400,54805700,11038800,72650700,13077700,44672400,13035300,6624500,30517800
2026-02-06,50453400,5448400,3099800,54504500,179210900,42468000,13652600,9901800,56380500,2473200,17797400,3779700,18159300,9139700,53515300,231346200,29962400,34921700,7798800,17216000,6067100,6701200,3359700,3471800,6756100,2358600,12105600,4412100,3791593,8274000,18512400,8225200,46154100,10960400,50691600,10441700,37410400,9572800,6738200,26593400
2026-02-09,44623400,6576300,4007900,38810800,91178400,31968400,12112000,12021300,39640100,2322600,11477500,4110300,14837500,6625900,45480500,196387400,49936500,26034300,8513400,21297300,6767700,4707200,2496800,2810900,6337800,1861700,10515400,4288500,2866888,9378500,23415600,6528800,42200200,10316200,49288200,11439900,33057800,10371600,5221000,27197300
2026-02-10,34376900,5718600,3895400,25326700,67175000,48304700,13393000,7458200,39170000,3324900,9902200,2222700,10455800,12854500,44857900,136764800,40092200,22787700,5801800,15800300,6044500,5184400,4008700,2816500,5255300,1781500,9815500,6608700,3707971,6723300,28848200,7213700,43595800,10352500,43760600,9910100,34925900,7284700,5845200,24662000
2026-02-11,51931300,8759900,7591300,33384700,65545500,48973500,16350200,10502100,45406400,2654300,8703500,3691000,14323800,7777800,42491000,144192700,24538900,21538900,8264300,23091500,8072400,5791000,3926300,3089700,8984700,1769400,9374900,5980300,3997263,6803900,22649700,7305000,40840300,6733400,41699300,10217300,64213300,6333100,6649600,19232100
2026-02-12,81077200,8657000,5059200,32181000,83975400,55481600,16849100,9673700,47761300,3188700,13443400,3466200,14960100,14436700,40802400,189932500,23285400,28004800,9392600,30652500,8712000,6980800,4893400,4716800,12517700,2970400,25319600,7095000,6232171,10254300,26043500,9181600,73516100,9516300,58805100,13512900,70553100,12336900,10174100,33382700
2026-02-13,56290700,6589700,4036600,26123900,66321600,31772100,14822900,9034700,38499700,2623000,9114500,4017700,12336400,9162400,34091600,161888000,18597000,25092400,11653900,20166000,8252200,6835400,3232800,4166300,6836400,2661600,12845300,5569400,5082346,13268500,16711900,10402800,42292100,9286100,36986700,13998900,42687500,10281900,4973500,24131200
2026-02-17,58469100,5208300,3324100,33712100,69879200,35542400,13692900,9849000,39247600,2008500,8896800,3178000,12674700,6376900,32078800,162276900,19610800,20342500,8591700,19766600,7336400,4864700,3450300,3086800,7619400,1732200,10467400,4252700,3527759,12703000,16260200,9455400,35961500,8749800,32119900,13319100,29868900,6091700,5234300,37995900
2026-02-18,34203300,5033200,2842700,35664100,51003300,30698900,9852900,10313400,28482100,1864900,7209600,3575900,14649200,6343300,23223400,164749100,14801100,17925500,7091900,19849700,5495100,4923000,2563700,3295600,9456200,1926800,8791600,4111700,2720526,8129700,16304900,9064800,29883100,7239800,24779800,14434300,33179300,6632000,4359500,36485000
2026-02-19,30845300,3616200,3497400,25842300,35669600,47148600,9565100,10773300,25834400,1974200,6737700,3009400,10035700,7259500,28234000,126554500,14976300,24646900,5967600,20305000,5410800,5827500,2908000,4435100,8851700,1750000,7492900,5483600,2250355,7553900,14924700,8483500,30139200,6155800,40316800,10724600,31221900,4931800,3845400,42993300
2026-02-20,42070500,6590800,4609900,36317300,65881600,33552000,10816200,9566200,53210800,2009100,7792700,2838500,14183500,4272600,34015200,178422300,29621900,23174000,6831100,25908600,6830300,5460900,2095100,4349800,6822800,1662200,9043600,5039300,2556524,13565800,17175100,7175600,32411300,4811800,44786900,11508100,25383600,6974100,4947500,35151000
2026-02-23,37308200,7602400,3647900,28187900,53581500,50602500,15498600,7047200,31423000,2535900,12955400,6312300,8605900,7795500,43238300,171584800,31749800,75619500,13048000,16073100,5463200,5380000,2289600,4261500,4871900,1489300,10626500,4891100,2380031,9622700,17157700,8433600,38363000,6801600,34166100,14772400,41169300,7247500,5181500,25662800
2026-02-24,47014600,5529100,3253300,81367000,41137200,53062700,15564700,7451800,25615600,1971500,13554100,5292900,10135600,7413800,33884700,175123600,21336600,58557200,9120200,14185500,4880800,4408900,2615300,3848600,5152200,1671100,13594800,4231900,2455739,7246300,16448500,11597600,33079100,6319800,34686100,9709500,34541700,9684500,2658000,20161200
2026-02-25,33714300,5108600,2559100,44588100,41346400,41375000,21875100,9440700,29963600,1763600,8095500,4139100,11330700,7098500,43625500,250637100,27303900,42794100,7624200,15225700,5410900,4442600,2606500,2505500,6907000,1554600,8556500,3853900,3211960,7698200,18086900,9025500,69319300,6832700,32680300,7878500,45550700,11380600,4023500,17345700
2026-02-26,32345100,6208100,3916200,35020500,47756800,52418500,26680500,7133800,36431200,2220300,7007800,4843600,10637700,6901600,34405900,360807900,20652200,48091800,8725500,15632100,5331300,4613300,3350900,3548700,7205800,1804400,9578500,3737800,2898640,7172600,12843200,20015700,85642500,7219300,30508300,7028600,33856800,10210000,5314300,18638300
2026-02-27,72366500,5098200,8279500,31312400,57422800,77728700,16346500,12035500,44640600,5552300,18620800,5121100,15703000,12400400,51367200,311636500,36425200,23641200,12412900,30275100,8018100,6278100,3441900,4608200,9009900,3935000,13954000,4691400,3707303,16428600,28483500,25138500,200767000,10585200,41879700,14878500,54509300,9723300,6239600,29205500
2026-03-02,41827900,3486900,2742600,34120200,46001000,40595200,9932700,15809100,34790200,2873200,8508900,3827000,9816100,9212600,35474900,209095300,22418800,17355300,6674900,31493100,7438800,4709000,2473100,2524900,19667900,1986900,14178600,5034200,3465686,9042400,18137200,10147800,79915400,7264000,41321700,9095500,39270900,8141400,5013000,17091500
2026-03-03,38568900,6206600,4937000,37785700,43184900,51242900,13208900,14004200,35497000,3782100,10278200,4199700,12263800,7495500,38199200,178099400,20120800,22406400,5474300,25198900,6595700,6211600,3332700,2697600,17354700,1947100,13608400,3579600,6071125,6178700,20549300,11307700,59149000,6718100,41486100,10161000,45891200,7051100,4839900,16480400
2026-03-04,39803100,4329200,3070600,40912600,54731100,34208500,11583700,11054400,29536200,2081700,8055700,3154700,10810100,5307800,35808000,177731200,17585400,14612800,5257900,16764800,5380800,5068700,2823700,3062300,10160600,1806600,9672300,3702400,4552772,5768000,21011800,9384300,52604300,6855400,30893500,8752700,42409300,7796000,11433900,16434100
2026-03-05,49658600,5822300,4424000,36000700,60943400,39073900,15860900,13567200,35752300,3093700,12732500,3879300,13341400,7274900,39001300,198779700,24094800,18317700,8267200,22969300,9423100,7199300,3713200,3655900,9875700,2766000,11751500,4860500,4107869,9375400,23165700,12086800,53403000,7133700,38908600,10060300,46498100,5397900,11566300,28604900
2026-03-06,41120000,4802300,4683400,33913800,51152700,47016000,9657400,13073100,25576900,2473000,13496500,2872900,13159400,8046000,31123900,189021900,38000600,15900100,6439700,21136400,6139600,10684700,3564400,3213600,11554600,2708900,10448600,5041000,3678508,7179800,15516000,9745100,41196300,5937900,53181800,8187900,37909900,6816900,9494800,21553000
2026-03-09,38218500,4728400,6020400,38877200,54642900,62752800,10754800,15987500,29312100,3258200,12241100,3546600,13489700,7480800,30131900,177213600,31173500,18908300,8381500,25532700,7915800,8400100,3584400,2869200,13694700,2348200,11715100,7057200,3246763,7844000,18554100,9563600,48589000,6416000,42789500,12494900,52145000,10348800,10354800,19375900
2026-03-10,30590800,4591600,3705600,29139200,35678800,50271100,14467400,11999600,23239700,1871900,8344900,2759800,9859300,4314600,31706400,179118500,51544600,17575900,5271300,19617600,6466800,9285300,3089100,2869700,13917900,1613400,7833100,8176600,4852457,7214100,17243900,7485900,41027200,5341300,42814600,7756800,37596500,6075600,6255500,18793600
2026-03-11,26218900,4862400,5011800,23076400,34199300,42185800,9580000,11371700,24125700,2227000,10205000,2873200,8977200,5463200,25512100,145280400,83247500,13794100,6376700,15297400,5299200,7937400,1947500,2474500,9522800,1260500,8152800,4249500,3090484,6933200,11546800,9734300,33962900,4359700,40560100,8855100,46925600,6878800,4053200,18176500
2026-03-12,40794000,10895000,5082800,28886900,44349500,58354500,26309700,27151800,24928300,3533000,13760500,2702500,11617500,11195700,27263900,155762700,37133700,15293100,7514900,26054000,7607000,10758600,3231800,1928900,12766400,1669200,10309400,5842300,4379235,7710200,16842200,8730000,34206900,6165600,38542800,8489300,32636100,10512300,6366300,21751600
2026-03-13,36930000,17406400,2761900,27561900,35662100,45473100,14834700,13017000,23693100,2567400,9091200,2809300,18957600,6001900,26848000,160988400,26350400,13962500,4814100,22414100,5676100,8926600,2042200,1883000,10884500,1469700,9551500,4710200,2972536,6415300,11974500,7504400,29876700,4676800,34270800,7298900,28076800,4737600,4431500,15194100
2026-03-16,32074200,11679200,2681900,30285200,42209300,38055600,13419600,12683900,23519700,2082700,8149000,3450300,15134900,5498100,27733700,217307400,21607700,14460200,6401200,22835600,3991800,7347100,2145500,1693800,7556800,1243400,11578500,4974000,3028983,7571500,11761200,8466100,34931800,4498700,28551500,6944000,31792800,4854000,4867700,20463200
2026-03-17,32361600,6456200,3313800,22779700,44969900,33427800,11559300,14018600,21955200,1955600,8961200,2834300,10348800,6528600,26228300,182497800,23929500,21819800,6872200,21592200,4405700,7308100,1824900,1948500,7953100,1210400,11785600,3948800,4027584,7281800,14900100,5496600,26434500,5460200,60097500,6147700,33904300,5752000,4187600,19895000
2026-03-18,35757900,7305600,6981200,28569100,37846600,40251800,10525100,13305000,20009800,1541300,10057000,3458700,11726300,9140900,25908500,156683100,18051100,19662700,7191700,18947100,8597000,5881900,1796200,2081900,10273000,1434400,12615100,3454700,3103833,6811500,13134600,7053700,27878300,5124400,47478300,10059300,34898700,4544100,5417800,19734900
2026-03-19,34864100,4459800,6037600,32245300,36440600,38601400,9254300,16918400,25075800,1765900,9846700,3284500,13247700,6418300,25138800,170968500,22046100,22744600,6826400,27082700,7006800,9967600,2240200,3096800,11205400,1340200,14793800,5543100,2890917,7511500,13023300,10538400,40169300,5555500,47939600,10340300,58624200,5542100,5304800,17927700
2026-03-20,88331100,10467300,6120400,37265100,63694600,78060900,20201100,35849500,44364100,3918400,22436500,5762900,21214900,14621300,50853200,241323500,37551400,31695500,14398100,53942100,27982400,12925400,5131100,4728600,31964000,2621600,27544200,7644800,7721824,17156600,33298700,21860800,61678000,14480700,66805700,60620900,128734200,38893000,34639800,57545600
2026-03-23,40546100,4080500,2658600,31857800,44277400,42333200,13976200,15735700,29326900,2190300,11470800,2985900,13638000,10128400,29680100,182836300,19927900,21262500,7824500,25021300,7419900,6247900,2981000,2361600,10584000,1779100,11373000,4320600,3487331,7313700,15054900,10284300,34315900,6783000,42945200,10315600,46656300,10424200,7412100,22181500
2026-03-24,45152300,6268300,5758800,27258800,35351400,39804100,18631400,16695500,36864300,1656100,11092300,2278900,10739700,6016200,42733600,147667800,26122100,19616500,5375900,26131800,6990500,5691800,2098300,2885100,10439700,1259300,9155700,4423400,3171341,9046200,15653700,8808000,28938000,5803700,35605300,8567600,41047200,5911700,4249800,17269600
2026-03-25,28476700,5441600,5504100,48518300,36388800,29988300,12565200,8865000,29460700,1628900,12188200,2422000,12585000,6444600,31181200,162602100,20683800,14861200,6280900,17192300,6000100,5055900,1591500,1966700,7495800,1067100,8467500,3369100,4361881,6456400,14787900,8639900,29545600,4978500,37603900,8418100,36571100,8121200,3351000,16597300
2026-03-26,41796700,4715300,3549000,49213000,46746000,32502600,10330700,11085600,39080600,2052200,8669200,3995400,35780100,6175700,36836600,186152200,16961900,14613000,7652700,18625200,4576300,5772600,2428700,2118100,8168000,1498300,8548800,3182300,4533320,5171400,11202100,6537800,59522000,5677100,28835000,6443200,29904500,6218800,3790900,16442500
2026-03-27,47900000,4429400,4082300,29206600,56009800,36781900,9902000,13907800,35890600,2106800,9873300,3963300,30133000,6368400,37883400,196212700,17929600,17434200,9974400,30338300,5654000,6000100,2059800,2695600,9182900,1540900,12475900,4797600,3161997,7617600,17461000,7749600,44590700,6663600,29124600,11558300,38162800,10735300,5914700,16543300
2026-03-30,39446200,4410200,2833500,41053300,46373800,43375900,11617700,10409000,35141200,1621400,11734400,3629500,22795200,6261600,44797000,185627000,20125700,17778200,9330300,29813500,7491200,6606100,2610000,2645000,8913900,2129100,10592600,3968800,3067886,7241300,18502800,9362100,32375100,10386800,46696000,11616300,35293900,7774700,5232600,20428900
2026-03-31,49598100,4575900,3757100,42318700,58470100,49060600,11041400,17403900,43875400,2689800,12956900,4417600,32898300,8081700,45244400,226181300,24492000,12695000,10246900,32006700,8311700,9668300,3002200,4415200,13519300,2447900,11180200,5376100,3317227,7554200,18301800,13914200,54270000,8033800,44841500,10407500,48632300,9170800,6868300,21330400
2026-04-01,40059400,3746700,2879700,40835800,45955400,32947000,11677700,23051900,37684500,1803600,11267200,4607100,23608100,7117000,29417200,168132000,20495900,15319900,7707600,37927600,5702800,9664500,2435800,3339200,12979900,1769800,8518600,4314900,3659247,6314600,15834300,7759400,30439300,5412600,44208500,8061700,43112500,5473400,5101600,17039700
2026-04-02,31289400,3588800,2294800,38463500,31453000,27548200,11635500,11528000,21666500,1717700,6669300,2926000,13518500,5107500,24099100,143143200,14381900,12747700,4376000,25377700,5151100,6698600,1764300,2193000,7383800,1828600,6379100,3720600,2848391,6878700,14573400,10419000,37068000,5410000,30920600,5941700,34996200,6407000,4060300,11898400
2026-04-06,29329900,2757700,2166500,30786400,25385500,28507200,14391000,8245700,16945500,1444500,7142600,2466000,9515700,3674800,16146600,107564300,12556700,11006800,5501000,16344300,4929100,4172300,1246500,2102000,4210000,1448600,5882200,2819800,2993513,4442400,8259900,4790100,37029300,3562500,25169300,6823100,29396200,7097000,4690800,10850400
2026-04-07,62148000,3331000,2380700,26483000,28154600,28473200,12344600,11672600,23205400,1498400,7849100,3593200,9580800,6036400,21443300,132534900,17250400,10416300,4413900,25227500,8801600,4084800,1549100,1999100,6794300,1428500,7913000,2563300,3546543,6241100,12769200,6125400,25016700,5151100,46620500,7207500,27653000,22099800,4480900,16076000
2026-04-08,41032800,4040100,3317800,35496400,51092700,36473500,13472100,17195400,33547100,2439000,10590200,3874900,32036600,7662600,33064800,147732700,23527000,15619000,6879300,31311200,5477500,6267200,3014000,2630900,12713800,2265700,10821000,3716800,3630737,8771100,12331300,6935100,30957600,6878500,33789100,10849700,47841600,9645000,5926700,20194300
2026-04-09,28121600,6802400,1921300,27126200,65964200,32008000,20855400,11634000,23739200,1797800,6586600,3301800,19012900,5298900,30435300,116428500,30407800,12716600,4811500,25868400,4477800,4768700,2801900,3820800,9069400,1433300,8918300,3118700,3043477,6216500,14311000,7349000,35087800,4339400,27047600,6794800,41439800,5742000,4361800,13853100
2026-04-10,31291500,5889200,2140900,36477200,56912800,25225300,18109300,11151400,19152600,1642700,6069700,2842200,13294800,4240100,28111100,160459500,26171800,13130500,5190000,21065000,4633200,4829000,1872000,2157400,10487700,2333000,6359600,2758800,1818229,7354500,11081400,5323100,25769900,4412700,27882400,9790300,31990400,5212900,4491000,13894000
2026-04-13,36234700,6115800,1960700,22781800,42166200,27835300,12390800,12000200,18866400,4236200,8318200,3318100,9538900,6282900,35745800,133648200,49997700,15179300,6787200,18685600,7532500,4136900,1820100,2429100,8639400,2255500,6790300,3580000,2533736,7663600,12696200,6111500,26042800,5827800,44156200,7121400,46751800,7972200,3799900,14510600
2026-04-14,48370700,6307500,3583600,25733200,72685000,40178500,13123600,12111000,27721400,2822600,11455500,2744600,17818000,8803600,37504500,161307000,59779800,11045300,5571000,18528200,6199400,4820900,1866300,2922400,9849200,2136500,9997400,2506200,3008579,10318700,12397600,9370600,40534900,5655800,24558900,6621600,42173900,5864500,4703600,15320800
2026-04-15,49913500,4749600,6609900,24695200,43045200,63838200,14340300,8661600,24918800,2403900,9885800,2910800,14952600,9853800,45063400,185338400,43010800,13074000,4831400,15626500,5952100,4397700,2764700,2927700,6592500,2346200,7035300,3294800,3351076,6463500,16212100,9144800,38023700,7684800,29648900,7698200,33847600,5041200,5193500,17001400
2026-04-16,43323100,5229500,4213500,64850800,41895700,35206700,11866700,8013200,20541500,1742100,8208600,2967400,9544800,9138100,41642400,134012900,46997300,13420600,5695800,15191000,5075400,7089600,2005100,3143300,6904300,1484300,8145900,2712700,2789846,8668900,11501900,7734300,64928300,10422100,21905300,6947100,34901900,5205600,5295700,18324500
2026-04-17,61436200,6194200,2667500,35519900,52029300,43484700,17225700,15720600,25581900,2805100,11082400,3617200,16283500,6846100,48568200,160324400,45282600,18758600,8082300,28947400,8986600,8874900,2818800,2439400,11665700,2346500,10506200,3461600,3882557,8946300,15033900,8148800,125958700,7799900,30080400,10886000,35023800,9414700,5506200,24763700
2026-04-20,36590200,5250000,1990000,34833900,39463100,43999200,14382300,9661100,18784200,2374300,10772000,2503500,12534000,4905200,27582200,119381400,22330900,13091800,5506800,16354400,5774300,5014500,1454100,1952600,6124700,1475400,6423400,2710600,3068172,7810500,10141800,7734800,63298300,5731000,25023000,8084700,30509400,9050600,3639300,18933600
2026-04-21,50209800,5779700,2525000,38950900,42922400,34266300,12073700,9799000,23123800,1765400,7084300,3444900,8660100,5154900,32048500,107945300,39638000,13548100,6806900,17515900,7772100,7566300,2293500,2382200,8138900,1367100,7784500,2842800,4667478,11681200,11806900,8625800,61962300,6357300,29833000,11197200,44489400,26097300,4082200,17312400
2026-04-22,43249200,7111000,4918900,49054200,36065100,24097600,14565900,8708300,20293000,1382600,5545900,2288500,9215600,4492100,29378200,107501000,32448800,8569700,5666600,13738700,7646200,15779500,1628400,2581400,6562700,1215200,6886600,3053000,4262336,9003400,9352300,9477100,33694300,5921300,35246800,7236300,59711900,11807300,3634500,17624500
2026-04-23,33399600,9617000,3711900,45619700,39091400,31956300,22719900,6684700,18650300,1655000,6969700,2724000,11667000,3814400,38308000,113561800,37084200,11581400,7275000,12970400,7461100,8087600,2601800,3607700,7958100,1570700,6147000,2624800,7646307,7097600,12060300,17524900,36851700,6077600,38718400,11288800,47337900,7255800,4422800,16376000
2026-04-24,38157100,6492900,3506600,81616700,53777400,30265400,10817600,9626700,26426100,1263300,5215300,2406900,13348300,4530600,27457400,214134400,33215000,8259300,5616900,13735900,7605800,5732700,2253900,3292500,10968300,1695200,5974500,2399700,4393347,6067500,12008700,9761900,32553200,5364900,42500200,13786200,30600900,8554600,4168000,16016300
2026-04-27,41466800,5067700,9758300,50585300,44906800,28043700,11907000,10836600,28576900,1223000,7925300,2531300,12805200,4163600,30867300,187172400,21616600,7992800,6261500,13940800,7467600,4402600,1986700,3691700,12215400,1620400,6524300,2322600,3447379,7897800,15812200,7773800,29707400,4077000,34764200,9166400,32633700,7256100,6570600,17029500
2026-04-28,40018900,4641700,9273100,43002500,42204400,21164100,8711700,10754900,27824100,1501600,7398600,3892500,10606800,4107100,30438100,180275400,33716500,9761400,8839900,15173600,6313100,3807800,1875600,5011400,7241100,1776000,6409300,2167000,3620344,7179800,30710700,7245100,33418100,5174300,58079000,7965700,30377600,10604100,12540100,16341800
2026-04-29,30047900,2664500,5473700,44704400,72367900,26250700,6882800,8644600,35376300,1725900,8031800,5876700,18947500,5107600,38288300,123711800,20587500,18531700,16658600,14669100,10406300,6377700,2566300,3463200,9676900,1516900,5533700,2322100,4293229,7071100,18294700,9091700,26122100,4047600,29969700,9002400,22790600,9046600,6216600,16538800
2026-04-30,91848200,5129100,10786100,42115300,100974900,27089200,14408300,11748600,72040000,1880300,8865400,5975100,52765000,5664900,70909400,225239200,21016400,12519900,11241100,22885900,10319200,4841300,5203300,3623000,11948000,2049300,9203500,3799600,3936620,8157200,15142200,17551200,40923000,7065100,39082900,9491700,44640600,6879900,6091200,19867700
2026-05-01,79915400,5068500,9456300,34279200,50825200,24825000,12324400,10435900,30105200,1359800,6135400,4531800,21404000,4742700,31372400,128647000,26318000,8765800,6726100,15458200,6343100,3494200,2376500,3278700,7784300,1509700,5956900,2578900,2849249,6863600,12610400,7106200,30406900,4447300,29318700,6814800,31493700,4945400,4225200,10480900
2026-05-04,46668400,5536900,5262200,42000200,49083700,42929000,8444700,8229500,26298600,1660100,7338200,4419900,16203900,3833000,28066500,125368100,33504500,13649500,6712400,14238500,4579300,4860900,2669900,2919000,7793500,1479400,8400100,3365800,2690777,8215200,12672400,6806600,25928800,5330800,34583400,9642800,23439500,4916900,18538500,10340700
2026-05-05,49311700,3952500,3737600,64235100,41908500,28458600,9740800,5642800,23878600,1507200,6316800,4216700,17171300,4807900,25700900,113406600,23497200,39099400,5893200,12494600,4490500,3852100,2581100,2318500,7258300,1456300,14314700,3994000,2531733,5556700,11637500,7187400,51961300,6200100,57656100,7664300,24482400,6489000,7129300,10637300
2026-05-06,58336100,4452100,4388000,87732200,44552000,27541200,11303400,11082900,31308500,2318200,8629500,4363300,19915500,6319500,30285900,188362800,27685500,19820100,7808400,20527000,7290000,7166900,3010600,3178800,13180800,2619100,23219500,5947000,4097476,7982300,14060300,8242900,41932400,5296600,40357100,9399500,34338900,6695500,7358700,16371500
2026-05-07,45224300,4479900,2802800,44885500,35892900,28682100,13955100,12194000,24433500,1715300,8359600,4964100,12307400,5761900,34942400,168307900,31803200,14081600,7186100,22509400,6681100,8489800,2957300,3132300,10356600,2014000,14309200,3296400,3406951,7269700,16531400,9681800,30627600,4464000,48346000,9545800,42986600,5235400,5808700,14935400
2026-05-08,52692800,3667500,4752800,58134900,34732700,36111200,15123900,13053000,21461800,1665000,9464300,4143400,13557000,5873400,33383800,136421400,21158300,14073700,5950200,19550100,4915400,7525300,2030300,2307100,8009500,1805200,8370000,2585800,3558176,5550600,12447200,6230100,36215100,4934400,38903400,5741000,36012900,6455100,4780800,15183700
2026-05-11,42247300,3225800,3121800,46085400,38176700,33132200,11145000,12042100,30753700,2411400,9512000,3959400,15940600,5272500,35657900,160685800,16890600,18994500,9586200,14849500,4931700,6267000,2811700,2314500,6200100,2053500,10562300,2256300,4246889,6223200,10967900,7233800,40556500,8373300,43558000,7489500,37447600,6949600,5328000,18699200
2026-05-12,45748100,3234000,4776800,39140100,36776200,33518800,10214000,8995100,26017500,2236500,9498200,3296000,11351600,5333300,38594200,159176600,22123400,25493000,6235200,16443100,7044100,7041000,2348900,2265700,6875300,2143200,8178500,3337900,3423637,8632500,19883100,6922400,43556600,6250700,26819500,9051200,33454600,9236300,6197700,17935400
2026-05-13,52684300,3870200,6537000,30423400,39670900,29838000,11951900,7554700,28144600,2355200,7709500,3322800,14634400,4463700,29667100,150405400,15789300,15923800,7950400,15772800,5705700,7438700,1957100,2085600,5977100,1654600,7605900,3404400,3198134,7464500,12357000,6775700,30823500,5524900,39420000,6685900,34609700,8454100,5029800,13786600
2026-05-14,35324900,4991700,2934100,26113600,31338400,37671800,9749400,6222400,21136700,1898000,7364300,2584900,10651200,4785000,27077500,180782900,22545000,9719500,5277400,11331500,5006500,17761100,2095600,2165500,5316400,1606600,6144600,2483100,3220637,6974400,10642000,5438200,29408300,5022200,24102700,9636200,32683600,5342500,5443700,14200400
2026-05-15,54862800,6421200,2995400,29131600,40770300,46282300,13883400,11210800,20309700,1862700,8699300,3416500,13272600,5937700,50771200,180977600,15747100,16481200,6054500,27882400,5385000,9479900,2907900,1985200,7059500,1967000,9258600,3832100,4256901,12167000,17527200,11418400,32335700,6230600,37110100,6989400,44236200,9811200,5567500,25323000
2026-05-18,34483000,5591800,3623800,28432100,33690800,33404100,13671200,9869700,26837200,1508000,7546300,4076600,13772400,3770200,32564100,146280900,19114300,9478900,5305800,20065200,5069000,6568200,2720500,2782100,5805200,2295200,9037200,2865500,5574828,10141600,12375500,39950600,35800500,8799400,34111300,7731200,38981000,8400700,6396200,17183200
2026-05-19,42243600,5854400,3255600,38756900,40340700,44154600,17510800,11819200,39545700,1767300,8066900,3378300,11749900,6357900,33018700,140948200,16717700,13711800,12858100,20715600,7220300,5355300,3239700,2724100,6029000,2853300,7032600,4381600,4868094,9677900,16595200,25749400,34545700,10093900,41036700,8355800,39383400,5016800,5199500,16957100
2026-05-20,38229800,4789600,3300700,36137500,34933200,47739400,13025300,14564900,31744400,3104400,9327000,3615700,11329700,7201100,27864000,184201600,16517200,10991400,9422500,18509700,5129000,7708500,2415600,2188600,5665700,2223400,7941400,3988800,3839745,7353800,16999700,15748800,23463400,7425800,35574200,8375600,40363800,7783900,4792500,28471600
2026-05-21,42965100,4131000,4013700,27252000,36591700,27461900,10949100,9051200,24852800,2452300,7874400,2474600,13476100,5817400,31393500,203381800,12119700,10925200,7034500,17061700,3813800,6412800,1860700,2190700,5754500,2149700,8611200,2205900,4512439,5239000,15708400,12490600,28613900,6123100,20181500,6297300,35792600,4732500,4478400,53006600
2026-05-22,43670200,3779300,2533800,34758600,27535500,26683700,10176700,7209600,20442100,1923500,5973900,1959300,11688600,3734200,22390300,169275700,10875800,10691700,7462100,12948500,5406100,4647100,1987600,2153900,4947400,2048300,5693300,2446300,4835294,5462300,8240200,10755400,23847200,7774400,22320000,4616700,25271100,5598600,4540300,30330600
2026-05-26,48000500,3211800,2302500,38473800,38028100,27397600,13617200,14264600,27747400,2080600,7725400,1947300,12234200,5567400,30398000,187202600,12856100,13161000,8705100,13057800,4706700,5908000,2255700,2017400,7178800,2704600,6714400,2877000,6280514,6619600,13004200,11759500,24014500,9059200,29084700,8157200,32461200,6498100,4609600,28796600
2026-05-27,50430900,3402000,3235800,27589300,40061900,48581500,18524900,9442800,23087300,2195000,11779200,2834900,23143600,6731500,28901500,167601200,12126000,14170300,5917400,16241100,4640100,11049100,2463400,2058300,5828700,2390100,7360100,3128900,4270059,5835500,13209600,10856200,22569500,7404500,39024700,10048900,35903300,4544000,6114100,22062200
2026-05-28,48220400,3386500,2802500,31438500,40630400,48550100,22559400,8725400,24357500,2273000,9757700,3924100,16772400,6174800,47250500,143996000,25339900,17132700,8105400,14012500,5189300,6526400,2750600,2582900,5989400,2844300,6511100,3047800,4232110,7193400,14691400,12968200,38803800,7625200,25651800,10196700,25343800,4330800,6192700,21613100
2026-05-29,70026800,10808900,5254800,30803200,54749600,57930600,33998900,13886500,44415800,2158000,13969000,5693100,19806500,8255500,79654400,289410600,41082200,18833300,14104500,27959900,7618500,6938100,5195400,5780300,12401400,7028000,13340300,3903100,5235382,13897700,32477000,25347000,39793600,12776400,48284200,12355800,88295100,10257900,10464200,42191000
2026-06-01,48849900,8535300,2518200,33309200,53604400,34303700,27594800,8850500,28672100,2666700,7930000,4653400,29138800,6431200,53628900,212850700,48390000,16231000,10079300,16732100,4858400,6400900,2675000,2313200,7449900,2816300,8219000,3215700,4782470,8041000,12776300,14192200,32747200,8077300,35553600,11093800,29675700,6623700,6088500,26176200
2026-06-02,44534700,5821800,3454000,24293200,41811000,42126500,19216600,6549800,50412300,2125600,8296200,5028300,18252000,7664400,37036800,193362900,30294800,11441400,10125300,10462400,5861800,7655600,2822600,3289100,6113600,2218200,8397400,3445100,4467910,5669000,12533200,11709800,42947200,7864700,31295700,9599500,42080300,3874400,5894400,27366400
2026-06-03,50836700,4871300,3444600,29411100,51394200,48065400,14154400,7983700,55441600,2562200,7003900,5227200,23020100,5957300,39037000,160907000,23644700,19227300,8992800,14373000,5667500,9105900,2511200,6752300,7091700,2174100,7471600,3499900,5895872,6507200,14964300,11903000,36714700,6225100,30957100,9351000,51911800,6808400,6303800,32880600
2026-06-04,44869100,5161900,3415300,29110000,35609800,51883600,14453600,5163200,44055500,2608800,10345200,4020600,21469200,5565300,26899500,169022200,19993800,11255700,6981700,11799400,6782000,8055000,3077000,4865200,4813500,2345200,9568000,3481900,6447853,7274800,19361600,9488900,39338800,8089800,31272000,8194000,82536300,12666100,5759800,22870400
2026-06-05,65310500,4909200,3136300,46900600,55607800,38829400,13183900,6310900,37471200,2643800,9118800,4230700,30091600,6171000,34782200,219655500,29019900,23894900,7176300,16584000,6248900,4804000,2780500,4707800,5989900,3092000,9501600,3362900,4696846,8034900,25708100,11843200,43474100,13228700,32218500,10963200,60825900,10897300,4048200,36638100
2026-06-08,77949100,4728000,7199900,25158800,33899500,30332100,11177800,6113000,27942500,2326700,6827000,3091900,19512400,4732000,32086700,138372800,17227200,16778100,5582000,13870900,4915600,3711700,2550600,3653700,4758800,2086100,7559200,3058800,3583062,7559800,12828900,9541700,33056700,8800500,42028800,7200700,41973500,6963200,4544500,19514100
2026-06-09,70108800,6747400,6557100,37799800,44425400,32329000,15427800,8469900,29535100,2868500,11594600,3309600,16977400,7841100,35317300,180962500,26040700,17585000,6340400,18163500,4257500,5198800,3007300,5456500,6289000,1998600,8616300,3009400,4307341,8354500,20591600,12217300,34787200,10390200,35273200,8259300,52561000,8590400,5901900,23959000
2026-06-10,52793300,5176900,4858000,27777400,38590200,37025500,10820500,10041800,32357100,2287200,7446200,3239900,17064000,5362800,32576000,161746600,46108300,14669100,5793100,14596500,4147300,7038100,3611200,4565100,8723300,1715600,7041400,2883100,4433012,8350800,20880500,9142900,36304600,11249200,30376300,7345900,50622400,6512900,5569600,22414900
2026-06-11,42572500,17786900,4232400,30463100,41335400,31746300,16666000,9274100,35538200,2561900,9116600,3801000,17628000,4631500,47224100,158643200,63678500,14757100,5958900,17285800,4569000,6651500,3463300,4452700,6704700,1903400,9264400,3286600,6339535,7399000,14264500,8639100,33417600,8653900,45268700,6684700,38147600,4938100,5086900,22438000
2026-06-12,38742100,25030700,2612300,31553100,51186600,32989000,13589400,8703400,24704600,2206000,7426200,3984200,14326400,4694300,34865800,112001800,29562300,12304100,5543200,17713100,4086500,5665800,2097200,2482400,6616300,1737300,8257200,2451300,4443310,6459400,11757700,9973600,35309700,6781700,38773000,6832000,38879400,7269600,3714500,14753500
2026-06-15,45732600,9676900,2633100,33482400,41711600,31666500,13541800,10184900,27727500,2364000,7988900,3888500,17653300,5862500,32266400,149936700,20279900,22555300,6803000,23631400,5261900,8596000,2449600,2985400,10860500,1893700,10265100,4018800,7949520,7732000,20055200,10284300,36430800,8976400,34194100,9158900,48293300,6777900,4890000,20722500
2026-06-16,39874400,7214600,2357300,28411700,35187400,33409800,16385300,6663500,24876100,1965500,11094900,4006000,11344400,5091700,31506800,125694100,16985500,19507100,9248400,18925400,5945500,3705900,2834400,2197500,8197500,1523400,10694600,3559300,3973235,7718100,17565100,10342600,65054000,9345200,32829600,8518900,47609300,4815100,4986600,23060700
2026-06-17,42745100,10731500,3397100,27085300,44780800,40439300,19986200,8430000,24543600,2180000,12246400,2927100,20478300,8689700,41987800,128363500,16616600,19133700,6895200,16663200,5624200,5006800,2743900,2219400,7002200,1928000,11168700,3266500,5710321,8548000,17055400,9603400,50338800,10126600,31117500,7055800,56538300,5838800,4759700,21711100
2026-06-18,85962200,15852500,5858400,43805600,75624400,70438800,57940800,19146100,44470100,4499200,20111000,6674700,28824600,11933200,59714200,241272000,31386100,27215200,14716700,48063400,9646100,8822500,6175000,4839400,22893000,3742900,22943600,8866200,6344780,18989800,46857900,19306600,91920400,19130300,119614300,17076100,94242900,11896900,13306400,36526800
2026-06-22,44879900,8282600,9572000,25983200,68388500,38653800,20502800,11108900,52814800,1894400,10182500,3955600,15405500,6870800,45171100,122041400,22935400,13179000,15132400,15783300,9912800,4300300,4033500,3730000,6867800,2191900,17396300,3802800,3842605,8518300,21205900,11538900,82203300,10345000,41119100,10533000,68522300,5818600,5483400,17053900
2026-06-23,52010900,6910500,3576600,30196800,60492600,30045700,20720700,6555300,34007700,2066900,7582200,3936400,13103300,6052800,40647600,153496200,33327900,13930000,11113400,13699400,7365600,4572500,4286900,3742500,7226200,2529800,14457400,3674000,6104784,11802000,16854000,12881700,50806800,7589000,82009200,7259600,73551900,6675900,4023900,23411400
2026-06-24,53081900,6947400,3415600,26548300,70282600,30324900,13146800,10634600,44997300,1933100,7907400,3609700,13963600,6971000,44509900,151810700,38305000,15478100,8197200,16212900,7311000,4354300,3526000,3771900,7321200,2020200,12215500,4420100,3911066,8139200,20632600,14080300,48001500,8324100,76962600,8618500,57297300,6858800,4999900,20600100
2026-06-25,107013700,6957500,2576800,27031300,77674100,33747400,11324700,7954200,44491400,1950000,10043100,3722000,16968600,5257200,66179000,149550000,36844400,10371600,7050200,13288800,10278100,4687600,4642100,4235600,7836300,2492700,12054400,3985100,5579501,10130400,16021400,13477200,44446900,7333300,57859500,11197200,43228800,6014400,5819500,20384700
2026-06-26,261775500,9172100,15344600,52705100,248372100,48757600,21267900,13102200,114706300,4008500,17640900,9200900,18867700,9919100,186201600,179304100,36532100,33246300,16717400,22684200,52635100,11704500,13948500,4116400,11265200,8239200,13921400,4450300,17047627,16316800,53357500,15654200,74990300,9735700,59958900,16724600,85148700,10588200,6288600,36636000
2026-06-29,66427000,7527300,3606700,26671000,77619200,28920800,12664100,8813700,34213900,1887200,7981800,4812000,15011400,5426400,51229900,148835700,34310300,16684300,11710900,11972700,9760500,5848500,3146900,3295300,5906000,2450000,10418100,2818600,7773000,8608400,15015800,11131300,42429600,10042400,47528000,10387700,84994800,5167400,3077600,20367000
2026-06-30,65100200,6269500,3255100,34488500,66228300,41324600,13690500,19428800,35237200,3162800,8080100,4696300,18111100,5599400,44945700,166476700,35926900,14229600,7957900,28784000,6999700,7013700,3287500,3416200,10287200,2870900,12717800,3882100,6010600,8469500,16422100,15742700,49240900,14148300,60046000,9353800,131117200,5779800,3363900,23034000
2026-07-01,50164200,5863800,6967300,28326800,53829900,35288400,14164600,9175500,26736400,1735000,15210200,4412800,45536300,4690000,48065800,146147600,45964000,22969600,13025900,12433400,6988000,4205600,3914100,4382500,5744200,2909700,11590400,4257900,6204600,6516500,21734800,9709200,43841800,9391700,49385200,9571700,137694400,4985900,4218600,40391400
2026-07-02,75352800,7903100,3491800,28142500,48246400,29329700,10486300,9561800,25974800,1543500,8413900,3900200,21705900,3745300,42128900,142068700,44166700,14785400,9814800,13703300,7113400,6050800,3568600,1904700,6934000,2785800,11297800,5123300,5659100,7998700,18308400,14281800,55456500,13040200,53104800,9256000,129300400,3928800,3377000,29512200
2026-07-06,53590000,4800200,3941300,30684200,40044000,34645400,10595500,9974300,26915800,1754400,8673500,3578000,17674100,4567700,34224500,108999000,36683000,11504700,11623800,13915100,8580200,7029200,2441700,1977100,5371800,2327500,10171900,5757600,7539100,6803700,18992600,10274100,45056600,9006600,58576100,8323100,113634400,6379000,3169300,29523300
2026-07-07,42490000,8615000,3238600,29166800,40579600,29306100,13057900,9748900,24045600,1353500,7115800,3516600,18560800,5413300,29297500,124154600,47200000,10213900,7332500,14667800,8238300,4364700,3810200,3010500,6754700,1940200,9936400,3416100,4462900,9089700,17835200,13106300,33257300,9256700,44101400,8061400,66469400,5800500,4619300,19941400
2026-07-08,41323500,4508400,3286800,23768500,29653000,29802400,9792400,9921800,22094800,1699000,18505200,2723800,13606500,4108300,25908300,147419100,34607300,9601100,10215200,18291400,7578700,4732800,2741500,4265500,9079600,1645500,8720800,2570100,4323100,6769400,14160000,13581300,34373500,8997900,38181300,14272300,63946700,3859200,3752500,19892000
2026-07-09,48124500,4552900,3275700,26900800,38091700,29203400,13858600,6582400,24729100,1241800,15570600,2843700,26579700,4073100,31083200,132037400,35221900,9104900,6606300,14110200,5526000,3474500,3521200,3647200,6611900,4545200,11448100,3807500,3026400,6426100,15782500,9389300,36305700,18763700,29190500,7748000,50847700,5566000,6272900,20464500
2026-07-10,34132300,3206800,2016500,20704500,31654000,21916600,8321500,5996600,18146100,1110600,6299000,1616900,40608900,3617600,24644600,148421000,29843300,10639400,4702800,9753500,5780700,3828300,1959400,2283700,6977900,2102300,10678900,2801200,2601700,6534700,10694600,11223100,46713900,9074900,27523200,12473000,49781900,3798600,3410400,12461700
2026-07-13,43257800,4624000,2587100,22957400,34636100,27837800,14020700,7685100,15901700,1799500,7120300,2871500,19840700,4550300,28914900,121411000,56690300,20294200,9964600,18724300,4156400,4675700,1991000,2336100,5975700,2373300,9304200,2362000,2585800,5272200,12085800,6741200,35101800,6716300,42953400,7816100,65496400,3863800,2866400,17043400
2026-07-14,36336800,5823400,2273000,21201400,30108100,49432700,13507900,6823300,18259400,3792600,14537900,3323800,16748200,9306200,27863900,124379600,52670400,9416000,6632400,16096400,5246800,3849700,2028600,2334000,6455500,2409200,7651600,2391500,2123900,8770600,13775400,10677700,33312100,8518600,40863300,7668100,53556100,5135900,3066700,14682000
2026-07-15,60957600,4771400,4250100,27826200,45240600,43361000,13328100,6665700,28284600,2736800,10750000,3128500,19003400,10865600,36253700,124797200,48520400,90995100,8850000,13444500,6389000,3305100,2703600,2662700,5953900,2423200,10219200,3482200,2515100,10547300,18383800,10258000,32854300,8078300,44162500,6180000,75068600,6764800,4072000,16467900
2026-07-16,62970600,5787300,2932500,27093700,45343700,37351900,12057500,6257600,41158500,2529400,12432400,2925400,15816000,8313700,37047400,122986100,54780900,33840900,9073200,13518000,6555500,4763900,3586600,4237400,4916500,2735300,7480000,3518500,3149600,11097600,17889900,8336600,77505200,7805600,49990000,6485400,85226600,13281900,5057600,20777600
2026-07-17,63407100,7269900,6847700,32115900,43572400,45045200,10191500,7058300,29959300,2162700,9250900,3221600,22267900,7852200,33049800,144281900,39917100,19847300,7400400,19031400,6872400,4220500,3377200,3720700,5844500,2508000,10496500,4890200,3920200,10167700,32903000,9450700,142029200,8579300,45629600,8917400,79330400,10718100,7152500,28289800
2026-07-20,53468000,5123700,2476400,23440700,32406500,30741100,13426500,7767000,24736600,1718300,7723300,2572500,10225200,6816500,27915800,88701500,36793200,24700800,7616800,12149200,4332400,5896700,2770000,2775500,6726000,1507900,9861700,4309300,3114100,8114700,14967200,8418000,60669100,8758700,38685900,5788300,87678100,4818800,7648300,17738900
2026-07-21,41338900,5060600,4060300,29045100,27732100,31631600,12831800,6892400,23369800,1718600,6015300,2935700,9140500,6999500,24126600,108685600,27748100,15952100,6027300,13145300,4819300,10037900,3219600,5127600,5062300,1833500,9745400,4113000,2405300,7793100,12949400,7096900,56565800,7989500,27328800,7027600,139856700,6833600,4349600,22717000
2026-07-22,38755900,4361300,4555800,24776700,34112700,51484900,12194500,6142400,39334100,1538700,8040200,2313200,11019600,3683200,28142500,137645600,21096700,11187000,4622200,13788700,4953200,6061400,1976900,4079700,4691800,1762700,9119200,3410100,3798800,9100200,11701300,8708200,44947300,6198700,32988300,5371200,187291400,4234100,3196900,23494800
2026-07-23,40840800,4363200,3503300,27155100,47465300,29253200,12775000,8150000,69419700,1852700,10913000,2071700,15494800,4962100,30351800,110505300,30900600,13945300,4183300,15822800,4622700,4853800,2677100,4449300,7048700,1785200,13562500,3459800,6306300,8063300,13755600,9883000,45029100,7755700,30876700,6499200,103562100,4868700,4198400,21516800
2026-07-24,47489400,4719900,2212300,27200700,35017400,29035400,10899100,6700400,31806600,1381400,7520800,2551600,11503500,4091300,27659400,114836800,46405700,11763000,4482800,12091600,4195000,3742700,1982100,4168600,4392500,1586300,12153100,2856500,3822500,6351800,11980400,11653100,37593500,7968300,28905700,6620700,80670900,3752500,3881100,18405900
2026-07-27,49604300,5541200,2549300,31800300,34999500,36899800,17312000,7369200,28471600,2538900,7884900,2365000,11195300,4958100,27856200,154353700,36916600,14864400,6631100,13955800,5404400,6657300,3150000,3895100,7322500,2109500,10593900,2971200,4053300,9647900,19937600,10180900,39090800,7237900,38355200,7301800,74458300,4615700,6719200,19008700
